canonical_key,company_name,aliases,wko_standort_count,states_seen,firmaids,addresses,website,all_websites,email,phones,profile_url
augum handelsgesellschaft m b h,"""Augum"" Handelsgesellschaft m.b.H.","""Augum"" Handelsgesellschaft m.b.H.",1,wien,617942df-d747-4846-9d9a-99de477f85c6,Dürwaringstraße 65 1180 Wien,,,,,https://firmen.wko.at/%22augum%22-handelsgesellschaft-mbh/wien/?firmaid=617942df-d747-4846-9d9a-99de477f85c6&standortid=1&standortname=wien%20%28bundesland%29&suchbegriff=immobilienverwalter
die kärntner wohnbau und hausverwaltungsgesellschaft m b h,"""Die Kärntner""-Wohnbau und Hausverwaltungsgesellschaft m.b.H.","""Die Kärntner""-Wohnbau und Hausverwaltungsgesellschaft m.b.H.",1,kärnten,12ff5b5a-8740-4bb8-8e23-85715b6c83a9,Moritschstraße 11 9500 Villach,,,kwh@sreal-klagenfurt.at,+43%20463%20588%2084%2008,https://firmen.wko.at/%22die-k%c3%a4rntner%22-wohnbau-und-hausverwaltungsgesellschaft-mbh/k%c3%a4rnten/?firmaid=12ff5b5a-8740-4bb8-8e23-85715b6c83a9&standortid=6&standortname=k%c3%a4rnten%20%28bundesland%29&suchbegriff=immobilienverwalter
eurofina liegenschaftsverwertungs gesellschaft m b h,"""EUROFINA"" Liegenschaftsverwertungs Gesellschaft m.b.H.","""EUROFINA"" Liegenschaftsverwertungs Gesellschaft m.b.H.",1,wien,3808bbf6-de8e-422f-8392-2d97a300ad1b,Josefstädter Straße 43/1/13 1080 Wien,,,eurofina@aon.at,01/403%2012%2000,https://firmen.wko.at/%22eurofina%22-liegenschaftsverwertungs-gesellschaft-mbh/wien/?firmaid=3808bbf6-de8e-422f-8392-2d97a300ad1b&standortid=1&standortname=wien%20%28bundesland%29&suchbegriff=immobilienverwalter
g1 immobilienbesitz gmbh,"""G1"" Immobilienbesitz GmbH","""G1"" Immobilienbesitz GmbH",1,wien,141e60ff-b302-4428-9552-1895dd8fe657,Rathausstraße 1 1010 Wien,,,,,https://firmen.wko.at/%22g1%22-immobilienbesitz-gmbh/wien/?firmaid=141e60ff-b302-4428-9552-1895dd8fe657&standortid=1&standortname=wien%20%28bundesland%29&suchbegriff=immobilienverwalter
hausverwaltung franz dangl gesellschaft m b h,"""Hausverwaltung Franz Dangl"" Gesellschaft m.b.H.","""Hausverwaltung Franz Dangl"" Gesellschaft m.b.H.",1,wien,4bb67eff-2c49-4cd4-a76f-0eed2ae01bdf,Martinstraße 2 1180 Wien,http://www.franz-dangl-gmbh.at/,http://www.franz-dangl-gmbh.at/,Info@franz-dangl-gmbh.at,01%20403%2037%2096,https://firmen.wko.at/%22hausverwaltung-franz-dangl%22-gesellschaft-mbh/wien/?firmaid=4bb67eff-2c49-4cd4-a76f-0eed2ae01bdf&standortid=1&standortname=wien%20%28bundesland%29&suchbegriff=immobilienverwalter
hausverwaltung und realkanzlei sylvia hort e u,"""Hausverwaltung und Realkanzlei Sylvia Hort"" e.U.","""Hausverwaltung und Realkanzlei Sylvia Hort"" e.U.",1,wien,b0957ad9-7519-4b5f-9f20-388582c48412,Döblinger Gürtel 8/11 1190 Wien,,,silvia@hausverwaltung-hort.at,,https://firmen.wko.at/%22hausverwaltung-und-realkanzlei-sylvia-hort%22-eu/wien/?firmaid=b0957ad9-7519-4b5f-9f20-388582c48412&standortid=1&standortname=wien%20%28bundesland%29&suchbegriff=immobilienverwalter
idg immobilien dienstleistungs gmbh,"""IDG"" Immobilien Dienstleistungs-GmbH","""IDG"" Immobilien Dienstleistungs-GmbH",1,oberösterreich,68981584-704e-4764-9ec7-08eb81b7227c,Maria Theresiastr. 41 4600 Wels,,,,07242/73325,https://firmen.wko.at/%22idg%22-immobilien-dienstleistungs-gmbh/ober%c3%b6sterreich/?firmaid=68981584-704e-4764-9ec7-08eb81b7227c&standortid=3&standortname=ober%c3%b6sterreich%20%28bundesland%29&suchbegriff=immobilienverwalter
kabelwerk bauträger gmbh,"""kabelwerk"" bauträger gmbh","""kabelwerk"" bauträger gmbh",1,wien,aa7d7438-7feb-4743-89d9-5b61fe0f8482,Helene-Potetz-Weg 7 1120 Wien,,,office@kabelwerk-bautraeger.at,,https://firmen.wko.at/%22kabelwerk%22-bautr%c3%a4ger-gmbh/wien/?firmaid=aa7d7438-7feb-4743-89d9-5b61fe0f8482&standortid=1&standortname=wien%20%28bundesland%29&suchbegriff=immobilienverwalter
kontakt handelsgesellschaft m b h,"""Kontakt"" Handelsgesellschaft m.b.H.","""Kontakt"" Handelsgesellschaft m.b.H.",1,wien,51144c17-5b32-48cc-95e0-d1cdd47ef989,Speckbachergasse 11 1160 Wien,http://www.immo-kontakt.at/,http://www.immo-kontakt.at/,office@immo-kontakt.at,+43(0)14851020 | +43(0)6765634028,https://firmen.wko.at/%22kontakt%22-handelsgesellschaft-mbh-%22immo-kontakt%22/wien/?firmaid=51144c17-5b32-48cc-95e0-d1cdd47ef989&standortid=1&standortname=wien%20%28bundesland%29&suchbegriff=immobilienverwalter
objektverwaltung 360 liegenschaftsverwertung gmbh,"""Objektverwaltung 360"" Liegenschaftsverwertung GmbH","""Objektverwaltung 360"" Liegenschaftsverwertung GmbH",1,wien,30447dbf-86f9-43cc-b28d-6b438698051a,Hochsatzengasse 34/2 1140 Wien,,,,,https://firmen.wko.at/%22objektverwaltung-360%22-liegenschaftsverwertung-gmbh/wien/?firmaid=30447dbf-86f9-43cc-b28d-6b438698051a&standortid=1&standortname=wien%20%28bundesland%29&suchbegriff=immobilienverwalter
prinz eugen immobiliengesellschaft m b h,"""Prinz Eugen"" Immobiliengesellschaft m.b.H.","""Prinz Eugen"" Immobiliengesellschaft m.b.H.",1,wien,8c54e788-7d87-405c-a579-fe388cec5f17,Ostmarkgasse 6/4 1210 Wien,,,prinzeugen@utanet.at,,https://firmen.wko.at/%22prinz-eugen%22-immobiliengesellschaft-mbh/wien/?firmaid=8c54e788-7d87-405c-a579-fe388cec5f17&standortid=1&standortname=wien%20%28bundesland%29&suchbegriff=immobilienverwalter
prisma zentrum für standort und stadtentwicklung gmbh,"""PRISMA"" Zentrum für Standort- und Stadtentwicklung GmbH","""PRISMA"" Zentrum für Standort- und Stadtentwicklung GmbH",1,wien,a06bb089-0a09-4f99-9c0d-4b13c7d2db3d,Mariannengasse 10 1090 Wien,http://www.prisma-zentrum.com/,http://www.prisma-zentrum.com/,prisma.wien@prisma-zentrum.com,01/512%2007%2009,https://firmen.wko.at/%22prisma%22-zentrum-f%c3%bcr-standort-und-stadtentwicklung-gmbh/wien/?firmaid=a06bb089-0a09-4f99-9c0d-4b13c7d2db3d&standortid=1&standortname=wien%20%28bundesland%29&suchbegriff=immobilienverwalter
rottenmanner bauträgergesellschaft gesellschaft m b h,"""Rottenmanner Bauträgergesellschaft"" Gesellschaft m.b.H.","""Rottenmanner Bauträgergesellschaft"" Gesellschaft m.b.H.",1,steiermark,0c727f40-e9da-41ee-820e-66791a8f9a7d,Westrandsiedlung 312 8786 Rottenmann,,,office@rottenmanner.at,036142445-0,https://firmen.wko.at/%22rottenmanner-bautr%c3%a4gergesellschaft%22-gesellschaft-mbh/steiermark/?firmaid=0c727f40-e9da-41ee-820e-66791a8f9a7d&standortid=5&standortname=steiermark%20%28bundesland%29&suchbegriff=immobilienverwalter
smart home bauconsulting gmbh,"""smart home"" bauconsulting GmbH","""smart home"" bauconsulting GmbH",1,vorarlberg,9e0689af-07be-4f22-bb8e-d56273df8722,Wolfurterstraße 15 6923 Lauterach,,,,,https://firmen.wko.at/%22smart-home%22-bauconsulting-gmbh/vorarlberg/?firmaid=9e0689af-07be-4f22-bb8e-d56273df8722&standortid=8&standortname=vorarlberg%20%28bundesland%29&suchbegriff=immobilienverwalter
trend bauträger gesmbh,"""Trend"" Bauträger GesmbH","""Trend"" Bauträger GesmbH",1,kärnten,b2450bb4-0094-46e6-9a3e-d068ed331d4b,Pestalozzistraße 12 9500 Villach,http://www.trend-bt.at/,http://www.trend-bt.at/,office@trend-bt.at,+43%204242%20271%2013%200,https://firmen.wko.at/%22trend%22-bautr%c3%a4ger-gesmbh/k%c3%a4rnten/?firmaid=b2450bb4-0094-46e6-9a3e-d068ed331d4b&standortid=6&standortname=k%c3%a4rnten%20%28bundesland%29&suchbegriff=immobilienverwalter
stadtentwicklungsfonds korneuburg,'STADTENTWICKLUNGSFONDS KORNEUBURG','STADTENTWICKLUNGSFONDS KORNEUBURG',1,niederösterreich,153e5b4f-47bf-4c3e-82b5-453c655bcf30,Hauptplatz 1 2100 Korneuburg,,,immofonds@korneuburg.gv.at,,https://firmen.wko.at/%27stadtentwicklungsfonds-korneuburg%27/nieder%c3%b6sterreich/?firmaid=153e5b4f-47bf-4c3e-82b5-453c655bcf30&standortid=2&standortname=nieder%c3%b6sterreich%20%28bundesland%29&suchbegriff=immobilienverwalter
111 gröbl wohnpark gösting entwicklungs gmbh,111 gröbl wohnpark gösting entwicklungs gmbh,111 gröbl wohnpark gösting entwicklungs gmbh,1,steiermark,96b4bf5e-62c4-40c9-ba09-5dc6a9fbbcd5,Anton-Kleinoscheg-Straße 66a 8051 Graz,,,,,https://firmen.wko.at/111-gr%c3%b6bl-wohnpark-g%c3%b6sting-entwicklungs-gmbh/steiermark/?firmaid=96b4bf5e-62c4-40c9-ba09-5dc6a9fbbcd5&standortid=5&standortname=steiermark%20%28bundesland%29&suchbegriff=immobilienverwalter
1140 wien grundstücks und vermögensverwaltung gmbh,1140 Wien Grundstücks- und Vermögensverwaltung GmbH,1140 Wien Grundstücks- und Vermögensverwaltung GmbH,1,niederösterreich,d028173c-71fb-4901-a955-074e3ba29dc5,1140 Wien Grundstücks- und Vermögensverwaltung GmbH,,,,,https://firmen.wko.at/1140-wien-grundst%c3%bccks-und-verm%c3%b6gensverwaltung-gmbh/nieder%c3%b6sterreich/?firmaid=d028173c-71fb-4901-a955-074e3ba29dc5&standortid=2&standortname=nieder%c3%b6sterreich%20%28bundesland%29&suchbegriff=immobilienverwalter
3fach immobilien og,3fach Immobilien OG,3fach Immobilien OG,1,wien,6325ad6b-3fdf-4431-a175-13b3a269d1e8,Steinbruchstraße 32 1160 Wien,,,,,https://firmen.wko.at/3fach-immobilien-og/wien/?firmaid=6325ad6b-3fdf-4431-a175-13b3a269d1e8&standortid=1&standortname=wien%20%28bundesland%29&suchbegriff=immobilienverwalter
9022 projektmanagement gmbh,9022 Projektmanagement GmbH,9022 Projektmanagement GmbH,1,kärnten,95a5fa97-a8ca-48fb-9f69-7fc01237a732,9022 Projektmanagement GmbH,,,,,https://firmen.wko.at/9022-projektmanagement-gmbh/k%c3%a4rnten/?firmaid=95a5fa97-a8ca-48fb-9f69-7fc01237a732&standortid=6&standortname=k%c3%a4rnten%20%28bundesland%29&suchbegriff=immobilienverwalter
a und k fally immobilienbesitz und verwaltung gmbh,A & K FALLY Immobilienbesitz & Verwaltung GmbH,A & K FALLY Immobilienbesitz & Verwaltung GmbH,1,wien,707fa7e9-6bad-4a76-a9e7-b07ed8077f95,Amalienstraße 19 1130 Wien,http://www.fally.co.at/,http://www.fally.co.at/,hausverwaltung.fally@gmail.com,+43%201%20876%2039%2031,https://firmen.wko.at/a-und-k-fally-immobilienbesitz-und-verwaltung-gmbh-immobilienverwaltung/wien/?firmaid=707fa7e9-6bad-4a76-a9e7-b07ed8077f95&standortid=1&standortname=wien%20%28bundesland%29&suchbegriff=immobilienverwalter
a quadrat immobilien gmbh,A-Quadrat Immobilien GmbH,A-Quadrat Immobilien GmbH,1,kärnten,fbd78c41-34e0-4f01-96e3-f7354b83c656,Kasmanhuber Straße 3 9500 Villach,http://www.a2-immo.at/,http://www.a2-immo.at/,office@a2-immo.at,042408488,https://firmen.wko.at/a-quadrat-immobilien-gmbh/k%c3%a4rnten/?firmaid=fbd78c41-34e0-4f01-96e3-f7354b83c656&standortid=6&standortname=k%c3%a4rnten%20%28bundesland%29&suchbegriff=immobilienverwalter
a brandstetter und co kg,A. Brandstetter & Co. KG.,A. Brandstetter & Co. KG.,1,wien,742ec8fe-ba10-448a-b4a5-14175ccd0a48,Hietzinger Hauptstraße 34B/6 1130 Wien,,,%20verwaltung@braunimmobilien.at,01/876%2098%2059-0,https://firmen.wko.at/a-brandstetter-und-co-kg/wien/?firmaid=742ec8fe-ba10-448a-b4a5-14175ccd0a48&standortid=1&standortname=wien%20%28bundesland%29&suchbegriff=immobilienverwalter
a1 telekom austria aktiengesellschaft,A1 Telekom Austria Aktiengesellschaft,A1 Telekom Austria Aktiengesellschaft,1,wien,409df50b-0022-4db2-b80a-20a2f9d0851b,Lassallestraße 9 1020 Wien,,,,,https://firmen.wko.at/a1-telekom-austria-aktiengesellschaft/wien/?firmaid=409df50b-0022-4db2-b80a-20a2f9d0851b&standortid=1&standortname=wien%20%28bundesland%29&suchbegriff=immobilienverwalter
a1real gmbh,A1REAL GmbH,A1REAL GmbH,1,oberösterreich,1b49f1a9-5ef6-4916-864d-70ffff6a82d6,Immobilienmakler Immobilienverwalter 0732 272 500,http://www.a1real.at/,http://www.a1real.at/,office@a1real.at,0732%20272%20500,https://firmen.wko.at/a1real-gmbh-immobilienmakler-immobilienverwalter/ober%c3%b6sterreich/?firmaid=1b49f1a9-5ef6-4916-864d-70ffff6a82d6&standortid=3&standortname=ober%c3%b6sterreich%20%28bundesland%29&suchbegriff=immobilienverwalter
abm real estate gmbh,ABM Real Estate GmbH,ABM Real Estate GmbH,1,steiermark,e5554c93-0c28-4922-b27f-05092a652539,Conrad-von-Hötzendorf-Straße 99 8010 Graz,,,,,https://firmen.wko.at/abm-real-estate-gmbh/steiermark/?firmaid=e5554c93-0c28-4922-b27f-05092a652539&standortid=5&standortname=steiermark%20%28bundesland%29&suchbegriff=immobilienverwalter
abw schuster allgemeine bauträger wohnungseigentum und immobilienverwaltung nfg gmbh und co kg,"ABW - SCHUSTER Allgemeine Bauträger, Wohnungseigentum & Immobilienverwaltung Nfg. GmbH & Co KG","ABW - SCHUSTER Allgemeine Bauträger, Wohnungseigentum & Immobilienverwaltung Nfg. GmbH & Co KG",1,wien,f126d2be-c36f-486e-8446-5db688b4317e,Josefstädter Straße 44 1080 Wien,,,,,https://firmen.wko.at/abw-schuster-allgemeine-bautr%c3%a4ger-wohnungseigentum-und-immobilienverwaltung-nfg-gmbh-und-co-kg/wien/?firmaid=f126d2be-c36f-486e-8446-5db688b4317e&standortid=1&standortname=wien%20%28bundesland%29&suchbegriff=immobilienverwalter
acasa immobilienmanagement gmbh,ACASA Immobilienmanagement GmbH,ACASA Immobilienmanagement GmbH,1,kärnten,01551775-1088-431f-b534-6dcda7cad8de,Karfreitstraße 4 9020 Klagenfurt am Wörthersee,,,,,https://firmen.wko.at/acasa-immobilienmanagement-gmbh/k%c3%a4rnten/?firmaid=01551775-1088-431f-b534-6dcda7cad8de&standortid=6&standortname=k%c3%a4rnten%20%28bundesland%29&suchbegriff=immobilienverwalter
adjokat hausverwaltungs gmbh,ADJOKAT Hausverwaltungs GmbH,ADJOKAT Hausverwaltungs GmbH,1,wien,df0e07f7-b2dd-4d7e-a295-d71f0febb06f,Tenschertstraße 12 (Betrieb) 1230 Wien,,,,,https://firmen.wko.at/adjokat-hausverwaltungs-gmbh/wien/?firmaid=df0e07f7-b2dd-4d7e-a295-d71f0febb06f&standortid=1&standortname=wien%20%28bundesland%29&suchbegriff=immobilienverwalter
aedis hausverwaltung gmbh,Aedis Hausverwaltung GmbH,Aedis Hausverwaltung GmbH,1,wien,42904962-bad7-4286-81e9-df0a0d40f9f5,Kreuzgasse (Hernals und Währing) 40 1180 Wien,,,,,https://firmen.wko.at/aedis-hausverwaltung-gmbh/wien/?firmaid=42904962-bad7-4286-81e9-df0a0d40f9f5&standortid=1&standortname=wien%20%28bundesland%29&suchbegriff=immobilienverwalter
agimmobilien gmbh,AGImmobilien GmbH,AGImmobilien GmbH,1,niederösterreich,14502ae1-63d2-4523-8209-b51fd20d3672,Klostergasse 15 2340 Mödling,,,,,https://firmen.wko.at/agimmobilien-gmbh/nieder%c3%b6sterreich/?firmaid=14502ae1-63d2-4523-8209-b51fd20d3672&standortid=2&standortname=nieder%c3%b6sterreich%20%28bundesland%29&suchbegriff=immobilienverwalter
agnes kratochwil,Agnes Kratochwil,Agnes Kratochwil,1,wien,f4ccbded-fd97-4013-a3bb-53dbfca965b0,Edelhofgasse 1 1180 Wien,,,,,https://firmen.wko.at/agnes-kratochwil/wien/?firmaid=f4ccbded-fd97-4013-a3bb-53dbfca965b0&standortid=1&standortname=wien%20%28bundesland%29&suchbegriff=immobilienverwalter
agoreal immobilien gmbh,Agoreal Immobilien GmbH,Agoreal Immobilien GmbH,1,wien,00028044-cbb5-4440-ade4-91a3071f1566,Wiesingerstraße 8/23 1010 Wien,,,agoreal@aon.at,01/512%2020%2000-0,https://firmen.wko.at/agoreal-immobilien-gmbh/wien/?firmaid=00028044-cbb5-4440-ade4-91a3071f1566&standortid=1&standortname=wien%20%28bundesland%29&suchbegriff=immobilienverwalter
ahcm immobilienmanagement kg,AHCM Immobilienmanagement KG,AHCM Immobilienmanagement KG,1,salzburg,b5bcb7bf-e2f6-47eb-ab86-de955087c202,Hochlandstraße 23 5162 Obertrum am See,,,,,https://firmen.wko.at/ahcm-immobilienmanagement-kg/salzburg/?firmaid=b5bcb7bf-e2f6-47eb-ab86-de955087c202&standortid=4&standortname=salzburg%20%28bundesland%29&suchbegriff=immobilienverwalter
ai alpenraum immobilien gmbh,AI Alpenraum Immobilien GmbH,AI Alpenraum Immobilien GmbH,1,tirol,b9e282a7-7512-4d00-a8f8-0a1409dd9d83,Weingarten 16 6122 Fritzens,,,,,https://firmen.wko.at/ai-alpenraum-immobilien-gmbh/tirol/?firmaid=b9e282a7-7512-4d00-a8f8-0a1409dd9d83&standortid=7&standortname=tirol%20%28bundesland%29&suchbegriff=immobilienverwalter
ai immobilienverwertung gmbh,AI Immobilienverwertung GmbH.,AI Immobilienverwertung GmbH.,2,oberösterreich | wien,d8d355d2-e516-4ab3-90e2-2d6ba243cc0c | 29660948-0048-400f-b18d-1f709830583a,Stahlstraße 2-4 4020 Linz | Thomas-Klestil-Platz 13 1030 Wien,http://www.apk.at/aiig,http://www.apk.at/aiig,aiig.immobilien@voest.co.at,+43%20(0732)%206585-3169,https://firmen.wko.at/ai-immobilienverwertung-gmbh/ober%c3%b6sterreich/?firmaid=d8d355d2-e516-4ab3-90e2-2d6ba243cc0c&standortid=3&standortname=ober%c3%b6sterreich%20%28bundesland%29&suchbegriff=immobilienverwalter
aico service gmbh,AICO Service GmbH,AICO Service GmbH,1,kärnten,cda1677d-cbc0-45ae-98c4-6cc47eec1589,Johann-Offner-Straße 1 9400 Wolfsberg,,,,,https://firmen.wko.at/aico-service-gmbh/k%c3%a4rnten/?firmaid=cda1677d-cbc0-45ae-98c4-6cc47eec1589&standortid=6&standortname=k%c3%a4rnten%20%28bundesland%29&suchbegriff=immobilienverwalter
aigner hausverwaltung gmbh,Aigner Hausverwaltung GmbH,Aigner Hausverwaltung GmbH,1,oberösterreich,a48fbc8f-85a8-454d-b244-c52cf4c63b64,Sonnenweg 3 4820 Bad Ischl,,,,,https://firmen.wko.at/aigner-hausverwaltung-gmbh/ober%c3%b6sterreich/?firmaid=a48fbc8f-85a8-454d-b244-c52cf4c63b64&standortid=3&standortname=ober%c3%b6sterreich%20%28bundesland%29&suchbegriff=immobilienverwalter
ajas immo gmbh,AJAS - Immo GmbH,AJAS - Immo GmbH,1,vorarlberg,5ce60322-2f9d-4d9f-b56f-10b10b388afc,Kalkofenweg 6 6840 Götzis,,,,,https://firmen.wko.at/ajas-immo-gmbh/vorarlberg/?firmaid=5ce60322-2f9d-4d9f-b56f-10b10b388afc&standortid=8&standortname=vorarlberg%20%28bundesland%29&suchbegriff=immobilienverwalter
albin schwarz,Albin Schwarz,Albin Schwarz,1,steiermark,cf97c4bc-44cb-4e49-84b2-afa3d734130e,Hofgasse 8 8010 Graz,,,,,https://firmen.wko.at/albin-schwarz/steiermark/?firmaid=cf97c4bc-44cb-4e49-84b2-afa3d734130e&standortid=5&standortname=steiermark%20%28bundesland%29&suchbegriff=immobilienverwalter
alexander georg frieders,Alexander Georg Frieders,Alexander Georg Frieders,1,wien,5500e6a1-8796-426e-a608-d11efb113a4d,Hörlgasse 18/6 1090 Wien,,,,,https://firmen.wko.at/alexander-georg-frieders/wien/?firmaid=5500e6a1-8796-426e-a608-d11efb113a4d&standortid=1&standortname=wien%20%28bundesland%29&suchbegriff=immobilienverwalter
alexander michael vollmann,Alexander Michael Vollmann,Alexander Michael Vollmann,1,wien,49d87944-0362-41ad-8d00-c2c24c783da8,Meytensgasse 16/5 1130 Wien,,,,,https://firmen.wko.at/alexander-michael-vollmann/wien/?firmaid=49d87944-0362-41ad-8d00-c2c24c783da8&standortid=1&standortname=wien%20%28bundesland%29&suchbegriff=immobilienverwalter
alfons metzger hausverwaltung immobilien management gmbh,Alfons Metzger Hausverwaltung Immobilien Management GmbH,Alfons Metzger Hausverwaltung Immobilien Management GmbH,1,wien,26665eff-d512-444b-90cb-317fd16c7ef5,Gumpendorfer Straße 72 1060 Wien,,,,,https://firmen.wko.at/alfons-metzger-hausverwaltung-immobilien-management-gmbh/wien/?firmaid=26665eff-d512-444b-90cb-317fd16c7ef5&standortid=1&standortname=wien%20%28bundesland%29&suchbegriff=immobilienverwalter
alfred herbert fritz,Alfred Herbert Fritz,Alfred Herbert Fritz,1,wien,e82af938-7cb4-42eb-a066-0643f8f6c039,Feldgasse (Josefstadt) 3 1080 Wien,http://www.fritz-immobilien.at/,http://www.fritz-immobilien.at/,office@fritz-immobilien.at,(+43-1)%20890%2050%2000,https://firmen.wko.at/alfred-herbert-fritz-alfred-h-fritz-immobilien/wien/?firmaid=e82af938-7cb4-42eb-a066-0643f8f6c039&standortid=1&standortname=wien%20%28bundesland%29&suchbegriff=immobilienverwalter
alfred matejka immobilienverwaltung gesellschaft m b h,Alfred Matejka Immobilienverwaltung Gesellschaft m.b.H.,Alfred Matejka Immobilienverwaltung Gesellschaft m.b.H.,1,wien,204a2358-cfd9-497f-a006-d3a96701f072,Getreidemarkt 14 1010 Wien,,,,,https://firmen.wko.at/alfred-matejka-immobilienverwaltung-gesellschaft-mbh/wien/?firmaid=204a2358-cfd9-497f-a006-d3a96701f072&standortid=1&standortname=wien%20%28bundesland%29&suchbegriff=immobilienverwalter
alfred xaver kiesling,Alfred Xaver Kiesling,Alfred Xaver Kiesling,1,wien,c05027eb-3987-4922-94bd-68153edf98c6,Migschitzgasse 9 1230 Wien,http://www.kiesling-immobilien.at/,http://www.kiesling-immobilien.at/,alfred@kiesling-immobilien.at,06641645458,https://firmen.wko.at/alfred-xaver-kiesling-immobilien/wien/?firmaid=c05027eb-3987-4922-94bd-68153edf98c6&standortid=1&standortname=wien%20%28bundesland%29&suchbegriff=immobilienverwalter
all suite resorts österreich gmbh,All-Suite Resorts - Österreich GmbH,All-Suite Resorts - Österreich GmbH,1,tirol,f3bcd5ba-b23a-4cbc-993a-9ea01057bed0,Örlachweg 4 6433 Oetz,,,,,https://firmen.wko.at/all-suite-resorts-%c3%96sterreich-gmbh/tirol/?firmaid=f3bcd5ba-b23a-4cbc-993a-9ea01057bed0&standortid=7&standortname=tirol%20%28bundesland%29&suchbegriff=immobilienverwalter
allgemeine unfallversicherungs betriebsgesellschaft m b h auvb,Allgemeine Unfallversicherungs- Betriebsgesellschaft m.b.H.(AUVB),Allgemeine Unfallversicherungs- Betriebsgesellschaft m.b.H.(AUVB),2,oberösterreich | salzburg,d2a87d3b-73a0-4d69-a8ab-428e273a2db3 | 3ec0cc34-2121-4266-b53a-1935ef943a98,Dr.-Franz-Rehrl-Platz 5 5020 Salzburg | Garnisonstraße 5 (AUVA Linz) 4020 Linz,,,,,https://firmen.wko.at/allgemeine-unfallversicherungs-betriebsgesellschaft-mbhauvb/salzburg/?firmaid=d2a87d3b-73a0-4d69-a8ab-428e273a2db3&standortid=4&standortname=salzburg%20%28bundesland%29&suchbegriff=immobilienverwalter
alois köpf gmbh,Alois Köpf GmbH,Alois Köpf GmbH,1,wien,31818652-0c8b-4b5c-ad9c-0cad13636b4a,Schumanngasse 56/13 1170 Wien,,,,,https://firmen.wko.at/alois-k%c3%b6pf-gmbh/wien/?firmaid=31818652-0c8b-4b5c-ad9c-0cad13636b4a&standortid=1&standortname=wien%20%28bundesland%29&suchbegriff=immobilienverwalter
alpen real immobilien gmbh,Alpen Real Immobilien GmbH,Alpen Real Immobilien GmbH,2,oberösterreich | salzburg,9850b2d6-ba5c-4095-b8df-2b52f86737cf | 1ef757c7-9f93-4b70-96f1-060985c93aed,Nonntaler Hauptstraße 60 5020 Salzburg | Stadtplatz 9 4400 Steyr,,,,07252/45593-0,https://firmen.wko.at/alpen-real-immobilien-gmbh/salzburg/?firmaid=9850b2d6-ba5c-4095-b8df-2b52f86737cf&standortid=4&standortname=salzburg%20%28bundesland%29&suchbegriff=immobilienverwalter
alras immobilienmanagement und verwaltungs gmbh,Alras Immobilienmanagement und -verwaltungs GmbH,Alras Immobilienmanagement und -verwaltungs GmbH,1,wien,03e3157d-cafd-4fb9-88de-07da86c0b48c,Feldmühlgasse 22/6 1130 Wien,,,,,https://firmen.wko.at/alras-immobilienmanagement-und-verwaltungs-gmbh/wien/?firmaid=03e3157d-cafd-4fb9-88de-07da86c0b48c&standortid=1&standortname=wien%20%28bundesland%29&suchbegriff=immobilienverwalter
altmann partner immobilientreuhand gmbh,Altmann + Partner Immobilientreuhand GmbH,Altmann + Partner Immobilientreuhand GmbH,2,salzburg,139b9864-5667-476e-ba72-627f2f3ac5fe | b581c94d-f0a1-4ffa-b37d-ceda06f1d024,Lahntal 4 5751 Maishofen | Lahntal 121 5751 Maishofen,http://www.altmann-partner.at/,http://www.altmann-partner.at/,info@altmann-partner.at,+43%206542%2068262%200,https://firmen.wko.at/altmann-partner-immobilientreuhand-gmbh-altmann-partner/salzburg/?firmaid=139b9864-5667-476e-ba72-627f2f3ac5fe&standortid=4&standortname=salzburg%20%28bundesland%29&suchbegriff=immobilienverwalter
alwog allgemeine wohnbaugesellschaft m b h,Alwog-Allgemeine Wohnbaugesellschaft m.b.H.,Alwog-Allgemeine Wohnbaugesellschaft m.b.H.,1,steiermark,add5c503-f1ba-4b5e-9811-2c6c38d3cb6f,Naglergasse 10 8010 Graz,,,alwog@aon.at,+43%20(0316)%2032%2025%2039,https://firmen.wko.at/alwog-allgemeine-wohnbaugesellschaft-mbh/steiermark/?firmaid=add5c503-f1ba-4b5e-9811-2c6c38d3cb6f&standortid=5&standortname=steiermark%20%28bundesland%29&suchbegriff=immobilienverwalter
ambacher real estate gmbh,Ambacher Real Estate GmbH,Ambacher Real Estate GmbH,1,wien,1ff97577-93ea-4e64-b538-0843abd79b60,Stiglitzgasse 8 1130 Wien,http://www.ambacher.net/,http://www.ambacher.net/,eva.ambacher@ambacher.net,+43%20699%2010%2032%2072%2033,https://firmen.wko.at/ambacher-real-estate-gmbh-ambacher-real-estate-gmbh/wien/?firmaid=1ff97577-93ea-4e64-b538-0843abd79b60&standortid=1&standortname=wien%20%28bundesland%29&suchbegriff=immobilienverwalter
amlak liegenschaftsgesellschaft m b h,AMLAK Liegenschaftsgesellschaft m.b.H.,AMLAK Liegenschaftsgesellschaft m.b.H.,1,wien,17be7b8e-2aed-4168-982c-72c23b7a0fb8,Wickenburggasse 17/11 1080 Wien,https://www.amlak.at/,https://www.amlak.at/,office@amlak.at,01%204067944-0,https://firmen.wko.at/amlak-liegenschaftsgesellschaft-mbh-entwicklung-und-verwaltung-eigener-liegenschaften/wien/?firmaid=17be7b8e-2aed-4168-982c-72c23b7a0fb8&standortid=1&standortname=wien%20%28bundesland%29&suchbegriff=immobilienverwalter
amon gmbh,AMON GmbH,AMON GmbH,1,steiermark,8c5b93d0-6cfd-48d8-9444-2151f85c8aed,Neubaugasse 50 8020 Graz,,,,,https://firmen.wko.at/amon-gmbh/steiermark/?firmaid=8c5b93d0-6cfd-48d8-9444-2151f85c8aed&standortid=5&standortname=steiermark%20%28bundesland%29&suchbegriff=immobilienverwalter
amos tik handelsgesellschaft m b h,AMOS-TIK Handelsgesellschaft m.b.H.,AMOS-TIK Handelsgesellschaft m.b.H.,1,wien,7fa8838b-9406-484a-b25c-bc35dd211b95,Weißgerberlände 16 1030 Wien,http://www.amostik.at/,http://www.amostik.at/,alga@ins.at,01%20409%2018%2068,https://firmen.wko.at/amos-tik-handelsgesellschaft-mbh/wien/?firmaid=7fa8838b-9406-484a-b25c-bc35dd211b95&standortid=1&standortname=wien%20%28bundesland%29&suchbegriff=immobilienverwalter
andreas brunner,Andreas Brunner,Andreas Brunner,1,tirol,63fc7042-9805-4721-b22b-c6182d03a197,Hölzlfeld 1 6365 Kirchberg in Tirol,,,a.brunner@tirol.com,05357/40%2086 | 0664/28%2050%20886,https://firmen.wko.at/andreas-brunner/tirol/?firmaid=63fc7042-9805-4721-b22b-c6182d03a197&standortid=7&standortname=tirol%20%28bundesland%29&suchbegriff=immobilienverwalter
andreas forster,Andreas Forster,Andreas Forster,1,niederösterreich,01b754e5-2dbd-4cf9-94ab-3f4faa0c1567,Margaritenweg 23b 2384 Breitenfurt bei Wien,,,,+43%202239%2034179 | +43%20699%201224%202957,https://firmen.wko.at/andreas-forster/nieder%c3%b6sterreich/?firmaid=01b754e5-2dbd-4cf9-94ab-3f4faa0c1567&standortid=2&standortname=nieder%c3%b6sterreich%20%28bundesland%29&suchbegriff=immobilienverwalter
andreas macheiner,Andreas Macheiner,Andreas Macheiner,1,niederösterreich,2004b0cd-db42-408f-a29e-8ecb22341ac0,Hauptstraße 182 2722 Weikersdorf am Steinfelde,,,,,https://firmen.wko.at/andreas-macheiner/nieder%c3%b6sterreich/?firmaid=2004b0cd-db42-408f-a29e-8ecb22341ac0&standortid=2&standortname=nieder%c3%b6sterreich%20%28bundesland%29&suchbegriff=immobilienverwalter
andreas nobitschek msc mls,"Andreas Nobitschek, MSc, MLS","Andreas Nobitschek, MSc, MLS",1,wien,3e38102a-c96e-4aea-94d9-34907293a9da,Speisinger Straße 244 1230 Wien,,,,,https://firmen.wko.at/andreas-nobitschek-msc-mls/wien/?firmaid=3e38102a-c96e-4aea-94d9-34907293a9da&standortid=1&standortname=wien%20%28bundesland%29&suchbegriff=immobilienverwalter
andreas reitsammer,Andreas Reitsammer,Andreas Reitsammer,2,salzburg,2971998b-c21a-405c-912c-4693d3010fa5 | 465ed77c-5f49-4ded-b5b6-d0961528d312,Salzburgerstraße 104 5400 Hallein | Keltenweg 7 5081 Anif,,,,,https://firmen.wko.at/andreas-reitsammer/salzburg/?firmaid=2971998b-c21a-405c-912c-4693d3010fa5&standortid=4&standortname=salzburg%20%28bundesland%29&suchbegriff=immobilienverwalter
andreas wetzer immo consulting e u,Andreas Wetzer Immo-Consulting e.U.,Andreas Wetzer Immo-Consulting e.U.,1,salzburg,0f35b7bb-e607-44f1-8794-77c78c96454a,Leharweg 1 5162 Obertrum am See,,,,,https://firmen.wko.at/andreas-wetzer-immo-consulting-eu/salzburg/?firmaid=0f35b7bb-e607-44f1-8794-77c78c96454a&standortid=4&standortname=salzburg%20%28bundesland%29&suchbegriff=immobilienverwalter
angela edeltraut staneck,Angela Edeltraut Staneck,Angela Edeltraut Staneck,1,tirol,34c74035-77d1-419e-8d94-0040ccc670a1,Kaiserweg 5/Top 1 6352 Ellmau,,,,,https://firmen.wko.at/angela-edeltraut-staneck/tirol/?firmaid=34c74035-77d1-419e-8d94-0040ccc670a1&standortid=7&standortname=tirol%20%28bundesland%29&suchbegriff=immobilienverwalter
angelika dengel holzer,Angelika Dengel-Holzer,Angelika Dengel-Holzer,1,tirol,29d2d61a-554a-47d1-bcb6-58d326936f7f,Föhrenwald 64 6352 Ellmau,http://www.ihremaklerin.net/,http://www.ihremaklerin.net/,info@ihremaklerin.net,+43(0)664%20224%2053%2022,https://firmen.wko.at/angelika-dengel-holzer-angelika-dengel-immobilien/tirol/?firmaid=29d2d61a-554a-47d1-bcb6-58d326936f7f&standortid=7&standortname=tirol%20%28bundesland%29&suchbegriff=immobilienverwalter
angelika trappel,Angelika Trappel,Angelika Trappel,1,wien,3445c981-311b-4f42-a886-08a18757354f,Obere Bahngasse 24/5 1030 Wien,,,,,https://firmen.wko.at/angelika-trappel/wien/?firmaid=3445c981-311b-4f42-a886-08a18757354f&standortid=1&standortname=wien%20%28bundesland%29&suchbegriff=immobilienverwalter
anker immobilien gesellschaft m b h,Anker - Immobilien Gesellschaft m.b.H.,Anker - Immobilien Gesellschaft m.b.H.,1,wien,e6cd649e-f1fd-4a6c-b7d3-8709252d7005,Mosergasse 5 1090 Wien,http://www.anker-immobilien.at/de/home,http://www.anker-immobilien.at/de/home,office@anker-immobilien.at,+43(01)512%2001%2027,https://firmen.wko.at/anker-immobilien-gesellschaft-mbh-wir-beraten-sie-professionell-in-allen-immobilienfragen-wir/wien/?firmaid=e6cd649e-f1fd-4a6c-b7d3-8709252d7005&standortid=1&standortname=wien%20%28bundesland%29&suchbegriff=immobilienverwalter
anna isabella hoffmann gudehus,Anna Isabella Hoffmann-Gudehus,Anna Isabella Hoffmann-Gudehus,1,steiermark,7b7f0120-ddd5-406a-b97b-677e8836d42a,Neue-Welt-Höhe 44c/2 8042 Graz,http://www.hoffmann-immobilien.at/,http://www.hoffmann-immobilien.at/,office@hoffmann-immobilien.at,+43%20(0)316%2082%2038%2082,https://firmen.wko.at/anna-isabella-hoffmann-gudehus-hoffmann-immobilien/steiermark/?firmaid=7b7f0120-ddd5-406a-b97b-677e8836d42a&standortid=5&standortname=steiermark%20%28bundesland%29&suchbegriff=immobilienverwalter
anna maria olischar,Anna Maria Olischar,Anna Maria Olischar,1,wien,2f400752-1c1a-48a3-90a6-38ce65c37833,Kalvarienberggasse 65 1170 Wien,,,ciao05@hotmail.com%20,01/406%2043%2039-0,https://firmen.wko.at/anna-maria-olischar/wien/?firmaid=2f400752-1c1a-48a3-90a6-38ce65c37833&standortid=1&standortname=wien%20%28bundesland%29&suchbegriff=immobilienverwalter
anton wolfgang habersack,Anton Wolfgang Habersack,Anton Wolfgang Habersack,1,steiermark,6465fb79-f820-456d-a1a0-81a3d544d84f,"Roseggerstraße 11, Tür 2 8670 Krieglach",,,,+43%20(0)3855-24%2063,https://firmen.wko.at/anton-wolfgang-habersack/steiermark/?firmaid=6465fb79-f820-456d-a1a0-81a3d544d84f&standortid=5&standortname=steiermark%20%28bundesland%29&suchbegriff=immobilienverwalter
ap immobilienberatung gmbh,AP Immobilienberatung GmbH,AP Immobilienberatung GmbH,1,tirol,a8959ada-2dd8-4709-bf00-820c6fee82b9,Schützenweg 18 6134 Vomp,http://www.ap-immobilien.at/,http://www.ap-immobilien.at/,ap.immob@aon.at,0512/364%20101 | 0664/%20,https://firmen.wko.at/ap-immobilienberatung-gmbh/tirol/?firmaid=a8959ada-2dd8-4709-bf00-820c6fee82b9&standortid=7&standortname=tirol%20%28bundesland%29&suchbegriff=immobilienverwalter
apcoa austria gmbh,APCOA Austria GmbH,APCOA Austria GmbH,1,wien,c9f86de5-7380-41c6-b43b-08d902f1f8f6,Landstraßer Hauptstraße 146/13A 1030 Wien,http://www.apcoa.at/,http://www.apcoa.at/,,,https://firmen.wko.at/apcoa-austria-gmbh/wien/?firmaid=c9f86de5-7380-41c6-b43b-08d902f1f8f6&standortid=1&standortname=wien%20%28bundesland%29&suchbegriff=immobilienverwalter
apf beratungs gmbh und co kg,APF Beratungs GmbH & Co KG,APF Beratungs GmbH & Co KG,1,wien,6683c19a-23bc-43ca-b6a0-42dc60a2bb9f,Säulengasse 13/10 1090 Wien,,,,,https://firmen.wko.at/apf-beratungs-gmbh-und-co-kg/wien/?firmaid=6683c19a-23bc-43ca-b6a0-42dc60a2bb9f&standortid=1&standortname=wien%20%28bundesland%29&suchbegriff=immobilienverwalter
apis immobilienservice e u,APIS Immobilienservice e.U.,APIS Immobilienservice e.U.,1,steiermark,96b9194f-5ed2-40e1-beee-3c212289a670,Schöcklblickstraße 8 8062 Kumberg,,,,,https://firmen.wko.at/apis-immobilienservice-eu/steiermark/?firmaid=96b9194f-5ed2-40e1-beee-3c212289a670&standortid=5&standortname=steiermark%20%28bundesland%29&suchbegriff=immobilienverwalter
apl immobilientreuhand gmbh,APL Immobilientreuhand GmbH,APL Immobilientreuhand GmbH,1,niederösterreich,3f74eb15-3501-4785-8c29-1830a3220ef3,Tilgnergasse 1 2380 Perchtoldsdorf,,,,,https://firmen.wko.at/apl-immobilientreuhand-gmbh/nieder%c3%b6sterreich/?firmaid=3f74eb15-3501-4785-8c29-1830a3220ef3&standortid=2&standortname=nieder%c3%b6sterreich%20%28bundesland%29&suchbegriff=immobilienverwalter
apleona real estate at gmbh,Apleona Real Estate AT GmbH,Apleona Real Estate AT GmbH,1,wien,0c7fae37-ce34-4376-be1a-e8458a034c13,Bauernmarkt 12 1010 Wien,https://www.realestate.apleona.at/,https://www.realestate.apleona.at/,office.realestate.at@apleona.com,,https://firmen.wko.at/apleona-real-estate-at-gmbh/wien/?firmaid=0c7fae37-ce34-4376-be1a-e8458a034c13&standortid=1&standortname=wien%20%28bundesland%29&suchbegriff=immobilienverwalter
appl impuls verwaltungs und handels gmbh,APPL-IMPULS Verwaltungs & Handels GmbH.,APPL-IMPULS Verwaltungs & Handels GmbH.,1,niederösterreich,a0a8d2db-eb30-4032-b4e4-3f0b0739a318,Promenade 2 3400 Klosterneuburg,,,,,https://firmen.wko.at/appl-impuls-verwaltungs-und-handels-gmbh-appl-impuls-immobilien/nieder%c3%b6sterreich/?firmaid=a0a8d2db-eb30-4032-b4e4-3f0b0739a318&standortid=2&standortname=nieder%c3%b6sterreich%20%28bundesland%29&suchbegriff=immobilienverwalter
appm property management gmbh,APPM - PROPERTY MANAGEMENT GMBH,APPM - PROPERTY MANAGEMENT GMBH,1,wien,dbaca477-e1a8-4620-a2a1-57392b1062ca,Mittermayergasse 4/3 1130 Wien,http://www.hv13.at/,http://www.hv13.at/,office@hv13.at,+43%201%20877%2066%2060,https://firmen.wko.at/appm-property-management-gmbh-immobilienverwaltung/wien/?firmaid=dbaca477-e1a8-4620-a2a1-57392b1062ca&standortid=1&standortname=wien%20%28bundesland%29&suchbegriff=immobilienverwalter
ar austreal immobilien e u,AR AUSTREAL Immobilien e.U.,AR AUSTREAL Immobilien e.U.,2,wien,23011ab4-401c-4328-bc92-cfc5a4165ecb | c878d29a-f6b4-4385-847f-064100e07bdf,Dammstraße 19/1 1200 Wien | Franz-Josefs-Kai 23/Top 13 1010 Wien,,,,,https://firmen.wko.at/ar-austreal-immobilien-eu/wien/?firmaid=23011ab4-401c-4328-bc92-cfc5a4165ecb&standortid=1&standortname=wien%20%28bundesland%29&suchbegriff=immobilienverwalter
ar immobilien gmbh,AR Immobilien GmbH,AR Immobilien GmbH,1,tirol,98498fac-9583-41b8-b4dc-a8a451b53b43,Vogelweiderstraße 10A 6300 Wörgl,,,,,https://firmen.wko.at/ar-immobilien-gmbh/tirol/?firmaid=98498fac-9583-41b8-b4dc-a8a451b53b43&standortid=7&standortname=tirol%20%28bundesland%29&suchbegriff=immobilienverwalter
archionic immobilien gmbh,ARCHIONIC Immobilien GmbH,ARCHIONIC Immobilien GmbH,1,oberösterreich,68141e8a-9692-413c-b01c-6f552216f00c,Sierninger Straße 56-58 4400 Steyr,,,,,https://firmen.wko.at/archionic-immobilien-gmbh/ober%c3%b6sterreich/?firmaid=68141e8a-9692-413c-b01c-6f552216f00c&standortid=3&standortname=ober%c3%b6sterreich%20%28bundesland%29&suchbegriff=immobilienverwalter
arctos immobilien services gmbh und co kg,ARCTOS Immobilien Services GmbH & Co KG,ARCTOS Immobilien Services GmbH & Co KG,1,steiermark,846acdbd-8bd2-471c-a232-6c9eb6d664a3,"Hauptplatz 10, Top 1 8280 Fürstenfeld",,,,,https://firmen.wko.at/arctos-immobilien-services-gmbh-und-co-kg/steiermark/?firmaid=846acdbd-8bd2-471c-a232-6c9eb6d664a3&standortid=5&standortname=steiermark%20%28bundesland%29&suchbegriff=immobilienverwalter
are austrian real estate development gmbh,ARE Austrian Real Estate Development GmbH,ARE Austrian Real Estate Development GmbH,1,wien,73010a1e-53bf-44ef-9fc9-3a395ed8bd8d,Trabrennstraße 2B 1020 Wien,,,,,https://firmen.wko.at/are-austrian-real-estate-development-gmbh/wien/?firmaid=73010a1e-53bf-44ef-9fc9-3a395ed8bd8d&standortid=1&standortname=wien%20%28bundesland%29&suchbegriff=immobilienverwalter
areal immobilientreuhand gmbh,AReal Immobilientreuhand GmbH,AReal Immobilientreuhand GmbH,1,wien,573b6f83-edf7-426a-a221-24abf3755208,Lothringerstraße 14-16/2/6 1030 Wien,,,,,https://firmen.wko.at/areal-immobilientreuhand-gmbh-immobilientreuh%c3%a4nder/wien/?firmaid=573b6f83-edf7-426a-a221-24abf3755208&standortid=1&standortname=wien%20%28bundesland%29&suchbegriff=immobilienverwalter
areal liegenschaftsverwaltungs gmbh,AREAL Liegenschaftsverwaltungs GmbH,AREAL Liegenschaftsverwaltungs GmbH,1,oberösterreich,150b4ebc-7a35-498d-a468-507220f57ecd,Karl-Leitl-Straße 1 4048 Puchenau,,,,,https://firmen.wko.at/areal-liegenschaftsverwaltungs-gmbh/ober%c3%b6sterreich/?firmaid=150b4ebc-7a35-498d-a468-507220f57ecd&standortid=3&standortname=ober%c3%b6sterreich%20%28bundesland%29&suchbegriff=immobilienverwalter
arealis liegenschaftsmanagement gmbh,AREALIS Liegenschaftsmanagement GmbH,AREALIS Liegenschaftsmanagement GmbH,1,wien,bb57aedf-9e61-488c-90ec-341d932136ae,Aspernbrückengasse 2 1020 Wien,http://www.arealis.at/,http://www.arealis.at/,office@arealis.at,+43%2001%20217180,https://firmen.wko.at/arealis-liegenschaftsmanagement-gmbh/wien/?firmaid=bb57aedf-9e61-488c-90ec-341d932136ae&standortid=1&standortname=wien%20%28bundesland%29&suchbegriff=immobilienverwalter
arealita immobilientreuhand und sachverständigen gmbh,Arealita Immobilientreuhand und Sachverständigen GmbH,Arealita Immobilientreuhand und Sachverständigen GmbH,1,tirol,83b1dd60-e1d6-48ca-bb77-0f88be05e9e6,Kaiserjägerstraße 30 6020 Innsbruck,https://www.arealita.at/,https://www.arealita.at/,immobilien@arealita.at,+%2043%20512%20580%20242,https://firmen.wko.at/arealita-immobilientreuhand-und-sachverst%c3%a4ndigen-gmbh-arealita-immobilientreuhand-und-sachverst%c3%a4ndigen-gmbh/tirol/?firmaid=83b1dd60-e1d6-48ca-bb77-0f88be05e9e6&standortid=7&standortname=tirol%20%28bundesland%29&suchbegriff=immobilienverwalter
arev immobilien gesellschaft m b h,AREV Immobilien Gesellschaft m.b.H.,AREV Immobilien Gesellschaft m.b.H.,3,oberösterreich,c161f677-5e7a-4720-945d-e4475d198301 | cc63d200-453c-476c-a7d8-0f3c5ce2c867 | deed6f65-3a17-4e2c-8f7e-d9e81b0d83c8,Bahnhofplatz 2 4600 Wels | Europaplatz 4 4020 Linz | Hannesgrub Süd 6 4911 Tumeltsham,http://www.arev.at/,http://www.arev.at/,office.ried@arev.at,07752%2085%2088%2050%20,https://firmen.wko.at/arev-immobilien-gesellschaft-mbh/ober%c3%b6sterreich/?firmaid=c161f677-5e7a-4720-945d-e4475d198301&standortid=3&standortname=ober%c3%b6sterreich%20%28bundesland%29&suchbegriff=immobilienverwalter
arevit immobilien development gmbh,AREVIT Immobilien-Development GmbH,AREVIT Immobilien-Development GmbH,1,niederösterreich,526b74f3-0e56-4965-a34a-22937cb67588,Leopoldstraße 12/1 3400 Klosterneuburg,http://www.arevit.at/,http://www.arevit.at/,office@arevit.at,02243%2034%20600,https://firmen.wko.at/arevit-immobilien-development-gmbh/nieder%c3%b6sterreich/?firmaid=526b74f3-0e56-4965-a34a-22937cb67588&standortid=2&standortname=nieder%c3%b6sterreich%20%28bundesland%29&suchbegriff=immobilienverwalter
argolex immobilienmanagement gmbh,Argolex Immobilienmanagement GmbH,Argolex Immobilienmanagement GmbH,1,wien,d052766c-c266-42de-b1de-69cd749593d7,Heinrich-Collin-Straße 3B/10/20 1140 Wien,,,,,https://firmen.wko.at/argolex-immobilienmanagement-gmbh/wien/?firmaid=d052766c-c266-42de-b1de-69cd749593d7&standortid=1&standortname=wien%20%28bundesland%29&suchbegriff=immobilienverwalter
argon realitätenverwaltung gmbh,Argon Realitätenverwaltung GmbH,Argon Realitätenverwaltung GmbH,1,wien,035ce6d3-0506-4f42-addc-90cd4a67c546,Johann-Strauß-Gasse 32/8 1040 Wien,,,maw@argon.at,01/505%2050%2045-0,https://firmen.wko.at/argon-realit%c3%a4tenverwaltung-gmbh/wien/?firmaid=035ce6d3-0506-4f42-addc-90cd4a67c546&standortid=1&standortname=wien%20%28bundesland%29&suchbegriff=immobilienverwalter
arigho immobilien og,ARIGHO Immobilien OG,ARIGHO Immobilien OG,1,wien,786365fa-e55b-4515-b87b-fcd06efbc0dc,Rechte Wienzeile 131/4 1050 Wien,http://www.arigho.at/,http://www.arigho.at/,office@arigho.at,(01)%2058%2011%20206,https://firmen.wko.at/arigho-immobilien-og-hausverwaltung/wien/?firmaid=786365fa-e55b-4515-b87b-fcd06efbc0dc&standortid=1&standortname=wien%20%28bundesland%29&suchbegriff=immobilienverwalter
aris immobilientreuhand gmbh,ARIS Immobilientreuhand GmbH,ARIS Immobilientreuhand GmbH,1,steiermark,1f9630e7-1fac-46ec-aec5-18c605a151d8,Heinrichstraße 112 8010 Graz,,,office@aris-immo.at,0316995773,https://firmen.wko.at/aris-immobilientreuhand-gmbh-aris-immobilientreuhand-gmbh/steiermark/?firmaid=1f9630e7-1fac-46ec-aec5-18c605a151d8&standortid=5&standortname=steiermark%20%28bundesland%29&suchbegriff=immobilienverwalter
arqon real estate gmbh,ARQON Real Estate GmbH,ARQON Real Estate GmbH,1,wien,b6546794-4ec4-4d4a-9ebb-0b5085e8f48c,Fleischmarkt 7/12 1010 Wien,,,,,https://firmen.wko.at/arqon-real-estate-gmbh/wien/?firmaid=b6546794-4ec4-4d4a-9ebb-0b5085e8f48c&standortid=1&standortname=wien%20%28bundesland%29&suchbegriff=immobilienverwalter
art immobilien e u,ART Immobilien e.U.,ART Immobilien e.U.,2,salzburg,36b59182-0bf8-4b4e-a8e5-63319f1a5a51 | 732019c5-c889-4db1-81e9-43fff51e059c,Erzherzog-Eugen-Straße 14 5020 Salzburg | Josef-Mayburger-Kai 92 5020 Salzburg,http://www.art-immobilien.at/,http://www.art-immobilien.at/,office@art-immobilien.at,+43%20662%20455268,https://firmen.wko.at/art-immobilien-eu-art-immobilien-eu/salzburg/?firmaid=36b59182-0bf8-4b4e-a8e5-63319f1a5a51&standortid=4&standortname=salzburg%20%28bundesland%29&suchbegriff=immobilienverwalter
artestate immobilientreuhand gmbh,ARTESTATE Immobilientreuhand GmbH,ARTESTATE Immobilientreuhand GmbH,1,wien,5c47df6e-a64d-461b-9650-0afd91a9f0e4,Hahngasse 21/7 1090 Wien,,,,,https://firmen.wko.at/artestate-immobilientreuhand-gmbh/wien/?firmaid=5c47df6e-a64d-461b-9650-0afd91a9f0e4&standortid=1&standortname=wien%20%28bundesland%29&suchbegriff=immobilienverwalter
artex immobilien gmbh,ARTEX Immobilien GmbH,ARTEX Immobilien GmbH,1,oberösterreich,e86e7f0c-1fb8-4d46-b0ca-d23d9412fd37,Hopfengasse 3 4020 Linz,https://www.artex-immobilien.at/,https://www.artex-immobilien.at/,office@artex-immobilien.at,+43732710522,https://firmen.wko.at/artex-immobilien-gmbh/ober%c3%b6sterreich/?firmaid=e86e7f0c-1fb8-4d46-b0ca-d23d9412fd37&standortid=3&standortname=ober%c3%b6sterreich%20%28bundesland%29&suchbegriff=immobilienverwalter
artner immobilienmanagement gmbh,Artner Immobilienmanagement GmbH,Artner Immobilienmanagement GmbH,1,niederösterreich,5d7d7192-b7e3-4ca3-9d59-9a6a3a7d4919,"Schönfeldgasse 1Stg. 7, Tür 14 2435 Ebergassing",,,,,https://firmen.wko.at/artner-immobilienmanagement-gmbh/nieder%c3%b6sterreich/?firmaid=5d7d7192-b7e3-4ca3-9d59-9a6a3a7d4919&standortid=2&standortname=nieder%c3%b6sterreich%20%28bundesland%29&suchbegriff=immobilienverwalter
arwag immobilientreuhand gesellschaft m b h,ARWAG Immobilientreuhand Gesellschaft m.b.H.,ARWAG Immobilientreuhand Gesellschaft m.b.H.,1,wien,e7a3723a-2739-4e83-9d1a-5612db0501b7,Würtzlerstraße 15 1030 Wien,http://www.arwag.at/,http://www.arwag.at/,gbv@arwag.at,+43%20(0)%201%20797%2000-333,https://firmen.wko.at/arwag-immobilientreuhand-gesellschaft-mbh-wo-das-leben-lebt/wien/?firmaid=e7a3723a-2739-4e83-9d1a-5612db0501b7&standortid=1&standortname=wien%20%28bundesland%29&suchbegriff=immobilienverwalter
arzböck immobilien gmbh,Arzböck Immobilien GmbH,Arzböck Immobilien GmbH,1,salzburg,42a016c6-6640-478a-8c01-bd671bc464c6,Alte Bundesstraße 4 5500 Bischofshofen,,,,,https://firmen.wko.at/arzb%c3%b6ck-immobilien-gmbh/salzburg/?firmaid=42a016c6-6640-478a-8c01-bd671bc464c6&standortid=4&standortname=salzburg%20%28bundesland%29&suchbegriff=immobilienverwalter
aschbacher immobilientreuhänder og,Aschbacher Immobilientreuhänder OG,Aschbacher Immobilientreuhänder OG,1,salzburg,f4c5c71a-b3d1-4781-b860-02f1b5dfb77e,"Michael-Rottmayr-Straße 47, Tür 14 5110 Oberndorf bei Salzburg",http://www.aschbacher-immobilien.at/,http://www.aschbacher-immobilien.at/,office@aschbacher-immobilien.at,+43%206272%2041054,https://firmen.wko.at/aschbacher-immobilientreuh%c3%a4nder-og-immobilientreuh%c3%a4nder-immobilienverwaltung-hausverwaltung/salzburg/?firmaid=f4c5c71a-b3d1-4781-b860-02f1b5dfb77e&standortid=4&standortname=salzburg%20%28bundesland%29&suchbegriff=immobilienverwalter
aspern seestadt einkaufsstrassen gmbh,aspern Seestadt Einkaufsstraßen GmbH,aspern Seestadt Einkaufsstraßen GmbH,1,wien,ec680cab-1b4a-4d32-b116-8d572479463f,Seestadtstraße 27/13 1220 Wien,,,,,https://firmen.wko.at/aspern-seestadt-einkaufsstra%c3%9fen-gmbh/wien/?firmaid=ec680cab-1b4a-4d32-b116-8d572479463f&standortid=1&standortname=wien%20%28bundesland%29&suchbegriff=immobilienverwalter
asset und care immobilientreuhand gmbh,Asset & Care Immobilientreuhand GmbH,Asset & Care Immobilientreuhand GmbH,1,wien,5a704e1b-b448-46b1-9c61-b1e5596c792f,Rosenbursenstraße 8/5 1010 Wien,,,,,https://firmen.wko.at/asset-und-care-immobilientreuhand-gmbh/wien/?firmaid=5a704e1b-b448-46b1-9c61-b1e5596c792f&standortid=1&standortname=wien%20%28bundesland%29&suchbegriff=immobilienverwalter
astoria re gmbh,Astoria RE GmbH,Astoria RE GmbH,1,steiermark,c2867d3d-c01c-4438-80e5-1578f0a6e60b,"Mautgasse 13, Tür 16 8045 Graz",,,,,https://firmen.wko.at/astoria-re-gmbh/steiermark/?firmaid=c2867d3d-c01c-4438-80e5-1578f0a6e60b&standortid=5&standortname=steiermark%20%28bundesland%29&suchbegriff=immobilienverwalter
astrid maria čas,Astrid Maria Čas,Astrid Maria Čas,1,kärnten,a759aa09-e245-410a-b84c-babd4104dc1d,Spatwiesenweg 15/8 9020 Klagenfurt am Wörthersee,,,cas@a1.net,+43%20463%2059%2006%2007%20,https://firmen.wko.at/astrid-maria-as/k%c3%a4rnten/?firmaid=a759aa09-e245-410a-b84c-babd4104dc1d&standortid=6&standortname=k%c3%a4rnten%20%28bundesland%29&suchbegriff=immobilienverwalter
at home fm services gmbh,at home FM Services GmbH,at home FM Services GmbH,1,wien,1b4d9f0a-4662-4913-8875-01224abd1df4,Hernalser Gürtel 1 1170 Wien,,,,,https://firmen.wko.at/at-home-fm-services-gmbh/wien/?firmaid=1b4d9f0a-4662-4913-8875-01224abd1df4&standortid=1&standortname=wien%20%28bundesland%29&suchbegriff=immobilienverwalter
at home immobilien gmbh,at home Immobilien-GmbH,at home Immobilien-GmbH,2,niederösterreich | wien,8110a517-0e08-4928-99cf-203e3a731f06 | dbac66a5-2609-4696-95ff-748718624b61,Heizergasse 1 2700 Wiener Neustadt | Hernalser Gürtel 1 1170 Wien,http://www.at-home.co.at/,http://www.at-home.co.at/,office@athome.at,01/401%2009%20-%200,https://firmen.wko.at/at-home-immobilien-gmbh/nieder%c3%b6sterreich/?firmaid=8110a517-0e08-4928-99cf-203e3a731f06&standortid=2&standortname=nieder%c3%b6sterreich%20%28bundesland%29&suchbegriff=immobilienverwalter
at wiga investment und beteiligungs gmbh,AT WiGa Investment und Beteiligungs GmbH,AT WiGa Investment und Beteiligungs GmbH,1,steiermark,1cd09922-4a11-498e-a8de-ea07a5124ffe,Grabenstraße 178 8010 Graz,,,,,https://firmen.wko.at/at-wiga-investment-und-beteiligungs-gmbh/steiermark/?firmaid=1cd09922-4a11-498e-a8de-ea07a5124ffe&standortid=5&standortname=steiermark%20%28bundesland%29&suchbegriff=immobilienverwalter
at mo sphere immobilienverwaltung e u,at-MO-sphere Immobilienverwaltung e.U.,at-MO-sphere Immobilienverwaltung e.U.,1,kärnten,55d45301-7712-4980-8d0a-ddfe10b6b87c,Ferdinand-Jergitsch-Straße 27 9020 Klagenfurt am Wörthersee,,,,,https://firmen.wko.at/at-mo-sphere-immobilienverwaltung-eu-immobilienverwaltung/k%c3%a4rnten/?firmaid=55d45301-7712-4980-8d0a-ddfe10b6b87c&standortid=6&standortname=k%c3%a4rnten%20%28bundesland%29&suchbegriff=immobilienverwalter
atico immobilien gesellschaft m b h,Atico Immobilien Gesellschaft m.b.H.,Atico Immobilien Gesellschaft m.b.H.,1,wien,74d65bb2-fe00-443e-b7e0-0b1fdca6a748,Zieglergasse 29/1/40-DG 1070 Wien,,,office@atico.at,01/585%2005%2080,https://firmen.wko.at/atico-immobilien-gesellschaft-mbh/wien/?firmaid=74d65bb2-fe00-443e-b7e0-0b1fdca6a748&standortid=1&standortname=wien%20%28bundesland%29&suchbegriff=immobilienverwalter
atrium immobilien treuhand kg,Atrium Immobilien Treuhand KG,Atrium Immobilien Treuhand KG,1,tirol,cfea32ac-7339-4bf4-bb03-38921a10fa1b,Eduard-Bodem-Gasse 6/15 6020 Innsbruck,,,,,https://firmen.wko.at/atrium-immobilien-treuhand-kg/tirol/?firmaid=cfea32ac-7339-4bf4-bb03-38921a10fa1b&standortid=7&standortname=tirol%20%28bundesland%29&suchbegriff=immobilienverwalter
auk immobilien e u,auk-Immobilien e.U.,auk-Immobilien e.U.,1,tirol,46214128-4974-400e-927e-218533c1effc,"Jennisweg 2, Top 1 6094 Axams",,,,,https://firmen.wko.at/auk-immobilien-eu/tirol/?firmaid=46214128-4974-400e-927e-218533c1effc&standortid=7&standortname=tirol%20%28bundesland%29&suchbegriff=immobilienverwalter
aula realitäten gmbh,Aula Realitäten GmbH,Aula Realitäten GmbH,1,wien,3ff81a0f-05d3-4000-bda4-a1a729a5db83,Kantgasse 1/1B 1010 Wien,,,,,https://firmen.wko.at/aula-realit%c3%a4ten-gmbh/wien/?firmaid=3ff81a0f-05d3-4000-bda4-a1a729a5db83&standortid=1&standortname=wien%20%28bundesland%29&suchbegriff=immobilienverwalter
aundp hausverwaltung gmbh,AundP Hausverwaltung GmbH,AundP Hausverwaltung GmbH,1,kärnten,26505896-5524-4895-80e1-a3fe87156426,Bogenweg 15 9210 Pörtschach/Wörther See,,,,,https://firmen.wko.at/aundp-hausverwaltung-gmbh/k%c3%a4rnten/?firmaid=26505896-5524-4895-80e1-a3fe87156426&standortid=6&standortname=k%c3%a4rnten%20%28bundesland%29&suchbegriff=immobilienverwalter
aurea hausverwaltung kg,AUREA Hausverwaltung KG,AUREA Hausverwaltung KG,2,niederösterreich | wien,c773a0a5-59d5-41a6-b39d-25f90d294e96 | d30270fc-2dd9-4568-9f02-5f0426808e86,"Babenbergergasse 17/1/15 3400 Klosterneuburg | Prinz-Eugen-Straße 18/2, Tür 21 1040 Wien",http://www.aurea-hausverwaltung.at/,http://www.aurea-hausverwaltung.at/,office@aurea-hausverwaltung.at,+43%201%20997%204415,https://firmen.wko.at/aurea-hausverwaltung-kg/nieder%c3%b6sterreich/?firmaid=c773a0a5-59d5-41a6-b39d-25f90d294e96&standortid=2&standortname=nieder%c3%b6sterreich%20%28bundesland%29&suchbegriff=immobilienverwalter
aurel immobilien management gmbh,Aurel Immobilien Management GmbH,Aurel Immobilien Management GmbH,1,wien,5053fb09-1ba0-4c50-8a7e-643a8ab1f8a3,Paulanergasse 15 1040 Wien,,,,,https://firmen.wko.at/aurel-immobilien-management-gmbh/wien/?firmaid=5053fb09-1ba0-4c50-8a7e-643a8ab1f8a3&standortid=1&standortname=wien%20%28bundesland%29&suchbegriff=immobilienverwalter
auris immo solutions gmbh,AURIS Immo Solutions GmbH,AURIS Immo Solutions GmbH,1,wien,ee7a72b8-4a10-47f8-8999-c4e9b004dd8d,Nauschgasse 2/1/1 1220 Wien,,,,,https://firmen.wko.at/auris-immo-solutions-gmbh/wien/?firmaid=ee7a72b8-4a10-47f8-8999-c4e9b004dd8d&standortid=1&standortname=wien%20%28bundesland%29&suchbegriff=immobilienverwalter
austria alpin immobilienservice gmbh,Austria Alpin Immobilienservice GmbH,Austria Alpin Immobilienservice GmbH,1,tirol,a6759425-8a37-4e29-8fa8-34a14a77c2af,Bahnhofstraße 53 6300 Wörgl,,,,,https://firmen.wko.at/austria-alpin-immobilienservice-gmbh/tirol/?firmaid=a6759425-8a37-4e29-8fa8-34a14a77c2af&standortid=7&standortname=tirol%20%28bundesland%29&suchbegriff=immobilienverwalter
av hausverwaltung gmbh,AV Hausverwaltung GmbH,AV Hausverwaltung GmbH,1,wien,d1df70e0-1ae2-43e1-981a-0ea07c340018,Kopfgasse 8 1130 Wien,,,,,https://firmen.wko.at/av-hausverwaltung-gmbh/wien/?firmaid=d1df70e0-1ae2-43e1-981a-0ea07c340018&standortid=1&standortname=wien%20%28bundesland%29&suchbegriff=immobilienverwalter
av holding beteiligungs gmbh,AV-Holding Beteiligungs GmbH,AV-Holding Beteiligungs GmbH,1,niederösterreich,07921d21-004e-4540-8b19-8c7692c0e4e4,Ferstlergasse 4 3100 St.Pölten,,,,,https://firmen.wko.at/av-holding-beteiligungs-gmbh/nieder%c3%b6sterreich/?firmaid=07921d21-004e-4540-8b19-8c7692c0e4e4&standortid=2&standortname=nieder%c3%b6sterreich%20%28bundesland%29&suchbegriff=immobilienverwalter
avon immobilien gmbh,Avon Immobilien GmbH,Avon Immobilien GmbH,1,kärnten,a38bc2b5-8cc8-467e-a464-6ff1e224a634,Maria Rojach 124 9422 St.Andrä,https://www.avon-immobilien.at/,https://www.avon-immobilien.at/,office@avon-immobilien.at,+43%205%200816,https://firmen.wko.at/avon-immobilien-gmbh-avon-immobilien-gmbh/k%c3%a4rnten/?firmaid=a38bc2b5-8cc8-467e-a464-6ff1e224a634&standortid=6&standortname=k%c3%a4rnten%20%28bundesland%29&suchbegriff=immobilienverwalter
b und v handels u immobilien gmbh,B & V Handels-u.Immobilien GmbH.,B & V Handels-u.Immobilien GmbH.,1,wien,50275db9-f70b-42b3-a7f9-536d998864b1,Geßlgasse 19/6 1230 Wien,,,bundv@eunet.at,01/798%2029%2029%20,https://firmen.wko.at/b-und-v-handels-uimmobilien-gmbh/wien/?firmaid=50275db9-f70b-42b3-a7f9-536d998864b1&standortid=1&standortname=wien%20%28bundesland%29&suchbegriff=immobilienverwalter
b i v hausverwaltung gmbh,B.I.V. Hausverwaltung GmbH,B.I.V. Hausverwaltung GmbH,1,wien,4e8de9db-c9fd-414f-9b43-9a09e9f6dc37,Am Modenapark 10 1030 Wien,,,,,https://firmen.wko.at/biv-hausverwaltung-gmbh/wien/?firmaid=4e8de9db-c9fd-414f-9b43-9a09e9f6dc37&standortid=1&standortname=wien%20%28bundesland%29&suchbegriff=immobilienverwalter
b2 immobilien e u,B2 Immobilien e.U.,B2 Immobilien e.U.,1,tirol,b7dff7af-9379-4f9a-ab63-ef02600b737d,Kalvarienbergstraße 27 6170 Zirl,,,,,https://firmen.wko.at/b2-immobilien-eu/tirol/?firmaid=b7dff7af-9379-4f9a-ab63-ef02600b737d&standortid=7&standortname=tirol%20%28bundesland%29&suchbegriff=immobilienverwalter
bank austria real invest asset management gmbh,Bank Austria Real Invest Asset Management GmbH,Bank Austria Real Invest Asset Management GmbH,1,wien,622c7a73-0536-41fa-9e31-6313971de798,Rothschildplatz 1 1020 Wien,,,,,https://firmen.wko.at/bank-austria-real-invest-asset-management-gmbh/wien/?firmaid=622c7a73-0536-41fa-9e31-6313971de798&standortid=1&standortname=wien%20%28bundesland%29&suchbegriff=immobilienverwalter
banner hausverwaltung e u,Banner Hausverwaltung e.U.,Banner Hausverwaltung e.U.,1,niederösterreich,06595a47-3285-4835-9952-528c6c3205ca,Bodenzeile 9 2263 Waidendorf,,,,,https://firmen.wko.at/banner-hausverwaltung-eu/nieder%c3%b6sterreich/?firmaid=06595a47-3285-4835-9952-528c6c3205ca&standortid=2&standortname=nieder%c3%b6sterreich%20%28bundesland%29&suchbegriff=immobilienverwalter
barbara gnädig immobilien gmbh,Barbara Gnädig Immobilien GmbH,Barbara Gnädig Immobilien GmbH,1,wien,26c3332c-a647-4ce1-85bb-2d0ec722e0d0,Landstraßer Hauptstraße 75-77/1 1030 Wien,,,,,https://firmen.wko.at/barbara-gn%c3%a4dig-immobilien-gmbh/wien/?firmaid=26c3332c-a647-4ce1-85bb-2d0ec722e0d0&standortid=1&standortname=wien%20%28bundesland%29&suchbegriff=immobilienverwalter
barbara lipovsky,Barbara Lipovsky,Barbara Lipovsky,1,burgenland,3160bd87-1b7c-4b8f-8aab-0042d6bc03d1,Mattersburgerstraße 21 7202 Bad Sauerbrunn,http://www.ihrpartner.eu/,http://www.ihrpartner.eu/,ihrpartner@ipi.at,02625/32695-0,https://firmen.wko.at/barbara-lipovsky-ihr-partner-finanzdienstleistungen-und-immobilien/burgenland/?firmaid=3160bd87-1b7c-4b8f-8aab-0042d6bc03d1&standortid=9&standortname=burgenland%20%28bundesland%29&suchbegriff=immobilienverwalter
barbara löbbecke immobilientreuhänder e u,Barbara Löbbecke Immobilientreuhänder e.U.,Barbara Löbbecke Immobilientreuhänder e.U.,1,wien,643d1c43-61ec-4d72-a5cb-1c438706d18b,Invalidenstraße 17/2 1030 Wien,,,,,https://firmen.wko.at/barbara-l%c3%b6bbecke-immobilientreuh%c3%a4nder-eu/wien/?firmaid=643d1c43-61ec-4d72-a5cb-1c438706d18b&standortid=1&standortname=wien%20%28bundesland%29&suchbegriff=immobilienverwalter
barbara rappitsch,Barbara Rappitsch,Barbara Rappitsch,1,kärnten,d8438ba3-12a9-4f48-92bb-7a7761abde1e,Am Roßmarkt 13 9400 Wolfsberg,https://www.immohaus-wolfsberg.at/,https://www.immohaus-wolfsberg.at/,office@immohaus-wolfsberg.at,+43%20(0)%20664%201367479,https://firmen.wko.at/barbara-rappitsch-immohaus-immobilienmanagement-und-hausverwaltung/k%c3%a4rnten/?firmaid=d8438ba3-12a9-4f48-92bb-7a7761abde1e&standortid=6&standortname=k%c3%a4rnten%20%28bundesland%29&suchbegriff=immobilienverwalter
barta immobilientreuhand gmbh,Barta Immobilientreuhand GmbH,Barta Immobilientreuhand GmbH,1,kärnten,40875c04-8f31-48c6-892e-a561851fe391,Bahnhofplatz 9 9500 Villach,http://www.kib.at/barta/,http://www.kib.at/barta/,office@immobilien-barta.at,+43%204242%2024264 | 0664/5366025,https://firmen.wko.at/barta-immobilientreuhand-gmbh/k%c3%a4rnten/?firmaid=40875c04-8f31-48c6-892e-a561851fe391&standortid=6&standortname=k%c3%a4rnten%20%28bundesland%29&suchbegriff=immobilienverwalter
barwert immo tahir barosch msc e u,"Barwert Immo - Tahir Barosch, MSc, e.U","Barwert Immo - Tahir Barosch, MSc, e.U",1,wien,40ebc638-5826-41a4-b398-eb867c63ab1e,Auhofstraße 51/1/34 1130 Wien,,,,,https://firmen.wko.at/barwert-immo-tahir-barosch-msc-eu/wien/?firmaid=40ebc638-5826-41a4-b398-eb867c63ab1e&standortid=1&standortname=wien%20%28bundesland%29&suchbegriff=immobilienverwalter
bauland immobilienhandels und verwaltungsgesellschaft m b h,Bauland Immobilienhandels & Verwaltungsgesellschaft m.b.H.,Bauland Immobilienhandels & Verwaltungsgesellschaft m.b.H.,1,steiermark,fd01d206-1025-4e60-95f0-0283d112fc52,Puchstraße 121-127 8055 Graz,http://www.bauland-immobilien.at/,http://www.bauland-immobilien.at/,office@bauland-immobilien.at,+43%20(0316)%2082%2010%2058 | +43%20660%203415228,https://firmen.wko.at/bauland-immobilienhandels-und-verwaltungsgesellschaft-mbh-immobilienmakler-verwalter-bautr%c3%a4ger-versicherungsmakl/steiermark/?firmaid=fd01d206-1025-4e60-95f0-0283d112fc52&standortid=5&standortname=steiermark%20%28bundesland%29&suchbegriff=immobilienverwalter
baumegger und partner og,BAUMEGGER UND PARTNER OG,BAUMEGGER UND PARTNER OG,1,niederösterreich,506be737-e486-4aea-a583-b6d71bcb3875,Martinsgasse 6 2700 Wiener Neustadt,http://www.immobilien-baumegger.at/,http://www.immobilien-baumegger.at/,office@immobilien-baumegger.at,+43(0)2622%2024%20346,https://firmen.wko.at/baumegger-und-partner-og/nieder%c3%b6sterreich/?firmaid=506be737-e486-4aea-a583-b6d71bcb3875&standortid=2&standortname=nieder%c3%b6sterreich%20%28bundesland%29&suchbegriff=immobilienverwalter
bavariareal hausverwaltung gmbh,BavariaReal Hausverwaltung GmbH,BavariaReal Hausverwaltung GmbH,1,tirol,ec762840-18ec-481d-928e-7781eb7d0175,Lindau 15 6391 Fieberbrunn,,,,,https://firmen.wko.at/bavariareal-hausverwaltung-gmbh/tirol/?firmaid=ec762840-18ec-481d-928e-7781eb7d0175&standortid=7&standortname=tirol%20%28bundesland%29&suchbegriff=immobilienverwalter
bawag p s k immobilien gmbh,BAWAG P.S.K. IMMOBILIEN GmbH,BAWAG P.S.K. IMMOBILIEN GmbH,1,wien,623913f9-715a-4994-b805-35fd82cedd9c,Wiedner Gürtel 11 1100 Wien,,,office@bpiag.at,,https://firmen.wko.at/bawag-psk-immobilien-gmbh/wien/?firmaid=623913f9-715a-4994-b805-35fd82cedd9c&standortid=1&standortname=wien%20%28bundesland%29&suchbegriff=immobilienverwalter
be real immobilienmanagement gmbh,be real Immobilienmanagement GmbH,be real Immobilienmanagement GmbH,1,wien,0db5736d-8b4a-41cc-acd4-611f22e60540,Franz-Josefs-Kai 65 1010 Wien,http://www.bereal-immobilien.at/,http://www.bereal-immobilien.at/,office@bereal-immobilien.at,+43%201%20535%2036%2019,https://firmen.wko.at/be-real-immobilienmanagement-gmbh/wien/?firmaid=0db5736d-8b4a-41cc-acd4-611f22e60540&standortid=1&standortname=wien%20%28bundesland%29&suchbegriff=immobilienverwalter
benreal infra gmbh,benreal Infra GmbH,benreal Infra GmbH,1,salzburg,ae5c10a0-2a4e-43f1-b9dd-8ee9a709b874,Römerstraße 2a 5301 Eugendorf,,,,,https://firmen.wko.at/benreal-infra-gmbh/salzburg/?firmaid=ae5c10a0-2a4e-43f1-b9dd-8ee9a709b874&standortid=4&standortname=salzburg%20%28bundesland%29&suchbegriff=immobilienverwalter
bergmann und partner gmbh,Bergmann & Partner GmbH,Bergmann & Partner GmbH,1,salzburg,d4dcedd5-4124-4a88-bc82-cdae26fd0a40,Hauptstraße 73 5600 St.Johann/Pongau,,,,,https://firmen.wko.at/bergmann-und-partner-gmbh/salzburg/?firmaid=d4dcedd5-4124-4a88-bc82-cdae26fd0a40&standortid=4&standortname=salzburg%20%28bundesland%29&suchbegriff=immobilienverwalter
bernd maier msc,"Bernd Maier, MSc","Bernd Maier, MSc",1,kärnten,cdcfd02e-c4c1-4dd8-9eed-f90a0bf1810d,Herbertstraße 1 Stg. 1 9020 Klagenfurt am Wörthersee,,,,,https://firmen.wko.at/bernd-maier-msc/k%c3%a4rnten/?firmaid=cdcfd02e-c4c1-4dd8-9eed-f90a0bf1810d&standortid=6&standortname=k%c3%a4rnten%20%28bundesland%29&suchbegriff=immobilienverwalter
bernhard und töchter immobilien gmbh,Bernhard & Töchter Immobilien GmbH,Bernhard & Töchter Immobilien GmbH,1,tirol,958e3e54-0d1b-492d-8ac1-91c1c22063d9,Sennstraße 10 6020 Innsbruck,http://www.immo-bernhard.at/,http://www.immo-bernhard.at/,kontakt@immo-bernhard.at,0512/343431,https://firmen.wko.at/bernhard-und-t%c3%b6chter-immobilien-gmbh/tirol/?firmaid=958e3e54-0d1b-492d-8ac1-91c1c22063d9&standortid=7&standortname=tirol%20%28bundesland%29&suchbegriff=immobilienverwalter
bernhard posch msc,"Bernhard Posch, MSc","Bernhard Posch, MSc",1,wien,47c753bb-9f83-44aa-9183-2172a685efba,"Cumberlandstraße 63, Tür 12 1140 Wien",,,office@posh-estate.at,+436641548689,https://firmen.wko.at/bernhard-posch-msc-vermittlung-und-verwaltung-von-immobilien/wien/?firmaid=47c753bb-9f83-44aa-9183-2172a685efba&standortid=1&standortname=wien%20%28bundesland%29&suchbegriff=immobilienverwalter
berthold kurzmann,Berthold Kurzmann,Berthold Kurzmann,1,wien,c1d0b98e-ac58-46fc-aa3b-61d153f45c66,Johann-Strauß-Gasse 26/13 1040 Wien,,,,,https://firmen.wko.at/berthold-kurzmann/wien/?firmaid=c1d0b98e-ac58-46fc-aa3b-61d153f45c66&standortid=1&standortname=wien%20%28bundesland%29&suchbegriff=immobilienverwalter
beslinda kryeziu,Beslinda Kryeziu,Beslinda Kryeziu,1,kärnten,0daf5e10-7519-4d4d-829c-08e4151bbbd3,Dr.-W.-Domenig-Weg 27 9560 Waiern,,,,,https://firmen.wko.at/beslinda-kryeziu/k%c3%a4rnten/?firmaid=0daf5e10-7519-4d4d-829c-08e4151bbbd3&standortid=6&standortname=k%c3%a4rnten%20%28bundesland%29&suchbegriff=immobilienverwalter
best in parking garagen gmbh und co kg,Best in Parking Garagen GmbH & Co KG,Best in Parking Garagen GmbH & Co KG,1,wien,4b95377a-2022-4e76-b0a9-793650fcbe86,Schwarzenbergplatz 5 1030 Wien,http://www.bestinparking.at/,http://www.bestinparking.at/,zentralewien@b-i-p.com,+43151312410,https://firmen.wko.at/best-in-parking-garagen-gmbh-und-co-kg/wien/?firmaid=4b95377a-2022-4e76-b0a9-793650fcbe86&standortid=1&standortname=wien%20%28bundesland%29&suchbegriff=immobilienverwalter
beto immobilien gmbh,Beto Immobilien GmbH,Beto Immobilien GmbH,1,vorarlberg,4862954d-b683-4212-ba47-5f6d2202072e,Feldstraße 14 6837 Weiler,,,office@beto.at,,https://firmen.wko.at/beto-immobilien-gmbh-wwwbetoat/vorarlberg/?firmaid=4862954d-b683-4212-ba47-5f6d2202072e&standortid=8&standortname=vorarlberg%20%28bundesland%29&suchbegriff=immobilienverwalter
bettina thurner,Bettina Thurner,Bettina Thurner,1,tirol,991f4b36-ad33-445c-a355-3b75c5daae78,"Spitzäckerweg 20, Top 3 6460 Imst",https://thurner-verwaltung.at/,https://thurner-verwaltung.at/,office@thurner-verwaltung.at,06803187471,https://firmen.wko.at/bettina-thurner-immobilienverwaltung/tirol/?firmaid=991f4b36-ad33-445c-a355-3b75c5daae78&standortid=7&standortname=tirol%20%28bundesland%29&suchbegriff=immobilienverwalter
bewog immobilien gesellschaft m b h,Bewog Immobilien Gesellschaft m.b.H.,Bewog Immobilien Gesellschaft m.b.H.,1,wien,eb53f222-0b6b-4c8a-83ee-115a695c3217,Kantgasse 1/2.OG 1010 Wien,http://www.bewog.at/,http://www.bewog.at/,office@bewog.at,01/604%2062%2093-0,https://firmen.wko.at/bewog-immobilien-gesellschaft-mbh/wien/?firmaid=eb53f222-0b6b-4c8a-83ee-115a695c3217&standortid=1&standortname=wien%20%28bundesland%29&suchbegriff=immobilienverwalter
bfm facility management gmbh,BFM Facility Management GmbH,BFM Facility Management GmbH,1,tirol,1b06d627-6807-4306-a574-4cf98f7aa7ce,Aloisia Bodner-Straße 1 6330 Kufstein,,,,,https://firmen.wko.at/bfm-facility-management-gmbh/tirol/?firmaid=1b06d627-6807-4306-a574-4cf98f7aa7ce&standortid=7&standortname=tirol%20%28bundesland%29&suchbegriff=immobilienverwalter
bilanzpro gmbh,BILANZPRO GmbH,BILANZPRO GmbH,1,tirol,4ae138f1-326a-46f8-867b-13aeebe96826,"Rosenau 7a, Top 1 6600 Lechaschau",,,,,https://firmen.wko.at/bilanzpro-gmbh/tirol/?firmaid=4ae138f1-326a-46f8-867b-13aeebe96826&standortid=7&standortname=tirol%20%28bundesland%29&suchbegriff=immobilienverwalter
biljana antonijevic,Biljana Antonijevic,Biljana Antonijevic,1,vorarlberg,ed454ff3-9314-418b-b733-011c0f414229,Sturnengasse 13 6700 Bludenz,,,,,https://firmen.wko.at/biljana-antonijevic/vorarlberg/?firmaid=ed454ff3-9314-418b-b733-011c0f414229&standortid=8&standortname=vorarlberg%20%28bundesland%29&suchbegriff=immobilienverwalter
bimbusco gmbh,Bimbusco GmbH,Bimbusco GmbH,1,wien,e56bd640-1cd3-4d61-93d0-f06a2d7d8daa,Donaustraße 22/4 1190 Wien,,,,,https://firmen.wko.at/bimbusco-gmbh/wien/?firmaid=e56bd640-1cd3-4d61-93d0-f06a2d7d8daa&standortid=1&standortname=wien%20%28bundesland%29&suchbegriff=immobilienverwalter
birgit gálos,Birgit Gálos,Birgit Gálos,1,oberösterreich,3a71d36e-ee55-467d-bc1c-94f937379796,Hanusch-Straße 3 4470 Enns,,,,,https://firmen.wko.at/birgit-glos/ober%c3%b6sterreich/?firmaid=3a71d36e-ee55-467d-bc1c-94f937379796&standortid=3&standortname=ober%c3%b6sterreich%20%28bundesland%29&suchbegriff=immobilienverwalter
birgit reingruber,Birgit Reingruber,Birgit Reingruber,1,oberösterreich,2af08de4-5aba-48f3-bb63-59cf9a5cc249,Meinrad Guggenbichler-Straße 16 5310 Mondsee,https://www.immobilien-hausverwaltung.at/,https://www.immobilien-hausverwaltung.at/,office@immobilien-hausverwaltung.at,06644241177,https://firmen.wko.at/birgit-reingruber-birgit-reingruber-immobilien-hausverwaltungat/ober%c3%b6sterreich/?firmaid=2af08de4-5aba-48f3-bb63-59cf9a5cc249&standortid=3&standortname=ober%c3%b6sterreich%20%28bundesland%29&suchbegriff=immobilienverwalter
birgit waibel,Birgit Waibel,Birgit Waibel,1,tirol,a0ae4ba0-09e0-42ec-83ff-ec69595290df,Moos 7 6123 Terfens,https://waibel-immobilien.at/,https://waibel-immobilien.at/,office@waibel-immobilien.at,06506776730,https://firmen.wko.at/birgit-waibel/tirol/?firmaid=a0ae4ba0-09e0-42ec-83ff-ec69595290df&standortid=7&standortname=tirol%20%28bundesland%29&suchbegriff=immobilienverwalter
birgitt irmgard sperrer,Birgitt Irmgard Sperrer,Birgitt Irmgard Sperrer,1,oberösterreich,474b70c7-db6f-4a65-80e1-67d21ef793f9,Bad Haller Straße 24/2 4550 Kremsmünster,,,,,https://firmen.wko.at/birgitt-irmgard-sperrer/ober%c3%b6sterreich/?firmaid=474b70c7-db6f-4a65-80e1-67d21ef793f9&standortid=3&standortname=ober%c3%b6sterreich%20%28bundesland%29&suchbegriff=immobilienverwalter
bischof immobilien ges m b h,Bischof Immobilien Ges.m.b.H.,Bischof Immobilien Ges.m.b.H.,2,steiermark | wien,56f6b87b-c3b7-4871-a1c9-7100ad73ccec | a6b6b82a-0876-44d2-ba0f-1b008219815e,Burggasse 132 8750 Judenburg | Seilerstätte 18-20 1010 Wien,http://www.ibi.at/,http://www.ibi.at/,immo@ibi.at,+43%20(0)3572-868%2082,https://firmen.wko.at/bischof-immobilien-gesmbh/steiermark/?firmaid=56f6b87b-c3b7-4871-a1c9-7100ad73ccec&standortid=5&standortname=steiermark%20%28bundesland%29&suchbegriff=immobilienverwalter
bischof immobilien gmbh,Bischof Immobilien GmbH,Bischof Immobilien GmbH,1,vorarlberg,71947533-d993-4247-93ac-46f6281bad02,Kreuzgasse 6a 6850 Dornbirn,http://www.bischofimmo.at/,http://www.bischofimmo.at/,Office@bischofimmo.at,+43%20(0)%205572%20210%20300%2023 | +43%20(0)%20676%206711988,https://firmen.wko.at/bischof-immobilien-gmbh-immobilienmakler/vorarlberg/?firmaid=71947533-d993-4247-93ac-46f6281bad02&standortid=8&standortname=vorarlberg%20%28bundesland%29&suchbegriff=immobilienverwalter
bit immobilienverwaltung gmbh,BIT Immobilienverwaltung GmbH,BIT Immobilienverwaltung GmbH,1,niederösterreich,effbb1bd-71cc-4935-9ace-c684d161acbd,Hauptplatz 10-11 2460 Bruck an der Leitha,,,,,https://firmen.wko.at/bit-immobilienverwaltung-gmbh/nieder%c3%b6sterreich/?firmaid=effbb1bd-71cc-4935-9ace-c684d161acbd&standortid=2&standortname=nieder%c3%b6sterreich%20%28bundesland%29&suchbegriff=immobilienverwalter
bittendorfer immobilien e u,Bittendorfer Immobilien e. U.,Bittendorfer Immobilien e. U.,1,wien,8883975b-9b88-4c86-8507-3bd518dbff05,Angerer Straße 16/3.04 1210 Wien,http://www.bittendorfer.at/,http://www.bittendorfer.at/,office@bittendorfer.at,+43%2001%204085359,https://firmen.wko.at/bittendorfer-immobilien-e-u-hausverwaltung-mag-franz-bittendorfer/wien/?firmaid=8883975b-9b88-4c86-8507-3bd518dbff05&standortid=1&standortname=wien%20%28bundesland%29&suchbegriff=immobilienverwalter
bittermann immobilien gmbh,Bittermann Immobilien GmbH,Bittermann Immobilien GmbH,1,niederösterreich,d06ffd1d-e519-4edc-854e-e22927204c08,Steinbergstraße 38 3110 Neidling,,,,,https://firmen.wko.at/bittermann-immobilien-gmbh/nieder%c3%b6sterreich/?firmaid=d06ffd1d-e519-4edc-854e-e22927204c08&standortid=2&standortname=nieder%c3%b6sterreich%20%28bundesland%29&suchbegriff=immobilienverwalter
bks immobilien service gesellschaft m b h,BKS Immobilien-Service Gesellschaft m.b.H.,BKS Immobilien-Service Gesellschaft m.b.H.,1,kärnten,f54a130a-7377-4914-b8ef-33c42271f0e1,St. Veiter Ring 43 9020 Klagenfurt am Wörthersee,http://www.bks-immo.at/,http://www.bks-immo.at/,office@bks-immosorgo.at,+43%20463%2058%2058,https://firmen.wko.at/bks-immobilien-service-gesellschaft-mbh-bks-immobilien-service-gesellschaft-mbh/k%c3%a4rnten/?firmaid=f54a130a-7377-4914-b8ef-33c42271f0e1&standortid=6&standortname=k%c3%a4rnten%20%28bundesland%29&suchbegriff=immobilienverwalter
black point hausverwaltung gmbh,Black Point Hausverwaltung GmbH,Black Point Hausverwaltung GmbH,1,salzburg,25d807b1-3be5-48b0-94ec-cb982ba55621,Hauptstraße 73 5600 St.Johann/Pongau,,,,,https://firmen.wko.at/black-point-hausverwaltung-gmbh/salzburg/?firmaid=25d807b1-3be5-48b0-94ec-cb982ba55621&standortid=4&standortname=salzburg%20%28bundesland%29&suchbegriff=immobilienverwalter
blp immobilien gmbh,BLP Immobilien GmbH,BLP Immobilien GmbH,1,salzburg,da712b0c-92c4-4dc3-9392-4f56489a3bc8,Eugen-Müller-Straße 5 5020 Salzburg,,,,,https://firmen.wko.at/blp-immobilien-gmbh/salzburg/?firmaid=da712b0c-92c4-4dc3-9392-4f56489a3bc8&standortid=4&standortname=salzburg%20%28bundesland%29&suchbegriff=immobilienverwalter
blv liegenschaftsverwaltung gmbh,BLV Liegenschaftsverwaltung GmbH,BLV Liegenschaftsverwaltung GmbH,1,oberösterreich,75b6c879-93dd-46d5-8c76-f376d10fabd0,Ruflinger Straße 200 4060 Leonding,,,,,https://firmen.wko.at/blv-liegenschaftsverwaltung-gmbh/ober%c3%b6sterreich/?firmaid=75b6c879-93dd-46d5-8c76-f376d10fabd0&standortid=3&standortname=ober%c3%b6sterreich%20%28bundesland%29&suchbegriff=immobilienverwalter
boe baumanagement gesellschaft m b h,BOE Baumanagement Gesellschaft m.b.H.,BOE Baumanagement Gesellschaft m.b.H.,1,tirol,8ac55127-33d6-4933-a45a-5fc4b2d37257,Rennweg 7 6020 Innsbruck,https://www.boe.at/,https://www.boe.at/,boe.innsbruck@boe.at,+43%20512%205355,https://firmen.wko.at/boe-baumanagement-gesellschaft-mbh/tirol/?firmaid=8ac55127-33d6-4933-a45a-5fc4b2d37257&standortid=7&standortname=tirol%20%28bundesland%29&suchbegriff=immobilienverwalter
boe gebäudemanagement gesellschaft m b h,BOE Gebäudemanagement Gesellschaft m.b.H.,BOE Gebäudemanagement Gesellschaft m.b.H.,2,tirol | wien,4cef397c-cbbe-45bc-8d3b-21ca36fae81b | 64beda56-957a-4f73-ab8d-e4bf0458d8e0,0512 55 17 00 | Kärntner Straße 13-15/5 1010 Wien,http://www.boe-parking.at/,http://www.boe-parking.at/,parken@boe.at,0512%2055%2017%2000,https://firmen.wko.at/boe-geb%c3%a4udemanagement-gesellschaft-mbh/tirol/?firmaid=4cef397c-cbbe-45bc-8d3b-21ca36fae81b&standortid=7&standortname=tirol%20%28bundesland%29&suchbegriff=immobilienverwalter
bokasa immobilien gmbh,bokasa Immobilien GmbH,bokasa Immobilien GmbH,1,vorarlberg,e83214b2-9910-4e04-96f1-f2d8fdb55689,Albert-Loacker-Straße 53 6922 Wolfurt,,,,,https://firmen.wko.at/bokasa-immobilien-gmbh/vorarlberg/?firmaid=e83214b2-9910-4e04-96f1-f2d8fdb55689&standortid=8&standortname=vorarlberg%20%28bundesland%29&suchbegriff=immobilienverwalter
bonafide treuhand und revisionsgesellschaft m b h,BONAFIDE Treuhand- und Revisionsgesellschaft m.b.H.,BONAFIDE Treuhand- und Revisionsgesellschaft m.b.H.,1,wien,8ef30c84-2121-4fec-92b2-2411e368c0ef,Berggasse 10/14 1090 Wien,,,,,https://firmen.wko.at/bonafide-treuhand-und-revisionsgesellschaft-mbh/wien/?firmaid=8ef30c84-2121-4fec-92b2-2411e368c0ef&standortid=1&standortname=wien%20%28bundesland%29&suchbegriff=immobilienverwalter
brehm immobilien gmbh,Brehm Immobilien GmbH,Brehm Immobilien GmbH,1,wien,82636cbe-0bb0-4511-a02d-64ec57b66e92,"Linke Wienzeile 124, Tür 4 1060 Wien",https://www.brehm-immobilien.at/,https://www.brehm-immobilien.at/,office@brehm.at,+4315952180 | +436645445878,https://firmen.wko.at/brehm-immobilien-gmbh-immobilienmakler-immobilientreuh%c3%a4nder-baumeister/wien/?firmaid=82636cbe-0bb0-4511-a02d-64ec57b66e92&standortid=1&standortname=wien%20%28bundesland%29&suchbegriff=immobilienverwalter
bressan immobilien gmbh,Bressan Immobilien GmbH,Bressan Immobilien GmbH,1,tirol,5569a38f-0d2e-4cd3-8e95-36c83ccb767e,Müllerstraße 5 6020 Innsbruck,http://www.bressan-immobilien.at/,http://www.bressan-immobilien.at/,office@bressan-immobilien.at,+43%20512%20582%20800-0,https://firmen.wko.at/bressan-immobilien-gmbh/tirol/?firmaid=5569a38f-0d2e-4cd3-8e95-36c83ccb767e&standortid=7&standortname=tirol%20%28bundesland%29&suchbegriff=immobilienverwalter
brichard immobilien gmbh,Brichard Immobilien GmbH,Brichard Immobilien GmbH,1,wien,ddcbf14e-575a-457e-a7ac-3ba72a9cabb5,Peter-Jordan-Straße 8 1190 Wien,http://www.brichard.at/,http://www.brichard.at/,schranz@brichard.at,01%20369%2024%2050,https://firmen.wko.at/brichard-immobilien-gmbh/wien/?firmaid=ddcbf14e-575a-457e-a7ac-3ba72a9cabb5&standortid=1&standortname=wien%20%28bundesland%29&suchbegriff=immobilienverwalter
brigitte pfleger,Brigitte Pfleger,Brigitte Pfleger,1,niederösterreich,7231a8b5-c624-4502-9df5-af23c208160d,Neubaugasse 11 2512 Traiskirchen,,,,,https://firmen.wko.at/brigitte-pfleger/nieder%c3%b6sterreich/?firmaid=7231a8b5-c624-4502-9df5-af23c208160d&standortid=2&standortname=nieder%c3%b6sterreich%20%28bundesland%29&suchbegriff=immobilienverwalter
brigitte riefenthaler,Brigitte Riefenthaler,Brigitte Riefenthaler,1,wien,5db47303-e52c-4ca8-825f-5f9df0c177d0,Elisabethstraße 22/10 1010 Wien,,,,,https://firmen.wko.at/brigitte-riefenthaler/wien/?firmaid=5db47303-e52c-4ca8-825f-5f9df0c177d0&standortid=1&standortname=wien%20%28bundesland%29&suchbegriff=immobilienverwalter
brigitte sieb,Brigitte Sieb,Brigitte Sieb,1,wien,7f28232d-dece-47e7-afdd-fd0542534602,Praterstraße 41/6 1020 Wien,,,,,https://firmen.wko.at/brigitte-sieb/wien/?firmaid=7f28232d-dece-47e7-afdd-fd0542534602&standortid=1&standortname=wien%20%28bundesland%29&suchbegriff=immobilienverwalter
broesigke hausverwaltung gmbh,Broesigke Hausverwaltung GmbH,Broesigke Hausverwaltung GmbH,1,wien,66e6ce8e-a998-40a8-b007-75f56a6a173e,Gumpendorfer Straße 14/22-23 1060 Wien,,,,,https://firmen.wko.at/broesigke-hausverwaltung-gmbh/wien/?firmaid=66e6ce8e-a998-40a8-b007-75f56a6a173e&standortid=1&standortname=wien%20%28bundesland%29&suchbegriff=immobilienverwalter
brugger und brugger immoconsulting gmbh,Brugger & Brugger ImmoConsulting GmbH,Brugger & Brugger ImmoConsulting GmbH,1,niederösterreich,761c0a8e-c1e5-401d-a7e1-51e03f5537a6,"Schulgartengasse 20, Tür 5 2700 Wiener Neustadt",https://www.immo-consulting.at/,https://www.immo-consulting.at/,office@immo-consulting.at,+43%20664%20%2088%2099%2039%2099,https://firmen.wko.at/brugger-und-brugger-immoconsulting-gmbh-hausverwaltung/nieder%c3%b6sterreich/?firmaid=761c0a8e-c1e5-401d-a7e1-51e03f5537a6&standortid=2&standortname=nieder%c3%b6sterreich%20%28bundesland%29&suchbegriff=immobilienverwalter
brummermann und co gesellschaft m b h,Brummermann & Co. Gesellschaft m.b.H.,Brummermann & Co. Gesellschaft m.b.H.,1,salzburg,482e7857-0b6b-4d6e-a5c5-0d99df618e5e,Neutorstraße 24 5020 Salzburg,,,brummermann.co@salzburg.co.at,0662/846%20895-0,https://firmen.wko.at/brummermann-und-co-gesellschaft-mbh/salzburg/?firmaid=482e7857-0b6b-4d6e-a5c5-0d99df618e5e&standortid=4&standortname=salzburg%20%28bundesland%29&suchbegriff=immobilienverwalter
brun immobilien gmbh und co kg,Brun Immobilien GmbH & Co KG,Brun Immobilien GmbH & Co KG,1,wien,3063bd99-38f6-4a32-8d9c-38ec9da7943a,Grimmgasse 31 1150 Wien,https://immobilien.brun.at/,https://immobilien.brun.at/,immobilien@brun.at,+43%201%20892%2013%2000,https://firmen.wko.at/brun-immobilien-gmbh-und-co-kg/wien/?firmaid=3063bd99-38f6-4a32-8d9c-38ec9da7943a&standortid=1&standortname=wien%20%28bundesland%29&suchbegriff=immobilienverwalter
bruno schwendinger ma,"Bruno Schwendinger, MA","Bruno Schwendinger, MA",1,wien,cb1ce350-2642-4d27-bc87-e2e83104f0c8,Hohenstaufengasse 9/2 1010 Wien,,,,,https://firmen.wko.at/bruno-schwendinger-ma/wien/?firmaid=cb1ce350-2642-4d27-bc87-e2e83104f0c8&standortid=1&standortname=wien%20%28bundesland%29&suchbegriff=immobilienverwalter
bs consus gmbh,BS Consus GmbH,BS Consus GmbH,1,wien,ed8ef0df-0d72-4f78-92ea-f226d386d662,Kirchengasse (Neubau) 38/11 1070 Wien,,,,,https://firmen.wko.at/bs-consus-gmbh/wien/?firmaid=ed8ef0df-0d72-4f78-92ea-f226d386d662&standortid=1&standortname=wien%20%28bundesland%29&suchbegriff=immobilienverwalter
bs real 360 gmbh,BS Real 360 GmbH,BS Real 360 GmbH,1,wien,f9aa4831-a2d5-4143-bb00-5ba667ca4f82,Marokkanergasse 22 1030 Wien,https://www.bsreal.at/,https://www.bsreal.at/,office@bsreal.at,+43%201%20997%2042%2024,https://firmen.wko.at/bs-real-360-gmbh-immobilienverwaltung/wien/?firmaid=f9aa4831-a2d5-4143-bb00-5ba667ca4f82&standortid=1&standortname=wien%20%28bundesland%29&suchbegriff=immobilienverwalter
buchinger immobilien e u,Buchinger Immobilien e.U.,Buchinger Immobilien e.U.,1,oberösterreich,ce37b48d-f6cb-4d7c-8ae7-bb1395814ef1,Th.-Schwanthaler-Straße 1 4770 Andorf,,,,,https://firmen.wko.at/buchinger-immobilien-eu/ober%c3%b6sterreich/?firmaid=ce37b48d-f6cb-4d7c-8ae7-bb1395814ef1&standortid=3&standortname=ober%c3%b6sterreich%20%28bundesland%29&suchbegriff=immobilienverwalter
buchinger immobilien gesmbh,Buchinger Immobilien GesmbH,Buchinger Immobilien GesmbH,1,burgenland,2bd9d6f8-e7b4-4481-8c0a-367f5dd93b2f,Hotterweg 3 7052 Müllendorf,,,,,https://firmen.wko.at/buchinger-immobilien-gesmbh/burgenland/?firmaid=2bd9d6f8-e7b4-4481-8c0a-367f5dd93b2f&standortid=9&standortname=burgenland%20%28bundesland%29&suchbegriff=immobilienverwalter
build und solve gmbh,build & solve GmbH,build & solve GmbH,1,vorarlberg,5276ebc6-672a-46e6-a599-b2330be3330b,Moosmahdstraße 21 6850 Dornbirn,,,,,https://firmen.wko.at/build-und-solve-gmbh/vorarlberg/?firmaid=5276ebc6-672a-46e6-a599-b2330be3330b&standortid=8&standortname=vorarlberg%20%28bundesland%29&suchbegriff=immobilienverwalter
buildings4future hausverwaltung gmbh,buildings4future Hausverwaltung GmbH,buildings4future Hausverwaltung GmbH,1,wien,8ac7b914-af18-47be-99f4-b245f9b6a204,Alser Straße 21/10b 1080 Wien,,,,,https://firmen.wko.at/buildings4future-hausverwaltung-gmbh/wien/?firmaid=8ac7b914-af18-47be-99f4-b245f9b6a204&standortid=1&standortname=wien%20%28bundesland%29&suchbegriff=immobilienverwalter
bundesimmobiliengesellschaft m b h,Bundesimmobiliengesellschaft m.b.H.,Bundesimmobiliengesellschaft m.b.H.,21,kärnten | niederösterreich | oberösterreich | salzburg | steiermark | tirol | vorarlberg | wien,f7c879d8-490a-4266-9e0c-4cf7464be9d4 | 3f089745-b492-47a7-80c9-4d5f6b5bbaaf | 306a5e1c-075b-4982-84f0-3290ba5ce92f | 30cb1640-4a88-422b-96d9-431b67a5ef4d | c8ece5d8-7fec-486a-b109-9286661e6bf1 | 445a2cd4-adfd-45c0-8db5-1a05205403e1 | ef78ae2c-a14b-4ebd-97ed-1c42f4c3862b | b83812df-69a9-4e7c-b52e-1fbce818a0bb | dd81595a-43bc-424d-a655-12261ab58ee3 | 4b337261-8d96-4ae7-a59b-355d0c708c00 | 5059c82c-ef8b-4199-9386-5e4c446fa85e | 58e45699-3db1-43d3-8a68-1fb4f2826843 | 590f4789-a402-4939-aa99-8bcd07d9f1dd | 67e8e2ae-08fa-400b-97ce-2f359b1e21d3 | 79cae397-99b2-45d7-988b-3b7b549d3271 | 82e3c8af-9ef4-48b8-99c5-36d49c7cc33e | 877232d2-a132-4a7a-9634-194e955478c0 | 8dec4837-d063-4958-8338-29fae3d8de9e | 94e82952-f392-4046-85a6-9ddff197a12c | 9894a0e3-d425-4e0e-ac4d-8cecfeb6272e | ce99a487-f8ea-419f-9793-8bd31922f712,Aigner Straße 8 5020 Salzburg | Anzengrubergasse 6-8 8010 Graz | Burgplatz 2 2700 Wiener Neustadt | Straße der Gendarmerie 5 2700 Wiener Neustadt | Niederösterreich-Ring 2 3100 St. Pölten | Schillerstraße 2 6800 Feldkirch | Herrengasse 9 9020 Klagenfurt am Wörthersee | Kaiserjägerstraße 12 6020 Innsbruck | Prunerstraße 5 4020 Linz | Rosensteingasse 79(SCHULE) 1170 Wien | Althanstraße 14(ZOOLOG.INST.) 1090 Wien | Veterinärplatz 1 1210 Wien | Severingasse 9(BUNDESLEHRANSTALT) 1090 Wien | Trabrennstraße 2C 1020 Wien | Schlickplatz 6(ROSSAUER KASERNE) 1090 Wien | Grenzackerstraße 18 1100 Wien | Wiedner Hauptstraße 8-10 1040 Wien | Dampfschiffstraße 4 1030 Wien | Hohe Warte 38 1190 Wien | Wexstraße 19-23(SCHULE) 1200 Wien | Wiedner Hauptstraße 7 1040 Wien,http://www.big.at/,http://www.big.at/,maria-theresia.reindl@imb.co.at,0662/639%2022-0,https://firmen.wko.at/bundesimmobiliengesellschaft-mbh/salzburg/?firmaid=f7c879d8-490a-4266-9e0c-4cf7464be9d4&standortid=4&standortname=salzburg%20%28bundesland%29&suchbegriff=immobilienverwalter
businesspark management gmbh,Businesspark Management GmbH,Businesspark Management GmbH,1,wien,f9bdbfdf-0d07-4719-86a4-7eb07358d709,Herrengasse 17 1010 Wien,,,koenig@oerag.at,+431534730,https://firmen.wko.at/businesspark-management-gmbh/wien/?firmaid=f9bdbfdf-0d07-4719-86a4-7eb07358d709&standortid=1&standortname=wien%20%28bundesland%29&suchbegriff=immobilienverwalter
buwog bauen und wohnen gesellschaft mbh,BUWOG - Bauen und Wohnen Gesellschaft mbH,BUWOG - Bauen und Wohnen Gesellschaft mbH,4,kärnten | salzburg | steiermark | wien,431cb0a6-d8ea-407d-ba26-0a4f38714c17 | 92e93454-83c8-4c4a-84a9-4ccca4287aa5 | d3735dd2-cb5f-4b72-bea8-1108aa128fa5 | ab9d1520-ab5b-44b1-a9fe-3342d488b237,Reichenhaller Straße 6-8 5020 Salzburg | Waagner-Biro-Straße 124/5. OG 8020 Graz | Tiroler Straße 17 9500 Villach | Rathausstraße 1 1010 Wien,http://www.buwog.at/,http://www.buwog.at/,office@buwog.at,01/878%2028-0,https://firmen.wko.at/buwog-bauen-und-wohnen-gesellschaft-mbh/salzburg/?firmaid=431cb0a6-d8ea-407d-ba26-0a4f38714c17&standortid=4&standortname=salzburg%20%28bundesland%29&suchbegriff=immobilienverwalter
buwog cw handelsges m b h,BUWOG cw Handelsges.m.b.H.,BUWOG cw Handelsges.m.b.H.,1,wien,25b27bf1-5f02-4ed6-9249-508ce50fb931,Rathausstraße 1 1010 Wien,,,,,https://firmen.wko.at/buwog-cw-handelsgesmbh/wien/?firmaid=25b27bf1-5f02-4ed6-9249-508ce50fb931&standortid=1&standortname=wien%20%28bundesland%29&suchbegriff=immobilienverwalter
buwog group gmbh,BUWOG Group GmbH,BUWOG Group GmbH,2,kärnten | wien,3db3dd40-f50e-462c-a775-0ba4015de6ae | dfb32b31-cfa3-4872-af79-c3b99cf31983,Tiroler Straße 17 9500 Villach | Rathausstraße 1 1010 Wien,,,,,https://firmen.wko.at/buwog-group-gmbh/k%c3%a4rnten/?firmaid=3db3dd40-f50e-462c-a775-0ba4015de6ae&standortid=6&standortname=k%c3%a4rnten%20%28bundesland%29&suchbegriff=immobilienverwalter
buwog holding gmbh,BUWOG Holding GmbH,BUWOG Holding GmbH,1,wien,673e8457-cd01-4c9a-b68f-2a499feb98f4,Rathausstraße 1 1010 Wien,,,,,https://firmen.wko.at/buwog-holding-gmbh/wien/?firmaid=673e8457-cd01-4c9a-b68f-2a499feb98f4&standortid=1&standortname=wien%20%28bundesland%29&suchbegriff=immobilienverwalter
buwog immobilien und development gmbh,BUWOG Immobilien und Development GmbH,BUWOG Immobilien und Development GmbH,1,wien,87aa85f9-651e-4762-9513-67aa9a22e9c5,Rathausstraße 1 1010 Wien,,,,,https://firmen.wko.at/buwog-immobilien-und-development-gmbh/wien/?firmaid=87aa85f9-651e-4762-9513-67aa9a22e9c5&standortid=1&standortname=wien%20%28bundesland%29&suchbegriff=immobilienverwalter
buwog süd gmbh,BUWOG Süd GmbH,BUWOG Süd GmbH,2,kärnten | steiermark,c4359d49-9396-4365-99ab-5de6a1b99d84 | 0930f73e-71e9-4f45-b72b-6dbf8741842d,Waagner-Biro-Straße 124/5.OG 8020 Graz | Tiroler Straße 17 9500 Villach,http://www.esg-villach.at/,http://www.esg-villach.at/,office@esg-villach.at,+43%204242%2057200%200,https://firmen.wko.at/buwog-s%c3%bcd-gmbh/steiermark/?firmaid=c4359d49-9396-4365-99ab-5de6a1b99d84&standortid=5&standortname=steiermark%20%28bundesland%29&suchbegriff=immobilienverwalter
bux hausverwaltung gmbh,BUX Hausverwaltung GmbH,BUX Hausverwaltung GmbH,1,salzburg,73cd1fc3-9118-45af-8852-617c13a31f3e,Stadtplatz 3 5550 Radstadt,https://www.bux-hausverwaltung.at/,https://www.bux-hausverwaltung.at/,info@bux-hausverwaltung.at,+43%206452%2021021,https://firmen.wko.at/bux-hausverwaltung-gmbh-hausverwaltung/salzburg/?firmaid=73cd1fc3-9118-45af-8852-617c13a31f3e&standortid=4&standortname=salzburg%20%28bundesland%29&suchbegriff=immobilienverwalter
bwf wohnbau gmbh,BWF Wohnbau GmbH,BWF Wohnbau GmbH,1,kärnten,57dfe71e-80a1-436a-a0b5-81439c126083,Millstätterstraße 37 9521 Treffen am Ossiacher See,,,,,https://firmen.wko.at/bwf-wohnbau-gmbh/k%c3%a4rnten/?firmaid=57dfe71e-80a1-436a-a0b5-81439c126083&standortid=6&standortname=k%c3%a4rnten%20%28bundesland%29&suchbegriff=immobilienverwalter
bzwei immobilien gmbh,Bzwei Immobilien GmbH,Bzwei Immobilien GmbH,1,oberösterreich,4b270506-8309-4bbb-b72e-0a47fdc95f94,Herzog Odilo-Straße 36 5310 Mondsee,,,,,https://firmen.wko.at/bzwei-immobilien-gmbh/ober%c3%b6sterreich/?firmaid=4b270506-8309-4bbb-b72e-0a47fdc95f94&standortid=3&standortname=ober%c3%b6sterreich%20%28bundesland%29&suchbegriff=immobilienverwalter
böchzelt immobilien gmbh,Böchzelt Immobilien GmbH,Böchzelt Immobilien GmbH,1,steiermark,3a6f13d2-81a0-40f9-9dfd-2ce6783215bd,"Kapuzinerplatz 5, Top 2 8720 Knittelfeld",,,,,https://firmen.wko.at/b%c3%b6chzelt-immobilien-gmbh/steiermark/?firmaid=3a6f13d2-81a0-40f9-9dfd-2ce6783215bd&standortid=5&standortname=steiermark%20%28bundesland%29&suchbegriff=immobilienverwalter
c und f comfort and fun gmbh,C&F Comfort and Fun GmbH,C&F Comfort and Fun GmbH,1,wien,8a9b4ff4-4721-4f23-bd18-b864e62df4c1,Währinger Straße 67 1090 Wien,,,,,https://firmen.wko.at/cundf-comfort-and-fun-gmbh/wien/?firmaid=8a9b4ff4-4721-4f23-bd18-b864e62df4c1&standortid=1&standortname=wien%20%28bundesland%29&suchbegriff=immobilienverwalter
capellmann hausverwaltungs gmbh,Capellmann Hausverwaltungs-GmbH,Capellmann Hausverwaltungs-GmbH,1,wien,3a4aba1b-ecf4-48be-904c-488021669284,Rabensteig 1 1010 Wien,,,,,https://firmen.wko.at/capellmann-hausverwaltungs-gmbh/wien/?firmaid=3a4aba1b-ecf4-48be-904c-488021669284&standortid=1&standortname=wien%20%28bundesland%29&suchbegriff=immobilienverwalter
carolin catharina schmidt,Carolin Catharina Schmidt,Carolin Catharina Schmidt,1,steiermark,2f0d7987-df3e-4b5c-bd40-5eddae45339d,"Äußere Ragnitz 83c, Tür 1-EG 8047 Kainbach b.Graz",,,,,https://firmen.wko.at/carolin-catharina-schmidt/steiermark/?firmaid=2f0d7987-df3e-4b5c-bd40-5eddae45339d&standortid=5&standortname=steiermark%20%28bundesland%29&suchbegriff=immobilienverwalter
carolin lener,Carolin Lener,Carolin Lener,1,tirol,672670d2-fbc1-412b-8df6-ca3dca5d64a7,Fürstenweg 20 6020 Innsbruck,,,,,https://firmen.wko.at/carolin-lener/tirol/?firmaid=672670d2-fbc1-412b-8df6-ca3dca5d64a7&standortid=7&standortname=tirol%20%28bundesland%29&suchbegriff=immobilienverwalter
casa nova real estate gmbh,CASA NOVA Real Estate GmbH,CASA NOVA Real Estate GmbH,1,wien,81fed708-cac5-4fce-81c1-472395842b7c,Brucknerstraße 6/10 1040 Wien,,,office@casa-nova.cc,01%20/%20505%2025%2019,https://firmen.wko.at/casa-nova-real-estate-gmbh-immobilienmakler-und-immobilienverwalter/wien/?firmaid=81fed708-cac5-4fce-81c1-472395842b7c&standortid=1&standortname=wien%20%28bundesland%29&suchbegriff=immobilienverwalter
casavia immobilien gmbh,Casavia Immobilien GmbH,Casavia Immobilien GmbH,1,kärnten,01424d1f-5d6a-46c4-8551-9f330d3b709b,Kostwein-Straße 7 9020 Klagenfurt am Wörthersee,,,,,https://firmen.wko.at/casavia-immobilien-gmbh/k%c3%a4rnten/?firmaid=01424d1f-5d6a-46c4-8551-9f330d3b709b&standortid=6&standortname=k%c3%a4rnten%20%28bundesland%29&suchbegriff=immobilienverwalter
cbre gmbh,CBRE GmbH,CBRE GmbH,1,wien,f9385336-8856-4a6b-b913-0574cec1db0a,Am Belvedere 10/Top 12 1100 Wien,http://www.cbre.at/,http://www.cbre.at/,patrizia.roegelsperger@cbre.com,+43%201%20533%2040%2080,https://firmen.wko.at/cbre-gmbh-cbre-gmbh/wien/?firmaid=f9385336-8856-4a6b-b913-0574cec1db0a&standortid=1&standortname=wien%20%28bundesland%29&suchbegriff=immobilienverwalter
cbre gws austria gmbh,CBRE GWS Austria GmbH,CBRE GWS Austria GmbH,2,tirol | wien,5a15c029-6f74-46ae-9744-690c59c0627a | b9cb1983-004b-494d-ac6f-16575da7415e,Biochemiestraße 4 6250 Kundl | Am Belvedere 10/13 1100 Wien,,,,,https://firmen.wko.at/cbre-gws-austria-gmbh/tirol/?firmaid=5a15c029-6f74-46ae-9744-690c59c0627a&standortid=7&standortname=tirol%20%28bundesland%29&suchbegriff=immobilienverwalter
cbs international gmbh,CBS International GmbH,CBS International GmbH,1,wien,5d9462ca-e96a-4011-89a7-3611aa679625,Schreyvogelgasse 2/1.OG 1010 Wien,,,,,https://firmen.wko.at/cbs-international-gmbh/wien/?firmaid=5d9462ca-e96a-4011-89a7-3611aa679625&standortid=1&standortname=wien%20%28bundesland%29&suchbegriff=immobilienverwalter
cci immobilienentwicklung gmbh,CCI Immobilienentwicklung GmbH,CCI Immobilienentwicklung GmbH,1,niederösterreich,d401aa78-f140-4a87-89a8-daf1bab0dbaf,Wiener Gasse 11 2380 Perchtoldsdorf,http://www.forliving.at/,http://www.forliving.at/,chromecek@forliving.at,+43%202236%20320066 | +43%20664%201392900,https://firmen.wko.at/cci-immobilienentwicklung-gmbh-christoph-chromecek-immobilien/nieder%c3%b6sterreich/?firmaid=d401aa78-f140-4a87-89a8-daf1bab0dbaf&standortid=2&standortname=nieder%c3%b6sterreich%20%28bundesland%29&suchbegriff=immobilienverwalter
cci immobilientreuhand gmbh,CCI Immobilientreuhand GmbH,CCI Immobilientreuhand GmbH,1,wien,b1b85c7b-9c18-4c98-878d-0ffbb4803b32,Tuchlauben 12/18 A 1010 Wien,,,,,https://firmen.wko.at/cci-immobilientreuhand-gmbh/wien/?firmaid=b1b85c7b-9c18-4c98-878d-0ffbb4803b32&standortid=1&standortname=wien%20%28bundesland%29&suchbegriff=immobilienverwalter
ccs immobilienverwaltung e u,CCS Immobilienverwaltung e.U.,CCS Immobilienverwaltung e.U.,1,oberösterreich,9323c547-75b0-46e0-8adf-85163c5e2462,Sengerstraße 30 4600 Wels,,,,,https://firmen.wko.at/ccs-immobilienverwaltung-eu/ober%c3%b6sterreich/?firmaid=9323c547-75b0-46e0-8adf-85163c5e2462&standortid=3&standortname=ober%c3%b6sterreich%20%28bundesland%29&suchbegriff=immobilienverwalter
ce verwaltungs gmbh,CE Verwaltungs GmbH,CE Verwaltungs GmbH,1,salzburg,c50b0022-c5ee-4887-8a32-247266742549,Jakobiplatz 6 5162 Obertrum am See,,,,,https://firmen.wko.at/ce-verwaltungs-gmbh/salzburg/?firmaid=c50b0022-c5ee-4887-8a32-247266742549&standortid=4&standortname=salzburg%20%28bundesland%29&suchbegriff=immobilienverwalter
cee china trade and brokerage consulting gmbh,CEE/China Trade and Brokerage Consulting GmbH,CEE/China Trade and Brokerage Consulting GmbH,1,niederösterreich,a7ab89f7-4e8d-41fa-9e50-ccf022493139,Neusserweg 11 2734 Puchberg am Schneeberg,,,,,https://firmen.wko.at/cee-china-trade-and-brokerage-consulting-gmbh/nieder%c3%b6sterreich/?firmaid=a7ab89f7-4e8d-41fa-9e50-ccf022493139&standortid=2&standortname=nieder%c3%b6sterreich%20%28bundesland%29&suchbegriff=immobilienverwalter
cfi immobilientreuhand gmbh,CFI Immobilientreuhand GmbH,CFI Immobilientreuhand GmbH,1,wien,83ce7c14-1627-40f3-b810-662e42246c0f,Am Heumarkt 3 1030 Wien,,,,,https://firmen.wko.at/cfi-immobilientreuhand-gmbh/wien/?firmaid=83ce7c14-1627-40f3-b810-662e42246c0f&standortid=1&standortname=wien%20%28bundesland%29&suchbegriff=immobilienverwalter
chic city immo gmbh,Chic City Immo GmbH,Chic City Immo GmbH,1,wien,cec564fa-88ba-498d-938a-28f5739c4587,Heiligenstädter Straße 301/6 1190 Wien,,,,,https://firmen.wko.at/chic-city-immo-gmbh/wien/?firmaid=cec564fa-88ba-498d-938a-28f5739c4587&standortid=1&standortname=wien%20%28bundesland%29&suchbegriff=immobilienverwalter
chora immobilienverwaltung gmbh,CHORA Immobilienverwaltung GmbH,CHORA Immobilienverwaltung GmbH,1,wien,a2804511-41a5-43bd-8127-c808c02e893e,Am grünen Prater 13/1 1020 Wien,http://www.chora.at/,http://www.chora.at/,office@chora.at,+43%20-%20(0)1%20-%20533%200%20111,https://firmen.wko.at/chora-immobilienverwaltung-gmbh-immobilientreuhand/wien/?firmaid=a2804511-41a5-43bd-8127-c808c02e893e&standortid=1&standortname=wien%20%28bundesland%29&suchbegriff=immobilienverwalter
christian heim,Christian Heim,Christian Heim,1,salzburg,37e72822-2c9f-4518-9727-1444eaefa26b,Maxglaner Hauptstraße 20 5020 Salzburg,,,,,https://firmen.wko.at/christian-heim/salzburg/?firmaid=37e72822-2c9f-4518-9727-1444eaefa26b&standortid=4&standortname=salzburg%20%28bundesland%29&suchbegriff=immobilienverwalter
christian helmut schniersmeyer,Christian Helmut Schniersmeyer,Christian Helmut Schniersmeyer,1,tirol,193765c4-d46b-4ddb-a8be-29201e492cc2,Salzburger Straße 22b 6380 St. Johann in Tirol,,,ch.schniersmeyer@aon.at,05352/63070%2020 | 0664/4109305,https://firmen.wko.at/christian-helmut-schniersmeyer-baumeister-christian-schniersmeyer/tirol/?firmaid=193765c4-d46b-4ddb-a8be-29201e492cc2&standortid=7&standortname=tirol%20%28bundesland%29&suchbegriff=immobilienverwalter
christian kaspar msc meng,"Christian Kaspar, MSc MEng","Christian Kaspar, MSc MEng",1,wien,ff2e257f-a377-4946-adc4-34eec2a48f7b,Thürnlhofstraße 9/2/25 1110 Wien,https://mission2zero.eu/,https://mission2zero.eu/,contact@mission2zero.eu,06643950010,https://firmen.wko.at/christian-kaspar-msc-meng/wien/?firmaid=ff2e257f-a377-4946-adc4-34eec2a48f7b&standortid=1&standortname=wien%20%28bundesland%29&suchbegriff=immobilienverwalter
christian peter hammerl,Christian Peter Hammerl,Christian Peter Hammerl,1,steiermark,68d78442-eb95-4fe7-b239-037b8c09ca13,Münzgrabenstraße 36 8010 Graz,http://www.ith.co.at/,http://www.ith.co.at/,service@ith.co.at,+43%20(0)316-42%2074%2000 | +43%200699%2017%2042%2074%2011,https://firmen.wko.at/christian-peter-hammerl-ith-immobilien-treuhand-hammerl/steiermark/?firmaid=68d78442-eb95-4fe7-b239-037b8c09ca13&standortid=5&standortname=steiermark%20%28bundesland%29&suchbegriff=immobilienverwalter
christian schönleitner b a,"Christian Schönleitner, B.A.","Christian Schönleitner, B.A.",1,oberösterreich,ff703666-66f3-48af-a2a8-4402a28b29d6,Bachmannstraße 18 4062 Kirchberg-Thening,,,,,https://firmen.wko.at/christian-sch%c3%b6nleitner-ba/ober%c3%b6sterreich/?firmaid=ff703666-66f3-48af-a2a8-4402a28b29d6&standortid=3&standortname=ober%c3%b6sterreich%20%28bundesland%29&suchbegriff=immobilienverwalter
christian solms gmbh,Christian Solms GmbH,Christian Solms GmbH,1,tirol,86c3e4d6-2ae3-4ce3-96ef-bdc7b183b371,Wildparkweg 2 6371 Aurach b.Kitzbühel,,,,,https://firmen.wko.at/christian-solms-gmbh/tirol/?firmaid=86c3e4d6-2ae3-4ce3-96ef-bdc7b183b371&standortid=7&standortname=tirol%20%28bundesland%29&suchbegriff=immobilienverwalter
christian stefan kutrowatz,Christian Stefan Kutrowatz,Christian Stefan Kutrowatz,1,burgenland,89b7ed6c-d1a0-4d5a-9ba1-054f1f68a1f1,Sebastianstraße 35 7222 Rohrbach bei Mattersburg,http://www.kutrowatz.at/,http://www.kutrowatz.at/,versicherung@kutrowatz.at,+43%20(0)%20664%205986671,https://firmen.wko.at/christian-stefan-kutrowatz-versicherungsb%c3%bcro/burgenland/?firmaid=89b7ed6c-d1a0-4d5a-9ba1-054f1f68a1f1&standortid=9&standortname=burgenland%20%28bundesland%29&suchbegriff=immobilienverwalter
christiana meixner,Christiana Meixner,Christiana Meixner,1,niederösterreich,1cd438de-83b4-4898-a8fb-b88181764c94,Augustinergasse 1 2500 Baden,,,office@meixner-immobilien.at,02252%2049063,https://firmen.wko.at/christiana-meixner/nieder%c3%b6sterreich/?firmaid=1cd438de-83b4-4898-a8fb-b88181764c94&standortid=2&standortname=nieder%c3%b6sterreich%20%28bundesland%29&suchbegriff=immobilienverwalter
christiane höscheler,Christiane Höscheler,Christiane Höscheler,1,vorarlberg,239c6c78-afbf-481c-9a97-238a7dfd6e1f,Radetzkystraße 21 6845 Hohenems,https://www.hoescheler-immobilien.at/,https://www.hoescheler-immobilien.at/,hoescheler@hoescheler-immobilien.at,067761385100,https://firmen.wko.at/christiane-h%c3%b6scheler-immobilienverwaltung/vorarlberg/?firmaid=239c6c78-afbf-481c-9a97-238a7dfd6e1f&standortid=8&standortname=vorarlberg%20%28bundesland%29&suchbegriff=immobilienverwalter
christina eva maria knoll prantl,Christina Eva-Maria Knoll-Prantl,Christina Eva-Maria Knoll-Prantl,1,tirol,d3c67284-9b1d-4ec3-8112-8c553b1973fb,"Gilmstraße 51a, Tür 4 6130 Schwaz",,,office@hausverwaltung-prantl.at,+43%20660%2086%2074%20127,https://firmen.wko.at/christina-eva-maria-knoll-prantl/tirol/?firmaid=d3c67284-9b1d-4ec3-8112-8c553b1973fb&standortid=7&standortname=tirol%20%28bundesland%29&suchbegriff=immobilienverwalter
christina petra dojacek magenheim,Christina Petra Dojacek-Magenheim,Christina Petra Dojacek-Magenheim,1,wien,bdd05c8d-89f9-4fad-878b-7fe2e12c734e,Modecenterstraße 22/C47 1030 Wien,,,magenheim.immobilien@inode.at,,https://firmen.wko.at/christina-petra-dojacek-magenheim/wien/?firmaid=bdd05c8d-89f9-4fad-878b-7fe2e12c734e&standortid=1&standortname=wien%20%28bundesland%29&suchbegriff=immobilienverwalter
christine cäcilia zeilner,Christine Cäcilia Zeilner,Christine Cäcilia Zeilner,2,niederösterreich | wien,73c4a2af-9ce2-4ab4-a283-d467b7384c64 | 0311e266-ce6e-4333-b86d-d830a20009cc,Dehmgasse 86 3400 Weidling | Morizgasse 5/35 1060 Wien,,,,,https://firmen.wko.at/christine-c%c3%a4cilia-zeilner/nieder%c3%b6sterreich/?firmaid=73c4a2af-9ce2-4ab4-a283-d467b7384c64&standortid=2&standortname=nieder%c3%b6sterreich%20%28bundesland%29&suchbegriff=immobilienverwalter
christine friederike sutrich,Christine Friederike Sutrich,Christine Friederike Sutrich,2,burgenland | wien,f58c42f6-4d38-444e-a4a7-0a78c9443222 | d1876e4d-838c-472e-bb98-a64c18c810a4,Hauptstraße 110 7111 Parndorf | Muhrhoferweg 1/6 1110 Wien,,,,,https://firmen.wko.at/christine-friederike-sutrich/burgenland/?firmaid=f58c42f6-4d38-444e-a4a7-0a78c9443222&standortid=9&standortname=burgenland%20%28bundesland%29&suchbegriff=immobilienverwalter
christine josefa schlacher,Christine Josefa Schlacher,Christine Josefa Schlacher,1,steiermark,fa5d8289-f664-497c-8f23-1801f0e77996,Am Glacis 18 8700 Leoben,,,,,https://firmen.wko.at/christine-josefa-schlacher/steiermark/?firmaid=fa5d8289-f664-497c-8f23-1801f0e77996&standortid=5&standortname=steiermark%20%28bundesland%29&suchbegriff=immobilienverwalter
christine leuthner,Christine Leuthner,Christine Leuthner,1,wien,2db76abc-2013-4d11-a722-098768575fce,01 493 14 86 0664 346 75 54,,,office@hv-leuthner.at,01%20493%2014%2086%20 | 0664%20346%2075%2054,https://firmen.wko.at/christine-leuthner/wien/?firmaid=2db76abc-2013-4d11-a722-098768575fce&standortid=1&standortname=wien%20%28bundesland%29&suchbegriff=immobilienverwalter
christine pölzl,Christine Pölzl,Christine Pölzl,1,wien,7cd7ba21-c597-4f97-946b-b59895d0bcd6,Pfeilgasse 16/1 1080 Wien,,,office@hv-poelzl.at,01/405%2001%2053-0,https://firmen.wko.at/christine-p%c3%b6lzl/wien/?firmaid=7cd7ba21-c597-4f97-946b-b59895d0bcd6&standortid=1&standortname=wien%20%28bundesland%29&suchbegriff=immobilienverwalter
cindy fahlböck ba ma,"Cindy Fahlböck, BA MA","Cindy Fahlböck, BA MA",1,kärnten,573f3230-2820-482f-931e-39da9b0d5d8f,Rudolf Sommer Weg 2 9521 Treffen/Ossiacher See-Seespitz,,,,,https://firmen.wko.at/cindy-fahlb%c3%b6ck-ba-ma/k%c3%a4rnten/?firmaid=573f3230-2820-482f-931e-39da9b0d5d8f&standortid=6&standortname=k%c3%a4rnten%20%28bundesland%29&suchbegriff=immobilienverwalter
city real immobilien vermittlungs und verwaltungsgesellschaft m b h,City Real Immobilien Vermittlungs- und Verwaltungsgesellschaft m.b.H.,City Real Immobilien Vermittlungs- und Verwaltungsgesellschaft m.b.H.,1,tirol,d8366691-9e73-46f5-8639-2b31ac83e833,Fürstenweg 8 6020 Innsbruck,http://www.cityreal.at/,http://www.cityreal.at/,mail@cityreal.at,+43%20(0)512%2039%2021%2031-22 | +43%20(0)664%20385%2047%2090,https://firmen.wko.at/city-real-immobilien-vermittlungs-und-verwaltungsgesellschaft-mbh/tirol/?firmaid=d8366691-9e73-46f5-8639-2b31ac83e833&standortid=7&standortname=tirol%20%28bundesland%29&suchbegriff=immobilienverwalter
city immobilien gmbh,City-Immobilien GmbH,City-Immobilien GmbH,1,oberösterreich,5ccc9842-cc4f-433d-871c-47f4f3fbb1ad,Mozartstraße 6-10 4020 Linz,,,,,https://firmen.wko.at/city-immobilien-gmbh/ober%c3%b6sterreich/?firmaid=5ccc9842-cc4f-433d-871c-47f4f3fbb1ad&standortid=3&standortname=ober%c3%b6sterreich%20%28bundesland%29&suchbegriff=immobilienverwalter
citypark gmbh,CITYPARK GmbH,CITYPARK GmbH,1,steiermark,374c09df-b5aa-4d08-9fd6-b82f6c6920bd,Lazarettgürtel 55 (Citypark) 8020 Graz,,,,,https://firmen.wko.at/citypark-gmbh/steiermark/?firmaid=374c09df-b5aa-4d08-9fd6-b82f6c6920bd&standortid=5&standortname=steiermark%20%28bundesland%29&suchbegriff=immobilienverwalter
civ ing harald andreas hainzl msc,"Civ.ing. Harald Andreas Hainzl, MSc","Civ.ing. Harald Andreas Hainzl, MSc",1,steiermark,72792482-7cab-43ed-ba20-056197b895f8,Leibenfelder Straße 46 8530 Deutschlandsberg,,,,,https://firmen.wko.at/civing-harald-andreas-hainzl-msc/steiermark/?firmaid=72792482-7cab-43ed-ba20-056197b895f8&standortid=5&standortname=steiermark%20%28bundesland%29&suchbegriff=immobilienverwalter
claudia maier,Claudia Maier,Claudia Maier,1,salzburg,b0c2a0ca-0eae-4ef4-8ac5-f1d4005ebbd8,Pladenbachstraße 15 5113 Sankt Georgen bei Salzburg,,,,,https://firmen.wko.at/claudia-maier/salzburg/?firmaid=b0c2a0ca-0eae-4ef4-8ac5-f1d4005ebbd8&standortid=4&standortname=salzburg%20%28bundesland%29&suchbegriff=immobilienverwalter
claudia zinner hinterwallner,Claudia Zinner-Hinterwallner,Claudia Zinner-Hinterwallner,1,niederösterreich,68eda447-5e4e-43b6-8469-36c79e13fc2a,Hugo von Hofmannsthal-Straße 3 3100 St.Pölten,,,,,https://firmen.wko.at/claudia-zinner-hinterwallner/nieder%c3%b6sterreich/?firmaid=68eda447-5e4e-43b6-8469-36c79e13fc2a&standortid=2&standortname=nieder%c3%b6sterreich%20%28bundesland%29&suchbegriff=immobilienverwalter
cmr projekt gmbh,CMR Projekt GmbH,CMR Projekt GmbH,1,wien,1bca9bb4-e4a2-4120-bec1-54f7b354ba11,Kleine Stadtgutgasse 4 1020 Wien,,,,,https://firmen.wko.at/cmr-projekt-gmbh/wien/?firmaid=1bca9bb4-e4a2-4120-bec1-54f7b354ba11&standortid=1&standortname=wien%20%28bundesland%29&suchbegriff=immobilienverwalter
cmty service gmbh,CMTY Service GmbH,CMTY Service GmbH,1,vorarlberg,078b7867-097e-46bb-a0b0-208d6f416f6d,0676 888 73 354,,,office@cmty-service.at,0676%20888%2073%20354,https://firmen.wko.at/cmty-service-gmbh/vorarlberg/?firmaid=078b7867-097e-46bb-a0b0-208d6f416f6d&standortid=8&standortname=vorarlberg%20%28bundesland%29&suchbegriff=immobilienverwalter
colliers immobilienverwaltung gmbh,COLLIERS Immobilienverwaltung GmbH,COLLIERS Immobilienverwaltung GmbH,1,wien,75f91559-31fe-4a99-94c3-5e0d5534bb38,Goldschmiedgasse 6 1010 Wien,https://www.colliers.com/de-at/dienstleistungen/property-management-services,https://www.colliers.com/de-at/dienstleistungen/property-management-services,iv@colliers.at,+43%201%20438%2000%2090,https://firmen.wko.at/colliers-immobilienverwaltung-gmbh/wien/?firmaid=75f91559-31fe-4a99-94c3-5e0d5534bb38&standortid=1&standortname=wien%20%28bundesland%29&suchbegriff=immobilienverwalter
comfort real gebäudeverwaltungs und realitäten ges m b h,COMFORT-REAL Gebäudeverwaltungs- und Realitäten Ges.m.b.H.,COMFORT-REAL Gebäudeverwaltungs- und Realitäten Ges.m.b.H.,1,wien,4f616b49-263c-4df0-8d44-64923705ab1a,Pouthongasse 13/6-8 1150 Wien,,,office@comfortreal.at,01/983%2095%2030,https://firmen.wko.at/comfort-real-geb%c3%a4udeverwaltungs-und-realit%c3%a4ten-gesmbh/wien/?firmaid=4f616b49-263c-4df0-8d44-64923705ab1a&standortid=1&standortname=wien%20%28bundesland%29&suchbegriff=immobilienverwalter
con tessa immobilienverwertung gmbh,Con Tessa Immobilienverwertung GmbH,Con Tessa Immobilienverwertung GmbH,1,wien,88da7311-138c-4958-b6ad-25450e79f1ff,Rathausstraße 1 1010 Wien,,,,,https://firmen.wko.at/con-tessa-immobilienverwertung-gmbh/wien/?firmaid=88da7311-138c-4958-b6ad-25450e79f1ff&standortid=1&standortname=wien%20%28bundesland%29&suchbegriff=immobilienverwalter
concept immobilientreuhand gmbh,Concept Immobilientreuhand GmbH,Concept Immobilientreuhand GmbH,1,steiermark,766a2cc7-a6fe-4f5a-b76d-4f8b986ebc4d,Augasse 19 8020 Graz,,,,,https://firmen.wko.at/concept-immobilientreuhand-gmbh/steiermark/?firmaid=766a2cc7-a6fe-4f5a-b76d-4f8b986ebc4d&standortid=5&standortname=steiermark%20%28bundesland%29&suchbegriff=immobilienverwalter
conducta hausverwaltung gmbh,CONDUCTA Hausverwaltung GmbH,CONDUCTA Hausverwaltung GmbH,1,wien,59f6186b-01ab-47fb-96e1-395583e7a7ae,Antonigasse 12/2/2A 1180 Wien,,,,,https://firmen.wko.at/conducta-hausverwaltung-gmbh/wien/?firmaid=59f6186b-01ab-47fb-96e1-395583e7a7ae&standortid=1&standortname=wien%20%28bundesland%29&suchbegriff=immobilienverwalter
constantin bednař msc,"Constantin Bednař, MSc","Constantin Bednař, MSc",1,wien,08fac0f4-c703-4324-ab8e-741ae5b9111d,Währinger Straße 46/33 1090 Wien,,,,,https://firmen.wko.at/constantin-bedna-msc/wien/?firmaid=08fac0f4-c703-4324-ab8e-741ae5b9111d&standortid=1&standortname=wien%20%28bundesland%29&suchbegriff=immobilienverwalter
consultatia gmbh,Consultatia GmbH,Consultatia GmbH,1,burgenland,e1fb6306-8d80-4208-a6a9-f6ab8de22a00,Obere Hauptstraße 8 7162 Tadten,,,,,https://firmen.wko.at/consultatia-gmbh/burgenland/?firmaid=e1fb6306-8d80-4208-a6a9-f6ab8de22a00&standortid=9&standortname=burgenland%20%28bundesland%29&suchbegriff=immobilienverwalter
cont eq immobilien gmbh,cont EQ Immobilien GmbH,cont EQ Immobilien GmbH,1,wien,a0225641-b4d8-4fa7-a8a1-41bfaf5ddf4d,Am grünen Prater 13/1 1020 Wien,,,,,https://firmen.wko.at/cont-eq-immobilien-gmbh/wien/?firmaid=a0225641-b4d8-4fa7-a8a1-41bfaf5ddf4d&standortid=1&standortname=wien%20%28bundesland%29&suchbegriff=immobilienverwalter
contec hausverwaltung gmbh,CONTEC Hausverwaltung GmbH,CONTEC Hausverwaltung GmbH,1,wien,ac954131-ecdb-42ea-930c-21c2c2c69222,Walfischgasse 1/8 1010 Wien,,,,,https://firmen.wko.at/contec-hausverwaltung-gmbh/wien/?firmaid=ac954131-ecdb-42ea-930c-21c2c2c69222&standortid=1&standortname=wien%20%28bundesland%29&suchbegriff=immobilienverwalter
convival immobilien gmbh,convival Immobilien GmbH,convival Immobilien GmbH,1,wien,3547dbe5-5bd0-48b7-be8d-ee0ca80b0044,Hietzinger Hauptstraße 66/2 1130 Wien,,,,,https://firmen.wko.at/convival-immobilien-gmbh/wien/?firmaid=3547dbe5-5bd0-48b7-be8d-ee0ca80b0044&standortid=1&standortname=wien%20%28bundesland%29&suchbegriff=immobilienverwalter
corner immobilien gmbh,Corner Immobilien GmbH,Corner Immobilien GmbH,1,wien,f00a65e4-153f-49b4-82b1-edb13a0915aa,Franzensbrückenstraße 1 1020 Wien,,,,,https://firmen.wko.at/corner-immobilien-gmbh/wien/?firmaid=f00a65e4-153f-49b4-82b1-edb13a0915aa&standortid=1&standortname=wien%20%28bundesland%29&suchbegriff=immobilienverwalter
corpore management support gmbh,CorPore Management Support GmbH,CorPore Management Support GmbH,1,steiermark,313dfbd6-3b6f-4dbe-bf5f-ad15f3eb4b15,Sparbersbachgasse 53 8010 Graz,,,,,https://firmen.wko.at/corpore-management-support-gmbh/steiermark/?firmaid=313dfbd6-3b6f-4dbe-bf5f-ad15f3eb4b15&standortid=5&standortname=steiermark%20%28bundesland%29&suchbegriff=immobilienverwalter
cpi europe ag,CPI Europe AG,CPI Europe AG,1,wien,1f90a1e5-78a1-4ae0-a434-7e6e716a382b,Wienerbergstraße 9 1100 Wien,,,,,https://firmen.wko.at/cpi-europe-ag/wien/?firmaid=1f90a1e5-78a1-4ae0-a434-7e6e716a382b&standortid=1&standortname=wien%20%28bundesland%29&suchbegriff=immobilienverwalter
cpl gmbh,CPL GmbH,CPL GmbH,1,niederösterreich,410b5751-8d80-4d7a-b14a-3bb2fae60082,Stiftblick 5 3644 Emmersdorf an der Donau,,,,,https://firmen.wko.at/cpl-gmbh/nieder%c3%b6sterreich/?firmaid=410b5751-8d80-4d7a-b14a-3bb2fae60082&standortid=2&standortname=nieder%c3%b6sterreich%20%28bundesland%29&suchbegriff=immobilienverwalter
cro management holding gmbh,CRO Management Holding GmbH,CRO Management Holding GmbH,1,wien,d205b22e-5101-4b2a-9de1-ab02dc695619,1010 Wien,,,,,https://firmen.wko.at/cro-management-holding-gmbh/wien/?firmaid=d205b22e-5101-4b2a-9de1-ab02dc695619&standortid=1&standortname=wien%20%28bundesland%29&suchbegriff=immobilienverwalter
cura immobilien og,CURA Immobilien OG,CURA Immobilien OG,1,vorarlberg,d3fae1a0-063d-48d8-9732-83dd4850e2cb,Lustenauerstraße 45 6850 Dornbirn,http://www.curaimmo.at/,http://www.curaimmo.at/,office@curaimmo.at,+43%20(0)5572%20401%20039-0,https://firmen.wko.at/cura-immobilien-og-cura-immobilien/vorarlberg/?firmaid=d3fae1a0-063d-48d8-9732-83dd4850e2cb&standortid=8&standortname=vorarlberg%20%28bundesland%29&suchbegriff=immobilienverwalter
curator immobilientreuhandges m b h,Curator Immobilientreuhandges.m.b.H.,Curator Immobilientreuhandges.m.b.H.,1,wien,9fd72f6e-6167-4305-adcf-bc2834f26c99,Grillparzerstraße 5/7 1010 Wien,,,office@curator.at,01/%20402%2079%2094,https://firmen.wko.at/curator-immobilientreuhandgesmbh/wien/?firmaid=9fd72f6e-6167-4305-adcf-bc2834f26c99&standortid=1&standortname=wien%20%28bundesland%29&suchbegriff=immobilienverwalter
czembirek reich rohrwig immobilienverwaltungs gmbh,"Czembirek, Reich-Rohrwig Immobilienverwaltungs GmbH","Czembirek, Reich-Rohrwig Immobilienverwaltungs GmbH",1,wien,d38856b3-96c0-490d-b200-2e46ae50a3b5,Liechtensteinstraße 23/2A 1090 Wien,,,reichrohrwig@reichrohrwig.at,01/587%2021%2013-0,https://firmen.wko.at/czembirek-reich-rohrwig-immobilienverwaltungs-gmbh/wien/?firmaid=d38856b3-96c0-490d-b200-2e46ae50a3b5&standortid=1&standortname=wien%20%28bundesland%29&suchbegriff=immobilienverwalter
dahir gmbh sozioökonomisches immobilien management,dahir gmbh - Sozioökonomisches Immobilien Management,dahir gmbh - Sozioökonomisches Immobilien Management,1,steiermark,0218b957-3287-4cc7-9196-9d8c9bb1bfec,"Kaiserfeldgasse 8, Top 1a 8010 Graz",,,,,https://firmen.wko.at/dahir-gmbh-sozio%c3%b6konomisches-immobilien-management/steiermark/?firmaid=0218b957-3287-4cc7-9196-9d8c9bb1bfec&standortid=5&standortname=steiermark%20%28bundesland%29&suchbegriff=immobilienverwalter
daniel hausverwaltung gmbh,Daniel Hausverwaltung GmbH,Daniel Hausverwaltung GmbH,1,kärnten,c5df1059-a951-4a08-bc2e-4143612ffe36,Theatergasse 4 9020 Klagenfurt am Wörthersee,,,,,https://firmen.wko.at/daniel-hausverwaltung-gmbh/k%c3%a4rnten/?firmaid=c5df1059-a951-4a08-bc2e-4143612ffe36&standortid=6&standortname=k%c3%a4rnten%20%28bundesland%29&suchbegriff=immobilienverwalter
daniel immobilien e u,DANIEL IMMOBILIEN e.U.,DANIEL IMMOBILIEN e.U.,1,kärnten,c47cd3bc-6ef7-41f1-a902-1ab0670f4fb8,Theatergasse 4 9020 Klagenfurt/Wörthersee,,,,,https://firmen.wko.at/daniel-immobilien-eu/k%c3%a4rnten/?firmaid=c47cd3bc-6ef7-41f1-a902-1ab0670f4fb8&standortid=6&standortname=k%c3%a4rnten%20%28bundesland%29&suchbegriff=immobilienverwalter
daniela ebner,Daniela Ebner,Daniela Ebner,1,salzburg,7115fe4f-bf05-4421-8307-f26d52ad76fa,Warwitzstraße 9 5023 Salzburg,,,,,https://firmen.wko.at/daniela-ebner/salzburg/?firmaid=7115fe4f-bf05-4421-8307-f26d52ad76fa&standortid=4&standortname=salzburg%20%28bundesland%29&suchbegriff=immobilienverwalter
danninger transport gmbh,Danninger Transport GmbH,Danninger Transport GmbH,1,salzburg,01b40c9b-afd2-480f-9ae2-5bd565e61693,Löwensternstraße 4 5411 Oberalm,,,,,https://firmen.wko.at/danninger-transport-gmbh/salzburg/?firmaid=01b40c9b-afd2-480f-9ae2-5bd565e61693&standortid=4&standortname=salzburg%20%28bundesland%29&suchbegriff=immobilienverwalter
daria marlene sieber,Daria Marlene Sieber,Daria Marlene Sieber,1,vorarlberg,874e0504-085b-4f3a-960f-0b090b0bc61a,Burgauerweg 4 6971 Hard,http://www.sieber-hausverwaltung.at/,http://www.sieber-hausverwaltung.at/,office@sieber-hausverwaltung.at,+43%205574%2026282 | +43%20664%2053%209%2053%2054,https://firmen.wko.at/daria-marlene-sieber-hausverwaltungen-immobilienverwaltungen/vorarlberg/?firmaid=874e0504-085b-4f3a-960f-0b090b0bc61a&standortid=8&standortname=vorarlberg%20%28bundesland%29&suchbegriff=immobilienverwalter
das neue wohnen gmbh,Das Neue Wohnen GmbH,Das Neue Wohnen GmbH,1,niederösterreich,44e1979b-8bda-4a64-accd-41c66d703adc,Laxenburgerstraße 24 2351 Wiener Neudorf,,,,,https://firmen.wko.at/das-neue-wohnen-gmbh/nieder%c3%b6sterreich/?firmaid=44e1979b-8bda-4a64-accd-41c66d703adc&standortid=2&standortname=nieder%c3%b6sterreich%20%28bundesland%29&suchbegriff=immobilienverwalter
datareal beteiligungsgesellschaft m b h und co gablenzgasse 60 kg,DATAREAL Beteiligungsgesellschaft m.b.H. & Co. Gablenzgasse 60 KG,DATAREAL Beteiligungsgesellschaft m.b.H. & Co. Gablenzgasse 60 KG,1,wien,f925106c-e652-4985-a24d-1e9a1b29bf88,Rathausstraße 1 1010 Wien,,,,,https://firmen.wko.at/datareal-beteiligungsgesellschaft-mbh-und-co-gablenzgasse-60-kg/wien/?firmaid=f925106c-e652-4985-a24d-1e9a1b29bf88&standortid=1&standortname=wien%20%28bundesland%29&suchbegriff=immobilienverwalter
datareal beteiligungsgesellschaft m b h und co heiligenstädter strasse 9 og,DATAREAL Beteiligungsgesellschaft m.b.H.& Co. Heiligenstädter Straße 9 OG,DATAREAL Beteiligungsgesellschaft m.b.H.& Co. Heiligenstädter Straße 9 OG,1,wien,07d6208d-fdb6-457e-a951-2f94ea78f007,Rathausstraße 1 1010 Wien,,,,,https://firmen.wko.at/datareal-beteiligungsgesellschaft-mbhund-co-heiligenst%c3%a4dter-stra%c3%9fe-9-og/wien/?firmaid=07d6208d-fdb6-457e-a951-2f94ea78f007&standortid=1&standortname=wien%20%28bundesland%29&suchbegriff=immobilienverwalter
daum immobilien gmbh,Daum Immobilien GmbH,Daum Immobilien GmbH,1,tirol,3c5a0da1-0c6e-4c26-b25d-7f26566464e2,Leopoldstraße 30 6020 Innsbruck,http://www.daum-immobilien.at/,http://www.daum-immobilien.at/,office@daum-immobilien.at,+43%20512%20908251,https://firmen.wko.at/daum-immobilien-gmbh/tirol/?firmaid=3c5a0da1-0c6e-4c26-b25d-7f26566464e2&standortid=7&standortname=tirol%20%28bundesland%29&suchbegriff=immobilienverwalter
david halmer,David Halmer,David Halmer,1,wien,55149333-c868-45d6-a2a0-73a1be966fe2,"Grünbergstraße 3, Tür 9 1120 Wien",,,office@halmer.net,01/4861466,https://firmen.wko.at/david-halmer/wien/?firmaid=55149333-c868-45d6-a2a0-73a1be966fe2&standortid=1&standortname=wien%20%28bundesland%29&suchbegriff=immobilienverwalter
ddi immo gmbh,DDI Immo GmbH,DDI Immo GmbH,1,wien,a2ab67f8-8b36-4f2b-8fa4-9c06f1df00c5,Taborstraße 24A/II/4 1020 Wien,,,,,https://firmen.wko.at/ddi-immo-gmbh/wien/?firmaid=a2ab67f8-8b36-4f2b-8fa4-9c06f1df00c5&standortid=1&standortname=wien%20%28bundesland%29&suchbegriff=immobilienverwalter
degen immobilien gmbh,Degen Immobilien GmbH,Degen Immobilien GmbH,2,steiermark,18c3ce70-2db0-4290-b06f-9a1a06481af5 | b6cff27f-b0c4-435c-9d09-fc657782d692,Schanzelgasse 14 8010 Graz | Steinbergstraße 38 8302 Laßnitzhöhe,,,,,https://firmen.wko.at/degen-immobilien-gmbh/steiermark/?firmaid=18c3ce70-2db0-4290-b06f-9a1a06481af5&standortid=5&standortname=steiermark%20%28bundesland%29&suchbegriff=immobilienverwalter
delop gmbh,delop GmbH,delop GmbH,1,niederösterreich,f29bf383-f74c-40bd-a59a-c47b80d861a2,Lawieserstraße 34a 3013 Tullnerbach,,,,,https://firmen.wko.at/delop-gmbh/nieder%c3%b6sterreich/?firmaid=f29bf383-f74c-40bd-a59a-c47b80d861a2&standortid=2&standortname=nieder%c3%b6sterreich%20%28bundesland%29&suchbegriff=immobilienverwalter
delta immobilien verwaltungs verwertungs und vermittlungsgesellschaft m b h,"Delta Immobilien - Verwaltungs-, Verwertungs- und Vermittlungsgesellschaft m.b.H.","Delta Immobilien - Verwaltungs-, Verwertungs- und Vermittlungsgesellschaft m.b.H.",1,wien,72aee161-64cb-4115-8243-0622a49a2b58,Wasagasse 6/4 1090 Wien,http://www.delta-immobilien.at/,http://www.delta-immobilien.at/,service@delta-immobilien.at,01/581%2021%2000,https://firmen.wko.at/delta-immobilien-verwaltungs-verwertungs-und-vermittlungsgesellschaft-mbh/wien/?firmaid=72aee161-64cb-4115-8243-0622a49a2b58&standortid=1&standortname=wien%20%28bundesland%29&suchbegriff=immobilienverwalter
denzel immobilien gmbh,DENZEL Immobilien GmbH,DENZEL Immobilien GmbH,2,wien,78ee919d-3073-4755-bd35-c2433d42e8d8 | e937eccd-2e96-430e-a21f-c0c761991a2e,Erdbergstraße 189-193 1030 Wien | Gumpendorfer Straße 19 1060 Wien,http://www.denzel-immobilien.at/,http://www.denzel-immobilien.at/,office.immo@denzel.at,+43%201%2058878%205202,https://firmen.wko.at/denzel-immobilien-gmbh/wien/?firmaid=78ee919d-3073-4755-bd35-c2433d42e8d8&standortid=1&standortname=wien%20%28bundesland%29&suchbegriff=immobilienverwalter
desiree kröpl,Desiree Kröpl,Desiree Kröpl,1,oberösterreich,f4d9ff5c-98f2-423d-9447-ad1fc710ea0e,Parkstraße 5 4591 Molln,http://dk-immobilien.at/,http://dk-immobilien.at/,office@dk-immobilien.at,+43%207584%20410100,https://firmen.wko.at/desiree-kr%c3%b6pl-immobilienverwaltung/ober%c3%b6sterreich/?firmaid=f4d9ff5c-98f2-423d-9447-ad1fc710ea0e&standortid=3&standortname=ober%c3%b6sterreich%20%28bundesland%29&suchbegriff=immobilienverwalter
detlev neudeck,Detlev Neudeck,Detlev Neudeck,1,wien,a991dfc7-efc7-41f0-b1ab-18b898bc63d1,Goldschmiedgasse 2/6/4 1010 Wien,,,,,https://firmen.wko.at/detlev-neudeck/wien/?firmaid=a991dfc7-efc7-41f0-b1ab-18b898bc63d1&standortid=1&standortname=wien%20%28bundesland%29&suchbegriff=immobilienverwalter
dezt immobilien real estate management gmbh,DeZt Immobilien Real Estate Management GmbH,DeZt Immobilien Real Estate Management GmbH,1,kärnten,99934d44-2cdd-4d5a-b1b9-8738388351ba,Ankershofenstraße 35 9020 Klagenfurt am Wörthersee,http://www.dezt.at/,http://www.dezt.at/,info@dezt.at,+4346391388321 | +4915115555138,https://firmen.wko.at/dezt-immobilien-real-estate-management-gmbh/k%c3%a4rnten/?firmaid=99934d44-2cdd-4d5a-b1b9-8738388351ba&standortid=6&standortname=k%c3%a4rnten%20%28bundesland%29&suchbegriff=immobilienverwalter
dhs immobilien gmbh,DHS Immobilien GmbH,DHS Immobilien GmbH,1,tirol,02fd4724-fcee-461e-a768-6a166111f2d2,0512 263569,https://www.dhs-immobilien.at/,https://www.dhs-immobilien.at/,office@dhs-immobilien.at,0512%20263569,https://firmen.wko.at/dhs-immobilien-gmbh/tirol/?firmaid=02fd4724-fcee-461e-a768-6a166111f2d2&standortid=7&standortname=tirol%20%28bundesland%29&suchbegriff=immobilienverwalter
di fh peter seyerlehner,DI (FH) Peter Seyerlehner,DI (FH) Peter Seyerlehner,1,oberösterreich,030ee678-1b69-488d-b2b2-7bc0f3e4e38f,Reisetbauerstraße 42a 4020 Linz,,,,,https://firmen.wko.at/di-fh-peter-seyerlehner/ober%c3%b6sterreich/?firmaid=030ee678-1b69-488d-b2b2-7bc0f3e4e38f&standortid=3&standortname=ober%c3%b6sterreich%20%28bundesland%29&suchbegriff=immobilienverwalter
di czerny immobilien gmbh,DI Czerny Immobilien GmbH,DI Czerny Immobilien GmbH,1,wien,324a5d17-7da9-4478-a0ef-d3125aa06bda,Gumpendorfer Straße 10-12/2 1060 Wien,http://www.czerny-immobilien.at/,http://www.czerny-immobilien.at/,office@czerny-immobilien.at,+43%201%205139769,https://firmen.wko.at/di-czerny-immobilien-gmbh-czerny-immobilien/wien/?firmaid=324a5d17-7da9-4478-a0ef-d3125aa06bda&standortid=1&standortname=wien%20%28bundesland%29&suchbegriff=immobilienverwalter
di doloszeski immobilien gmbh,DI Doloszeski Immobilien GmbH,DI Doloszeski Immobilien GmbH,1,wien,c0ce5255-223b-4b7b-8b4f-ab33973a7166,Schottenfeldgasse 7/6B 1070 Wien,,,,,https://firmen.wko.at/di-doloszeski-immobilien-gmbh/wien/?firmaid=c0ce5255-223b-4b7b-8b4f-ab33973a7166&standortid=1&standortname=wien%20%28bundesland%29&suchbegriff=immobilienverwalter
di immobilienverwaltungsgesmbh,DI ImmobilienverwaltungsgesmbH,DI ImmobilienverwaltungsgesmbH,1,wien,39ad5b04-2abf-4c52-847b-d653fa8d1f91,Westbahnstraße 8 1070 Wien,,,dirnbacher@utanet.at,01/523%2016%2069,https://firmen.wko.at/di-immobilienverwaltungsgesmbh/wien/?firmaid=39ad5b04-2abf-4c52-847b-d653fa8d1f91&standortid=1&standortname=wien%20%28bundesland%29&suchbegriff=immobilienverwalter
di sandra bauernfeind,DI Sandra Bauernfeind,DI Sandra Bauernfeind,1,wien,c49e1092-87a5-48b6-9a54-797ec36621f2,Engerthstraße 198/21-22 1020 Wien,,,,,https://firmen.wko.at/di-sandra-bauernfeind/wien/?firmaid=c49e1092-87a5-48b6-9a54-797ec36621f2&standortid=1&standortname=wien%20%28bundesland%29&suchbegriff=immobilienverwalter
die hausordner gmbh,Die Hausordner GmbH,Die Hausordner GmbH,1,oberösterreich,ed566bb2-d6cd-4869-90c3-ea5025ed3472,Graben 27 4020 Linz,,,,,https://firmen.wko.at/die-hausordner-gmbh/ober%c3%b6sterreich/?firmaid=ed566bb2-d6cd-4869-90c3-ea5025ed3472&standortid=3&standortname=ober%c3%b6sterreich%20%28bundesland%29&suchbegriff=immobilienverwalter
die hausverwalter pro immo gesmbh,Die Hausverwalter Pro Immo GesmbH,Die Hausverwalter Pro Immo GesmbH,1,niederösterreich,25b4ed97-df54-4dde-98e8-24cb17fec9b5,Bahnhofstraße (Amstetten) 13 3300 Amstetten,http://www.diehausverwalter.at/,http://www.diehausverwalter.at/,sturzeis@diehausverwalter.at,0747263307 | 06642017506,https://firmen.wko.at/die-hausverwalter-pro-immo-gesmbh/nieder%c3%b6sterreich/?firmaid=25b4ed97-df54-4dde-98e8-24cb17fec9b5&standortid=2&standortname=nieder%c3%b6sterreich%20%28bundesland%29&suchbegriff=immobilienverwalter
die maklerei immobilien gmbh,Die Maklerei Immobilien GmbH,Die Maklerei Immobilien GmbH,1,tirol,0e14bd9d-1fce-4f50-8689-a545bfc32ff2,Kinkstraße 8 6330 Kufstein,http://www.diemaklerei.immo/,http://www.diemaklerei.immo/,office@diemaklerei.immo,05372%2021952,https://firmen.wko.at/die-maklerei-immobilien-gmbh/tirol/?firmaid=0e14bd9d-1fce-4f50-8689-a545bfc32ff2&standortid=7&standortname=tirol%20%28bundesland%29&suchbegriff=immobilienverwalter
die verwalter immobilien treuhand gmbh,Die VERWALTER Immobilien Treuhand GmbH,Die VERWALTER Immobilien Treuhand GmbH,1,niederösterreich,be7a867a-6092-482b-9e60-f369431fc79b,Dörfl 20 2533 Klausen-Leopoldsdorf,,,,,https://firmen.wko.at/die-verwalter-immobilien-treuhand-gmbh/nieder%c3%b6sterreich/?firmaid=be7a867a-6092-482b-9e60-f369431fc79b&standortid=2&standortname=nieder%c3%b6sterreich%20%28bundesland%29&suchbegriff=immobilienverwalter
dieter ernfried pretis,Dieter Ernfried Pretis,Dieter Ernfried Pretis,1,kärnten,4e1af9aa-9ff7-4c25-b69b-5497a5823652,Boecklgasse 16 9020 Klagenfurt am Wörthersee,,,,,https://firmen.wko.at/dieter-ernfried-pretis-pretis-dieter-immobilientreuh%c3%a4nder/k%c3%a4rnten/?firmaid=4e1af9aa-9ff7-4c25-b69b-5497a5823652&standortid=6&standortname=k%c3%a4rnten%20%28bundesland%29&suchbegriff=immobilienverwalter
dieter stefan grach,Dieter Stefan Grach,Dieter Stefan Grach,1,steiermark,58aada60-f5a1-496c-b6da-47f1f20af9ba,Mariatroster Straße 152 8044 Graz,,,kanzlei@iv-grach.at,+43%20(0)316-32%2025%2067,https://firmen.wko.at/dieter-stefan-grach-immobilienverwaltung/steiermark/?firmaid=58aada60-f5a1-496c-b6da-47f1f20af9ba&standortid=5&standortname=steiermark%20%28bundesland%29&suchbegriff=immobilienverwalter
digi real holding gmbh,DIGI Real Holding GmbH,DIGI Real Holding GmbH,1,niederösterreich,022bb2a9-12ee-4644-a7e2-0157ec270c62,Hauptstraße 15 3244 Ruprechtshofen,http://www.digiland1.com/,http://www.digiland1.com/,office@digiland1.com,0275677077 | %20%20%2006641001517,https://firmen.wko.at/digi-real-holding-gmbh-unternehmens-und-immobilienbeteiligungen/nieder%c3%b6sterreich/?firmaid=022bb2a9-12ee-4644-a7e2-0157ec270c62&standortid=2&standortname=nieder%c3%b6sterreich%20%28bundesland%29&suchbegriff=immobilienverwalter
dim hausverwaltung gmbh,DIM Hausverwaltung GmbH,DIM Hausverwaltung GmbH,1,kärnten,a755e676-cbea-420b-9058-45e9d9213cb1,Hans-Sachs-Straße 16 9020 Klagenfurt/Wörthersee,,,,,https://firmen.wko.at/dim-hausverwaltung-gmbh/k%c3%a4rnten/?firmaid=a755e676-cbea-420b-9058-45e9d9213cb1&standortid=6&standortname=k%c3%a4rnten%20%28bundesland%29&suchbegriff=immobilienverwalter
dipl ing alfred sterzer gesellschaft m b h,Dipl. Ing. Alfred Sterzer Gesellschaft m.b.H.,Dipl. Ing. Alfred Sterzer Gesellschaft m.b.H.,1,wien,489a89ae-175e-488b-9386-9d954a4fa874,Biberstraße 22/5 1010 Wien,,,DI.Sterzer.GmbH@utanet.at,01/512%2049%2009-0,https://firmen.wko.at/dipl-ing-alfred-sterzer-gesellschaft-mbh/wien/?firmaid=489a89ae-175e-488b-9386-9d954a4fa874&standortid=1&standortname=wien%20%28bundesland%29&suchbegriff=immobilienverwalter
dipl ing fh christian wilhelm konzett msc,"Dipl.-Ing. (FH) Christian Wilhelm Konzett, MSc","Dipl.-Ing. (FH) Christian Wilhelm Konzett, MSc",1,vorarlberg,607f3810-9fb3-4758-90ea-46b4972ff456,Torkelweg 18 6833 Klaus,,,,,https://firmen.wko.at/dipl-ing-fh-christian-wilhelm-konzett-msc/vorarlberg/?firmaid=607f3810-9fb3-4758-90ea-46b4972ff456&standortid=8&standortname=vorarlberg%20%28bundesland%29&suchbegriff=immobilienverwalter
dipl ing elisabeth ehrlich,Dipl.-Ing. Elisabeth Ehrlich,Dipl.-Ing. Elisabeth Ehrlich,1,wien,bd54bd53-b0ba-4e79-8a4b-63c10588a195,Nestroygasse (Penzing) 4 1140 Wien,,,immo@ehrlich-ehrlich.at,+43%201%20979%2031%2017,https://firmen.wko.at/dipl-ing-elisabeth-ehrlich/wien/?firmaid=bd54bd53-b0ba-4e79-8a4b-63c10588a195&standortid=1&standortname=wien%20%28bundesland%29&suchbegriff=immobilienverwalter
dipl ing heinrich eller msc,"Dipl.-Ing. Heinrich Eller, MSc","Dipl.-Ing. Heinrich Eller, MSc",1,wien,ee2be2a6-2ca0-4901-a089-7483387a4881,Kettenbrückengasse 8/7 1040 Wien,http://eller.eu/,http://eller.eu/,immo@eller.eu,013693418 | 06763283018,https://firmen.wko.at/dipl-ing-heinrich-eller-msc-eller-immobilien/wien/?firmaid=ee2be2a6-2ca0-4901-a089-7483387a4881&standortid=1&standortname=wien%20%28bundesland%29&suchbegriff=immobilienverwalter
dipl ing mag manuela moser ritzinger,Dipl.-Ing. Mag. Manuela Moser-Ritzinger,Dipl.-Ing. Mag. Manuela Moser-Ritzinger,1,wien,d6271e10-97b1-403f-9472-c8cb50cce439,Alsegger Straße 27 1180 Wien,,,,,https://firmen.wko.at/dipl-ing-mag-manuela-moser-ritzinger/wien/?firmaid=d6271e10-97b1-403f-9472-c8cb50cce439&standortid=1&standortname=wien%20%28bundesland%29&suchbegriff=immobilienverwalter
dipl ing paul patrick lensing msc,"Dipl.-Ing. Paul Patrick Lensing, MSc","Dipl.-Ing. Paul Patrick Lensing, MSc",1,wien,0db1b198-1f67-4f9b-960c-e68d96399355,Ölzeltgasse (Landstraße) 1/4 1030 Wien,,,,,https://firmen.wko.at/dipl-ing-paul-patrick-lensing-msc/wien/?firmaid=0db1b198-1f67-4f9b-960c-e68d96399355&standortid=1&standortname=wien%20%28bundesland%29&suchbegriff=immobilienverwalter
dipl ing reinhard josef stockinger,Dipl.-Ing. Reinhard Josef Stockinger,Dipl.-Ing. Reinhard Josef Stockinger,1,oberösterreich,abc039f3-6f02-4eef-a53a-dd01e6e9f0ca,Ittensam 11 4653 Eberstalzell,http://www.stockinger-bau.at/,http://www.stockinger-bau.at/,stockinger@stockinger-bau.at,06801154221,https://firmen.wko.at/dipl-ing-reinhard-josef-stockinger-bau-und-immobilien-sachverst%c3%a4ndigen-b%c3%bcro/ober%c3%b6sterreich/?firmaid=abc039f3-6f02-4eef-a53a-dd01e6e9f0ca&standortid=3&standortname=ober%c3%b6sterreich%20%28bundesland%29&suchbegriff=immobilienverwalter
dipl ing roland spiess,Dipl.-Ing. Roland Spieß,Dipl.-Ing. Roland Spieß,1,wien,7ecc4e66-95ef-438d-b786-013a0744a2d8,Hainburger Straße 19/3 1030 Wien,http://immo.spiess-vienna.at/,http://immo.spiess-vienna.at/,immo.spiess@spiess-vienna.at,01/713%2053%2013-0,https://firmen.wko.at/dipl-ing-roland-spie%c3%9f/wien/?firmaid=7ecc4e66-95ef-438d-b786-013a0744a2d8&standortid=1&standortname=wien%20%28bundesland%29&suchbegriff=immobilienverwalter
dipl ing werner weissensteiner,Dipl.-Ing. Werner Weißensteiner,Dipl.-Ing. Werner Weißensteiner,1,niederösterreich,85c9cec3-31ba-41e5-b8f2-936ea066824d,Konradtgasse 21 3400 Klosterneuburg,,,,,https://firmen.wko.at/dipl-ing-werner-wei%c3%9fensteiner/nieder%c3%b6sterreich/?firmaid=85c9cec3-31ba-41e5-b8f2-936ea066824d&standortid=2&standortname=nieder%c3%b6sterreich%20%28bundesland%29&suchbegriff=immobilienverwalter
dipl wirtschaftsing fh benedikt hofer msc,"Dipl.-Wirtschaftsing. (FH) Benedikt Hofer, MSc","Dipl.-Wirtschaftsing. (FH) Benedikt Hofer, MSc",1,wien,4869d79a-c3c8-4b25-92f8-748f73273734,Kahlenberger Straße 56 1190 Wien,,,,,https://firmen.wko.at/dipl-wirtschaftsing-fh-benedikt-hofer-msc/wien/?firmaid=4869d79a-c3c8-4b25-92f8-748f73273734&standortid=1&standortname=wien%20%28bundesland%29&suchbegriff=immobilienverwalter
dipl ök in doris margarete ingrid ramspeck wirths ma,"Dipl.-Ök.in Doris Margarete Ingrid Ramspeck-Wirths, MA","Dipl.-Ök.in Doris Margarete Ingrid Ramspeck-Wirths, MA",1,vorarlberg,b6f06b5a-b59a-4dbe-9df8-15a5d2383027,Sebastian-Kneipp-Straße 60a 6800 Feldkirch,,,,,https://firmen.wko.at/dipl-%c3%96kin-doris-margarete-ingrid-ramspeck-wirths-ma/vorarlberg/?firmaid=b6f06b5a-b59a-4dbe-9df8-15a5d2383027&standortid=8&standortname=vorarlberg%20%28bundesland%29&suchbegriff=immobilienverwalter
dkfm dr stefan duschek,Dkfm. Dr. Stefan Duschek,Dkfm. Dr. Stefan Duschek,1,wien,fba6c209-5a4b-46bf-89a2-658b7ba08857,Severingasse 13 1090 Wien,http://www.duschek.at/,http://www.duschek.at/,real-duschek@aon.at,+43%2014403282 | +43%20664%20336%2007%2036,https://firmen.wko.at/dkfm-dr-stefan-duschek-immobilientreuh%c3%a4nder/wien/?firmaid=fba6c209-5a4b-46bf-89a2-658b7ba08857&standortid=1&standortname=wien%20%28bundesland%29&suchbegriff=immobilienverwalter
dkfm viktor maier und dr peter maier gesellschaft m b h,Dkfm. Viktor Maier & Dr. Peter Maier Gesellschaft m.b.H.,Dkfm. Viktor Maier & Dr. Peter Maier Gesellschaft m.b.H.,1,wien,f69d3abd-0cb6-44a3-94f0-1330da4e7819,Fasangasse 18 1030 Wien,http://www.hausverwalter.at/,http://www.hausverwalter.at/,office@hausverwalter.at,01/798%2044%2099-0,https://firmen.wko.at/dkfm-viktor-maier-und-dr-peter-maier-gesellschaft-mbh/wien/?firmaid=f69d3abd-0cb6-44a3-94f0-1330da4e7819&standortid=1&standortname=wien%20%28bundesland%29&suchbegriff=immobilienverwalter
dmk immobilien gmbh,DMK Immobilien GmbH,DMK Immobilien GmbH,1,niederösterreich,2211914b-f019-4386-bfef-c8fad6c379fb,Bahnhofsring 48 3451 Pixendorf,https://www.dmk-immo.at/,https://www.dmk-immo.at/,office@dmk-immo.at,+432275%2021399,https://firmen.wko.at/dmk-immobilien-gmbh-dmk-immobilien-gmbh/nieder%c3%b6sterreich/?firmaid=2211914b-f019-4386-bfef-c8fad6c379fb&standortid=2&standortname=nieder%c3%b6sterreich%20%28bundesland%29&suchbegriff=immobilienverwalter
doka dobler kaufmann immobilien og,DOKA Dobler + Kaufmann Immobilien OG,DOKA Dobler + Kaufmann Immobilien OG,1,oberösterreich,c729412d-a800-4dc0-9658-5423a3b667e6,Koglergraben 1 4209 Engerwitzdorf,,,doka.immobilien@tele2.at,0732/759215 | 0650/9101311,https://firmen.wko.at/doka-dobler-kaufmann-immobilien-og-immobilientreuhand/ober%c3%b6sterreich/?firmaid=c729412d-a800-4dc0-9658-5423a3b667e6&standortid=3&standortname=ober%c3%b6sterreich%20%28bundesland%29&suchbegriff=immobilienverwalter
domesticus e u,Domesticus e.U.,Domesticus e.U.,1,oberösterreich,d48fb47a-44d6-4b49-bea9-9603038fe0f8,Dauphinestraße 72 4030 Linz,,,,,https://firmen.wko.at/domesticus-eu/ober%c3%b6sterreich/?firmaid=d48fb47a-44d6-4b49-bea9-9603038fe0f8&standortid=3&standortname=ober%c3%b6sterreich%20%28bundesland%29&suchbegriff=immobilienverwalter
domizil immobilientreuhänder gmbh,Domizil Immobilientreuhänder GmbH,Domizil Immobilientreuhänder GmbH,1,steiermark,9e8fceff-9062-4a0d-b500-00283915aa6f,Kalvarienbergstraße 76-78 8020 Graz,http://www.michelatsch.at/,http://www.michelatsch.at/,office@domizil.cc,+43%20(0)316%2067%2067%2011,https://firmen.wko.at/domizil-immobilientreuh%c3%a4nder-gmbh/steiermark/?firmaid=9e8fceff-9062-4a0d-b500-00283915aa6f&standortid=5&standortname=steiermark%20%28bundesland%29&suchbegriff=immobilienverwalter
domus immobilien kg,DOMUS IMMOBILIEN KG,DOMUS IMMOBILIEN KG,1,vorarlberg,dba376a3-d2b8-4adf-a7ad-bb41734f76d5,Neudorfstraße 13b 6890 Lustenau,http://www.domus-immo.at/,http://www.domus-immo.at/,office@domus-immo.at,+43%20(0)%205577%2089230,https://firmen.wko.at/domus-immobilien-kg-verkauf-vermietung-und-verwaltung-von-immobilien/vorarlberg/?firmaid=dba376a3-d2b8-4adf-a7ad-bb41734f76d5&standortid=8&standortname=vorarlberg%20%28bundesland%29&suchbegriff=immobilienverwalter
donau realitäten gmbh,Donau Realitäten GmbH,Donau Realitäten GmbH,1,wien,1e23a379-588a-405e-949f-d259b662c6ac,Am Heumarkt 10 1030 Wien,http://www.donau-chemie.com/,http://www.donau-chemie.com/,office@donau-chemie.com,(01)%20711%2047-0,https://firmen.wko.at/donau-realit%c3%a4ten-gmbh/wien/?firmaid=1e23a379-588a-405e-949f-d259b662c6ac&standortid=1&standortname=wien%20%28bundesland%29&suchbegriff=immobilienverwalter
donau finanz treuhand und finanzierungsgesellschaft m b h,Donau-Finanz Treuhand- und Finanzierungsgesellschaft m.b.H.,Donau-Finanz Treuhand- und Finanzierungsgesellschaft m.b.H.,1,wien,7375968a-7aa3-4984-85b1-4ed90f4c44ce,Wallnerstraße 3/6 1010 Wien,,,,,https://firmen.wko.at/donau-finanz-treuhand-und-finanzierungsgesellschaft-mbh/wien/?firmaid=7375968a-7aa3-4984-85b1-4ed90f4c44ce&standortid=1&standortname=wien%20%28bundesland%29&suchbegriff=immobilienverwalter
doris etzelsdorfer,Doris Etzelsdorfer,Doris Etzelsdorfer,1,oberösterreich,7430ebb8-151d-45ae-af0f-13657d3f3932,Traungasse 25 4600 Wels,http://www.immobilien-fleck.at/,http://www.immobilien-fleck.at/,immobilien-fleck@aon.at,+43%207242%2046364 | +43%20664%205117799,https://firmen.wko.at/doris-etzelsdorfer-immobilien-fleck-etzelsdorfer/ober%c3%b6sterreich/?firmaid=7430ebb8-151d-45ae-af0f-13657d3f3932&standortid=3&standortname=ober%c3%b6sterreich%20%28bundesland%29&suchbegriff=immobilienverwalter
doris kohout,Doris Kohout,Doris Kohout,1,vorarlberg,c68cb7dc-5e20-4142-bcea-99fd2dfe635a,Schrammelgasse 7 6850 Dornbirn,,,doris.kohout@vol.at,,https://firmen.wko.at/doris-kohout/vorarlberg/?firmaid=c68cb7dc-5e20-4142-bcea-99fd2dfe635a&standortid=8&standortname=vorarlberg%20%28bundesland%29&suchbegriff=immobilienverwalter
doris machold,Doris Machold,Doris Machold,1,oberösterreich,37db277b-40d0-405f-83a0-cb706994ff25,Beethovenstraße 23 4020 Linz,http://www.machold-hausverwaltung.at/,http://www.machold-hausverwaltung.at/,dm@machold-hausverwaltung.at,0676/%209011480,https://firmen.wko.at/doris-machold/ober%c3%b6sterreich/?firmaid=37db277b-40d0-405f-83a0-cb706994ff25&standortid=3&standortname=ober%c3%b6sterreich%20%28bundesland%29&suchbegriff=immobilienverwalter
doschek immo og,Doschek Immo OG,Doschek Immo OG,1,wien,ed7f5d8a-7a9c-40f7-8bfd-07edc9306f8b,Hildebrandgasse 2/2/5 1180 Wien,,,,,https://firmen.wko.at/doschek-immo-og/wien/?firmaid=ed7f5d8a-7a9c-40f7-8bfd-07edc9306f8b&standortid=1&standortname=wien%20%28bundesland%29&suchbegriff=immobilienverwalter
dpl verwaltungs gmbh,DPL Verwaltungs GmbH,DPL Verwaltungs GmbH,1,niederösterreich,493f98de-1830-403d-a906-4a59275f0a15,Unterloiben 61 3601 Dürnstein,,,,,https://firmen.wko.at/dpl-verwaltungs-gmbh/nieder%c3%b6sterreich/?firmaid=493f98de-1830-403d-a906-4a59275f0a15&standortid=2&standortname=nieder%c3%b6sterreich%20%28bundesland%29&suchbegriff=immobilienverwalter
dppi immobilien gmbh,DPPI Immobilien GmbH,DPPI Immobilien GmbH,1,wien,280c91ba-e1dd-4653-adbb-234927fe3c0f,Taubstummengasse 6/1/5-6a 1040 Wien,,,,,https://firmen.wko.at/dppi-immobilien-gmbh/wien/?firmaid=280c91ba-e1dd-4653-adbb-234927fe3c0f&standortid=1&standortname=wien%20%28bundesland%29&suchbegriff=immobilienverwalter
dr alexander hörtlehner gebäudeverwaltungsgesellschaft m b h,Dr. Alexander Hörtlehner Gebäudeverwaltungsgesellschaft m.b.H.,Dr. Alexander Hörtlehner Gebäudeverwaltungsgesellschaft m.b.H.,1,wien,9df673e5-148c-4d7e-b4b7-0b9d92012a3f,Auhofstraße 78C/1 1130 Wien,,,hausverwaltung@warhanek.com,877%2093%2074-0,https://firmen.wko.at/dr-alexander-h%c3%b6rtlehner-geb%c3%a4udeverwaltungsgesellschaft-mbh/wien/?firmaid=9df673e5-148c-4d7e-b4b7-0b9d92012a3f&standortid=1&standortname=wien%20%28bundesland%29&suchbegriff=immobilienverwalter
dr alexandra gabriel realitätenvermittlungsgesellschaft m b h,Dr. Alexandra Gabriel Realitätenvermittlungsgesellschaft m.b.H.,Dr. Alexandra Gabriel Realitätenvermittlungsgesellschaft m.b.H.,1,wien,7de8210f-9a17-4b1c-9f20-198b66b1d921,Trattnerhof 2 1010 Wien,http://www.gabriel.at/,http://www.gabriel.at/,office@gabriel.at,+43(0)1%20533%2010%2096,https://firmen.wko.at/dr-alexandra-gabriel-realit%c3%a4tenvermittlungsgesellschaft-mbh/wien/?firmaid=7de8210f-9a17-4b1c-9f20-198b66b1d921&standortid=1&standortname=wien%20%28bundesland%29&suchbegriff=immobilienverwalter
dr andrea hinteregger,Dr. Andrea Hinteregger,Dr. Andrea Hinteregger,1,steiermark,d00a94f7-38c1-4267-bd41-be13019c08f8,Kerscheckstraße 23 8076 Vasoldsberg,http://www.hinteregger-real.at/,http://www.hinteregger-real.at/,office@hinteregger-real.at,+43%20(0)%20664%205227991,https://firmen.wko.at/dr-andrea-hinteregger-realit%c3%a4ten-dr-andrea-hinteregger/steiermark/?firmaid=d00a94f7-38c1-4267-bd41-be13019c08f8&standortid=5&standortname=steiermark%20%28bundesland%29&suchbegriff=immobilienverwalter
dr appl immobilientreuhand gmbh,Dr. Appl Immobilientreuhand GmbH,Dr. Appl Immobilientreuhand GmbH,1,wien,a817330c-da0a-4a7b-a9b0-7925d85e207d,"Wallensteinstraße 48, Tür 7 1200 Wien",,,,,https://firmen.wko.at/dr-appl-immobilientreuhand-gmbh/wien/?firmaid=a817330c-da0a-4a7b-a9b0-7925d85e207d&standortid=1&standortname=wien%20%28bundesland%29&suchbegriff=immobilienverwalter
dr böck immobilien treuhand gmbh,Dr. Böck Immobilien Treuhand GmbH,Dr. Böck Immobilien Treuhand GmbH,1,niederösterreich,5bd56d83-314d-441b-afad-d424823075f6,Kaiser Franz Joseph-Ring 16 2500 Baden,http://www.hausverwaltung-boeck.at/,http://www.hausverwaltung-boeck.at/,office@hausverwaltung-boeck.at,+43%20(0)%202252%2087%2052%2040,https://firmen.wko.at/dr-b%c3%b6ck-immobilien-treuhand-gmbh/nieder%c3%b6sterreich/?firmaid=5bd56d83-314d-441b-afad-d424823075f6&standortid=2&standortname=nieder%c3%b6sterreich%20%28bundesland%29&suchbegriff=immobilienverwalter
dr christine hauer immobilienverwaltung gmbh,Dr. Christine Hauer Immobilienverwaltung GmbH,Dr. Christine Hauer Immobilienverwaltung GmbH,1,wien,18968735-0f41-4fbf-8959-fa15c979f6cf,Salesianergasse 31 1030 Wien,,,,,https://firmen.wko.at/dr-christine-hauer-immobilienverwaltung-gmbh/wien/?firmaid=18968735-0f41-4fbf-8959-fa15c979f6cf&standortid=1&standortname=wien%20%28bundesland%29&suchbegriff=immobilienverwalter
dr denk immobilientreuhand kg,Dr. Denk Immobilientreuhand KG,Dr. Denk Immobilientreuhand KG,1,wien,085785a1-0ccc-43a9-a2e7-0d53ce3b715a,Schönbrunner Straße 88/11 1050 Wien,,,,,https://firmen.wko.at/dr-denk-immobilientreuhand-kg/wien/?firmaid=085785a1-0ccc-43a9-a2e7-0d53ce3b715a&standortid=1&standortname=wien%20%28bundesland%29&suchbegriff=immobilienverwalter
dr ehn immobilien gmbh,Dr. Ehn Immobilien GmbH,Dr. Ehn Immobilien GmbH,1,wien,8638cf41-c38a-4ccd-b93f-abbc324dcab3,Seilerstätte 28/8 1010 Wien,,,,,https://firmen.wko.at/dr-ehn-immobilien-gmbh/wien/?firmaid=8638cf41-c38a-4ccd-b93f-abbc324dcab3&standortid=1&standortname=wien%20%28bundesland%29&suchbegriff=immobilienverwalter
dr eric agstner,Dr. Eric Agstner,Dr. Eric Agstner,1,wien,5faa573f-e965-4440-b52c-0c8c271581f3,Tuchlauben 11 1010 Wien,http://www.agstner.at/,http://www.agstner.at/,office@agstner.at,+43%20(01)%20533%2026%2019%20-%200 | +43%20(0664)%20530%2084%2032,https://firmen.wko.at/dr-eric-agstner-ra-dr-eric-agstner/wien/?firmaid=5faa573f-e965-4440-b52c-0c8c271581f3&standortid=1&standortname=wien%20%28bundesland%29&suchbegriff=immobilienverwalter
dr eva maria kovats,Dr. Eva Maria Kovats,Dr. Eva Maria Kovats,1,wien,8b8e3c3d-7c0a-4ce1-97aa-6a8a410de36d,Nesselgasse 4/4 1170 Wien,,,ginschl@nextra.at,,https://firmen.wko.at/dr-eva-maria-kovats/wien/?firmaid=8b8e3c3d-7c0a-4ce1-97aa-6a8a410de36d&standortid=1&standortname=wien%20%28bundesland%29&suchbegriff=immobilienverwalter
dr frasl kg,Dr. Frasl KG,Dr. Frasl KG,1,wien,95afaae6-bdc2-4a8a-8131-9f58263e209f,Börseplatz 1/103 1010 Wien,,,,,https://firmen.wko.at/dr-frasl-kg/wien/?firmaid=95afaae6-bdc2-4a8a-8131-9f58263e209f&standortid=1&standortname=wien%20%28bundesland%29&suchbegriff=immobilienverwalter
dr friedrich noszek gmbh,Dr. Friedrich Noszek GmbH,Dr. Friedrich Noszek GmbH,2,niederösterreich | wien,7b661f1e-86d5-4fdc-b2ca-086810d968f6 | 4a74cc26-b0e1-46ed-b64a-5e1eff95313e,Schulgasse 33 2651 Reichenau an der Rax | Untere Viaduktgasse 51/10 1030 Wien,http://www.immo-noszek.at/,http://www.immo-noszek.at/,office@immo-noszek.at,+43%201%20713%2003%2008 | +436765043539,https://firmen.wko.at/dr-friedrich-noszek-gmbh/nieder%c3%b6sterreich/?firmaid=7b661f1e-86d5-4fdc-b2ca-086810d968f6&standortid=2&standortname=nieder%c3%b6sterreich%20%28bundesland%29&suchbegriff=immobilienverwalter
dr friedrich weinstabel,Dr. Friedrich Weinstabel,Dr. Friedrich Weinstabel,1,tirol,4bdd499b-2f41-4b9f-b79a-ab15cb2a16b9,Voglerweg 9 6410 Telfs,,,fritz.weinstabel@aon.at,0526262/64472,https://firmen.wko.at/dr-friedrich-weinstabel/tirol/?firmaid=4bdd499b-2f41-4b9f-b79a-ab15cb2a16b9&standortid=7&standortname=tirol%20%28bundesland%29&suchbegriff=immobilienverwalter
dr frowin kaar,Dr. Frowin Kaar,Dr. Frowin Kaar,1,steiermark,d9da2002-0bee-48e6-9362-609c6397c4ac,Marburger Straße 9 8160 Weiz,,,,,https://firmen.wko.at/dr-frowin-kaar/steiermark/?firmaid=d9da2002-0bee-48e6-9362-609c6397c4ac&standortid=5&standortname=steiermark%20%28bundesland%29&suchbegriff=immobilienverwalter
dr fuchsberger immobilienmanagement gmbh,Dr. Fuchsberger Immobilienmanagement GmbH,Dr. Fuchsberger Immobilienmanagement GmbH,1,kärnten,0d90ee27-3aa5-40e6-9d37-3995aa9ced10,"Rain 16, Tür 1 9130 Poggersdorf-Rain",,,,,https://firmen.wko.at/dr-fuchsberger-immobilienmanagement-gmbh/k%c3%a4rnten/?firmaid=0d90ee27-3aa5-40e6-9d37-3995aa9ced10&standortid=6&standortname=k%c3%a4rnten%20%28bundesland%29&suchbegriff=immobilienverwalter
dr gerhard otto freund,Dr. Gerhard Otto Freund,Dr. Gerhard Otto Freund,1,wien,1497d7b1-887d-4340-95b7-06b0b523f324,Jennerplatz 16 1130 Wien,,,,,https://firmen.wko.at/dr-gerhard-otto-freund/wien/?firmaid=1497d7b1-887d-4340-95b7-06b0b523f324&standortid=1&standortname=wien%20%28bundesland%29&suchbegriff=immobilienverwalter
dr gertraude steinlechner,Dr. Gertraude Steinlechner,Dr. Gertraude Steinlechner,1,oberösterreich,7b2ccc5f-6012-4320-a650-4ae66f9ff559,Eisenhandstraße 13 4020 Linz,,,,0732/782258 | 0664/3304316,https://firmen.wko.at/dr-gertraude-steinlechner/ober%c3%b6sterreich/?firmaid=7b2ccc5f-6012-4320-a650-4ae66f9ff559&standortid=3&standortname=ober%c3%b6sterreich%20%28bundesland%29&suchbegriff=immobilienverwalter
dr heinrich neukirchen gesellschaft m b h,Dr. Heinrich Neukirchen Gesellschaft m.b.H.,Dr. Heinrich Neukirchen Gesellschaft m.b.H.,1,wien,effe4a94-2d5c-4f6e-8ca9-65c90a42da39,Friedensgasse 2/6 1020 Wien,,,office@hvneukirchen.at,01/%2051292620,https://firmen.wko.at/dr-heinrich-neukirchen-gesellschaft-mbh-immobilienverwaltung/wien/?firmaid=effe4a94-2d5c-4f6e-8ca9-65c90a42da39&standortid=1&standortname=wien%20%28bundesland%29&suchbegriff=immobilienverwalter
dr helmuth schönbichler,Dr. Helmuth Schönbichler,Dr. Helmuth Schönbichler,1,tirol,56e8bac6-a6e9-4394-bb05-4e3d1b093290,Goethestraße 10 6020 Innsbruck,,,,,https://firmen.wko.at/dr-helmuth-sch%c3%b6nbichler/tirol/?firmaid=56e8bac6-a6e9-4394-bb05-4e3d1b093290&standortid=7&standortname=tirol%20%28bundesland%29&suchbegriff=immobilienverwalter
dr hermann immobilien gmbh,Dr. Hermann Immobilien GmbH,Dr. Hermann Immobilien GmbH,1,wien,7ea65716-7acb-40e2-a71a-16620d979532,Bauernmarkt 8/20 1010 Wien,,,,,https://firmen.wko.at/dr-hermann-immobilien-gmbh/wien/?firmaid=7ea65716-7acb-40e2-a71a-16620d979532&standortid=1&standortname=wien%20%28bundesland%29&suchbegriff=immobilienverwalter
dr ingeborg lang e u,Dr. Ingeborg Lang e.U.,Dr. Ingeborg Lang e.U.,1,wien,0c9dc526-862b-4c92-aeeb-06770a1935ea,Garbergasse 4 1060 Wien,,,,,https://firmen.wko.at/dr-ingeborg-lang-eu/wien/?firmaid=0c9dc526-862b-4c92-aeeb-06770a1935ea&standortid=1&standortname=wien%20%28bundesland%29&suchbegriff=immobilienverwalter
dr iur klemens braunisch,Dr. iur. Klemens Braunisch,Dr. iur. Klemens Braunisch,1,wien,55a793e2-31fb-434b-abd9-1481a8d155e4,Aslangasse 10/1 1190 Wien,http://www.reescd.at/,http://www.reescd.at/,office@reescd.at,+4319669100 | +43%20664%2010010%2066,https://firmen.wko.at/dr-iur-klemens-braunisch-immobilientreuh%c3%a4nder-immobilienmakler-immobilienverwalter/wien/?firmaid=55a793e2-31fb-434b-abd9-1481a8d155e4&standortid=1&standortname=wien%20%28bundesland%29&suchbegriff=immobilienverwalter
dr k u s grigkar immobilienverwaltungsgesellschaft m b h,Dr. K. u. S. Grigkar Immobilienverwaltungsgesellschaft m.b.H.,Dr. K. u. S. Grigkar Immobilienverwaltungsgesellschaft m.b.H.,1,wien,882c548f-81ac-45c9-8f54-615ba63ba278,Sickenberggasse 12 1190 Wien,,,office@grigkar.at,01/370%2022%2000,https://firmen.wko.at/dr-k-u-s-grigkar-immobilienverwaltungsgesellschaft-mbh/wien/?firmaid=882c548f-81ac-45c9-8f54-615ba63ba278&standortid=1&standortname=wien%20%28bundesland%29&suchbegriff=immobilienverwalter
dr klaus rainer,Dr. Klaus Rainer,Dr. Klaus Rainer,1,steiermark,d6f4cf8e-57d7-40e0-bafc-d275a811496b,Ettingshausengasse 1 8045 Graz,,,,,https://firmen.wko.at/dr-klaus-rainer/steiermark/?firmaid=d6f4cf8e-57d7-40e0-bafc-d275a811496b&standortid=5&standortname=steiermark%20%28bundesland%29&suchbegriff=immobilienverwalter
dr kohler und partner hausverwaltungs gmbh,Dr. Kohler und Partner Hausverwaltungs GmbH,Dr. Kohler und Partner Hausverwaltungs GmbH,1,wien,9c6862e9-6d2a-4ec2-a78b-d2e39d5eec61,Schönbrunner Straße 53 1050 Wien,,,,,https://firmen.wko.at/dr-kohler-und-partner-hausverwaltungs-gmbh/wien/?firmaid=9c6862e9-6d2a-4ec2-a78b-d2e39d5eec61&standortid=1&standortname=wien%20%28bundesland%29&suchbegriff=immobilienverwalter
dr konrad bergen immobilien gmbh,Dr. Konrad Bergen Immobilien GmbH,Dr. Konrad Bergen Immobilien GmbH,1,niederösterreich,8838e113-9cec-428b-9416-dc5d51fc141e,Greifensteinerweg 11 3422 Altenberg,,,,,https://firmen.wko.at/dr-konrad-bergen-immobilien-gmbh/nieder%c3%b6sterreich/?firmaid=8838e113-9cec-428b-9416-dc5d51fc141e&standortid=2&standortname=nieder%c3%b6sterreich%20%28bundesland%29&suchbegriff=immobilienverwalter
dr langeder immobilien nfg gmbh,Dr. Langeder Immobilien Nfg GmbH,Dr. Langeder Immobilien Nfg GmbH,1,niederösterreich,a697d1a5-b07e-4b42-988b-308c47b1ed95,Frauensteingasse 7 2340 Mödling,,,,,https://firmen.wko.at/dr-langeder-immobilien-nfg-gmbh/nieder%c3%b6sterreich/?firmaid=a697d1a5-b07e-4b42-988b-308c47b1ed95&standortid=2&standortname=nieder%c3%b6sterreich%20%28bundesland%29&suchbegriff=immobilienverwalter
dr martin schober immobilienverwaltung gmbh,Dr. Martin Schober Immobilienverwaltung GmbH,Dr. Martin Schober Immobilienverwaltung GmbH,1,niederösterreich,42161173-caf0-44f5-96e1-8e79f03c87d6,Hauptplatz 10 2700 Wiener Neustadt,,,,,https://firmen.wko.at/dr-martin-schober-immobilienverwaltung-gmbh/nieder%c3%b6sterreich/?firmaid=42161173-caf0-44f5-96e1-8e79f03c87d6&standortid=2&standortname=nieder%c3%b6sterreich%20%28bundesland%29&suchbegriff=immobilienverwalter
dr moll und punt ohg immobilienverwaltung ohg,"Dr. Moll & Punt OHG,Immobilienverwaltung OHG","Dr. Moll & Punt OHG,Immobilienverwaltung OHG",1,tirol,5b34dd7b-8a38-4831-8549-8130317b3fb2,Amraser Straße 63 6020 Innsbruck,http://www.mollundpunt.at/,http://www.mollundpunt.at/,immo@mollundpunt.at,0512-345586-0,https://firmen.wko.at/dr-moll-und-punt-ohgimmobilienverwaltung-ohg/tirol/?firmaid=5b34dd7b-8a38-4831-8549-8130317b3fb2&standortid=7&standortname=tirol%20%28bundesland%29&suchbegriff=immobilienverwalter
dr neller immobilien consulting gmbh,Dr. Neller Immobilien Consulting GmbH.,Dr. Neller Immobilien Consulting GmbH.,1,wien,7939cd49-5b8e-47d4-bb97-d5f73c1b0f92,Sommergasse 2 1190 Wien,http://www.neller-immo.at/,http://www.neller-immo.at/,office@neller-immo.at,+431317%2080%2000,https://firmen.wko.at/dr-neller-immobilien-consulting-gmbh/wien/?firmaid=7939cd49-5b8e-47d4-bb97-d5f73c1b0f92&standortid=1&standortname=wien%20%28bundesland%29&suchbegriff=immobilienverwalter
dr peter dirnbacher immobilientreuhand gmbh und co kg,Dr. Peter Dirnbacher Immobilientreuhand GmbH & Co KG,Dr. Peter Dirnbacher Immobilientreuhand GmbH & Co KG,1,wien,3fb133e5-3502-4017-9c5e-2fad723cd6a1,Fuhrmannsgasse 17 1080 Wien,,,,,https://firmen.wko.at/dr-peter-dirnbacher-immobilientreuhand-gmbh-und-co-kg/wien/?firmaid=3fb133e5-3502-4017-9c5e-2fad723cd6a1&standortid=1&standortname=wien%20%28bundesland%29&suchbegriff=immobilienverwalter
dr regina maria schedlberger,Dr. Regina Maria Schedlberger,Dr. Regina Maria Schedlberger,1,steiermark,109efa19-6542-4c3f-baf6-5a7b9a5521ba,Andritzer Reichsstraße 42 8045 Graz,,,,,https://firmen.wko.at/dr-regina-maria-schedlberger/steiermark/?firmaid=109efa19-6542-4c3f-baf6-5a7b9a5521ba&standortid=5&standortname=steiermark%20%28bundesland%29&suchbegriff=immobilienverwalter
dr robert semelmayer kg,Dr. Robert Semelmayer KG,Dr. Robert Semelmayer KG,1,wien,5b175b3d-2327-43ec-8b50-997291c31094,Invalidenstraße 7/3 1030 Wien,http://www.semelmayer.at/,http://www.semelmayer.at/,office@semelmayer.at,01/368%2035%2013-0,https://firmen.wko.at/dr-robert-semelmayer-kg/wien/?firmaid=5b175b3d-2327-43ec-8b50-997291c31094&standortid=1&standortname=wien%20%28bundesland%29&suchbegriff=immobilienverwalter
dr roell hausverwaltungs baubetreuungs und realitätengesellschaft m b h,"Dr. Roell Hausverwaltungs-, Baubetreuungs- und Realitätengesellschaft m.b.H.","Dr. Roell Hausverwaltungs-, Baubetreuungs- und Realitätengesellschaft m.b.H.",1,wien,497664fe-554f-422a-924a-2bd0e6ed3344,Bösendorferstraße 1 1010 Wien,http://www.roell.at/,http://www.roell.at/,verwaltung@roell.at,+43%20(1)%20505%2082%2060 | +43%20(0)%206991%20505%2082%2060,https://firmen.wko.at/dr-roell-hausverwaltungs-baubetreuungs-und-realit%c3%a4tengesellschaft-mbh/wien/?firmaid=497664fe-554f-422a-924a-2bd0e6ed3344&standortid=1&standortname=wien%20%28bundesland%29&suchbegriff=immobilienverwalter
dr rudolf galler immobilientreuhand gmbh,"Dr. Rudolf Galler, Immobilientreuhand GmbH","Dr. Rudolf Galler, Immobilientreuhand GmbH",1,steiermark,422ce999-4f5e-46a7-b105-5a7cd9b923c8,Humboldtstraße 30 8010 Graz,http://www.dr-galler.at/,http://www.dr-galler.at/,immo@dr-galler.at,0316/38%2049%2076,https://firmen.wko.at/dr-rudolf-galler-immobilientreuhand-gmbh/steiermark/?firmaid=422ce999-4f5e-46a7-b105-5a7cd9b923c8&standortid=5&standortname=steiermark%20%28bundesland%29&suchbegriff=immobilienverwalter
dr rudolf huber,Dr. Rudolf Huber,Dr. Rudolf Huber,1,wien,9c52ff0a-3a00-4d65-a139-61c5cc056157,Waldgasse 42/21 1100 Wien,,,,,https://firmen.wko.at/dr-rudolf-huber-immobilientreuh%c3%a4nder/wien/?firmaid=9c52ff0a-3a00-4d65-a139-61c5cc056157&standortid=1&standortname=wien%20%28bundesland%29&suchbegriff=immobilienverwalter
dr ulrich objektverwaltung gmbh,Dr. Ulrich Objektverwaltung GmbH,Dr. Ulrich Objektverwaltung GmbH,1,steiermark,b521e901-9d19-4fc1-b9fc-23269a9a6e06,Dürergasse 8 8010 Graz,,,hv@dui.at,+43%20(0)316-81%2090%2081,https://firmen.wko.at/dr-ulrich-objektverwaltung-gmbh/steiermark/?firmaid=b521e901-9d19-4fc1-b9fc-23269a9a6e06&standortid=5&standortname=steiermark%20%28bundesland%29&suchbegriff=immobilienverwalter
dr ursula pfaffenbichler,Dr. Ursula Pfaffenbichler,Dr. Ursula Pfaffenbichler,1,niederösterreich,4393a0c5-e3f9-42db-9584-50175cde7f50,Austinstraße 7 3107 St. Pölten,,,,,https://firmen.wko.at/dr-ursula-pfaffenbichler/nieder%c3%b6sterreich/?firmaid=4393a0c5-e3f9-42db-9584-50175cde7f50&standortid=2&standortname=nieder%c3%b6sterreich%20%28bundesland%29&suchbegriff=immobilienverwalter
dr wolfgang halm,Dr. Wolfgang Halm,Dr. Wolfgang Halm,1,wien,26eb05d9-dbdf-466e-be6c-09c68fe1636a,Berggasse 10/14 1090 Wien,,,wp@wp-drhalm.at,01/310%2041%2041,https://firmen.wko.at/dr-wolfgang-halm/wien/?firmaid=26eb05d9-dbdf-466e-be6c-09c68fe1636a&standortid=1&standortname=wien%20%28bundesland%29&suchbegriff=immobilienverwalter
dr gerlich co hausverwaltung und facility management gmbh,Dr.Gerlich + Co.Hausverwaltung & Facility Management GmbH,Dr.Gerlich + Co.Hausverwaltung & Facility Management GmbH,1,salzburg,219f42a8-a4f3-4f4e-9690-4e26dc00712f,Alpenstraße 48 5020 Salzburg,,,office@gerlich.at,0662/621%20215-0,https://firmen.wko.at/drgerlich-cohausverwaltung-und-facility-management-gmbh/salzburg/?firmaid=219f42a8-a4f3-4f4e-9690-4e26dc00712f&standortid=4&standortname=salzburg%20%28bundesland%29&suchbegriff=immobilienverwalter
dreiraum gmbh und co kg,Dreiraum GmbH & Co KG,Dreiraum GmbH & Co KG,1,burgenland,82af144b-3ed9-4d73-8131-8e8397d13ee8,Leithagasse 15 2473 Potzneusiedl,,,,,https://firmen.wko.at/dreiraum-gmbh-und-co-kg/burgenland/?firmaid=82af144b-3ed9-4d73-8131-8e8397d13ee8&standortid=9&standortname=burgenland%20%28bundesland%29&suchbegriff=immobilienverwalter
ds realtreuhand gmbh,DS Realtreuhand GmbH,DS Realtreuhand GmbH,1,niederösterreich,3207ce9e-891c-449f-964d-56432ca29601,Grenzgasse 2 2340 Mödling,http://www.ds-realtreuhand.at/,http://www.ds-realtreuhand.at/,office@ds-realtreuhand.at,+43%202236%2022378 | +43%20664%204510059,https://firmen.wko.at/ds-realtreuhand-gmbh-immobilienverwaltung-und-vermittlung/nieder%c3%b6sterreich/?firmaid=3207ce9e-891c-449f-964d-56432ca29601&standortid=2&standortname=nieder%c3%b6sterreich%20%28bundesland%29&suchbegriff=immobilienverwalter
dsg hausverwaltung gmbh,dsg Hausverwaltung GmbH,dsg Hausverwaltung GmbH,1,wien,bc5e8dc9-514d-4e44-88ea-0fc68bc933e3,Währinger Straße 24/6 1090 Wien,,,,,https://firmen.wko.at/dsg-hausverwaltung-gmbh/wien/?firmaid=bc5e8dc9-514d-4e44-88ea-0fc68bc933e3&standortid=1&standortname=wien%20%28bundesland%29&suchbegriff=immobilienverwalter
dutzler immobilien und verwaltung og,Dutzler Immobilien & Verwaltung OG,Dutzler Immobilien & Verwaltung OG,1,oberösterreich,49a7284c-a990-4386-8143-f57ef7eb0b0d,Klingschmiedgasse 6 4400 Steyr,,,office.dutzler@aon.at,,https://firmen.wko.at/dutzler-immobilien-und-verwaltung-og/ober%c3%b6sterreich/?firmaid=49a7284c-a990-4386-8143-f57ef7eb0b0d&standortid=3&standortname=ober%c3%b6sterreich%20%28bundesland%29&suchbegriff=immobilienverwalter
dwm hausverwaltung gmbh,DWM Hausverwaltung GmbH,DWM Hausverwaltung GmbH,1,wien,6032b3cf-d2df-4ec4-b457-ce7436015d3f,"Ocwirkgasse 7/2, Tür 8 1210 Wien",,,,,https://firmen.wko.at/dwm-hausverwaltung-gmbh/wien/?firmaid=6032b3cf-d2df-4ec4-b457-ce7436015d3f&standortid=1&standortname=wien%20%28bundesland%29&suchbegriff=immobilienverwalter
dämon holding gmbh,DÄMON Holding GmbH,DÄMON Holding GmbH,1,oberösterreich,766bea44-0c84-48f4-8131-b90f511160a2,Kindergartenstraße 3 4614 Marchtrenk,,,,,https://firmen.wko.at/d%c3%84mon-holding-gmbh/ober%c3%b6sterreich/?firmaid=766bea44-0c84-48f4-8131-b90f511160a2&standortid=3&standortname=ober%c3%b6sterreich%20%28bundesland%29&suchbegriff=immobilienverwalter
dörfler hausverwaltung gmbh,Dörfler Hausverwaltung GmbH,Dörfler Hausverwaltung GmbH,1,kärnten,ae9e8783-bd0e-4360-9a39-0e014e0b0f81,Kindergartenstraße 1 9560 Feldkirchen/Ktn.,http://www.doerfler-immobilien.at/,http://www.doerfler-immobilien.at/,feldkirchen@doerfler-immobilien.at,+43%204276%203493,https://firmen.wko.at/d%c3%b6rfler-hausverwaltung-gmbh/k%c3%a4rnten/?firmaid=ae9e8783-bd0e-4360-9a39-0e014e0b0f81&standortid=6&standortname=k%c3%a4rnten%20%28bundesland%29&suchbegriff=immobilienverwalter
e mittermann immobilien gmbh,E. Mittermann Immobilien GmbH,E. Mittermann Immobilien GmbH,1,wien,454cb949-8484-4ba7-932e-dbc45b1555ef,Weyrgasse 8/6 1030 Wien,,,,,https://firmen.wko.at/e-mittermann-immobilien-gmbh/wien/?firmaid=454cb949-8484-4ba7-932e-dbc45b1555ef&standortid=1&standortname=wien%20%28bundesland%29&suchbegriff=immobilienverwalter
e p real estate management gmbh,E.P. Real Estate Management GmbH,E.P. Real Estate Management GmbH,1,wien,f91ae941-45df-4a9b-9e74-3f4f3398d48b,Börsegasse 9/4 1010 Wien,,,,,https://firmen.wko.at/ep-real-estate-management-gmbh/wien/?firmaid=f91ae941-45df-4a9b-9e74-3f4f3398d48b&standortid=1&standortname=wien%20%28bundesland%29&suchbegriff=immobilienverwalter
ea gebäudeverwaltung gmbh,ea Gebäudeverwaltung gmbh,ea Gebäudeverwaltung gmbh,1,wien,fa794960-a077-4748-961d-1eb21223f410,Felix-Mottl-Straße 4 1190 Wien,,,ea.gebaeude@aon.at,01/%20369%201319,https://firmen.wko.at/ea-geb%c3%a4udeverwaltung-gmbh/wien/?firmaid=fa794960-a077-4748-961d-1eb21223f410&standortid=1&standortname=wien%20%28bundesland%29&suchbegriff=immobilienverwalter
eb immobilien invest gmbh,EB Immobilien Invest GmbH,EB Immobilien Invest GmbH,1,wien,8fdfc36d-9803-40f0-bd2a-73cfc210139c,Rathausstraße 1 1010 Wien,,,,,https://firmen.wko.at/eb-immobilien-invest-gmbh/wien/?firmaid=8fdfc36d-9803-40f0-bd2a-73cfc210139c&standortid=1&standortname=wien%20%28bundesland%29&suchbegriff=immobilienverwalter
ebo capital gmbh,EBO Capital GmbH,EBO Capital GmbH,1,wien,26968e91-1bd0-49a7-81bb-05251964e7c4,Hauslabgasse 2/11 1040 Wien,,,,,https://firmen.wko.at/ebo-capital-gmbh/wien/?firmaid=26968e91-1bd0-49a7-81bb-05251964e7c4&standortid=1&standortname=wien%20%28bundesland%29&suchbegriff=immobilienverwalter
ebster betriebsimmobilien service gmbh,Ebster Betriebsimmobilien Service GmbH,Ebster Betriebsimmobilien Service GmbH,1,salzburg,718fa9ca-e6e0-4665-b301-b432fd492b84,Hauptstraße 109 5302 Henndorf am Wallersee,,,,,https://firmen.wko.at/ebster-betriebsimmobilien-service-gmbh/salzburg/?firmaid=718fa9ca-e6e0-4665-b301-b432fd492b84&standortid=4&standortname=salzburg%20%28bundesland%29&suchbegriff=immobilienverwalter
ece projektmanagement austria gmbh,ECE Projektmanagement Austria GmbH,ECE Projektmanagement Austria GmbH,1,wien,84fa8cee-9437-4f81-8f45-464851c5f5c4,"Albertgasse 35, Tür 1 1080 Wien",,,,,https://firmen.wko.at/ece-projektmanagement-austria-gmbh/wien/?firmaid=84fa8cee-9437-4f81-8f45-464851c5f5c4&standortid=1&standortname=wien%20%28bundesland%29&suchbegriff=immobilienverwalter
eco immobilientreuhand gmbh,ECO Immobilientreuhand GmbH,ECO Immobilientreuhand GmbH,1,wien,26ba4b05-4048-4d4e-a088-0f1907884802,Martinstraße 81 1180 Wien,,,office@eco-immobilien.at,01/402%2052%2011-0,https://firmen.wko.at/eco-immobilientreuhand-gmbh/wien/?firmaid=26ba4b05-4048-4d4e-a088-0f1907884802&standortid=1&standortname=wien%20%28bundesland%29&suchbegriff=immobilienverwalter
eco invest vermögensverwaltungs und beteiligungs gmbh,ECO INVEST Vermögensverwaltungs- und Beteiligungs GmbH,ECO INVEST Vermögensverwaltungs- und Beteiligungs GmbH,1,kärnten,2f4990d6-f046-4bf4-89af-9280214cc87c,Völkermarkter Ring 1 9020 Klagenfurt am Wörthersee,,,,,https://firmen.wko.at/eco-invest-verm%c3%b6gensverwaltungs-und-beteiligungs-gmbh/k%c3%a4rnten/?firmaid=2f4990d6-f046-4bf4-89af-9280214cc87c&standortid=6&standortname=k%c3%a4rnten%20%28bundesland%29&suchbegriff=immobilienverwalter
edr immobilienverwaltung gmbh,EDR Immobilienverwaltung GmbH,EDR Immobilienverwaltung GmbH,1,wien,6e63db4d-8207-4c0d-a761-b293517eb95c,Nußberggasse 8A 1190 Wien,http://www.edr.or.at/,http://www.edr.or.at/,edr.immobilienverwaltungGmbH@inode.at,+43(0)15132601,https://firmen.wko.at/edr-immobilienverwaltung-gmbh/wien/?firmaid=6e63db4d-8207-4c0d-a761-b293517eb95c&standortid=1&standortname=wien%20%28bundesland%29&suchbegriff=immobilienverwalter
eduard pallavicini,Eduard Pallavicini,Eduard Pallavicini,1,wien,812e13ec-47da-41e5-bcd0-86e09d2d9fea,Josefsplatz 5 1010 Wien,,,,,https://firmen.wko.at/eduard-pallavicini/wien/?firmaid=812e13ec-47da-41e5-bcd0-86e09d2d9fea&standortid=1&standortname=wien%20%28bundesland%29&suchbegriff=immobilienverwalter
eduard precht,Eduard Precht,Eduard Precht,1,wien,bdea2098-8469-4994-9282-3e89458a0d3c,Mandlgasse 33/20 1120 Wien,,,prechtre@gmail.com,+%2043%20%20(664)%20%202380241,https://firmen.wko.at/eduard-precht-real-estate-manager/wien/?firmaid=bdea2098-8469-4994-9282-3e89458a0d3c&standortid=1&standortname=wien%20%28bundesland%29&suchbegriff=immobilienverwalter
egger estate management gmbh,Egger Estate Management GmbH,Egger Estate Management GmbH,1,oberösterreich,6b5e89bd-ac2d-41fb-b8e3-47446cfc9a51,Badgasse 4 4910 Ried im Innkreis,https://www.eggerem.at/,https://www.eggerem.at/,office@eggerem.at,+436643982811,https://firmen.wko.at/egger-estate-management-gmbh-immobilientreuh%c3%a4nder/ober%c3%b6sterreich/?firmaid=6b5e89bd-ac2d-41fb-b8e3-47446cfc9a51&standortid=3&standortname=ober%c3%b6sterreich%20%28bundesland%29&suchbegriff=immobilienverwalter
egp immoconsult gmbh,EGP Immoconsult GmbH,EGP Immoconsult GmbH,1,burgenland,7c6e6f17-3b8f-43ee-bff2-2c7573db4139,Triftgasse 3 7021 Draßburg,,,,,https://firmen.wko.at/egp-immoconsult-gmbh/burgenland/?firmaid=7c6e6f17-3b8f-43ee-bff2-2c7573db4139&standortid=9&standortname=burgenland%20%28bundesland%29&suchbegriff=immobilienverwalter
ehrlich immobilien gmbh,EHRLICH Immobilien GmbH,EHRLICH Immobilien GmbH,1,wien,c63444b2-e8f1-4517-879f-2a9d8f0d971f,Nestroygasse (Penzing) 4 1140 Wien,,,,,https://firmen.wko.at/ehrlich-immobilien-gmbh/wien/?firmaid=c63444b2-e8f1-4517-879f-2a9d8f0d971f&standortid=1&standortname=wien%20%28bundesland%29&suchbegriff=immobilienverwalter
eigentum immobilienverwaltungs gesellschaft m b h,Eigentum Immobilienverwaltungs Gesellschaft m.b.H.,Eigentum Immobilienverwaltungs Gesellschaft m.b.H.,1,wien,23d450ea-af04-4dde-b3d6-701d42e69b92,Dresdner Straße 68/2/3+4 1200 Wien,http://www.eiv.at/,http://www.eiv.at/,ursula.apollonio@eiv.at,+43%201%20811%2019%20-%20216,https://firmen.wko.at/eigentum-immobilienverwaltungs-gesellschaft-mbh/wien/?firmaid=23d450ea-af04-4dde-b3d6-701d42e69b92&standortid=1&standortname=wien%20%28bundesland%29&suchbegriff=immobilienverwalter
einsimmo gmbh,einsimmo GmbH,einsimmo GmbH,1,burgenland,8998d22f-782d-47bc-a327-bb60bfbc78eb,Ruster Straße 62 7000 Eisenstadt,,,,,https://firmen.wko.at/einsimmo-gmbh/burgenland/?firmaid=8998d22f-782d-47bc-a327-bb60bfbc78eb&standortid=9&standortname=burgenland%20%28bundesland%29&suchbegriff=immobilienverwalter
eiv hausverwaltungs gmbh,EIV Hausverwaltungs GmbH,EIV Hausverwaltungs GmbH,1,oberösterreich,eefe8610-4a13-42eb-8e97-1f0b4444a113,Landstraße 10 4020 Linz,,,,,https://firmen.wko.at/eiv-hausverwaltungs-gmbh/ober%c3%b6sterreich/?firmaid=eefe8610-4a13-42eb-8e97-1f0b4444a113&standortid=3&standortname=ober%c3%b6sterreich%20%28bundesland%29&suchbegriff=immobilienverwalter
eko immobilien verwaltungs u vermittlungsgesellschaft m b h,EKO Immobilien Verwaltungs- u. Vermittlungsgesellschaft m.b.H.,EKO Immobilien Verwaltungs- u. Vermittlungsgesellschaft m.b.H.,2,burgenland | wien,58d55786-83b1-4c35-b5fa-319c8fcdea06 | dfef9fda-43a2-463c-9267-3b3a2aad5245,Herrschaftsweg 4 7551 Stegersbach | Wimbergergasse 30/3 1070 Wien,,,office@eko-immobilien.at,+43%2001%20214%2038%2083-0,https://firmen.wko.at/eko-immobilien-verwaltungs-u-vermittlungsgesellschaft-mbh/burgenland/?firmaid=58d55786-83b1-4c35-b5fa-319c8fcdea06&standortid=9&standortname=burgenland%20%28bundesland%29&suchbegriff=immobilienverwalter
ekz immobilienmanagement gmbh,EKZ Immobilienmanagement GmbH,EKZ Immobilienmanagement GmbH,1,niederösterreich,f4fea2cd-7a44-4d42-8832-7ccd56bfcd15,Makronweg 1 3580 St. Bernhard-Frauenhofen,,,,,https://firmen.wko.at/ekz-immobilienmanagement-gmbh/nieder%c3%b6sterreich/?firmaid=f4fea2cd-7a44-4d42-8832-7ccd56bfcd15&standortid=2&standortname=nieder%c3%b6sterreich%20%28bundesland%29&suchbegriff=immobilienverwalter
el immobilienverwaltung gmbh,EL Immobilienverwaltung GmbH,EL Immobilienverwaltung GmbH,1,salzburg,77122eb8-fe2d-4e6f-a8c3-ff89c5cae843,Hauptstraße 21 5600 St.Johann/Pongau,,,,,https://firmen.wko.at/el-immobilienverwaltung-gmbh/salzburg/?firmaid=77122eb8-fe2d-4e6f-a8c3-ff89c5cae843&standortid=4&standortname=salzburg%20%28bundesland%29&suchbegriff=immobilienverwalter
elag immobilien ag,ELAG Immobilien AG,ELAG Immobilien AG,1,oberösterreich,966773de-671d-40f1-9f17-656c8aef7639,Hafnerstraße 11 4020 Linz,https://www.elag.at/,https://www.elag.at/,office@elag.at,+43%20(0)732%20604138-0,https://firmen.wko.at/elag-immobilien-ag/ober%c3%b6sterreich/?firmaid=966773de-671d-40f1-9f17-656c8aef7639&standortid=3&standortname=ober%c3%b6sterreich%20%28bundesland%29&suchbegriff=immobilienverwalter
eleon immobilien management e u,Eleon Immobilien Management e.U.,Eleon Immobilien Management e.U.,1,oberösterreich,80f60150-1d5b-4f1d-ac47-2269660639f8,Linzerberg 5 4209 Engerwitzdorf,https://eleon.at/,https://eleon.at/,office@eleon.at,+43%20660%205524527,https://firmen.wko.at/eleon-immobilien-management-eu/ober%c3%b6sterreich/?firmaid=80f60150-1d5b-4f1d-ac47-2269660639f8&standortid=3&standortname=ober%c3%b6sterreich%20%28bundesland%29&suchbegriff=immobilienverwalter
elfriede erlach,Elfriede Erlach,Elfriede Erlach,1,wien,12d9dba0-75bb-4117-aec2-08de1e14b98a,Schmelzgasse 3 1020 Wien,http://www.hverlach.at/,http://www.hverlach.at/,kanzlei@hverlach.at,+43%2012166656,https://firmen.wko.at/elfriede-erlach/wien/?firmaid=12d9dba0-75bb-4117-aec2-08de1e14b98a&standortid=1&standortname=wien%20%28bundesland%29&suchbegriff=immobilienverwalter
elfriede rössner verwaltung und vermittlung von immobilien gmbh,Elfriede Rössner Verwaltung und Vermittlung von Immobilien GmbH,Elfriede Rössner Verwaltung und Vermittlung von Immobilien GmbH,1,wien,f81cac1f-0b75-41d3-8bb1-5ebc7d88d259,Kienmayergasse 19 1140 Wien,,,m.miel@roessner.at,01/982%2072%2010-0,https://firmen.wko.at/elfriede-r%c3%b6ssner-verwaltung-und-vermittlung-von-immobilien-gmbh/wien/?firmaid=f81cac1f-0b75-41d3-8bb1-5ebc7d88d259&standortid=1&standortname=wien%20%28bundesland%29&suchbegriff=immobilienverwalter
elisabeth anna drack m b a,"Elisabeth Anna Drack, M.B.A.","Elisabeth Anna Drack, M.B.A.",1,salzburg,48da325e-a86e-41fd-8dfc-a7599d44a35f,Baderstraße 8 5620 Schwarzach im Pongau,,,e.drack@sbg.at,06642520755,https://firmen.wko.at/elisabeth-anna-drack-mba/salzburg/?firmaid=48da325e-a86e-41fd-8dfc-a7599d44a35f&standortid=4&standortname=salzburg%20%28bundesland%29&suchbegriff=immobilienverwalter
elisabeth margaretha wallner,Elisabeth Margaretha Wallner,Elisabeth Margaretha Wallner,1,oberösterreich,e19e3d63-d019-4147-8ba9-07634c987c2e,Haratzmüllerstr. 27 4400 Steyr,,,e.m.wallner@aon.at,07252/47301 | 0664/5853349,https://firmen.wko.at/elisabeth-margaretha-wallner/ober%c3%b6sterreich/?firmaid=e19e3d63-d019-4147-8ba9-07634c987c2e&standortid=3&standortname=ober%c3%b6sterreich%20%28bundesland%29&suchbegriff=immobilienverwalter
elisabeth pigel,Elisabeth Pigel,Elisabeth Pigel,1,wien,7f071aca-0348-4297-bf93-3b59ed09116a,Kirchengasse (Neubau) 43/6 1070 Wien,,,office@pigel.at,15237292,https://firmen.wko.at/elisabeth-pigel/wien/?firmaid=7f071aca-0348-4297-bf93-3b59ed09116a&standortid=1&standortname=wien%20%28bundesland%29&suchbegriff=immobilienverwalter
epi erich podstatny e u,EPI Erich Podstatny e.U.,EPI Erich Podstatny e.U.,2,wien,08e84160-a626-4cd5-942a-3180de9fce39 | e6662a70-8da2-45e0-b8ec-51e48f18f297,Apollogasse 3/204 1070 Wien | Windmühlgasse 15/1/4 1060 Wien,http://www.epi.co.at/,http://www.epi.co.at/,office@epi.co.at,0699/20212223,https://firmen.wko.at/epi-erich-podstatny-eu-ep-immobilientreuhand/wien/?firmaid=08e84160-a626-4cd5-942a-3180de9fce39&standortid=1&standortname=wien%20%28bundesland%29&suchbegriff=immobilienverwalter
eq hospitality gmbh,EQ Hospitality GmbH,EQ Hospitality GmbH,1,wien,5ca5e86b-9450-4382-b927-8c44a2ceaddc,"Am grünen Prater 13, Tür 1 1020 Wien",,,,,https://firmen.wko.at/eq-hospitality-gmbh/wien/?firmaid=5ca5e86b-9450-4382-b927-8c44a2ceaddc&standortid=1&standortname=wien%20%28bundesland%29&suchbegriff=immobilienverwalter
equilibria immobilien flexco,Equilibria Immobilien FlexCo,Equilibria Immobilien FlexCo,1,wien,b0938271-586c-4c21-b4ac-3a7c14ae1a00,"Am grünen Prater 13, Tür 1 1020 Wien",,,,,https://firmen.wko.at/equilibria-immobilien-flexco/wien/?firmaid=b0938271-586c-4c21-b4ac-3a7c14ae1a00&standortid=1&standortname=wien%20%28bundesland%29&suchbegriff=immobilienverwalter
ergotec entwicklungs und anlagenberatungs g m b h,ERGOTEC Entwicklungs- & Anlagenberatungs G.m.b.H.,ERGOTEC Entwicklungs- & Anlagenberatungs G.m.b.H.,1,kärnten,b2d43aff-53e4-4435-aaa1-8e3c3a717018,Bahnhofstraße 6 9020 Klagenfurt am Wörthersee,,,,,https://firmen.wko.at/ergotec-entwicklungs-und-anlagenberatungs-gmbh/k%c3%a4rnten/?firmaid=b2d43aff-53e4-4435-aaa1-8e3c3a717018&standortid=6&standortname=k%c3%a4rnten%20%28bundesland%29&suchbegriff=immobilienverwalter
erich rist gesellschaft m b h,Erich Rist Gesellschaft m.b.H.,Erich Rist Gesellschaft m.b.H.,1,wien,afd6a9ec-e079-4898-906c-b893de24ba00,01 310 94 95 0676 424 84 04,http://iws-rist.at/,http://iws-rist.at/,office@iws-rist.at,01%20310%2094%2095 | 0676%20424%2084%2004,https://firmen.wko.at/erich-rist-gesellschaft-mbh-institut-f%c3%9cr-wirtschaftsservice/wien/?firmaid=afd6a9ec-e079-4898-906c-b893de24ba00&standortid=1&standortname=wien%20%28bundesland%29&suchbegriff=immobilienverwalter
erna pirkner,Erna Pirkner,Erna Pirkner,1,wien,23543386-cc0d-456e-b70c-0bf80ee52aba,Förstergasse 8/26 1020 Wien,,,erna.pirkner@aon.at,01/330%2076%2066,https://firmen.wko.at/erna-pirkner/wien/?firmaid=23543386-cc0d-456e-b70c-0bf80ee52aba&standortid=1&standortname=wien%20%28bundesland%29&suchbegriff=immobilienverwalter
ernestine zickler immobilienverwaltung und makler e u,Ernestine Zickler Immobilienverwaltung und Makler e.U.,Ernestine Zickler Immobilienverwaltung und Makler e.U.,1,wien,2e1ad657-ecdf-45fc-b002-1ba1d7581391,Währinger Straße 112 1180 Wien,,,office@zickler.co.at,+431470%2076%2061,https://firmen.wko.at/ernestine-zickler-immobilienverwaltung-und-makler-eu-immobilienverwaltung/wien/?firmaid=2e1ad657-ecdf-45fc-b002-1ba1d7581391&standortid=1&standortname=wien%20%28bundesland%29&suchbegriff=immobilienverwalter
ernst karl plech,Ernst Karl Plech,Ernst Karl Plech,1,wien,e2ac4bad-886b-4c4f-a506-58110282e28a,"Trattnerhof 2, (Graben 29 A) 1010 Wien",http://www.plech.at/,http://www.plech.at/,office@plech.at,533%2080%2013,https://firmen.wko.at/ernst-karl-plech/wien/?firmaid=e2ac4bad-886b-4c4f-a506-58110282e28a&standortid=1&standortname=wien%20%28bundesland%29&suchbegriff=immobilienverwalter
ernst kirchweger,Ernst Kirchweger,Ernst Kirchweger,1,niederösterreich,63275466-5736-4bd5-9624-f59dba408670,0222 8692250,,,,0222%20%208692250,https://firmen.wko.at/ernst-kirchweger/nieder%c3%b6sterreich/?firmaid=63275466-5736-4bd5-9624-f59dba408670&standortid=2&standortname=nieder%c3%b6sterreich%20%28bundesland%29&suchbegriff=immobilienverwalter
erra gmbh,ERRA GmbH,ERRA GmbH,1,wien,d206a187-1fce-4d1c-abec-2078dedcf4a0,Währinger Straße 67 1090 Wien,,,,,https://firmen.wko.at/erra-gmbh/wien/?firmaid=d206a187-1fce-4d1c-abec-2078dedcf4a0&standortid=1&standortname=wien%20%28bundesland%29&suchbegriff=immobilienverwalter
erste group immorent gmbh,Erste Group Immorent GmbH,Erste Group Immorent GmbH,1,wien,fdce4001-db8e-4abe-bca3-5b26a315c7dd,Am Belvedere 1 1100 Wien,https://www.erstegroupimmorent.com/,https://www.erstegroupimmorent.com/,office.wien@immorent.com,05010027000,https://firmen.wko.at/erste-group-immorent-gmbh-erste-group-immorent-gmbh/wien/?firmaid=fdce4001-db8e-4abe-bca3-5b26a315c7dd&standortid=1&standortname=wien%20%28bundesland%29&suchbegriff=immobilienverwalter
essam faltas,Essam Faltas,Essam Faltas,1,wien,a3316f89-b751-4fef-8920-4c4d98099c41,Gentzgasse 22-24/4/1 1180 Wien,http://www.faltas.at/,http://www.faltas.at/,office@faltas.at,+43%201%20470%2088%208811 | +43%20660%20404%2066%2095,https://firmen.wko.at/essam-faltas-faltas-consulting/wien/?firmaid=a3316f89-b751-4fef-8920-4c4d98099c41&standortid=1&standortname=wien%20%28bundesland%29&suchbegriff=immobilienverwalter
eureal realitäten gesellschaft m b h,EUREAL Realitäten-Gesellschaft m.b.H.,EUREAL Realitäten-Gesellschaft m.b.H.,1,salzburg,05b968f5-409c-497e-a361-de56921403bc,Ginzkeyplatz 11 5020 Salzburg,,,hausverwaltung@eureal.net,0662/621%20380,https://firmen.wko.at/eureal-realit%c3%a4ten-gesellschaft-mbh-eureal-realit%c3%84ten-gesmbh/salzburg/?firmaid=05b968f5-409c-497e-a361-de56921403bc&standortid=4&standortname=salzburg%20%28bundesland%29&suchbegriff=immobilienverwalter
europe holding investing managing und participating gmbh,"Europe Holding Investing, Managing & Participating GmbH","Europe Holding Investing, Managing & Participating GmbH",1,wien,00d7539c-8d3b-48e6-9061-91f58f9541d3,Leo-Mathauser-Gasse 66/5 1230 Wien,http://www.europe-holding.eu/,http://www.europe-holding.eu/,e.holding@europe-holding.eu,+43%201%208901571%2010,https://firmen.wko.at/europe-holding-investing-managing-und-participating-gmbh-europe-holding-gmbh/wien/?firmaid=00d7539c-8d3b-48e6-9061-91f58f9541d3&standortid=1&standortname=wien%20%28bundesland%29&suchbegriff=immobilienverwalter
europe plan architects engineers und experts gmbh,"Europe Plan Architects, Engineers & Experts GmbH","Europe Plan Architects, Engineers & Experts GmbH",1,wien,38275252-5cdd-4d3c-b692-612860c0ad85,"Leo-Mathauser-Gasse 66, Tür 5 1230 Wien",http://www.europe-plan.eu/,http://www.europe-plan.eu/,e.plan@europe-plan.eu,+43%201%20890157130 | +43%20664%202532515,https://firmen.wko.at/europe-plan-architects-engineers-und-experts-gmbh-europe-plan-gmbh/wien/?firmaid=38275252-5cdd-4d3c-b692-612860c0ad85&standortid=1&standortname=wien%20%28bundesland%29&suchbegriff=immobilienverwalter
europe real consulting developing und marketing gmbh,"Europe Real Consulting, Developing & Marketing GmbH","Europe Real Consulting, Developing & Marketing GmbH",1,wien,e338fdc4-c57b-4642-b9dc-f02ea7226a42,Leo-Mathauser-Gasse 66/5 1230 Wien,http://www.europe-real.eu/,http://www.europe-real.eu/,e.real@europe-real.eu,+43%201%208901571%2020 | +43%20664%202532515,https://firmen.wko.at/europe-real-consulting-developing-und-marketing-gmbh-alles-rund-um-die-bauten-und-immobilien/wien/?firmaid=e338fdc4-c57b-4642-b9dc-f02ea7226a42&standortid=1&standortname=wien%20%28bundesland%29&suchbegriff=immobilienverwalter
eva bretterklieber msc,"Eva Bretterklieber, MSc","Eva Bretterklieber, MSc",1,steiermark,493f32da-8e59-4313-a250-06943c0a84b3,Am Laternenhang 5 8046 Stattegg,,,,,https://firmen.wko.at/eva-bretterklieber-msc/steiermark/?firmaid=493f32da-8e59-4313-a250-06943c0a84b3&standortid=5&standortname=steiermark%20%28bundesland%29&suchbegriff=immobilienverwalter
eva stiermayr,Eva Stiermayr,Eva Stiermayr,1,wien,f75709fe-cf1f-4409-9ca0-6c29a9266a3c,Schellinggasse 6/7 1010 Wien,,,,0664/301%2042%2007,https://firmen.wko.at/eva-stiermayr/wien/?firmaid=f75709fe-cf1f-4409-9ca0-6c29a9266a3c&standortid=1&standortname=wien%20%28bundesland%29&suchbegriff=immobilienverwalter
evd asset management gmbh,EVD Asset Management GmbH,EVD Asset Management GmbH,1,niederösterreich,11264743-28b4-430f-82fa-754e7a3b88db,Gabrielerstraße 58 2344 Maria Enzersdorf,,,,,https://firmen.wko.at/evd-asset-management-gmbh/nieder%c3%b6sterreich/?firmaid=11264743-28b4-430f-82fa-754e7a3b88db&standortid=2&standortname=nieder%c3%b6sterreich%20%28bundesland%29&suchbegriff=immobilienverwalter
ewald roschka gesellschaft m b h,Ewald Roschka Gesellschaft m.b.H.,Ewald Roschka Gesellschaft m.b.H.,1,wien,ce1c246f-cee6-4e2b-922c-8bffd9824675,"Witthauergasse 29, Tür 6 1180 Wien",,,roschka@chello.at,01%20214%2002%2011-0,https://firmen.wko.at/ewald-roschka-gesellschaft-mbh/wien/?firmaid=ce1c246f-cee6-4e2b-922c-8bffd9824675&standortid=1&standortname=wien%20%28bundesland%29&suchbegriff=immobilienverwalter
ewalt gerersdorfer,Ewalt Gerersdorfer,Ewalt Gerersdorfer,1,wien,12dd57f8-924f-4476-8b2f-00c8b0bf0b6b,Ettenreichgasse 9/13 1100 Wien,,,immobilien@gerersdorfer.com,01/604%2035%2076,https://firmen.wko.at/ewalt-gerersdorfer/wien/?firmaid=12dd57f8-924f-4476-8b2f-00c8b0bf0b6b&standortid=1&standortname=wien%20%28bundesland%29&suchbegriff=immobilienverwalter
ewd management gmbh,EWD Management GmbH,EWD Management GmbH,1,niederösterreich,b97ad177-6715-469d-ac16-3939d459050f,Palmersstraße 6-8 2351 Wiener Neudorf,,,,,https://firmen.wko.at/ewd-management-gmbh/nieder%c3%b6sterreich/?firmaid=b97ad177-6715-469d-ac16-3939d459050f&standortid=2&standortname=nieder%c3%b6sterreich%20%28bundesland%29&suchbegriff=immobilienverwalter
f und s real estate solutions gmbh,F & S Real Estate Solutions GmbH,F & S Real Estate Solutions GmbH,4,niederösterreich | salzburg | wien,584b13f5-dd0c-4772-8e8e-4b944cf50894 | 063047aa-4f42-47ca-80a6-c5d7dd82a464 | 1115f6ab-3c21-4087-9682-4d44a82600ee | 0a6d9a42-adce-48d9-81f0-f626bf33b640,Gewerbegebiet Nord 5 5204 Straßwalchen | Reichsstraße 22 2401 Fischamend | Hofer Straße 1 3382 Loosdorf | Warneckestraße 10 1110 Wien,,,,,https://firmen.wko.at/f-und-s-real-estate-solutions-gmbh/salzburg/?firmaid=584b13f5-dd0c-4772-8e8e-4b944cf50894&standortid=4&standortname=salzburg%20%28bundesland%29&suchbegriff=immobilienverwalter
f und i verwaltungs gmbh,F&I Verwaltungs GmbH,F&I Verwaltungs GmbH,1,oberösterreich,9b4b597a-2b55-4fd2-b3f1-2d3c6b3af3e5,Ebelsberger Schloßweg 7 4030 Linz,,,,,https://firmen.wko.at/fundi-verwaltungs-gmbh/ober%c3%b6sterreich/?firmaid=9b4b597a-2b55-4fd2-b3f1-2d3c6b3af3e5&standortid=3&standortname=ober%c3%b6sterreich%20%28bundesland%29&suchbegriff=immobilienverwalter
f hausverwaltung gmbh,f-hausverwaltung GmbH,f-hausverwaltung GmbH,1,oberösterreich,0cc40489-ff10-46ff-ad7d-71a65686e694,Bad Mühllacken 39 4101 Feldkirchen an der Donau,,,,,https://firmen.wko.at/f-hausverwaltung-gmbh/ober%c3%b6sterreich/?firmaid=0cc40489-ff10-46ff-ad7d-71a65686e694&standortid=3&standortname=ober%c3%b6sterreich%20%28bundesland%29&suchbegriff=immobilienverwalter
f a m realitäten gesellschaft m b h,F.A.M. Realitäten Gesellschaft m.b.H.,F.A.M. Realitäten Gesellschaft m.b.H.,1,steiermark,84714612-239b-43ac-8107-c417b2893d83,Lastenstraße 11 8020 Graz,,,,,https://firmen.wko.at/fam-realit%c3%a4ten-gesellschaft-mbh/steiermark/?firmaid=84714612-239b-43ac-8107-c417b2893d83&standortid=5&standortname=steiermark%20%28bundesland%29&suchbegriff=immobilienverwalter
f m hämmerle holding ag,F.M. Hämmerle Holding AG,F.M. Hämmerle Holding AG,1,vorarlberg,96257b7f-8993-4b3b-aceb-5d7a91638b83,Steinebach 18 6850 Dornbirn,,,b.blodnig@fmh.at,05572/339%2031,https://firmen.wko.at/fm-h%c3%a4mmerle-holding-ag/vorarlberg/?firmaid=96257b7f-8993-4b3b-aceb-5d7a91638b83&standortid=8&standortname=vorarlberg%20%28bundesland%29&suchbegriff=immobilienverwalter
fabularis immobilien management gmbh,FABULARIS Immobilien Management GmbH,FABULARIS Immobilien Management GmbH,1,wien,9e16fc56-d20c-48fb-991a-5924f1a7e083,Wipplingerstraße 1/2.OG 1010 Wien,,,,,https://firmen.wko.at/fabularis-immobilien-management-gmbh/wien/?firmaid=9e16fc56-d20c-48fb-991a-5924f1a7e083&standortid=1&standortname=wien%20%28bundesland%29&suchbegriff=immobilienverwalter
fachhochschul errichtungs und betriebs gmbh,Fachhochschul Errichtungs- und Betriebs GmbH,Fachhochschul Errichtungs- und Betriebs GmbH,1,tirol,d93335dc-7a4b-47d8-9557-556cf682d4b2,Andreas-Hofer-Straße 7 6330 Kufstein,,,,,https://firmen.wko.at/fachhochschul-errichtungs-und-betriebs-gmbh/tirol/?firmaid=d93335dc-7a4b-47d8-9557-556cf682d4b2&standortid=7&standortname=tirol%20%28bundesland%29&suchbegriff=immobilienverwalter
facima immobilien management gmbh,Facima Immobilien Management GmbH,Facima Immobilien Management GmbH,1,tirol,662eb709-dc67-45a3-a856-5314149c01e8,Eduard-Bodem-Gasse 1 6020 Innsbruck,http://www.facima.at/,http://www.facima.at/,office@facima.at,+43%20(0)512%20279270 | +43%20(0)664%20922%2018%2001,https://firmen.wko.at/facima-immobilien-management-gmbh/tirol/?firmaid=662eb709-dc67-45a3-a856-5314149c01e8&standortid=7&standortname=tirol%20%28bundesland%29&suchbegriff=immobilienverwalter
fair immobilientreuhand gmbh und co kg,FAIR Immobilientreuhand GmbH & Co KG,FAIR Immobilientreuhand GmbH & Co KG,1,steiermark,6b402771-79d5-46e2-a67a-ab7671f118f3,Burggasse 3 8600 Bruck/Mur,,,,,https://firmen.wko.at/fair-immobilientreuhand-gmbh-und-co-kg/steiermark/?firmaid=6b402771-79d5-46e2-a67a-ab7671f118f3&standortid=5&standortname=steiermark%20%28bundesland%29&suchbegriff=immobilienverwalter
falkner und payr immobilien og,Falkner & Payr Immobilien OG,Falkner & Payr Immobilien OG,1,tirol,972e83d3-f6a6-47dc-8c91-8e120ec3c7cc,Nockhofweg 39 6162 Mutters,http://www.fpimmo.at/,http://www.fpimmo.at/,office@fpimmo.at,+436603024502 | +436603024503,https://firmen.wko.at/falkner-und-payr-immobilien-og/tirol/?firmaid=972e83d3-f6a6-47dc-8c91-8e120ec3c7cc&standortid=7&standortname=tirol%20%28bundesland%29&suchbegriff=immobilienverwalter
faltl und krisch immobilienverwaltung ohg,Faltl & Krisch Immobilienverwaltung OHG,Faltl & Krisch Immobilienverwaltung OHG,1,wien,92d1f724-99a4-4630-93b1-154deff884ed,Josefstädter Straße 43-45/1/3 1080 Wien,,,office@faltl-krisch.at%20,01%20403%2043%2091,https://firmen.wko.at/faltl-und-krisch-immobilienverwaltung-ohg/wien/?firmaid=92d1f724-99a4-4630-93b1-154deff884ed&standortid=1&standortname=wien%20%28bundesland%29&suchbegriff=immobilienverwalter
familie kathrein kg,Familie Kathrein KG,Familie Kathrein KG,1,tirol,92d15aba-3b44-4f41-978e-b5d20215c356,"Steinbockweg 40, Top 2/13 6020 Innsbruck",,,,,https://firmen.wko.at/familie-kathrein-kg/tirol/?firmaid=92d15aba-3b44-4f41-978e-b5d20215c356&standortid=7&standortname=tirol%20%28bundesland%29&suchbegriff=immobilienverwalter
fapo immobilien consulting gmbh,FAPO Immobilien Consulting GmbH,FAPO Immobilien Consulting GmbH,1,burgenland,533ce47f-0eaf-4296-adb1-b88785c8fcff,Hackerberg 78 8292 Hackerberg,https://fapo.immobilien/,https://fapo.immobilien/,office@fapo.immobilien,+43%20699-10060300,https://firmen.wko.at/fapo-immobilien-consulting-gmbh/burgenland/?firmaid=533ce47f-0eaf-4296-adb1-b88785c8fcff&standortid=9&standortname=burgenland%20%28bundesland%29&suchbegriff=immobilienverwalter
faritsch immobilien gmbh und co kg,Faritsch Immobilien GmbH & Co KG,Faritsch Immobilien GmbH & Co KG,1,oberösterreich,e488c722-e07d-4a8f-9642-0a29040f2088,Franz Crenneville-Straße 4 4810 Gmunden,http://www.immo-faritsch.at/,http://www.immo-faritsch.at/,office@immo-faritsch.at,+43%20(0)7612%2073007 | +43%20(0)664%209070900,https://firmen.wko.at/faritsch-immobilien-gmbh-und-co-kg-immobilientreuhand-faritsch-kg/ober%c3%b6sterreich/?firmaid=e488c722-e07d-4a8f-9642-0a29040f2088&standortid=3&standortname=ober%c3%b6sterreich%20%28bundesland%29&suchbegriff=immobilienverwalter
favorite immobilientreuhand gmbh,Favorite Immobilientreuhand GmbH,Favorite Immobilientreuhand GmbH,2,oberösterreich | wien,a2f6ccec-a44a-4e24-aae5-4085fff213bf | 8a04abb6-714c-47e5-8051-3971fee1908c,Dr.-Koss-Straße 8 4600 Wels | Laxenburger Straße 46/3 1100 Wien,http://www.favorite-immo.at/,http://www.favorite-immo.at/,office@favorite-immo.at,+4366488791176,https://firmen.wko.at/favorite-immobilientreuhand-gmbh/ober%c3%b6sterreich/?firmaid=a2f6ccec-a44a-4e24-aae5-4085fff213bf&standortid=3&standortname=ober%c3%b6sterreich%20%28bundesland%29&suchbegriff=immobilienverwalter
feldstein immobilien gmbh,Feldstein Immobilien GmbH,Feldstein Immobilien GmbH,1,salzburg,bf41b770-9e8f-403c-a084-54a5d749dd2e,Ganshofstraße 25 5020 Salzburg,,,office@feldstein.at,+43%20664%2088234637,https://firmen.wko.at/feldstein-immobilien-gmbh-immobilien/salzburg/?firmaid=bf41b770-9e8f-403c-a084-54a5d749dd2e&standortid=4&standortname=salzburg%20%28bundesland%29&suchbegriff=immobilienverwalter
fellmann liegenschaftsverwaltungs gmbh,Fellmann Liegenschaftsverwaltungs GmbH,Fellmann Liegenschaftsverwaltungs GmbH,1,niederösterreich,f5c3010a-6e36-4d14-bfdf-2a21e0fc72d5,Trapplstraße 8 3151 St. Pölten,http://www.fellmann.at/,http://www.fellmann.at/,office@fellmann.at,+43%202742%20862,https://firmen.wko.at/fellmann-liegenschaftsverwaltungs-gmbh-fellmann/nieder%c3%b6sterreich/?firmaid=f5c3010a-6e36-4d14-bfdf-2a21e0fc72d5&standortid=2&standortname=nieder%c3%b6sterreich%20%28bundesland%29&suchbegriff=immobilienverwalter
fendt holding gmbh,Fendt Holding GmbH,Fendt Holding GmbH,1,oberösterreich,41318d35-a45b-4e51-9e65-bc8f80c2df0b,Mundenham 59 5163 Palting,,,,,https://firmen.wko.at/fendt-holding-gmbh/ober%c3%b6sterreich/?firmaid=41318d35-a45b-4e51-9e65-bc8f80c2df0b&standortid=3&standortname=ober%c3%b6sterreich%20%28bundesland%29&suchbegriff=immobilienverwalter
fenomen immobilien e u,FENOMEN Immobilien e.U.,FENOMEN Immobilien e.U.,1,steiermark,ed6f0cf8-1768-42f8-85e2-be7e804fdd99,Sailergasse 14 8430 Leibnitz,,,,,https://firmen.wko.at/fenomen-immobilien-eu/steiermark/?firmaid=ed6f0cf8-1768-42f8-85e2-be7e804fdd99&standortid=5&standortname=steiermark%20%28bundesland%29&suchbegriff=immobilienverwalter
ferdinand stubenvoll,Ferdinand Stubenvoll,Ferdinand Stubenvoll,1,wien,fc5a38bc-b0ad-4ee4-90b5-7b7bfe1a2c15,Immobilienmakler - Bauträger - Immobilienverwalter 0664 3088940,http://www.stubenvollimmobilien.at/,http://www.stubenvollimmobilien.at/,office@stubenvollimmobilien.at,0664%203088940,https://firmen.wko.at/ferdinand-stubenvoll-immobilienmakler-bautr%c3%a4ger-immobilienverwalter/wien/?firmaid=fc5a38bc-b0ad-4ee4-90b5-7b7bfe1a2c15&standortid=1&standortname=wien%20%28bundesland%29&suchbegriff=immobilienverwalter
fetz immobilien gmbh,Fetz Immobilien Gmbh,Fetz Immobilien Gmbh,1,vorarlberg,8eebe430-32b7-4494-890e-9f96dac95c4f,Vorderreuthe 129 6870 Reuthe,,,,,https://firmen.wko.at/fetz-immobilien-gmbh/vorarlberg/?firmaid=8eebe430-32b7-4494-890e-9f96dac95c4f&standortid=8&standortname=vorarlberg%20%28bundesland%29&suchbegriff=immobilienverwalter
fidelius immobilien und services gmbh,Fidelius Immobilien & Services GmbH,Fidelius Immobilien & Services GmbH,1,salzburg,15cc6bfd-0d36-4a5e-88c1-c1207816096a,Gartenstraße 10 5082 Grödig,,,,,https://firmen.wko.at/fidelius-immobilien-und-services-gmbh/salzburg/?firmaid=15cc6bfd-0d36-4a5e-88c1-c1207816096a&standortid=4&standortname=salzburg%20%28bundesland%29&suchbegriff=immobilienverwalter
fig immobilien e u,FIG Immobilien e.U.,FIG Immobilien e.U.,1,burgenland,a5c87114-f412-429b-95f9-78fffd367adf,Scheibengasse 26 7033 Pöttsching,,,,,https://firmen.wko.at/fig-immobilien-eu/burgenland/?firmaid=a5c87114-f412-429b-95f9-78fffd367adf&standortid=9&standortname=burgenland%20%28bundesland%29&suchbegriff=immobilienverwalter
filia kg,FILIA KG,FILIA KG,1,niederösterreich,d199ac02-7cab-4ef0-b91e-cb8ea757bd2e,L.-Kunschak-Gasse 6 2380 Perchtoldsdorf,,,,,https://firmen.wko.at/filia-kg/nieder%c3%b6sterreich/?firmaid=d199ac02-7cab-4ef0-b91e-cb8ea757bd2e&standortid=2&standortname=nieder%c3%b6sterreich%20%28bundesland%29&suchbegriff=immobilienverwalter
finanz und bauconsult ges m b h,Finanz- und Bauconsult Ges.m.b.H.,Finanz- und Bauconsult Ges.m.b.H.,1,kärnten,3e729cb5-3c0a-4193-a11c-5885fd1257e7,St. Veiter Ring 53 9020 Klagenfurt am Wörthersee,,,,,https://firmen.wko.at/finanz-und-bauconsult-gesmbh/k%c3%a4rnten/?firmaid=3e729cb5-3c0a-4193-a11c-5885fd1257e7&standortid=6&standortname=k%c3%a4rnten%20%28bundesland%29&suchbegriff=immobilienverwalter
findler und span immobilientreuhand gmbh,Findler & Span Immobilientreuhand GmbH,Findler & Span Immobilientreuhand GmbH,1,tirol,6d37114e-fe52-4b5d-956b-e5fa84806bd7,Kranewitterstraße 45 6020 Innsbruck,http://www.findler-span.at/,http://www.findler-span.at/,office@findler-span.at,0512/347788,https://firmen.wko.at/findler-und-span-immobilientreuhand-gmbh/tirol/?firmaid=6d37114e-fe52-4b5d-956b-e5fa84806bd7&standortid=7&standortname=tirol%20%28bundesland%29&suchbegriff=immobilienverwalter
fle gmbh,FLE GmbH,FLE GmbH,1,wien,7dfc7864-809d-4186-b383-5ae15c289bd3,Freyung 4/12 1010 Wien,,,,,https://firmen.wko.at/fle-gmbh/wien/?firmaid=7dfc7864-809d-4186-b383-5ae15c289bd3&standortid=1&standortname=wien%20%28bundesland%29&suchbegriff=immobilienverwalter
florian franz helmut apfelbeck,Florian Franz Helmut Apfelbeck,Florian Franz Helmut Apfelbeck,1,steiermark,aabfd06d-bfa6-45db-819d-c36fee0488c2,"Franckstraße 41, Tür 12 8010 Graz",https://apfelbeck-verwaltung.at/,https://apfelbeck-verwaltung.at/,office@apfelbeck-verwaltung.at,+43316375316,https://firmen.wko.at/florian-franz-helmut-apfelbeck-apfelbeck-immobilienverwaltung/steiermark/?firmaid=aabfd06d-bfa6-45db-819d-c36fee0488c2&standortid=5&standortname=steiermark%20%28bundesland%29&suchbegriff=immobilienverwalter
florian lehner mba,"Florian Lehner, MBA","Florian Lehner, MBA",1,oberösterreich,4626f61d-8f6e-4255-bb1b-05c801193a2e,Doppelbauer-Straße 11 4600 Wels,,,,,https://firmen.wko.at/florian-lehner-mba/ober%c3%b6sterreich/?firmaid=4626f61d-8f6e-4255-bb1b-05c801193a2e&standortid=3&standortname=ober%c3%b6sterreich%20%28bundesland%29&suchbegriff=immobilienverwalter
fm plus facility management gmbh für wissenschaft kultur in noe,FM-Plus Facility Management GmbH für Wissenschaft + Kultur in NOE,FM-Plus Facility Management GmbH für Wissenschaft + Kultur in NOE,1,niederösterreich,8ee145a0-d887-417e-8e71-7ba882a54d5f,Dr.-Karl-Dorrek-Straße 30 3500 Krems an der Donau,,,,,https://firmen.wko.at/fm-plus-facility-management-gmbh-f%c3%bcr-wissenschaft-kultur-in-noe/nieder%c3%b6sterreich/?firmaid=8ee145a0-d887-417e-8e71-7ba882a54d5f&standortid=2&standortname=nieder%c3%b6sterreich%20%28bundesland%29&suchbegriff=immobilienverwalter
fmd immo management e u,FMD Immo-Management e.U.,FMD Immo-Management e.U.,1,tirol,d4d90c32-b401-4f15-b150-96df76be05e6,"Schulgasse 1, Top 3 6142 Mieders",http://www.fmd-immo.at/,http://www.fmd-immo.at/,info@fmd-immo.at,+43%20677%2062647559,https://firmen.wko.at/fmd-immo-management-eu-fmd-immo-management/tirol/?firmaid=d4d90c32-b401-4f15-b150-96df76be05e6&standortid=7&standortname=tirol%20%28bundesland%29&suchbegriff=immobilienverwalter
fohn immobilienverwaltung gmbh,FOHN Immobilienverwaltung GmbH,FOHN Immobilienverwaltung GmbH,1,kärnten,359ee1cb-0cf6-48f8-8f6a-4acbeb4fa795,Hauptplatz 29 9500 Villach,https://fohn.at/,https://fohn.at/,office@fohn.at,+43%204242%20240%2004,https://firmen.wko.at/fohn-immobilienverwaltung-gmbh/k%c3%a4rnten/?firmaid=359ee1cb-0cf6-48f8-8f6a-4acbeb4fa795&standortid=6&standortname=k%c3%a4rnten%20%28bundesland%29&suchbegriff=immobilienverwalter
fonds für temporäres wohnen in wien,Fonds für temporäres Wohnen in Wien,Fonds für temporäres Wohnen in Wien,1,wien,43e76203-31c1-4c07-ba28-75ebdeb32e99,Schlachthausgasse 29 1030 Wien,,,,,https://firmen.wko.at/fonds-f%c3%bcr-tempor%c3%a4res-wohnen-in-wien/wien/?firmaid=43e76203-31c1-4c07-ba28-75ebdeb32e99&standortid=1&standortname=wien%20%28bundesland%29&suchbegriff=immobilienverwalter
forum koup gmbh,forum.koup gmbh,forum.koup gmbh,1,niederösterreich,342bfa82-6c6a-4838-969f-d34b665877f1,"Mittere Gasse 23, Top 14 2700 Wiener Neustadt",,,,,https://firmen.wko.at/forumkoup-gmbh/nieder%c3%b6sterreich/?firmaid=342bfa82-6c6a-4838-969f-d34b665877f1&standortid=2&standortname=nieder%c3%b6sterreich%20%28bundesland%29&suchbegriff=immobilienverwalter
frag minka immobilienberatungs gmbh,Frag Minka Immobilienberatungs GmbH,Frag Minka Immobilienberatungs GmbH,1,wien,2ffb0150-bc51-407e-8b5b-9c5c5e3b9707,Tuchlauben 7A 1010 Wien,,,,,https://firmen.wko.at/frag-minka-immobilienberatungs-gmbh/wien/?firmaid=2ffb0150-bc51-407e-8b5b-9c5c5e3b9707&standortid=1&standortname=wien%20%28bundesland%29&suchbegriff=immobilienverwalter
franz brunner gmbh,Franz Brunner GmbH,Franz Brunner GmbH,1,kärnten,b0f9b57a-0a68-4846-b723-644f4c0a31e7,Jahnstraße 1 9400 Wolfsberg,,,immobilien.brunner@aon.at,+43%204352%2052653 | +43%20663%20842830,https://firmen.wko.at/franz-brunner-gmbh/k%c3%a4rnten/?firmaid=b0f9b57a-0a68-4846-b723-644f4c0a31e7&standortid=6&standortname=k%c3%a4rnten%20%28bundesland%29&suchbegriff=immobilienverwalter
franz capoun,Franz Capoun,Franz Capoun,1,wien,fc3963e8-12cf-49f1-8b5f-23cd5782b9fd,Staudgasse 85 1180 Wien,,,th.weselsky@weselsky.at,01/478%2008%2048,https://firmen.wko.at/franz-capoun/wien/?firmaid=fc3963e8-12cf-49f1-8b5f-23cd5782b9fd&standortid=1&standortname=wien%20%28bundesland%29&suchbegriff=immobilienverwalter
franz chreiska ma,"Franz Chreiska, MA","Franz Chreiska, MA",1,wien,b2d04484-4acd-4cb6-89e7-bddf4676492b,Grünentorgasse 19/15 1090 Wien,https://www.wohnsicht.at/,https://www.wohnsicht.at/,fc-immo@wohnsicht.at,+436609940715,https://firmen.wko.at/franz-chreiska-ma-franz-chreiska-ma-immobilienmanagement/wien/?firmaid=b2d04484-4acd-4cb6-89e7-bddf4676492b&standortid=1&standortname=wien%20%28bundesland%29&suchbegriff=immobilienverwalter
franz josef holler gmbh,Franz Josef Holler GmbH,Franz Josef Holler GmbH,1,steiermark,27dfe4c7-b524-4b18-ad33-0966c4790107,Gürtlweg 1 8431 Gralla,,,,,https://firmen.wko.at/franz-josef-holler-gmbh/steiermark/?firmaid=27dfe4c7-b524-4b18-ad33-0966c4790107&standortid=5&standortname=steiermark%20%28bundesland%29&suchbegriff=immobilienverwalter
franz kramas gebäudeverwaltung g m b h,Franz Kramas Gebäudeverwaltung G.m.b.H.,Franz Kramas Gebäudeverwaltung G.m.b.H.,1,wien,cbd09d2d-cff7-4a30-8a18-11710631c757,Liechtensteinstraße 36 1090 Wien,http://www.kramas.at/,http://www.kramas.at/,kramas@kramas.at,+43%20(0)%201%20317%2093%2019,https://firmen.wko.at/franz-kramas-geb%c3%a4udeverwaltung-gmbh/wien/?firmaid=cbd09d2d-cff7-4a30-8a18-11710631c757&standortid=1&standortname=wien%20%28bundesland%29&suchbegriff=immobilienverwalter
franz menhart,Franz Menhart,Franz Menhart,1,steiermark,fb12874d-a3a0-44a4-b7f7-26222e9cee1e,+43 699 11399884 0699 11399884,http://www.mf-hausbetreuung.at/,http://www.mf-hausbetreuung.at/,f.menhart@bktv.at,+43%20699%2011399884 | 0699%2011399884,https://firmen.wko.at/franz-menhart-mf-hausbetreuung/steiermark/?firmaid=fb12874d-a3a0-44a4-b7f7-26222e9cee1e&standortid=5&standortname=steiermark%20%28bundesland%29&suchbegriff=immobilienverwalter
franz paleczek,Franz Paleczek,Franz Paleczek,1,wien,c82ff7bc-46a9-47f4-b73a-02825d0988e7,Schönbrunner Straße 112 1050 Wien,,,immobilien@paleczek.at,01/544%2005%2001,https://firmen.wko.at/franz-paleczek/wien/?firmaid=c82ff7bc-46a9-47f4-b73a-02825d0988e7&standortid=1&standortname=wien%20%28bundesland%29&suchbegriff=immobilienverwalter
franz pum immobilienverwaltungs gmbh,Franz Pum Immobilienverwaltungs GmbH,Franz Pum Immobilienverwaltungs GmbH,1,niederösterreich,acf4a365-1812-47e6-82da-749abce9596b,Stockerauer Str. 37 2104 Spillern,,,,,https://firmen.wko.at/franz-pum-immobilienverwaltungs-gmbh/nieder%c3%b6sterreich/?firmaid=acf4a365-1812-47e6-82da-749abce9596b&standortid=2&standortname=nieder%c3%b6sterreich%20%28bundesland%29&suchbegriff=immobilienverwalter
franz schnugg,Franz Schnugg,Franz Schnugg,1,salzburg,fe12dce4-91de-4ca9-92e3-c09ac3e00b7e,Dreifaltigkeitsgasse 3 5020 Salzburg,http://www.arkaden.at/,http://www.arkaden.at/,office@arkaden.at,+43%20662%20885888,https://firmen.wko.at/franz-schnugg/salzburg/?firmaid=fe12dce4-91de-4ca9-92e3-c09ac3e00b7e&standortid=4&standortname=salzburg%20%28bundesland%29&suchbegriff=immobilienverwalter
franz voglsanger kommanditgesellschaft,"Franz Voglsanger, Kommanditgesellschaft","Franz Voglsanger, Kommanditgesellschaft",1,tirol,89bcb7b2-cd54-44b1-86b0-2c0a46997feb,Herzog-Friedrich-Straße 20 6020 Innsbruck,,,,,https://firmen.wko.at/franz-voglsanger-kommanditgesellschaft/tirol/?firmaid=89bcb7b2-cd54-44b1-86b0-2c0a46997feb&standortid=7&standortname=tirol%20%28bundesland%29&suchbegriff=immobilienverwalter
franz zormann gesellschaft m b h,Franz ZORMANN Gesellschaft m.b.H.,Franz ZORMANN Gesellschaft m.b.H.,1,wien,87c656bd-9b01-4a22-a2c6-214411cce883,Gredlerstraße 3 1020 Wien,http://www.zormann.at/,http://www.zormann.at/,immobilien@zormann.at,+43%20(0)121%20474%2094,https://firmen.wko.at/franz-zormann-gesellschaft-mbh/wien/?firmaid=87c656bd-9b01-4a22-a2c6-214411cce883&standortid=1&standortname=wien%20%28bundesland%29&suchbegriff=immobilienverwalter
franz zöchmeister,Franz Zöchmeister,Franz Zöchmeister,1,niederösterreich,26f224d6-a772-4a4f-8442-97a0aeff24d4,Bahnstraße 15 3481 Fels am Wagram,https://www.remax.at/de/im/franz-zoechmeister-70910056,https://www.remax.at/de/im/franz-zoechmeister-70910056,franz@immoteam-zoechmeister.at,+43%20699%2010209313 | +%2043%20699%2010209313,https://firmen.wko.at/franz-z%c3%b6chmeister-immoteam-z%c3%b6chmeister-re-max-dynamic/nieder%c3%b6sterreich/?firmaid=26f224d6-a772-4a4f-8442-97a0aeff24d4&standortid=2&standortname=nieder%c3%b6sterreich%20%28bundesland%29&suchbegriff=immobilienverwalter
freigassner und amenda immobilien gesellschaft mbh,Freigassner & Amenda Immobilien- gesellschaft mbH,Freigassner & Amenda Immobilien- gesellschaft mbH,1,wien,06c9257e-6105-4df5-b098-4a61e7e911f3,Speisinger Straße 7 1130 Wien,,,,,https://firmen.wko.at/freigassner-und-amenda-immobilien-gesellschaft-mbh/wien/?firmaid=06c9257e-6105-4df5-b098-4a61e7e911f3&standortid=1&standortname=wien%20%28bundesland%29&suchbegriff=immobilienverwalter
freiraum immobilien gmbh,FREIRAUM Immobilien GmbH,FREIRAUM Immobilien GmbH,1,steiermark,10d08aac-be1a-44f3-9140-5a2339e4f0af,Hauptstraße 26 8582 Rosental/Kainach,,,,,https://firmen.wko.at/freiraum-immobilien-gmbh/steiermark/?firmaid=10d08aac-be1a-44f3-9140-5a2339e4f0af&standortid=5&standortname=steiermark%20%28bundesland%29&suchbegriff=immobilienverwalter
frieda rustler gebäudeverwaltung gmbh und co kg,Frieda Rustler Gebäudeverwaltung GmbH & Co KG,Frieda Rustler Gebäudeverwaltung GmbH & Co KG,6,kärnten | oberösterreich | salzburg | steiermark | tirol | wien,eaece165-7f32-4ffe-9a7e-d03f164975ee | adfd8730-4bd8-460c-aae6-0cc0b248685e | 1ee5ecb7-2ab7-4164-8aff-7971bec3175b | 2c171fce-fa55-453e-ac22-0a16194b4491 | 9a6ab8bb-66ba-493c-9451-08d79589a702 | 8577b5a9-a66e-49ee-869e-d413750522c9,Friedensstraße 11 5020 Salzburg | Wielandgasse 2 8010 Graz | Domplatz 2 9020 Klagenfurt am Wörthersee | Physiothermstraße 1 6065 Thaur | Mozartstraße 12-14 4020 Linz | Mariahilfer Straße 196 1150 Wien,http://www.rustler.eu/,http://www.rustler.eu/,office@verwaltung.rustler.eu,01/891%2039-0,https://firmen.wko.at/frieda-rustler-geb%c3%a4udeverwaltung-gmbh-und-co-kg/salzburg/?firmaid=eaece165-7f32-4ffe-9a7e-d03f164975ee&standortid=4&standortname=salzburg%20%28bundesland%29&suchbegriff=immobilienverwalter
friedrich und padelek gesellschaft m b h,Friedrich & Padelek Gesellschaft m.b.H.,Friedrich & Padelek Gesellschaft m.b.H.,1,wien,0ba2a62d-d6db-43fa-adfb-b4f80d3a60ed,Teinfaltstraße 9/4 1010 Wien,http://www.friedrich-padelek.at/,http://www.friedrich-padelek.at/,office-fp@friedrich-padelek.at,01/533%2056%2086-0,https://firmen.wko.at/friedrich-und-padelek-gesellschaft-mbh-fundp-immobilien/wien/?firmaid=0ba2a62d-d6db-43fa-adfb-b4f80d3a60ed&standortid=1&standortname=wien%20%28bundesland%29&suchbegriff=immobilienverwalter
friedrich beinhauer gesellschaft m b h,Friedrich Beinhauer Gesellschaft m.b.H.,Friedrich Beinhauer Gesellschaft m.b.H.,1,wien,e9fa9803-b838-42d2-b2d2-a1eb0b45b909,Budinskygasse 7/9 1190 Wien,,,immo-beinhauer@chello.at%20,01/214%2093%2092,https://firmen.wko.at/friedrich-beinhauer-gesellschaft-mbh/wien/?firmaid=e9fa9803-b838-42d2-b2d2-a1eb0b45b909&standortid=1&standortname=wien%20%28bundesland%29&suchbegriff=immobilienverwalter
friedrich michael höbart,Friedrich Michael Höbart,Friedrich Michael Höbart,1,kärnten,166d9a71-f79a-490e-ad1c-a1f25418e208,Kurandtplatz 1 9020 Klagenfurt am Wörthersee,http://www.artecielo.at/,http://www.artecielo.at/,office@artecielo.at,+43%20463%20210399%200 | +43%20664%204607744,https://firmen.wko.at/friedrich-michael-h%c3%b6bart-artecielo-immobilien-friedrich-m-h%c3%b6bart/k%c3%a4rnten/?firmaid=166d9a71-f79a-490e-ad1c-a1f25418e208&standortid=6&standortname=k%c3%a4rnten%20%28bundesland%29&suchbegriff=immobilienverwalter
friedrich zagler,Friedrich Zagler,Friedrich Zagler,1,salzburg,afd08eda-9d0d-4dbb-baf1-3c091b7e0643,Gartenweg 3 5162 Obertrum am See,,,zagler.friedrich@aon.at,+43%206219%207533,https://firmen.wko.at/friedrich-zagler-konzessionierter-immobilientreuh%c3%84nder/salzburg/?firmaid=afd08eda-9d0d-4dbb-baf1-3c091b7e0643&standortid=4&standortname=salzburg%20%28bundesland%29&suchbegriff=immobilienverwalter
friesacher immobilien gmbh,Friesacher Immobilien GmbH,Friesacher Immobilien GmbH,1,salzburg,b2a86f4a-adaa-4dfd-8a77-7a5021b47032,Herbert v. Karajan Straße 7 5081 Anif,http://www.friesacher-immobilien.at/,http://www.friesacher-immobilien.at/,office@friesacher-immobilien.at,+43%20(0)6246%20-%2073%20730%20-%200,https://firmen.wko.at/friesacher-immobilien-gmbh-konzessionierte-immobilien-und-hausverwaltungskanzlei/salzburg/?firmaid=b2a86f4a-adaa-4dfd-8a77-7a5021b47032&standortid=4&standortname=salzburg%20%28bundesland%29&suchbegriff=immobilienverwalter
fripal immobilienverwaltung gmbh,FRIPAL - Immobilienverwaltung GmbH,FRIPAL - Immobilienverwaltung GmbH,1,steiermark,26a26b65-3fda-4e13-b9b5-c32437089cdc,Burgring 6 8010 Graz,http://www.fripal.at/,http://www.fripal.at/,office@fripal.at,0316/40%2060%2060-80,https://firmen.wko.at/fripal-immobilienverwaltung-gmbh/steiermark/?firmaid=26a26b65-3fda-4e13-b9b5-c32437089cdc&standortid=5&standortname=steiermark%20%28bundesland%29&suchbegriff=immobilienverwalter
fröschl management gmbh und cokg,Fröschl Management GmbH & CoKG,Fröschl Management GmbH & CoKG,1,tirol,b2b4cafa-88d8-4980-bd3e-26da94000433,Brockenweg 1 6060 Hall in Tirol,,,,,https://firmen.wko.at/fr%c3%b6schl-management-gmbh-und-cokg/tirol/?firmaid=b2b4cafa-88d8-4980-bd3e-26da94000433&standortid=7&standortname=tirol%20%28bundesland%29&suchbegriff=immobilienverwalter
fsg finanz service gmbh,FSG Finanz Service GmbH.,FSG Finanz Service GmbH.,1,oberösterreich,c45f00c5-55c7-4f34-8f84-26cc04eb97b3,Pacassystraße 4 4210 Gallneukirchen,,,,,https://firmen.wko.at/fsg-finanz-service-gmbh/ober%c3%b6sterreich/?firmaid=c45f00c5-55c7-4f34-8f84-26cc04eb97b3&standortid=3&standortname=ober%c3%b6sterreich%20%28bundesland%29&suchbegriff=immobilienverwalter
futschik immobilienverwalter und immobilienmakler gmbh,Futschik Immobilienverwalter und Immobilienmakler GmbH,Futschik Immobilienverwalter und Immobilienmakler GmbH,1,wien,51dec7cb-da7d-4343-b110-2da5d33a492f,Leopoldsgasse 12 1020 Wien,,,immobilien.futschik@gmx.at,01/214%2056%2070%20,https://firmen.wko.at/futschik-immobilienverwalter-und-immobilienmakler-gmbh/wien/?firmaid=51dec7cb-da7d-4343-b110-2da5d33a492f&standortid=1&standortname=wien%20%28bundesland%29&suchbegriff=immobilienverwalter
fzi real gmbh,FZI Real GmbH,FZI Real GmbH,1,wien,5bc5402b-294c-449c-bf3d-77ab0da51557,Lainzer Straße 14/1 1130 Wien,http://www.fzi.at/,http://www.fzi.at/,office@fzi.at,+43%201%20952%2061%2069,https://firmen.wko.at/fzi-real-gmbh-immobilienverwaltung-und-energieverwaltung/wien/?firmaid=5bc5402b-294c-449c-bf3d-77ab0da51557&standortid=1&standortname=wien%20%28bundesland%29&suchbegriff=immobilienverwalter
fürst immobilien gmbh,FÜRST Immobilien GmbH,FÜRST Immobilien GmbH,1,niederösterreich,1547cb72-4501-47b6-8fda-968cdf123910,Nußdorfer Straße 20 3134 Nußdorf o.d.Traisen,,,,,https://firmen.wko.at/f%c3%9crst-immobilien-gmbh/nieder%c3%b6sterreich/?firmaid=1547cb72-4501-47b6-8fda-968cdf123910&standortid=2&standortname=nieder%c3%b6sterreich%20%28bundesland%29&suchbegriff=immobilienverwalter
g unternehmensbeteiligung gmbh und co 1190 wien rampengasse 3 5 kg,"G-Unternehmensbeteiligung GmbH & Co,1190 Wien, Rampengasse 3-5, KG","G-Unternehmensbeteiligung GmbH & Co,1190 Wien, Rampengasse 3-5, KG",1,wien,8a9a2b2f-1384-4b02-9c4d-796bb4fe4f4e,Rathausstraße 1 1010 Wien,,,,,https://firmen.wko.at/g-unternehmensbeteiligung-gmbh-und-co1190-wien-rampengasse-3-5-kg/wien/?firmaid=8a9a2b2f-1384-4b02-9c4d-796bb4fe4f4e&standortid=1&standortname=wien%20%28bundesland%29&suchbegriff=immobilienverwalter
g kager mag p grissmann gesellschaft m b h,G. Kager - Mag. P. Grißmann Gesellschaft m.b.H.,G. Kager - Mag. P. Grißmann Gesellschaft m.b.H.,1,tirol,ceb34eb3-9210-42b6-8ad1-2e776056ffe9,Jochberger Straße 98 6370 Kitzbühel,https://grizzly.at/,https://grizzly.at/,schwarz@grizzly.at,+43%205356%20656%2013,https://firmen.wko.at/g-kager-mag-p-gri%c3%9fmann-gesellschaft-mbh-immobilienverwaltung/tirol/?firmaid=ceb34eb3-9210-42b6-8ad1-2e776056ffe9&standortid=7&standortname=tirol%20%28bundesland%29&suchbegriff=immobilienverwalter
gaalhofer immobilien vermittlung und verwaltung e u,"Gaalhofer Immobilien, Vermittlung & Verwaltung e.U.","Gaalhofer Immobilien, Vermittlung & Verwaltung e.U.",1,niederösterreich,17d1030e-ac5b-4293-9ddd-0b20f896658f,Hagenauertalstr. 41 2372 Gießhübl bei Wien,,,,,https://firmen.wko.at/gaalhofer-immobilien-vermittlung-und-verwaltung-eu-gaalhofer-immobilien/nieder%c3%b6sterreich/?firmaid=17d1030e-ac5b-4293-9ddd-0b20f896658f&standortid=2&standortname=nieder%c3%b6sterreich%20%28bundesland%29&suchbegriff=immobilienverwalter
gabriela hildegard forsthuber,Gabriela Hildegard Forsthuber,Gabriela Hildegard Forsthuber,1,kärnten,e7d498a8-6711-4932-87d7-53a8eb880067,Klagenfurter Straße 40 9220 Velden am Wörther See,,,gabriela.forsthuber@gmx.at,+43%20664%203415606,https://firmen.wko.at/gabriela-hildegard-forsthuber/k%c3%a4rnten/?firmaid=e7d498a8-6711-4932-87d7-53a8eb880067&standortid=6&standortname=k%c3%a4rnten%20%28bundesland%29&suchbegriff=immobilienverwalter
gabriela margaretha maria paky,Gabriela Margaretha Maria Paky,Gabriela Margaretha Maria Paky,1,wien,e596eb40-e26c-418b-a6b3-41ba4503fa67,Hütteldorfer Straße 4 1150 Wien,,,office@paky-immobilien.at,0699/%2018888863,https://firmen.wko.at/gabriela-margaretha-maria-paky/wien/?firmaid=e596eb40-e26c-418b-a6b3-41ba4503fa67&standortid=1&standortname=wien%20%28bundesland%29&suchbegriff=immobilienverwalter
gabriele jatschka,Gabriele Jatschka,Gabriele Jatschka,1,wien,4c16582d-e044-416c-be3d-329507695759,Sebastian-Kneipp-Gasse 3/19a 1020 Wien,,,office@jatschka.at,01/799%2010%2052,https://firmen.wko.at/gabriele-jatschka/wien/?firmaid=4c16582d-e044-416c-be3d-329507695759&standortid=1&standortname=wien%20%28bundesland%29&suchbegriff=immobilienverwalter
gabriele margarete neskodny,Gabriele Margarete Neskodny,Gabriele Margarete Neskodny,1,niederösterreich,54225fb5-6c88-4388-85ba-475e034a2d52,Am Sommerberg 4/4 3062 Kirchstetten,,,hv-g.neskodny2@gmx.at,+43664302%2062%2058,https://firmen.wko.at/gabriele-margarete-neskodny/nieder%c3%b6sterreich/?firmaid=54225fb5-6c88-4388-85ba-475e034a2d52&standortid=2&standortname=nieder%c3%b6sterreich%20%28bundesland%29&suchbegriff=immobilienverwalter
gangl und partner og,Gangl & Partner OG,Gangl & Partner OG,1,salzburg,f487163b-1086-462d-a042-a167909e4f03,Hellbrunnerstraße 18 5081 Anif,,,,,https://firmen.wko.at/gangl-und-partner-og/salzburg/?firmaid=f487163b-1086-462d-a042-a167909e4f03&standortid=4&standortname=salzburg%20%28bundesland%29&suchbegriff=immobilienverwalter
garbe industrial real estate austria gmbh,GARBE Industrial Real Estate Austria GmbH,GARBE Industrial Real Estate Austria GmbH,1,wien,9e3ab3e8-7ca1-4853-90a6-1969b98efa13,Walfischgasse 15/Top 3 1010 Wien,,,,,https://firmen.wko.at/garbe-industrial-real-estate-austria-gmbh/wien/?firmaid=9e3ab3e8-7ca1-4853-90a6-1969b98efa13&standortid=1&standortname=wien%20%28bundesland%29&suchbegriff=immobilienverwalter
gass immobilien gmbh,Gass Immobilien GmbH,Gass Immobilien GmbH,1,wien,41d8fd2f-2f7e-4e2e-835c-8550583a3db1,Tuchlauben 12/15 1010 Wien,,,,,https://firmen.wko.at/gass-immobilien-gmbh/wien/?firmaid=41d8fd2f-2f7e-4e2e-835c-8550583a3db1&standortid=1&standortname=wien%20%28bundesland%29&suchbegriff=immobilienverwalter
gastrotel hilscher kg,GASTROTEL Hilscher KG,GASTROTEL Hilscher KG,1,wien,c1251ebb-b9ae-46ba-b353-0246cafe30b4,Wurzingergasse 6 1180 Wien,,,,,https://firmen.wko.at/gastrotel-hilscher-kg/wien/?firmaid=c1251ebb-b9ae-46ba-b353-0246cafe30b4&standortid=1&standortname=wien%20%28bundesland%29&suchbegriff=immobilienverwalter
gbg gebäude und baumanagement graz gmbh,GBG Gebäude- und Baumanagement Graz GmbH,GBG Gebäude- und Baumanagement Graz GmbH,1,steiermark,9e5b77c7-357a-45b6-963e-6e35837325e6,Neutorgasse 57 8010 Graz,http://www.gbg.graz.at/,http://www.gbg.graz.at/,gbg@gbg.graz.at,0316-872-8606,https://firmen.wko.at/gbg-geb%c3%a4ude-und-baumanagement-graz-gmbh/steiermark/?firmaid=9e5b77c7-357a-45b6-963e-6e35837325e6&standortid=5&standortname=steiermark%20%28bundesland%29&suchbegriff=immobilienverwalter
gbm gebäudebetriebsmanagement gmbh,GBM GebäudeBetriebsManagement GmbH,GBM GebäudeBetriebsManagement GmbH,1,wien,957395eb-4352-4277-a567-454238aebeeb,Schönbrunner Straße 222-228/3/102 1120 Wien,http://gbm.co.at/,http://gbm.co.at/,office@gbm.co.at,+43%20(0)1%208100719 | +43%20664%2088677667,https://firmen.wko.at/gbm-geb%c3%a4udebetriebsmanagement-gmbh-immobilienverwaltung-centermanagement/wien/?firmaid=957395eb-4352-4277-a567-454238aebeeb&standortid=1&standortname=wien%20%28bundesland%29&suchbegriff=immobilienverwalter
gdr admin gmbh,GDR Admin GmbH,GDR Admin GmbH,1,vorarlberg,33ea9542-9178-4cd3-9c7e-3be9fac1181e,Bundesstraße 74 6830 Rankweil,,,,,https://firmen.wko.at/gdr-admin-gmbh/vorarlberg/?firmaid=33ea9542-9178-4cd3-9c7e-3be9fac1181e&standortid=8&standortname=vorarlberg%20%28bundesland%29&suchbegriff=immobilienverwalter
gebrüder riha immobilienmanagement gmbh,Gebrüder Riha Immobilienmanagement GmbH,Gebrüder Riha Immobilienmanagement GmbH,1,wien,64a666fd-c472-44a3-a47b-676543185dab,Seilerstätte 13/23 1010 Wien,,,,,https://firmen.wko.at/gebr%c3%bcder-riha-immobilienmanagement-gmbh/wien/?firmaid=64a666fd-c472-44a3-a47b-676543185dab&standortid=1&standortname=wien%20%28bundesland%29&suchbegriff=immobilienverwalter
gebäudeverwaltung karl und gertrud radunsky ohg,Gebäudeverwaltung Karl und Gertrud Radunsky OHG.,Gebäudeverwaltung Karl und Gertrud Radunsky OHG.,1,wien,fb6dc84f-4640-4ca8-bf7c-dbb53108ff18,Zehenthofgasse 10 1190 Wien,,,j.ilkerl@radunsky.at,01/405%2062%2077,https://firmen.wko.at/geb%c3%a4udeverwaltung-karl-und-gertrud-radunsky-ohg/wien/?firmaid=fb6dc84f-4640-4ca8-bf7c-dbb53108ff18&standortid=1&standortname=wien%20%28bundesland%29&suchbegriff=immobilienverwalter
gebäudeverwaltung karner kg,Gebäudeverwaltung Karner KG,Gebäudeverwaltung Karner KG,1,wien,d262a309-6d5e-4d4e-85dc-07bd73a32ea9,Arminenstraße 4 1220 Wien,,,,,https://firmen.wko.at/geb%c3%a4udeverwaltung-karner-kg/wien/?firmaid=d262a309-6d5e-4d4e-85dc-07bd73a32ea9&standortid=1&standortname=wien%20%28bundesland%29&suchbegriff=immobilienverwalter
gebäudeverwaltung kienzl gmbh,Gebäudeverwaltung Kienzl GmbH,Gebäudeverwaltung Kienzl GmbH,1,steiermark,33de206c-e17e-4625-9d1e-5d771489faf7,Leonhardstraße 5/2/10 8010 Graz,,,office@knitl.at,0316/351550-0,https://firmen.wko.at/geb%c3%a4udeverwaltung-kienzl-gmbh-immobilientreuh%c3%a4nder/steiermark/?firmaid=33de206c-e17e-4625-9d1e-5d771489faf7&standortid=5&standortname=steiermark%20%28bundesland%29&suchbegriff=immobilienverwalter
gebäudeverwaltung kurt kreissl gmbh und co kg,Gebäudeverwaltung Kurt Kreissl GmbH & Co KG,Gebäudeverwaltung Kurt Kreissl GmbH & Co KG,1,wien,90542389-a57d-41e3-be34-9a38174b88a4,Wollzeile 9/2/34 1010 Wien,,,kreissl@aon.at,01/533%2071%2063-0,https://firmen.wko.at/geb%c3%a4udeverwaltung-kurt-kreissl-gmbh-und-co-kg/wien/?firmaid=90542389-a57d-41e3-be34-9a38174b88a4&standortid=1&standortname=wien%20%28bundesland%29&suchbegriff=immobilienverwalter
gebäudeverwaltung ruthner gmbh,Gebäudeverwaltung Ruthner GmbH,Gebäudeverwaltung Ruthner GmbH,1,wien,0373d0c6-df56-48d6-90b2-4b8fdf6e2ff8,Schumanngasse 1/1 1180 Wien,,,,,https://firmen.wko.at/geb%c3%a4udeverwaltung-ruthner-gmbh/wien/?firmaid=0373d0c6-df56-48d6-90b2-4b8fdf6e2ff8&standortid=1&standortname=wien%20%28bundesland%29&suchbegriff=immobilienverwalter
gebäudeverwaltung winter und regelsberger gmbh,Gebäudeverwaltung Winter & Regelsberger GmbH,Gebäudeverwaltung Winter & Regelsberger GmbH,1,wien,5e500335-75e1-40d1-8297-7ae21cfc2680,"Billrothstraße 24, Tür 4 1190 Wien",,,office@gv-regelsberger.at,+43%20(1)%20409%2056%2035,https://firmen.wko.at/geb%c3%a4udeverwaltung-winter-und-regelsberger-gmbh/wien/?firmaid=5e500335-75e1-40d1-8297-7ae21cfc2680&standortid=1&standortname=wien%20%28bundesland%29&suchbegriff=immobilienverwalter
generali real estate s p a,Generali Real Estate S.p.A.,Generali Real Estate S.p.A.,1,wien,c590d24d-ef17-4553-b8a6-5ca7754ed321,Lugeck 1-2 1010 Wien,,,,,https://firmen.wko.at/generali-real-estate-spa/wien/?firmaid=c590d24d-ef17-4553-b8a6-5ca7754ed321&standortid=1&standortname=wien%20%28bundesland%29&suchbegriff=immobilienverwalter
georg gasser ba,"Georg Gasser, BA","Georg Gasser, BA",1,wien,7fcc74da-a087-4e1f-87eb-acd95d28bf38,Björnsongasse 16 1130 Wien,,,,,https://firmen.wko.at/georg-gasser-ba/wien/?firmaid=7fcc74da-a087-4e1f-87eb-acd95d28bf38&standortid=1&standortname=wien%20%28bundesland%29&suchbegriff=immobilienverwalter
georg slawik,Georg Slawik,Georg Slawik,1,wien,8e15055f-b94b-4e73-b937-b3e435767a27,Burggasse 44 1070 Wien,https://slawik.at/,https://slawik.at/,office@slawik.at,004315237293,https://firmen.wko.at/georg-slawik-hausverwaltung-und-immobilienmakler/wien/?firmaid=8e15055f-b94b-4e73-b937-b3e435767a27&standortid=1&standortname=wien%20%28bundesland%29&suchbegriff=immobilienverwalter
georg zielbauer ohg,Georg Zielbauer OHG,Georg Zielbauer OHG,1,wien,f90dee81-c12a-469e-ad4b-b1974396a017,Andreasgasse 1 1070 Wien,,,,01/526%2013%2068-0,https://firmen.wko.at/georg-zielbauer-ohg/wien/?firmaid=f90dee81-c12a-469e-ad4b-b1974396a017&standortid=1&standortname=wien%20%28bundesland%29&suchbegriff=immobilienverwalter
gerersdorfer immobilien kg,Gerersdorfer Immobilien KG,Gerersdorfer Immobilien KG,1,wien,ab27cba8-b11a-4bae-b18a-796a742c7c9e,"Böcklinstraße 100, Tür 16 1020 Wien",,,office@gerersdorfer.com,01/40%2099%20202-0,https://firmen.wko.at/gerersdorfer-immobilien-kg/wien/?firmaid=ab27cba8-b11a-4bae-b18a-796a742c7c9e&standortid=1&standortname=wien%20%28bundesland%29&suchbegriff=immobilienverwalter
gerhard kager gesellschaft mbh,GERHARD KAGER Gesellschaft mbH,GERHARD KAGER Gesellschaft mbH,1,wien,9577c3a4-dd3b-4d6b-80e9-aa73e17f6801,Osterleitengasse 3 1190 Wien,,,kanzlei@kagerimmo.at,01/512%2018%2013-0,https://firmen.wko.at/gerhard-kager-gesellschaft-mbh/wien/?firmaid=9577c3a4-dd3b-4d6b-80e9-aa73e17f6801&standortid=1&standortname=wien%20%28bundesland%29&suchbegriff=immobilienverwalter
gerhard lehner,Gerhard Lehner,Gerhard Lehner,1,oberösterreich,4a7a5aa1-d7f5-4498-88f6-1eb0d27226b4,Sonnenhang 5 4192 Schenkenfelden,http://www.immodirekt.at/lehner,http://www.immodirekt.at/lehner,immobilehner@aon.at,07214/4423 | 0664/174%203663,https://firmen.wko.at/gerhard-lehner-immobilien-lehner/ober%c3%b6sterreich/?firmaid=4a7a5aa1-d7f5-4498-88f6-1eb0d27226b4&standortid=3&standortname=ober%c3%b6sterreich%20%28bundesland%29&suchbegriff=immobilienverwalter
gerhard rumplik,Gerhard Rumplik,Gerhard Rumplik,1,wien,c526bb99-ac55-40d6-ad70-761ea45b5943,Fasangasse 26/18 1030 Wien,http://www.rumplik.at/,http://www.rumplik.at/,immobilien@rumplik.at,+4317132252,https://firmen.wko.at/gerhard-rumplik-immobilienverwaltung-immobilienvermittlung-bautr%c3%a4ger/wien/?firmaid=c526bb99-ac55-40d6-ad70-761ea45b5943&standortid=1&standortname=wien%20%28bundesland%29&suchbegriff=immobilienverwalter
gerhard salomon,Gerhard Salomon,Gerhard Salomon,1,wien,fe4a8799-cb8c-4c2b-b4a0-d518a8c43f41,Schwanngasse 8 1210 Wien,http://www.immosalomon.at/,http://www.immosalomon.at/,office@immosalomon.at,+43(0)12925987 | +43(0)6767015109,https://firmen.wko.at/gerhard-salomon-immobilienkanzlei-gerhard-salomon/wien/?firmaid=fe4a8799-cb8c-4c2b-b4a0-d518a8c43f41&standortid=1&standortname=wien%20%28bundesland%29&suchbegriff=immobilienverwalter
gerhard scheucher mba,"Gerhard Scheucher, MBA","Gerhard Scheucher, MBA",1,steiermark,ffc5a498-d891-4b30-bd28-27b99e67eb76,"Albrechtgasse 4, Top 5 8010 Graz",,,,,https://firmen.wko.at/gerhard-scheucher-mba/steiermark/?firmaid=ffc5a498-d891-4b30-bd28-27b99e67eb76&standortid=5&standortname=steiermark%20%28bundesland%29&suchbegriff=immobilienverwalter
gerlinde reichl,Gerlinde Reichl,Gerlinde Reichl,1,wien,5a757823-497f-4057-a1d0-a9333f3dc42a,Antonsplatz 23 1100 Wien,,,immobilien.reichl@chello.at,01/602%2017%2080 | 06642313244,https://firmen.wko.at/gerlinde-reichl/wien/?firmaid=5a757823-497f-4057-a1d0-a9333f3dc42a&standortid=1&standortname=wien%20%28bundesland%29&suchbegriff=immobilienverwalter
germann immobilien gmbh,Germann Immobilien GmbH,Germann Immobilien GmbH,1,vorarlberg,77e5d9f4-020c-4570-b9d9-30775febcf7c,Scheffelstraße 7a 6900 Bregenz,,,,,https://firmen.wko.at/germann-immobilien-gmbh/vorarlberg/?firmaid=77e5d9f4-020c-4570-b9d9-30775febcf7c&standortid=8&standortname=vorarlberg%20%28bundesland%29&suchbegriff=immobilienverwalter
gerold stadlhuber,Gerold Stadlhuber,Gerold Stadlhuber,1,oberösterreich,59bc887a-b006-47a1-9953-3033afd9def2,Goethestraße 11 4020 Linz,http://www.immos.at/,http://www.immos.at/,gerold.stadlhuber@immos.at,+43%20(732)%20600%20100 | +43%20(664)%204600%20100,https://firmen.wko.at/gerold-stadlhuber-immos-immobilien/ober%c3%b6sterreich/?firmaid=59bc887a-b006-47a1-9953-3033afd9def2&standortid=3&standortname=ober%c3%b6sterreich%20%28bundesland%29&suchbegriff=immobilienverwalter
gertraud brigitte ramerstorfer,Gertraud Brigitte Ramerstorfer,Gertraud Brigitte Ramerstorfer,1,salzburg,07777aac-a7ef-4b68-bd75-31421f769dc8,"Ferdinand-Spannring-Str. 31, Top 5 5023 Salzburg",http://www.ramerstorfer-immo.at/,http://www.ramerstorfer-immo.at/,immo@ramerstorfer.at,+43%20650%2047%2047%20105,https://firmen.wko.at/gertraud-brigitte-ramerstorfer-immobilien-ramerstorfer/salzburg/?firmaid=07777aac-a7ef-4b68-bd75-31421f769dc8&standortid=4&standortname=salzburg%20%28bundesland%29&suchbegriff=immobilienverwalter
gertraud mörtl,Gertraud Mörtl,Gertraud Mörtl,1,wien,fa4947f6-e539-4616-b433-af1c16a5e97f,Hirschstettner Straße 19-21 1220 Wien,,,,01/203%2071%2038,https://firmen.wko.at/gertraud-m%c3%b6rtl/wien/?firmaid=fa4947f6-e539-4616-b433-af1c16a5e97f&standortid=1&standortname=wien%20%28bundesland%29&suchbegriff=immobilienverwalter
gertrud m grün ges m b h,Gertrud M. Grün Ges.m.b.H.,Gertrud M. Grün Ges.m.b.H.,1,wien,2555cc83-813d-4930-a9da-59f86a8a29b6,Koppstraße 16/9 1160 Wien,,,,01/523%2012%2092,https://firmen.wko.at/gertrud-m-gr%c3%bcn-gesmbh/wien/?firmaid=2555cc83-813d-4930-a9da-59f86a8a29b6&standortid=1&standortname=wien%20%28bundesland%29&suchbegriff=immobilienverwalter
gertrude truschnegg,Gertrude Truschnegg,Gertrude Truschnegg,1,steiermark,835a8d40-4ea4-40f0-8af8-ed18c5c7f277,Liebenauer Hauptstraße 2-6 8041 Graz,http://www.immobilien1.at/,http://www.immobilien1.at/,office@immobilien1.at,+43%20(316)%2023%2021%2004,https://firmen.wko.at/gertrude-truschnegg-liegenschaftsverwaltung-graz-truschnegg-immobilien/steiermark/?firmaid=835a8d40-4ea4-40f0-8af8-ed18c5c7f277&standortid=5&standortname=steiermark%20%28bundesland%29&suchbegriff=immobilienverwalter
gesellschaft zur betreuung und verwaltung von wohnungseigentum m b h,Gesellschaft zur Betreuung und Verwaltung von Wohnungseigentum m.b.H.,Gesellschaft zur Betreuung und Verwaltung von Wohnungseigentum m.b.H.,1,vorarlberg,c181a57d-a696-4744-9430-01e8c7d002c7,Römerstraße 30 6900 Bregenz,,,,,https://firmen.wko.at/gesellschaft-zur-betreuung-und-verwaltung-von-wohnungseigentum-mbh/vorarlberg/?firmaid=c181a57d-a696-4744-9430-01e8c7d002c7&standortid=8&standortname=vorarlberg%20%28bundesland%29&suchbegriff=immobilienverwalter
gewerbepark urstein besitz gmbh und co kg,Gewerbepark Urstein Besitz GmbH & Co KG,Gewerbepark Urstein Besitz GmbH & Co KG,1,wien,8df35041-6cbd-45f7-b3cb-2a579d249741,Rathausstraße 1 1010 Wien,,,,,https://firmen.wko.at/gewerbepark-urstein-besitz-gmbh-und-co-kg/wien/?firmaid=8df35041-6cbd-45f7-b3cb-2a579d249741&standortid=1&standortname=wien%20%28bundesland%29&suchbegriff=immobilienverwalter
gfr gebäude und facilitymanagement gmbh,GFR Gebäude- und Facilitymanagement GmbH,GFR Gebäude- und Facilitymanagement GmbH,1,burgenland,08da387d-6f6c-4da3-8605-59bd15de1332,Ruster Straße 136 7000 Eisenstadt,,,,,https://firmen.wko.at/gfr-geb%c3%a4ude-und-facilitymanagement-gmbh/burgenland/?firmaid=08da387d-6f6c-4da3-8605-59bd15de1332&standortid=9&standortname=burgenland%20%28bundesland%29&suchbegriff=immobilienverwalter
ggj beteiligungs gmbh und co projekt eins og,GGJ Beteiligungs GmbH & Co Projekt Eins OG,GGJ Beteiligungs GmbH & Co Projekt Eins OG,1,wien,111cc0e2-c7c0-4703-a244-26945803e2d1,Rathausstraße 1 1010 Wien,,,,,https://firmen.wko.at/ggj-beteiligungs-gmbh-und-co-projekt-eins-og/wien/?firmaid=111cc0e2-c7c0-4703-a244-26945803e2d1&standortid=1&standortname=wien%20%28bundesland%29&suchbegriff=immobilienverwalter
gia real gmbh,GIA Real GmbH,GIA Real GmbH,1,niederösterreich,1b5e0d17-e94b-4aee-8528-3753f9f3c7f8,Setzgasse 3 2102 Bisamberg,https://www.gia-real.at/,https://www.gia-real.at/,office@gia-real.at,+4366488622280,https://firmen.wko.at/gia-real-gmbh/nieder%c3%b6sterreich/?firmaid=1b5e0d17-e94b-4aee-8528-3753f9f3c7f8&standortid=2&standortname=nieder%c3%b6sterreich%20%28bundesland%29&suchbegriff=immobilienverwalter
gilda handelsgesellschaft m b h,GILDA Handelsgesellschaft m.b.H.,GILDA Handelsgesellschaft m.b.H.,1,wien,eb32cf7a-933a-4e32-a45b-06f2a86c7bfb,Tigergasse 6 1080 Wien,,,office@schoell.at,01/402%2075%2061-0,https://firmen.wko.at/gilda-handelsgesellschaft-mbh/wien/?firmaid=eb32cf7a-933a-4e32-a45b-06f2a86c7bfb&standortid=1&standortname=wien%20%28bundesland%29&suchbegriff=immobilienverwalter
gj beteiligungs gmbh,GJ-Beteiligungs GmbH,GJ-Beteiligungs GmbH,1,wien,3db92f8b-9a1e-4623-a721-68ef96b76c23,Rathausstraße 1 1010 Wien,,,,,https://firmen.wko.at/gj-beteiligungs-gmbh/wien/?firmaid=3db92f8b-9a1e-4623-a721-68ef96b76c23&standortid=1&standortname=wien%20%28bundesland%29&suchbegriff=immobilienverwalter
gj beteiligungs gmbh und co projekt fünf og,GJ-Beteiligungs GmbH & Co Projekt Fünf OG,GJ-Beteiligungs GmbH & Co Projekt Fünf OG,1,wien,170d852a-cbf8-40b8-a9e8-9265fe73c268,Rathausstraße 1 1010 Wien,,,,,https://firmen.wko.at/gj-beteiligungs-gmbh-und-co-projekt-f%c3%bcnf-og/wien/?firmaid=170d852a-cbf8-40b8-a9e8-9265fe73c268&standortid=1&standortname=wien%20%28bundesland%29&suchbegriff=immobilienverwalter
glan real und hausverwaltung ges m b h,Glan Real und Hausverwaltung Ges.m.b.H.,Glan Real und Hausverwaltung Ges.m.b.H.,1,kärnten,fbf20a51-e020-41d3-a34e-26688ca07c3c,Hauptplatz 6 9300 St. Veit an der Glan,,,glanreal@aon.at,+43%204212%205866,https://firmen.wko.at/glan-real-und-hausverwaltung-gesmbh/k%c3%a4rnten/?firmaid=fbf20a51-e020-41d3-a34e-26688ca07c3c&standortid=6&standortname=k%c3%a4rnten%20%28bundesland%29&suchbegriff=immobilienverwalter
globale baugesellschaft m b h und co kg,Globale Baugesellschaft m.b.H. & Co. KG.,Globale Baugesellschaft m.b.H. & Co. KG.,1,tirol,80f8a544-d6fc-4ff9-b0c6-1c8d108c3a5b,Salurner Straße 16 6020 Innsbruck,,,globale@aon.at,0512/572%20355,https://firmen.wko.at/globale-baugesellschaft-mbh-und-co-kg/tirol/?firmaid=80f8a544-d6fc-4ff9-b0c6-1c8d108c3a5b&standortid=7&standortname=tirol%20%28bundesland%29&suchbegriff=immobilienverwalter
gmg immobilien invest gmbh,GMG Immobilien Invest GmbH,GMG Immobilien Invest GmbH,3,kärnten | wien,c335c737-16a2-48e7-8a76-1a5994a2a6f6 | 28f8a85f-2222-43fa-b2b1-6296251f6313 | 387be124-f2fd-453a-8506-938f94bb1867,"Völkermarkter Straße 1, Tür 2 9112 Griffen | Am Kanal 27/Top 2.0.10 1110 Wien | Sonnenfelsgasse 11 1010 Wien",,,,,https://firmen.wko.at/gmg-immobilien-invest-gmbh/k%c3%a4rnten/?firmaid=c335c737-16a2-48e7-8a76-1a5994a2a6f6&standortid=6&standortname=k%c3%a4rnten%20%28bundesland%29&suchbegriff=immobilienverwalter
gmk immo gmbh,GMK Immo GmbH,GMK Immo GmbH,1,oberösterreich,b7235c72-92b1-4e6b-9195-88f50eaf7711,Am Winterhafen 1 4020 Linz,https://www.gmk.at/,https://www.gmk.at/,immo@gmk.at,,https://firmen.wko.at/gmk-immo-gmbh/ober%c3%b6sterreich/?firmaid=b7235c72-92b1-4e6b-9195-88f50eaf7711&standortid=3&standortname=ober%c3%b6sterreich%20%28bundesland%29&suchbegriff=immobilienverwalter
goldbeck parking gmbh,GOLDBECK Parking GmbH,GOLDBECK Parking GmbH,1,niederösterreich,b837922a-eeaf-4650-b5eb-27316da0131c,"Campus 21, Europaring F15, Tür 502 2345 Brunn/Gebirge",,,,,https://firmen.wko.at/goldbeck-parking-gmbh/nieder%c3%b6sterreich/?firmaid=b837922a-eeaf-4650-b5eb-27316da0131c&standortid=2&standortname=nieder%c3%b6sterreich%20%28bundesland%29&suchbegriff=immobilienverwalter
grabner immobilien gmbh,Grabner Immobilien GmbH,Grabner Immobilien GmbH,1,burgenland,67d911bb-337f-4bb7-ad5f-0fb6bf3760f4,Roseggergasse 8 7350 Oberpullendorf,,,,,https://firmen.wko.at/grabner-immobilien-gmbh/burgenland/?firmaid=67d911bb-337f-4bb7-ad5f-0fb6bf3760f4&standortid=9&standortname=burgenland%20%28bundesland%29&suchbegriff=immobilienverwalter
graf immobilien besitz entwicklungs und verwaltungsgesellschaft m b h,"Graf Immobilien Besitz-, Entwicklungs- und Verwaltungsgesellschaft m.b.H.","Graf Immobilien Besitz-, Entwicklungs- und Verwaltungsgesellschaft m.b.H.",1,tirol,c9d6191d-5138-4c2e-8bf1-ae01c014f2e8,Hildenweg 6 9971 Matrei/Ostt.,,,,,https://firmen.wko.at/graf-immobilien-besitz-entwicklungs-und-verwaltungsgesellschaft-mbh/tirol/?firmaid=c9d6191d-5138-4c2e-8bf1-ae01c014f2e8&standortid=7&standortname=tirol%20%28bundesland%29&suchbegriff=immobilienverwalter
graf immobilientreuhand gmbh,Graf Immobilientreuhand GmbH,Graf Immobilientreuhand GmbH,1,oberösterreich,d8d138fa-9114-4b3a-8232-4921e41f7bdc,Franz Crenneville-Straße 4 4810 Gmunden,,,,,https://firmen.wko.at/graf-immobilientreuhand-gmbh/ober%c3%b6sterreich/?firmaid=d8d138fa-9114-4b3a-8232-4921e41f7bdc&standortid=3&standortname=ober%c3%b6sterreich%20%28bundesland%29&suchbegriff=immobilienverwalter
granit immobilien gmbh,Granit Immobilien GmbH,Granit Immobilien GmbH,1,steiermark,5fe716c9-e014-41d9-9845-528786bc992a,Feldgasse 14 8020 Graz,,,immogranit@aon.at,+43%20(0)316-48%2030%2001 | 0316/%2048%2030%2001%209,https://firmen.wko.at/granit-immobilien-gmbh/steiermark/?firmaid=5fe716c9-e014-41d9-9845-528786bc992a&standortid=5&standortname=steiermark%20%28bundesland%29&suchbegriff=immobilienverwalter
grawe immo ag,GRAWE Immo AG,GRAWE Immo AG,1,steiermark,3e9afebc-bcab-453c-807d-6ede8fd40f47,Kaiser-Josef-Platz 1 8010 Graz,http://www.gwimmo.at/,http://www.gwimmo.at/,office@gwimmo.at,+43%20(0)316-83%2023%2039,https://firmen.wko.at/grawe-immo-ag/steiermark/?firmaid=3e9afebc-bcab-453c-807d-6ede8fd40f47&standortid=5&standortname=steiermark%20%28bundesland%29&suchbegriff=immobilienverwalter
green wealth gmbh,Green Wealth GmbH,Green Wealth GmbH,1,oberösterreich,9f174825-1a54-4f36-974b-312b8f3fa852,Hafferlstraße 7 4020 Linz,,,,0732/7660-0,https://firmen.wko.at/green-wealth-gmbh/ober%c3%b6sterreich/?firmaid=9f174825-1a54-4f36-974b-312b8f3fa852&standortid=3&standortname=ober%c3%b6sterreich%20%28bundesland%29&suchbegriff=immobilienverwalter
green point 62 gmbh,Green-Point 62 GmbH,Green-Point 62 GmbH,1,niederösterreich,b69b1904-5907-4cb4-a270-4dc7727b49cc,Pottendorfer Straße 62 2700 Wiener Neustadt,,,,,https://firmen.wko.at/green-point-62-gmbh/nieder%c3%b6sterreich/?firmaid=b69b1904-5907-4cb4-a270-4dc7727b49cc&standortid=2&standortname=nieder%c3%b6sterreich%20%28bundesland%29&suchbegriff=immobilienverwalter
gregor waltner gmbh,Gregor Waltner GmbH,Gregor Waltner GmbH,1,niederösterreich,5e6d5a5e-cbaa-4e09-ac58-3809d561ea79,Rathausplatz 14 2000 Stockerau,,,,,https://firmen.wko.at/gregor-waltner-gmbh/nieder%c3%b6sterreich/?firmaid=5e6d5a5e-cbaa-4e09-ac58-3809d561ea79&standortid=2&standortname=nieder%c3%b6sterreich%20%28bundesland%29&suchbegriff=immobilienverwalter
greystar austria gmbh,Greystar Austria GmbH,Greystar Austria GmbH,1,wien,92ab8b29-9113-44a7-ae4f-63b0569e11d8,Donau-City-Straße 3 1220 Wien,,,,,https://firmen.wko.at/greystar-austria-gmbh/wien/?firmaid=92ab8b29-9113-44a7-ae4f-63b0569e11d8&standortid=1&standortname=wien%20%28bundesland%29&suchbegriff=immobilienverwalter
grill immobilienverwaltung gmbh,Grill Immobilienverwaltung GmbH,Grill Immobilienverwaltung GmbH,1,steiermark,0f3cafdb-6299-4c17-a2a5-f07b8538a9e2,Thörl 91 8983 Bad Mitterndorf,,,,,https://firmen.wko.at/grill-immobilienverwaltung-gmbh/steiermark/?firmaid=0f3cafdb-6299-4c17-a2a5-f07b8538a9e2&standortid=5&standortname=steiermark%20%28bundesland%29&suchbegriff=immobilienverwalter
grundmann immobilientreuhand e u,Grundmann Immobilientreuhand e.U.,Grundmann Immobilientreuhand e.U.,1,wien,bb12a2d4-1b9a-4e04-a4fb-e0850c8bb10e,0699 119 67 366,http://www.grundimmo.at/,http://www.grundimmo.at/,office@grundimmo.at,0699%20119%2067%20366,https://firmen.wko.at/grundmann-immobilientreuhand-eu/wien/?firmaid=bb12a2d4-1b9a-4e04-a4fb-e0850c8bb10e&standortid=1&standortname=wien%20%28bundesland%29&suchbegriff=immobilienverwalter
grundwerk gmbh,Grundwerk GmbH,Grundwerk GmbH,1,niederösterreich,646f1c76-a00b-4a64-9936-2bd1687e717b,Sankt Pöltner Straße 34A 3042 Würmla,,,,,https://firmen.wko.at/grundwerk-gmbh/nieder%c3%b6sterreich/?firmaid=646f1c76-a00b-4a64-9936-2bd1687e717b&standortid=2&standortname=nieder%c3%b6sterreich%20%28bundesland%29&suchbegriff=immobilienverwalter
grössing wiese bauträger gmbh,Grössing Wiese Bauträger GmbH,Grössing Wiese Bauträger GmbH,1,steiermark,cf4b30bd-9370-4c54-baec-99f919359880,Höhenfeld 71 8967 Haus,,,,,https://firmen.wko.at/gr%c3%b6ssing-wiese-bautr%c3%a4ger-gmbh/steiermark/?firmaid=cf4b30bd-9370-4c54-baec-99f919359880&standortid=5&standortname=steiermark%20%28bundesland%29&suchbegriff=immobilienverwalter
gsa wohnbauträger gmbh,GSA Wohnbauträger GmbH,GSA Wohnbauträger GmbH,1,oberösterreich,9d65930d-0479-4028-9f68-2edde4a97a33,Mozartstraße 6-10 4020 Linz,,,,,https://firmen.wko.at/gsa-wohnbautr%c3%a4ger-gmbh/ober%c3%b6sterreich/?firmaid=9d65930d-0479-4028-9f68-2edde4a97a33&standortid=3&standortname=ober%c3%b6sterreich%20%28bundesland%29&suchbegriff=immobilienverwalter
gu bauconsulting kg,GU Bauconsulting KG,GU Bauconsulting KG,1,salzburg,5fe45d3d-f99d-4cc0-a7f4-915d16abeea5,Rauchenbichlerstraße 2 5020 Salzburg,,,,,https://firmen.wko.at/gu-bauconsulting-kg/salzburg/?firmaid=5fe45d3d-f99d-4cc0-a7f4-915d16abeea5&standortid=4&standortname=salzburg%20%28bundesland%29&suchbegriff=immobilienverwalter
gunther thiel immobilien treuhand gmbh,Gunther Thiel Immobilien Treuhand GmbH,Gunther Thiel Immobilien Treuhand GmbH,1,niederösterreich,9d43c05a-2f17-4bf2-9e39-7cc2960a9c92,"Schloss 1, Tür 15 2435 Ebergassing",,,,,https://firmen.wko.at/gunther-thiel-immobilien-treuhand-gmbh/nieder%c3%b6sterreich/?firmaid=9d43c05a-2f17-4bf2-9e39-7cc2960a9c92&standortid=2&standortname=nieder%c3%b6sterreich%20%28bundesland%29&suchbegriff=immobilienverwalter
gustav petri und co immobilien treuhand gesellschaft m b h,Gustav Petri & Co Immobilien-Treuhand Gesellschaft m.b.H.,Gustav Petri & Co Immobilien-Treuhand Gesellschaft m.b.H.,1,wien,d82a9284-f4fc-4f66-bee2-17b51a8b26ce,Hegelgasse 6/2 1010 Wien,,,,01/512%2080%2001-0,https://firmen.wko.at/gustav-petri-und-co-immobilien-treuhand-gesellschaft-mbh/wien/?firmaid=d82a9284-f4fc-4f66-bee2-17b51a8b26ce&standortid=1&standortname=wien%20%28bundesland%29&suchbegriff=immobilienverwalter
gutmann realinvest gmbh,Gutmann Realinvest GmbH,Gutmann Realinvest GmbH,1,niederösterreich,279c5eee-4f07-4182-b4fe-4979c0b437cf,Inkustraße 1-7/Objekt 16/Top 68 3400 Klosterneuburg,,,,,https://firmen.wko.at/gutmann-realinvest-gmbh/nieder%c3%b6sterreich/?firmaid=279c5eee-4f07-4182-b4fe-4979c0b437cf&standortid=2&standortname=nieder%c3%b6sterreich%20%28bundesland%29&suchbegriff=immobilienverwalter
gutweil immobilienmanagement gmbh,GUTWEIL Immobilienmanagement GmbH,GUTWEIL Immobilienmanagement GmbH,1,niederösterreich,a00829fa-a7f8-4ff1-b0b9-d067e018b542,"Domplatz 9, Tür 3 3100 St.Pölten",,,,,https://firmen.wko.at/gutweil-immobilienmanagement-gmbh/nieder%c3%b6sterreich/?firmaid=a00829fa-a7f8-4ff1-b0b9-d067e018b542&standortid=2&standortname=nieder%c3%b6sterreich%20%28bundesland%29&suchbegriff=immobilienverwalter
gutwerk immobilien treuhand gmbh,Gutwerk Immobilien Treuhand GmbH,Gutwerk Immobilien Treuhand GmbH,1,wien,e98c9dfe-41b4-4b02-820a-17cf04779d16,Marc-Aurel-Straße 10-12/12 1010 Wien,,,,,https://firmen.wko.at/gutwerk-immobilien-treuhand-gmbh/wien/?firmaid=e98c9dfe-41b4-4b02-820a-17cf04779d16&standortid=1&standortname=wien%20%28bundesland%29&suchbegriff=immobilienverwalter
gws bau und verwaltungsgesellschaft m b h,GWS Bau- und Verwaltungsgesellschaft m.b.H.,GWS Bau- und Verwaltungsgesellschaft m.b.H.,1,steiermark,e6e3e12a-86b4-44e3-a38f-49ba68475820,Plüddemanngasse 107 8042 Graz,http://www.gws-exklusiv.at/,http://www.gws-exklusiv.at/,gws@gws-wohnen.at,+43%20(0)316-8054-0,https://firmen.wko.at/gws-bau-und-verwaltungsgesellschaft-mbh/steiermark/?firmaid=e6e3e12a-86b4-44e3-a38f-49ba68475820&standortid=5&standortname=steiermark%20%28bundesland%29&suchbegriff=immobilienverwalter
gws neunkirchen kommunal planungs errichtungs und servicegesellschaft m b h,"GWS NEUNKIRCHEN KOMMUNAL Planungs-, Errichtungs- und Servicegesellschaft m.b.H.","GWS NEUNKIRCHEN KOMMUNAL Planungs-, Errichtungs- und Servicegesellschaft m.b.H.",1,niederösterreich,b8c7b1db-60f8-427e-b6d9-3cc33872c5f3,Bahnstraße 25 2620 Neunkirchen,,,angelika.mauer-handler@sgn.at,,https://firmen.wko.at/gws-neunkirchen-kommunal-planungs-errichtungs-und-servicegesellschaft-mbh/nieder%c3%b6sterreich/?firmaid=b8c7b1db-60f8-427e-b6d9-3cc33872c5f3&standortid=2&standortname=nieder%c3%b6sterreich%20%28bundesland%29&suchbegriff=immobilienverwalter
gärtner immobilienverwaltungs gesellschaft m b h,Gärtner Immobilienverwaltungs- gesellschaft m.b.H.,Gärtner Immobilienverwaltungs- gesellschaft m.b.H.,1,tirol,3e9ff07f-7c7c-4efc-ae63-3173788c88d9,Templstraße 32/1. Stock/Top 6 6020 Innsbruck,,,office@gaertner-immobilien.com,0512/283%20176,https://firmen.wko.at/g%c3%a4rtner-immobilienverwaltungs-gesellschaft-mbh/tirol/?firmaid=3e9ff07f-7c7c-4efc-ae63-3173788c88d9&standortid=7&standortname=tirol%20%28bundesland%29&suchbegriff=immobilienverwalter
göttlicher immobilienmanagement gmbh,Göttlicher Immobilienmanagement GmbH.,Göttlicher Immobilienmanagement GmbH.,1,wien,ce35904c-3b57-4607-92e0-0c041b20fd9c,Leopold-Ferstl-Gasse 4/3 1210 Wien,http://www.goettlicherwohnen.at/,http://www.goettlicherwohnen.at/,office@goettlicherwohnen.at,+43%201%209545355 | +%2043%20660%208271278,https://firmen.wko.at/g%c3%b6ttlicher-immobilienmanagement-gmbh/wien/?firmaid=ce35904c-3b57-4607-92e0-0c041b20fd9c&standortid=1&standortname=wien%20%28bundesland%29&suchbegriff=immobilienverwalter
günter hanko,Günter Hanko,Günter Hanko,1,niederösterreich,83518f43-ede3-4cf7-b764-024d590bc74b,Gmünder Straße 5 3874 Litschau,,,,,https://firmen.wko.at/g%c3%bcnter-hanko/nieder%c3%b6sterreich/?firmaid=83518f43-ede3-4cf7-b764-024d590bc74b&standortid=2&standortname=nieder%c3%b6sterreich%20%28bundesland%29&suchbegriff=immobilienverwalter
günther albert theissl,Günther Albert Theissl,Günther Albert Theissl,1,steiermark,6fbd304b-1316-4c7a-8d43-0a47626cde37,Grazer Straße 1 8530 Deutschlandsberg,http://www.schilcherland-real-com/,http://www.schilcherland-real-com/,office@schilcherland-real.com,+43%203462%2030534 | +436763695179,https://firmen.wko.at/g%c3%bcnther-albert-theissl-schilcherland-realit%c3%a4ten-eu/steiermark/?firmaid=6fbd304b-1316-4c7a-8d43-0a47626cde37&standortid=5&standortname=steiermark%20%28bundesland%29&suchbegriff=immobilienverwalter
günther gassner,Günther Gaßner,Günther Gaßner,1,vorarlberg,b1013128-69e8-49f1-aa3c-4ee54ac8051d,Kirchplatz 11 6973 Höchst,,,gassner.immobilien@aon.at,05574/437%2064,https://firmen.wko.at/g%c3%bcnther-ga%c3%9fner/vorarlberg/?firmaid=b1013128-69e8-49f1-aa3c-4ee54ac8051d&standortid=8&standortname=vorarlberg%20%28bundesland%29&suchbegriff=immobilienverwalter
h und r wohnbau gmbh,H & R Wohnbau GmbH,H & R Wohnbau GmbH,1,tirol,074bd397-3a68-427a-b309-35301cfac934,Rennhammergasse 1 6130 Schwaz,,,,,https://firmen.wko.at/h-und-r-wohnbau-gmbh/tirol/?firmaid=074bd397-3a68-427a-b309-35301cfac934&standortid=7&standortname=tirol%20%28bundesland%29&suchbegriff=immobilienverwalter
h und r schmidt og,H&R Schmidt OG,H&R Schmidt OG,1,wien,7aa90b45-1725-441f-b28d-01004ed0116d,Blumengasse 9-11/12 1170 Wien,,,,,https://firmen.wko.at/hundr-schmidt-og/wien/?firmaid=7aa90b45-1725-441f-b28d-01004ed0116d&standortid=1&standortname=wien%20%28bundesland%29&suchbegriff=immobilienverwalter
h u w müller immobilien gmbh,H.u.W. Müller Immobilien GmbH.,H.u.W. Müller Immobilien GmbH.,1,wien,46e5b3d5-5ea4-4943-8ae1-ed6f8ec6b9dd,Bellariastraße 6 1010 Wien,,,office@hvmueller.at,+4313108883,https://firmen.wko.at/huw-m%c3%bcller-immobilien-gmbh/wien/?firmaid=46e5b3d5-5ea4-4943-8ae1-ed6f8ec6b9dd&standortid=1&standortname=wien%20%28bundesland%29&suchbegriff=immobilienverwalter
h2h asset management partners gmbh,H2H Asset Management Partners GmbH,H2H Asset Management Partners GmbH,1,niederösterreich,d236206f-29b2-42f6-953e-a2f9eafe552a,Griesfeldstraße 45c 2560 Berndorf,,,,,https://firmen.wko.at/h2h-asset-management-partners-gmbh/nieder%c3%b6sterreich/?firmaid=d236206f-29b2-42f6-953e-a2f9eafe552a&standortid=2&standortname=nieder%c3%b6sterreich%20%28bundesland%29&suchbegriff=immobilienverwalter
ha part immobilien gmbh,Ha-Part Immobilien GmbH,Ha-Part Immobilien GmbH,1,salzburg,c27bb161-b42c-4856-8bb2-5ce6c21454d0,Untere Dorfstraße 34 5151 Nußdorf am Haunsberg,,,,,https://firmen.wko.at/ha-part-immobilien-gmbh/salzburg/?firmaid=c27bb161-b42c-4856-8bb2-5ce6c21454d0&standortid=4&standortname=salzburg%20%28bundesland%29&suchbegriff=immobilienverwalter
habesohn gmbh,Habesohn GmbH,Habesohn GmbH,1,wien,4f8d6075-72ff-4e54-8446-5f48a85b328a,Trauttmansdorffgasse 16 1130 Wien,,,,,https://firmen.wko.at/habesohn-gmbh/wien/?firmaid=4f8d6075-72ff-4e54-8446-5f48a85b328a&standortid=1&standortname=wien%20%28bundesland%29&suchbegriff=immobilienverwalter
hafen wien gmbh,Hafen Wien GmbH,Hafen Wien GmbH,1,wien,cf3e7e39-d734-4b04-9bee-0d4cdefc8a0a,Seitenhafenstraße 15 1020 Wien,,,,,https://firmen.wko.at/hafen-wien-gmbh/wien/?firmaid=cf3e7e39-d734-4b04-9bee-0d4cdefc8a0a&standortid=1&standortname=wien%20%28bundesland%29&suchbegriff=immobilienverwalter
haga wohnbau gmbh,HAGA Wohnbau GmbH,HAGA Wohnbau GmbH,1,tirol,8f38aabd-517c-40a0-a5b9-704ee0dcf676,Paß-Thurn-Straße 47 6371 Aurach b.Kitzbühel,,,,,https://firmen.wko.at/haga-wohnbau-gmbh/tirol/?firmaid=8f38aabd-517c-40a0-a5b9-704ee0dcf676&standortid=7&standortname=tirol%20%28bundesland%29&suchbegriff=immobilienverwalter
hagg visa hausverwaltung gmbh,Hagg VISA Hausverwaltung GmbH,Hagg VISA Hausverwaltung GmbH,1,kärnten,9cf04fb9-c9f8-4818-9d4f-3f6584f96b67,Bahnhofstraße 1/3 9020 Klagenfurt am Wörthersee,http://www.hagg-visa.at/,http://www.hagg-visa.at/,office@hagg-visa.at,+43%20463%2050%2030%2026-0 | +43%20676%205030260,https://firmen.wko.at/hagg-visa-hausverwaltung-gmbh/k%c3%a4rnten/?firmaid=9cf04fb9-c9f8-4818-9d4f-3f6584f96b67&standortid=6&standortname=k%c3%a4rnten%20%28bundesland%29&suchbegriff=immobilienverwalter
haidacher gmbh,HAIDACHER GMBH,HAIDACHER GMBH,1,wien,8d9dde33-0d73-4908-a519-0e65694bb510,Laurenzgasse 15/10 1050 Wien,,,,,https://firmen.wko.at/haidacher-gmbh/wien/?firmaid=8d9dde33-0d73-4908-a519-0e65694bb510&standortid=1&standortname=wien%20%28bundesland%29&suchbegriff=immobilienverwalter
haidacher cyganek gmbh,Haidacher-Cyganek GmbH,Haidacher-Cyganek GmbH,1,wien,c72de367-70f2-41ac-b893-81ffc9e78049,Fasangasse 21 1030 Wien,,,,,https://firmen.wko.at/haidacher-cyganek-gmbh/wien/?firmaid=c72de367-70f2-41ac-b893-81ffc9e78049&standortid=1&standortname=wien%20%28bundesland%29&suchbegriff=immobilienverwalter
hakus real immobilienmakler gesellschaft m b h,Hakus Real Immobilienmakler Gesellschaft m.b.H.,Hakus Real Immobilienmakler Gesellschaft m.b.H.,1,wien,712a5337-f6ae-4a04-8531-5da206d9e6a5,Georg-Sigl-Gasse 10/6 1090 Wien,,,,01/512%2074%2088,https://firmen.wko.at/hakus-real-immobilienmakler-gesellschaft-mbh/wien/?firmaid=712a5337-f6ae-4a04-8531-5da206d9e6a5&standortid=1&standortname=wien%20%28bundesland%29&suchbegriff=immobilienverwalter
hallag kommunal gmbh,HALLAG Kommunal GmbH,HALLAG Kommunal GmbH,1,tirol,bbf05339-03ae-49ac-9542-22b057b73162,Augasse 6 6060 Hall in Tirol,http://www.stadtwerkehall.at/,http://www.stadtwerkehall.at/,office@stw-hall.at,05223%2058550,https://firmen.wko.at/hallag-kommunal-gmbh/tirol/?firmaid=bbf05339-03ae-49ac-9542-22b057b73162&standortid=7&standortname=tirol%20%28bundesland%29&suchbegriff=immobilienverwalter
hammerl immobilien management gmbh,Hammerl Immobilien Management GmbH,Hammerl Immobilien Management GmbH,1,wien,45e08b32-768a-442c-88b0-d46c39e7971d,Marksteinergasse 13 1210 Wien,http://hammerl.at/,http://hammerl.at/,office@hammerl.at,+43%20(0)1278%2033%2064,https://firmen.wko.at/hammerl-immobilien-management-gmbh/wien/?firmaid=45e08b32-768a-442c-88b0-d46c39e7971d&standortid=1&standortname=wien%20%28bundesland%29&suchbegriff=immobilienverwalter
hannelore mayr hausverwaltungsgmbh,Hannelore Mayr HausverwaltungsGmbH,Hannelore Mayr HausverwaltungsGmbH,1,wien,af700b85-055d-4979-bcf1-3e8331969502,Albertgasse 1A 1080 Wien,,,,,https://firmen.wko.at/hannelore-mayr-hausverwaltungsgmbh/wien/?firmaid=af700b85-055d-4979-bcf1-3e8331969502&standortid=1&standortname=wien%20%28bundesland%29&suchbegriff=immobilienverwalter
hannelore wobrowsky,Hannelore Wobrowsky,Hannelore Wobrowsky,1,wien,2b335208-58c1-4d6b-bb20-fc520c2b9dab,Machstraße 5/1/1502 1020 Wien,,,,hwobrowsky@wwff.gv.at,https://firmen.wko.at/hannelore-wobrowsky/wien/?firmaid=2b335208-58c1-4d6b-bb20-fc520c2b9dab&standortid=1&standortname=wien%20%28bundesland%29&suchbegriff=immobilienverwalter
hannes herbst,Hannes Herbst,Hannes Herbst,1,steiermark,41ef18e2-170f-4172-94a2-9faaa045740d,Bundesstraße 7 8077 Gössendorf,http://www.herbst-immobilien.at/,http://www.herbst-immobilien.at/,office@herbst-immobilien.at,+43%20(664)%20736%20909%2055,https://firmen.wko.at/hannes-herbst-immobilienverwalter-immobilienmakler/steiermark/?firmaid=41ef18e2-170f-4172-94a2-9faaa045740d&standortid=5&standortname=steiermark%20%28bundesland%29&suchbegriff=immobilienverwalter
hannes stephan parmetler,Hannes Stephan Parmetler,Hannes Stephan Parmetler,1,steiermark,f002585b-2502-46af-a12c-f2aeaa41c63b,Stuhlsdorfer Straße 62a 8063 Eggersdorf bei Graz,,,,,https://firmen.wko.at/hannes-stephan-parmetler/steiermark/?firmaid=f002585b-2502-46af-a12c-f2aeaa41c63b&standortid=5&standortname=steiermark%20%28bundesland%29&suchbegriff=immobilienverwalter
hans christian rohazek,Hans Christian Rohazek,Hans Christian Rohazek,1,wien,912d6af0-cf43-4425-9160-1aebf09c814a,Reinholdgasse 41A(HAUS 3) 1220 Wien,,,office@rohazek.at,,https://firmen.wko.at/hans-christian-rohazek/wien/?firmaid=912d6af0-cf43-4425-9160-1aebf09c814a&standortid=1&standortname=wien%20%28bundesland%29&suchbegriff=immobilienverwalter
happy homes plus gmbh,Happy Homes Plus GmbH,Happy Homes Plus GmbH,1,salzburg,53564611-3b05-4874-a891-b49f5cb0dd03,Hubert-Sattler-Gasse 1 5020 Salzburg,,,,,https://firmen.wko.at/happy-homes-plus-gmbh/salzburg/?firmaid=53564611-3b05-4874-a891-b49f5cb0dd03&standortid=4&standortname=salzburg%20%28bundesland%29&suchbegriff=immobilienverwalter
harald schippl immobilien e u,Harald Schippl Immobilien e.U.,Harald Schippl Immobilien e.U.,1,wien,d5f27275-a22f-44d8-a7e9-700cfce56632,Philharmonikerstraße 6 1010 Wien,http://www.schippl.at/,http://www.schippl.at/,immobilien@schippl.at,01/%205966666,https://firmen.wko.at/harald-schippl-immobilien-eu/wien/?firmaid=d5f27275-a22f-44d8-a7e9-700cfce56632&standortid=1&standortname=wien%20%28bundesland%29&suchbegriff=immobilienverwalter
harald werfer,Harald Werfer,Harald Werfer,1,oberösterreich,52471880-d7de-4e26-8065-6bc38e17b07c,Figulystraße 34 4020 Linz,,,,0732/663811,https://firmen.wko.at/harald-werfer/ober%c3%b6sterreich/?firmaid=52471880-d7de-4e26-8065-6bc38e17b07c&standortid=3&standortname=ober%c3%b6sterreich%20%28bundesland%29&suchbegriff=immobilienverwalter
hardegg gebäudeverwaltung gmbh,Hardegg Gebäudeverwaltung GmbH,Hardegg Gebäudeverwaltung GmbH,1,wien,9df3a609-d7b5-4f96-8fc7-07e064dccee4,Annagasse 1 1010 Wien,http://www.immobilien-markt.at/,http://www.immobilien-markt.at/,%20friedrich.hardegg@chello.at,01/5128673-14,https://firmen.wko.at/hardegg-geb%c3%a4udeverwaltung-gmbh/wien/?firmaid=9df3a609-d7b5-4f96-8fc7-07e064dccee4&standortid=1&standortname=wien%20%28bundesland%29&suchbegriff=immobilienverwalter
hartl und partner immobilientreuhand gmbh,Hartl & Partner Immobilientreuhand GmbH,Hartl & Partner Immobilientreuhand GmbH,1,salzburg,4a8b6130-ee7a-4549-8770-38ce521b53b9,Josef-Preis-Allee 11/ A2 5020 Salzburg,,,hartl.partner@utanet.at,+43/(0)662/451529,https://firmen.wko.at/hartl-und-partner-immobilientreuhand-gmbh/salzburg/?firmaid=4a8b6130-ee7a-4549-8770-38ce521b53b9&standortid=4&standortname=salzburg%20%28bundesland%29&suchbegriff=immobilienverwalter
hartwig siegfried siutz,Hartwig Siegfried Siutz,Hartwig Siegfried Siutz,1,kärnten,81090563-4ff7-4d77-a92d-4522b20e0825,Drauberme 1 9500 Villach,http://www.siutz.at/,http://www.siutz.at/,office@siutz.at,+43%204242%2021200,https://firmen.wko.at/hartwig-siegfried-siutz/k%c3%a4rnten/?firmaid=81090563-4ff7-4d77-a92d-4522b20e0825&standortid=6&standortname=k%c3%a4rnten%20%28bundesland%29&suchbegriff=immobilienverwalter
hartwig warmuth gesellschaft m b h,Hartwig Warmuth Gesellschaft m.b.H.,Hartwig Warmuth Gesellschaft m.b.H.,1,kärnten,f84bfc78-937b-4fa7-99c5-676326dce9eb,Hans-Sittenberger-Straße 21 9500 Villach,,,warmuth@spielzeugland.at,+43%20663%2004%2050%2074,https://firmen.wko.at/hartwig-warmuth-gesellschaft-mbh/k%c3%a4rnten/?firmaid=f84bfc78-937b-4fa7-99c5-676326dce9eb&standortid=6&standortname=k%c3%a4rnten%20%28bundesland%29&suchbegriff=immobilienverwalter
hat immobilien e u,HAT Immobilien e.U.,HAT Immobilien e.U.,1,niederösterreich,d228cc8c-6268-42c5-9df6-22ae41f72ae0,"Thanner Str. 1, Tür 7 2631 Ternitz",https://hat-immo.at/,https://hat-immo.at/,office@hat-immo.at,,https://firmen.wko.at/hat-immobilien-eu-verwaltung-vermittlung-management/nieder%c3%b6sterreich/?firmaid=d228cc8c-6268-42c5-9df6-22ae41f72ae0&standortid=2&standortname=nieder%c3%b6sterreich%20%28bundesland%29&suchbegriff=immobilienverwalter
haus und co immobilientreuhand gmbh,Haus & Co Immobilientreuhand GmbH,Haus & Co Immobilientreuhand GmbH,1,tirol,0308e256-c978-42f7-ae9f-09de50b96b0f,Obermarkt 35 6600 Reutte,,,,,https://firmen.wko.at/haus-und-co-immobilientreuhand-gmbh/tirol/?firmaid=0308e256-c978-42f7-ae9f-09de50b96b0f&standortid=7&standortname=tirol%20%28bundesland%29&suchbegriff=immobilienverwalter
haus und grund immobilien management gmbh,Haus & Grund Immobilien Management GmbH,Haus & Grund Immobilien Management GmbH,2,oberösterreich | salzburg,d103a1fd-e6b7-4e9c-98bc-63bf61bb7e87 | 8e4aa7d3-b6fd-49a4-8443-88b723f02297,Ignaz-Härtl-Straße 2-10 5020 Salzburg | Südtirolerstraße 5 4020 Linz,,,,0732/666873,https://firmen.wko.at/haus-und-grund-immobilien-management-gmbh/salzburg/?firmaid=d103a1fd-e6b7-4e9c-98bc-63bf61bb7e87&standortid=4&standortname=salzburg%20%28bundesland%29&suchbegriff=immobilienverwalter
haus und objektverwaltung 2020 gmbh,Haus- und Objektverwaltung 2020 GmbH,Haus- und Objektverwaltung 2020 GmbH,1,tirol,35f4115e-8b03-4768-bd8d-d97c6b2f38e5,Bahnhofstraße 8 6300 Wörgl,,,,,https://firmen.wko.at/haus-und-objektverwaltung-2020-gmbh/tirol/?firmaid=35f4115e-8b03-4768-bd8d-d97c6b2f38e5&standortid=7&standortname=tirol%20%28bundesland%29&suchbegriff=immobilienverwalter
hauser immobilienverwaltung ilse und günter kleibner gesellschaft m b h,Hauser Immobilienverwaltung Ilse und Günter Kleibner Gesellschaft m.b.H.,Hauser Immobilienverwaltung Ilse und Günter Kleibner Gesellschaft m.b.H.,1,wien,0bba9499-8c86-462c-97b3-05299b20d052,Hildebrandgasse 2 1180 Wien,,,hv-kleibner@aon.at,01/402%2053%2027,https://firmen.wko.at/hauser-immobilienverwaltung-ilse-und-g%c3%bcnter-kleibner-gesellschaft-mbh/wien/?firmaid=0bba9499-8c86-462c-97b3-05299b20d052&standortid=1&standortname=wien%20%28bundesland%29&suchbegriff=immobilienverwalter
hausmann und hausmann gebäudeverwaltung gmbh,Hausmann & Hausmann Gebäudeverwaltung GmbH,Hausmann & Hausmann Gebäudeverwaltung GmbH,1,wien,df0a8d0b-e4f7-4fd5-9b15-a3a561664bfb,Ameisgasse 10 1140 Wien,https://hvwohnfreude.at/,https://hvwohnfreude.at/,office@hvwohnfreude.at,01%20512%2028%2015,https://firmen.wko.at/hausmann-und-hausmann-geb%c3%a4udeverwaltung-gmbh-hausmann-und-hausmann-geb%c3%a4udeverwaltung-gmbh/wien/?firmaid=df0a8d0b-e4f7-4fd5-9b15-a3a561664bfb&standortid=1&standortname=wien%20%28bundesland%29&suchbegriff=immobilienverwalter
hausverwaltung 4you gmbh,Hausverwaltung 4you GmbH,Hausverwaltung 4you GmbH,1,wien,eec39ea5-a38e-45d6-be70-7b93abe60001,Trillergasse 8/TOP 1 1210 Wien,,,HV.TRICHTL@aon.at,01/403%2085%2067,https://firmen.wko.at/hausverwaltung-4you-gmbh/wien/?firmaid=eec39ea5-a38e-45d6-be70-7b93abe60001&standortid=1&standortname=wien%20%28bundesland%29&suchbegriff=immobilienverwalter
hausverwaltung con ti kg,Hausverwaltung Con.Ti KG,Hausverwaltung Con.Ti KG,1,kärnten,1bdaa856-e4de-47f1-b1ec-6fddb2772423,Koschatstraße 38 9020 Klagenfurt/Wörthersee,,,,,https://firmen.wko.at/hausverwaltung-conti-kg/k%c3%a4rnten/?firmaid=1bdaa856-e4de-47f1-b1ec-6fddb2772423&standortid=6&standortname=k%c3%a4rnten%20%28bundesland%29&suchbegriff=immobilienverwalter
hausverwaltung dr brandstetter gmbh,Hausverwaltung Dr. Brandstetter GmbH,Hausverwaltung Dr. Brandstetter GmbH,1,wien,9a26e97a-68a8-45cb-8228-c60638d6a7b5,Ameisgasse 10 1140 Wien,http://www.hv-brandstetter.at/,http://www.hv-brandstetter.at/,office@hv-brandstetter.at,01/%208932510,https://firmen.wko.at/hausverwaltung-dr-brandstetter-gmbh/wien/?firmaid=9a26e97a-68a8-45cb-8228-c60638d6a7b5&standortid=1&standortname=wien%20%28bundesland%29&suchbegriff=immobilienverwalter
hausverwaltung dr türr gmbh,Hausverwaltung Dr. TÜRR GmbH,Hausverwaltung Dr. TÜRR GmbH,1,wien,e508e58e-cf9e-4c85-885f-b919579b3110,Schönbrunner Straße 231 1120 Wien,,,,,https://firmen.wko.at/hausverwaltung-dr-t%c3%9crr-gmbh/wien/?firmaid=e508e58e-cf9e-4c85-885f-b919579b3110&standortid=1&standortname=wien%20%28bundesland%29&suchbegriff=immobilienverwalter
hausverwaltung eder gmbh,Hausverwaltung Eder GmbH,Hausverwaltung Eder GmbH,1,steiermark,36f47ec1-08fd-4d65-8a24-181d5162f2ad,Hilmteichstraße 7 8010 Graz,,,,,https://firmen.wko.at/hausverwaltung-eder-gmbh/steiermark/?firmaid=36f47ec1-08fd-4d65-8a24-181d5162f2ad&standortid=5&standortname=steiermark%20%28bundesland%29&suchbegriff=immobilienverwalter
hausverwaltung gwp gmbh,Hausverwaltung GWP GmbH,Hausverwaltung GWP GmbH,1,niederösterreich,3eb976d2-e052-439e-a514-780b56f09171,Bahnzeile 2 2130 Mistelbach,,,,,https://firmen.wko.at/hausverwaltung-gwp-gmbh/nieder%c3%b6sterreich/?firmaid=3eb976d2-e052-439e-a514-780b56f09171&standortid=2&standortname=nieder%c3%b6sterreich%20%28bundesland%29&suchbegriff=immobilienverwalter
hausverwaltung hackl gmbh,Hausverwaltung Hackl GmbH,Hausverwaltung Hackl GmbH,1,tirol,08fe2a6f-c208-4a37-8b38-dbb75b49d2c0,Steinweg 6 6433 Oetz,https://hackl-hausverwaltung.at/,https://hackl-hausverwaltung.at/,office@hackl-hausverwaltung.at,+43541293080,https://firmen.wko.at/hausverwaltung-hackl-gmbh/tirol/?firmaid=08fe2a6f-c208-4a37-8b38-dbb75b49d2c0&standortid=7&standortname=tirol%20%28bundesland%29&suchbegriff=immobilienverwalter
hausverwaltung handschur gmbh,Hausverwaltung Handschur GmbH,Hausverwaltung Handschur GmbH,1,niederösterreich,18f4fda9-e021-4d2a-b714-1f21a9637653,Jakob Thoma-Straße 6 2340 Mödling,,,,,https://firmen.wko.at/hausverwaltung-handschur-gmbh/nieder%c3%b6sterreich/?firmaid=18f4fda9-e021-4d2a-b714-1f21a9637653&standortid=2&standortname=nieder%c3%b6sterreich%20%28bundesland%29&suchbegriff=immobilienverwalter
hausverwaltung j gombocz und sohn eigentum gesellschaft m b h,"Hausverwaltung J. Gombocz & Sohn ""Eigentum"" Gesellschaft m.b.H.","Hausverwaltung J. Gombocz & Sohn ""Eigentum"" Gesellschaft m.b.H.",1,steiermark,31b0152d-f3d8-42d4-acef-1be3f08f15bc,Bauernfeldstraße 6 8020 Graz,,,office@hv-gombocz.at,+43%20(0)316-57%2032%2044,https://firmen.wko.at/hausverwaltung-j-gombocz-und-sohn-%22eigentum%22-gesellschaft-mbh/steiermark/?firmaid=31b0152d-f3d8-42d4-acef-1be3f08f15bc&standortid=5&standortname=steiermark%20%28bundesland%29&suchbegriff=immobilienverwalter
hausverwaltung krause und co kg,Hausverwaltung Krause & Co KG,Hausverwaltung Krause & Co KG,1,wien,7f3e0c8b-19e7-484a-98a7-6de624bb3a64,0664 915 89 44,http://www.hausverwaltung-krause.at/,http://www.hausverwaltung-krause.at/,mk@hvw-krause.com,0664%20915%2089%2044,https://firmen.wko.at/hausverwaltung-krause-und-co-kg/wien/?firmaid=7f3e0c8b-19e7-484a-98a7-6de624bb3a64&standortid=1&standortname=wien%20%28bundesland%29&suchbegriff=immobilienverwalter
hausverwaltung lusser kg,Hausverwaltung Lusser KG,Hausverwaltung Lusser KG,2,wien,900f0fa6-36c7-4058-aec3-7f4fb1f7fbe5 | c479d2f4-6ca6-46af-b1ec-efe70880da31,Marchettigasse 12/31 1060 Wien | Gumpendorfer Straße 91/IV 1060 Wien,http://www.hvl.at/,http://www.hvl.at/,office@hvl.at,+43%20676%20491%2029%2001,https://firmen.wko.at/hausverwaltung-lusser-kg/wien/?firmaid=900f0fa6-36c7-4058-aec3-7f4fb1f7fbe5&standortid=1&standortname=wien%20%28bundesland%29&suchbegriff=immobilienverwalter
hausverwaltung nigg e u,Hausverwaltung Nigg e.U.,Hausverwaltung Nigg e.U.,1,niederösterreich,130854ed-69e0-4c74-a989-465084b96fd7,Hölzlgasse 1/2 3400 Klosterneuburg,,,,,https://firmen.wko.at/hausverwaltung-nigg-eu/nieder%c3%b6sterreich/?firmaid=130854ed-69e0-4c74-a989-465084b96fd7&standortid=2&standortname=nieder%c3%b6sterreich%20%28bundesland%29&suchbegriff=immobilienverwalter
hausverwaltung obermeier gmbh,Hausverwaltung Obermeier GmbH,Hausverwaltung Obermeier GmbH,1,wien,62ebb954-899f-42cb-a089-1174d6c2bd54,Brünner Straße 81 1210 Wien,,,,,https://firmen.wko.at/hausverwaltung-obermeier-gmbh/wien/?firmaid=62ebb954-899f-42cb-a089-1174d6c2bd54&standortid=1&standortname=wien%20%28bundesland%29&suchbegriff=immobilienverwalter
hausverwaltung reisch gmbh,Hausverwaltung Reisch GmbH,Hausverwaltung Reisch GmbH,1,tirol,809614e5-ba03-4a7e-9b49-aa570e42e70f,Franz-Reisch-Straße 4 6370 Kitzbühel,,,,,https://firmen.wko.at/hausverwaltung-reisch-gmbh/tirol/?firmaid=809614e5-ba03-4a7e-9b49-aa570e42e70f&standortid=7&standortname=tirol%20%28bundesland%29&suchbegriff=immobilienverwalter
hausverwaltung rosam gmbh,Hausverwaltung Rosam GmbH,Hausverwaltung Rosam GmbH,1,wien,d609f145-2238-464e-8fb8-d908a59cae4d,Nußdorfer Straße 10-12 1090 Wien,https://www.rosam-hv.at/,https://www.rosam-hv.at/,office@rosam-hv.at,+43%201%20406%2018%2011,https://firmen.wko.at/hausverwaltung-rosam-gmbh-hausverwaltung-rosam-gmbh/wien/?firmaid=d609f145-2238-464e-8fb8-d908a59cae4d&standortid=1&standortname=wien%20%28bundesland%29&suchbegriff=immobilienverwalter
hausverwaltung schimmel und partner gmbh,Hausverwaltung Schimmel & Partner GmbH,Hausverwaltung Schimmel & Partner GmbH,1,kärnten,3d225365-3e3e-4cfd-9ca0-f56fa69213c4,"+43 4229 3647,3622 0676 3872205",,,hvwschimmel@aon.at,"+43%204229%203647,3622 | 0676%203872205",https://firmen.wko.at/hausverwaltung-schimmel-und-partner-gmbh/k%c3%a4rnten/?firmaid=3d225365-3e3e-4cfd-9ca0-f56fa69213c4&standortid=6&standortname=k%c3%a4rnten%20%28bundesland%29&suchbegriff=immobilienverwalter
hausverwaltung suppan gmbh,Hausverwaltung Suppan GmbH,Hausverwaltung Suppan GmbH,1,steiermark,67489d4c-069b-4ca4-9754-4f66d022421b,Reisstraße 19 8741 Weißkirchen/Stmk.,,,,,https://firmen.wko.at/hausverwaltung-suppan-gmbh/steiermark/?firmaid=67489d4c-069b-4ca4-9754-4f66d022421b&standortid=5&standortname=steiermark%20%28bundesland%29&suchbegriff=immobilienverwalter
hausverwaltung und immobilienmakler purkarthofer ges m b h,Hausverwaltung und Immobilienmakler Purkarthofer Ges.m.b.H.,Hausverwaltung und Immobilienmakler Purkarthofer Ges.m.b.H.,1,steiermark,e8fde390-c5f7-4621-80d0-cb7085069128,Sporgasse 29 8010 Graz,https://www.immo-purkarthofer.at/,https://www.immo-purkarthofer.at/,office@immo-purkarthofer.at,+43%20(0)316-82%2088%2083-0,https://firmen.wko.at/hausverwaltung-und-immobilienmakler-purkarthofer-gesmbh/steiermark/?firmaid=e8fde390-c5f7-4621-80d0-cb7085069128&standortid=5&standortname=steiermark%20%28bundesland%29&suchbegriff=immobilienverwalter
hausverwaltung wohnungs und geschäftsvermittlung dipl ing indrak inh erika rathmann e u,Hausverwaltung Wohnungs- und Geschäftsvermittlung Dipl.-Ing. Indrak Inh. Erika Rathmann e.U.,Hausverwaltung Wohnungs- und Geschäftsvermittlung Dipl.-Ing. Indrak Inh. Erika Rathmann e.U.,1,wien,00da2b8b-494b-467e-9eb2-39350cccaf1c,Ferrogasse 55/11 1180 Wien,,,,,https://firmen.wko.at/hausverwaltung-wohnungs-und-gesch%c3%a4ftsvermittlung-dipl-ing-indrak-inh-erika-rathmann-eu/wien/?firmaid=00da2b8b-494b-467e-9eb2-39350cccaf1c&standortid=1&standortname=wien%20%28bundesland%29&suchbegriff=immobilienverwalter
hausverwaltung realkanzlei haginger gesellschaft m b h und co kg,HAUSVERWALTUNG-REALKANZLEI HAGINGER GESELLSCHAFT M.B.H. & CO.KG.,HAUSVERWALTUNG-REALKANZLEI HAGINGER GESELLSCHAFT M.B.H. & CO.KG.,1,oberösterreich,9a0b3c85-2196-46ce-8d78-9707dc17869c,Lederergasse 27 4020 Linz,,,immo.haginger@ooe.net,0732/779666 | 0663/876404,https://firmen.wko.at/hausverwaltung-realkanzlei-haginger-gesellschaft-mbh-und-cokg/ober%c3%b6sterreich/?firmaid=9a0b3c85-2196-46ce-8d78-9707dc17869c&standortid=3&standortname=ober%c3%b6sterreich%20%28bundesland%29&suchbegriff=immobilienverwalter
hausverwaltungsgesellschaft m b h,Hausverwaltungsgesellschaft m.b.H.,Hausverwaltungsgesellschaft m.b.H.,1,oberösterreich,67a97ce7-2554-465e-bfc5-4ce88c637384,Pachergasse 4 a 4400 Steyr,,,,07252/53510 | 0664/072516,https://firmen.wko.at/hausverwaltungsgesellschaft-mbh/ober%c3%b6sterreich/?firmaid=67a97ce7-2554-465e-bfc5-4ce88c637384&standortid=3&standortname=ober%c3%b6sterreich%20%28bundesland%29&suchbegriff=immobilienverwalter
hauswirth immobilienverwaltung gmbh,Hauswirth Immobilienverwaltung GmbH,Hauswirth Immobilienverwaltung GmbH,1,wien,c57b394c-4cee-446a-b642-8f454952477b,Heiligenstädter Straße 28 1190 Wien,http://www.hauswirth.at/,http://www.hauswirth.at/,lsb@hauswirth.at,01/804%2008%2051%20-%200,https://firmen.wko.at/hauswirth-immobilienverwaltung-gmbh-liegenschaftsbetreuung-hauswirth-immobilienmanagement/wien/?firmaid=c57b394c-4cee-446a-b642-8f454952477b&standortid=1&standortname=wien%20%28bundesland%29&suchbegriff=immobilienverwalter
hawlisch und partner immobilientreuhand gmbh,Hawlisch & Partner Immobilientreuhand GmbH,Hawlisch & Partner Immobilientreuhand GmbH,1,wien,e17e498c-5f44-4adb-8a8a-37cb5db61fc2,Waidhausenstraße 19/10 1140 Wien,http://www.hawlisch.at/,http://www.hawlisch.at/,immobilienverwaltung@hawlisch.at,+43%20(0)1%20923%2005%2005,https://firmen.wko.at/hawlisch-und-partner-immobilientreuhand-gmbh/wien/?firmaid=e17e498c-5f44-4adb-8a8a-37cb5db61fc2&standortid=1&standortname=wien%20%28bundesland%29&suchbegriff=immobilienverwalter
hechenberger gmbh,Hechenberger GmbH,Hechenberger GmbH,1,salzburg,54b3a076-263f-4fb6-aa08-6fc9c6dd9059,Innsbrucker Bundesstraße 40 5020 Salzburg,,,,,https://firmen.wko.at/hechenberger-gmbh/salzburg/?firmaid=54b3a076-263f-4fb6-aa08-6fc9c6dd9059&standortid=4&standortname=salzburg%20%28bundesland%29&suchbegriff=immobilienverwalter
hedwig böhm,Hedwig Böhm,Hedwig Böhm,1,wien,c20bacac-86d9-49c9-b85c-2777ce49aea9,Mariahilfer Straße 53 1060 Wien,,,office@boehm.at%20,01/587%2086%2070,https://firmen.wko.at/hedwig-b%c3%b6hm/wien/?firmaid=c20bacac-86d9-49c9-b85c-2777ce49aea9&standortid=1&standortname=wien%20%28bundesland%29&suchbegriff=immobilienverwalter
heidi rannegger immobilienverwaltungsges m b h,"Heidi Rannegger, Immobilienverwaltungsges.m.b.H.","Heidi Rannegger, Immobilienverwaltungsges.m.b.H.",1,wien,1d0f4efc-562a-4a04-b33a-10b069234cea,Zehenthofgasse 14 1190 Wien,,,,,https://firmen.wko.at/heidi-rannegger-immobilienverwaltungsgesmbh/wien/?firmaid=1d0f4efc-562a-4a04-b33a-10b069234cea&standortid=1&standortname=wien%20%28bundesland%29&suchbegriff=immobilienverwalter
heike claudia dieber,Heike Claudia Dieber,Heike Claudia Dieber,1,vorarlberg,c0a476ac-6bf2-4a90-b976-e0f15118406d,Walserweg 47b 6700 Bludenz,,,,,https://firmen.wko.at/heike-claudia-dieber/vorarlberg/?firmaid=c0a476ac-6bf2-4a90-b976-e0f15118406d&standortid=8&standortname=vorarlberg%20%28bundesland%29&suchbegriff=immobilienverwalter
heimbach og,Heimbach OG,Heimbach OG,1,vorarlberg,eecfa8d1-4bd5-4db6-8911-924fbbf7c81a,Bregenzerstraße 47 6911 Lochau,,,,,https://firmen.wko.at/heimbach-og/vorarlberg/?firmaid=eecfa8d1-4bd5-4db6-8911-924fbbf7c81a&standortid=8&standortname=vorarlberg%20%28bundesland%29&suchbegriff=immobilienverwalter
helga elisabeth rajetzky,Helga Elisabeth Rajetzky,Helga Elisabeth Rajetzky,1,oberösterreich,1de922b7-77ca-4c8b-bce7-0102f8472ff9,Bergweg 17 4813 Altmünster,,,,,https://firmen.wko.at/helga-elisabeth-rajetzky/ober%c3%b6sterreich/?firmaid=1de922b7-77ca-4c8b-bce7-0102f8472ff9&standortid=3&standortname=ober%c3%b6sterreich%20%28bundesland%29&suchbegriff=immobilienverwalter
helmut berger immobilien u hausverwaltungen gmbh,Helmut Berger Immobilien u. Hausverwaltungen GmbH,Helmut Berger Immobilien u. Hausverwaltungen GmbH,1,salzburg,4ef2c464-6e70-4c17-b987-5ce5f90256ad,Hochkrimml 104 5743 Krimml,,,,,https://firmen.wko.at/helmut-berger-immobilien-u-hausverwaltungen-gmbh/salzburg/?firmaid=4ef2c464-6e70-4c17-b987-5ce5f90256ad&standortid=4&standortname=salzburg%20%28bundesland%29&suchbegriff=immobilienverwalter
helmut schak,Helmut Schak,Helmut Schak,1,wien,f04f41c1-9b80-4320-94f9-c04a5136c2b6,Zieglergasse 29/40-DG 1070 Wien,,,schak@atico.at,01/585%2005%2080,https://firmen.wko.at/helmut-schak/wien/?firmaid=f04f41c1-9b80-4320-94f9-c04a5136c2b6&standortid=1&standortname=wien%20%28bundesland%29&suchbegriff=immobilienverwalter
helmut vucsina,Helmut Vucsina,Helmut Vucsina,1,steiermark,b32d8d8c-1a7e-412b-8a16-56856689895c,Sternberggasse 17 8793 Trofaiach,,,,,https://firmen.wko.at/helmut-vucsina/steiermark/?firmaid=b32d8d8c-1a7e-412b-8a16-56856689895c&standortid=5&standortname=steiermark%20%28bundesland%29&suchbegriff=immobilienverwalter
henes immobilien e u,HENES Immobilien e.U.,HENES Immobilien e.U.,1,wien,6b33c3d5-7787-4a53-a780-69dd5569f757,Linzer Straße 352/1/4 1140 Wien,,,,,https://firmen.wko.at/henes-immobilien-eu/wien/?firmaid=6b33c3d5-7787-4a53-a780-69dd5569f757&standortid=1&standortname=wien%20%28bundesland%29&suchbegriff=immobilienverwalter
herakles immobilien gmbh,Herakles Immobilien GmbH,Herakles Immobilien GmbH,1,wien,ed677d67-161e-4f7b-b370-7c8f27ebb9c3,Leibenfrostgasse 4/25 1040 Wien,,,,,https://firmen.wko.at/herakles-immobilien-gmbh/wien/?firmaid=ed677d67-161e-4f7b-b370-7c8f27ebb9c3&standortid=1&standortname=wien%20%28bundesland%29&suchbegriff=immobilienverwalter
herbert pelz,Herbert Pelz,Herbert Pelz,1,wien,5e4d7594-11cb-47d4-be81-4f2c408aa2b0,0650 529 59 71,http://hp-immo.at/,http://hp-immo.at/,herbert.pelz@chello.at,0650%20529%2059%2071,https://firmen.wko.at/herbert-pelz/wien/?firmaid=5e4d7594-11cb-47d4-be81-4f2c408aa2b0&standortid=1&standortname=wien%20%28bundesland%29&suchbegriff=immobilienverwalter
herbert sampl,Herbert Sampl,Herbert Sampl,2,salzburg,09c8645b-83eb-42a4-bb35-d20d11cac28a | 4274f8cf-d860-4181-97a0-63d871053af9,Immobilienverwaltung 0662 231096 | Murtalstraße 641 5582 St.Michael/Lungau,https://sampl-immo.at/,https://sampl-immo.at/ | http://www.sampl-immo.at/,office@sampl-immo.at,0662%20231096%20,https://firmen.wko.at/herbert-sampl-immobilienverwaltung/salzburg/?firmaid=09c8645b-83eb-42a4-bb35-d20d11cac28a&standortid=4&standortname=salzburg%20%28bundesland%29&suchbegriff=immobilienverwalter
herbert windbichler ges m b h,Herbert Windbichler Ges.m.b.H.,Herbert Windbichler Ges.m.b.H.,1,wien,909c845a-b84f-4901-af17-3328ae173e0b,Zehenthofgasse 16/4 1190 Wien,,,office@windbichler.at,01/328%2023%2066,https://firmen.wko.at/herbert-windbichler-gesmbh/wien/?firmaid=909c845a-b84f-4901-af17-3328ae173e0b&standortid=1&standortname=wien%20%28bundesland%29&suchbegriff=immobilienverwalter
hermann riess gmbh,Hermann Rieß GmbH,Hermann Rieß GmbH,1,salzburg,5ef64e33-5818-4868-92e8-570529096de7,06215 8264 0664 44 25 368,http://www.remax-family.at/,http://www.remax-family.at/,office@remax-family.at,06215%208264 | 0664%2044%2025%20368,https://firmen.wko.at/hermann-rie%c3%9f-gmbh-remax-family/salzburg/?firmaid=5ef64e33-5818-4868-92e8-570529096de7&standortid=4&standortname=salzburg%20%28bundesland%29&suchbegriff=immobilienverwalter
heros hausverwaltung e u,HEROS Hausverwaltung e.U.,HEROS Hausverwaltung e.U.,1,wien,7c58f48b-36a1-4676-a123-f7a5716ec263,Schikanedergasse 11/2 1040 Wien,,,,,https://firmen.wko.at/heros-hausverwaltung-eu/wien/?firmaid=7c58f48b-36a1-4676-a123-f7a5716ec263&standortid=1&standortname=wien%20%28bundesland%29&suchbegriff=immobilienverwalter
herz immoagentur gmbh,Herz-ImmoAgentur GmbH,Herz-ImmoAgentur GmbH,1,oberösterreich,25c97c66-2631-48ba-b504-abbfe0b235af,Linzer Straße 117 4614 Marchtrenk,https://www.herz-immoagentur.at/,https://www.herz-immoagentur.at/,office@herz-immoagentur.at,+43%20(0)%206643558622,https://firmen.wko.at/herz-immoagentur-gmbh-immobilientreuh%c3%a4nder/ober%c3%b6sterreich/?firmaid=25c97c66-2631-48ba-b504-abbfe0b235af&standortid=3&standortname=ober%c3%b6sterreich%20%28bundesland%29&suchbegriff=immobilienverwalter
heureka development und consulting gmbh,Heureka Development & Consulting GmbH,Heureka Development & Consulting GmbH,1,steiermark,6619a0a0-09e2-4ae2-b381-c1c87d77ab0c,Siegfried-Esterl-Gasse 47 8160 Weiz,,,,,https://firmen.wko.at/heureka-development-und-consulting-gmbh/steiermark/?firmaid=6619a0a0-09e2-4ae2-b381-c1c87d77ab0c&standortid=5&standortname=steiermark%20%28bundesland%29&suchbegriff=immobilienverwalter
hf immobilien gmbh,HF Immobilien GmbH,HF Immobilien GmbH,1,niederösterreich,d4444efc-1c38-4e95-a1dd-ae96dbe3433f,Trapplstraße 8 3151 St.Pölten,,,,,https://firmen.wko.at/hf-immobilien-gmbh/nieder%c3%b6sterreich/?firmaid=d4444efc-1c38-4e95-a1dd-ae96dbe3433f&standortid=2&standortname=nieder%c3%b6sterreich%20%28bundesland%29&suchbegriff=immobilienverwalter
hgb immobilien gmbh,HGB Immobilien GmbH,HGB Immobilien GmbH,1,salzburg,9de33189-2af8-4fe3-818f-664490838427,Windbachgasse 343 5721 Piesendorf,https://www.hgb-immobilien.at/,https://www.hgb-immobilien.at/,thomas@hgb-immobilien.at,+436648234798,https://firmen.wko.at/hgb-immobilien-gmbh/salzburg/?firmaid=9de33189-2af8-4fe3-818f-664490838427&standortid=4&standortname=salzburg%20%28bundesland%29&suchbegriff=immobilienverwalter
hgi handels gewerbe und industrieplanungsgesellschaft m b h,"HGI Handels-, Gewerbe- und Industrieplanungsgesellschaft m.b.H.","HGI Handels-, Gewerbe- und Industrieplanungsgesellschaft m.b.H.",1,salzburg,7d98d057-a1a6-463d-bbcf-8436269a3335,Keltenweg 4 5101 Bergheim,,,hgi.gmbh@aon.at,0662/455%20016,https://firmen.wko.at/hgi-handels-gewerbe-und-industrieplanungsgesellschaft-mbh/salzburg/?firmaid=7d98d057-a1a6-463d-bbcf-8436269a3335&standortid=4&standortname=salzburg%20%28bundesland%29&suchbegriff=immobilienverwalter
hhpl immobilienverwaltung gmbh,HHPL Immobilienverwaltung GmbH,HHPL Immobilienverwaltung GmbH,1,niederösterreich,bc52465a-eac5-4e08-9914-33a5e5b0a7b2,Füllenkellerweg 4-6/Top 4 2352 Gumpoldskirchen,,,,,https://firmen.wko.at/hhpl-immobilienverwaltung-gmbh/nieder%c3%b6sterreich/?firmaid=bc52465a-eac5-4e08-9914-33a5e5b0a7b2&standortid=2&standortname=nieder%c3%b6sterreich%20%28bundesland%29&suchbegriff=immobilienverwalter
hib immobilien gmbh,HIB Immobilien GmbH,HIB Immobilien GmbH,1,steiermark,dd926fd8-7030-471c-889e-a7b367ff9e8c,"Lilienthalgasse 4, Tür 1 8020 Graz",,,,,https://firmen.wko.at/hib-immobilien-gmbh/steiermark/?firmaid=dd926fd8-7030-471c-889e-a7b367ff9e8c&standortid=5&standortname=steiermark%20%28bundesland%29&suchbegriff=immobilienverwalter
hih invest real estate austria gmbh,HIH Invest Real Estate Austria GmbH,HIH Invest Real Estate Austria GmbH,1,wien,876d7bb4-e5d2-42fe-aa85-b5c45daa5959,Taborstraße 1 1020 Wien,,,,,https://firmen.wko.at/hih-invest-real-estate-austria-gmbh/wien/?firmaid=876d7bb4-e5d2-42fe-aa85-b5c45daa5959&standortid=1&standortname=wien%20%28bundesland%29&suchbegriff=immobilienverwalter
hildegard antoni kahrer,Hildegard Antoni-Kahrer,Hildegard Antoni-Kahrer,1,wien,27b08d7b-79b9-4390-9ea1-369dbb6122b4,Strebersdorfer Platz 10 1210 Wien,,,,,https://firmen.wko.at/hildegard-antoni-kahrer/wien/?firmaid=27b08d7b-79b9-4390-9ea1-369dbb6122b4&standortid=1&standortname=wien%20%28bundesland%29&suchbegriff=immobilienverwalter
hirschl und partner immobilienverwaltungs gmbh,Hirschl & Partner Immobilienverwaltungs GmbH,Hirschl & Partner Immobilienverwaltungs GmbH,1,oberösterreich,5964809b-b896-43bd-a7dc-1d70ffd55a7f,Ringstraße 6 4600 Wels,https://hirschl-immobilien.at/,https://hirschl-immobilien.at/,office@hirschl-immobilien.at,+43%20681%2081430733,https://firmen.wko.at/hirschl-und-partner-immobilienverwaltungs-gmbh-immobilientreuh%c3%a4nder/ober%c3%b6sterreich/?firmaid=5964809b-b896-43bd-a7dc-1d70ffd55a7f&standortid=3&standortname=ober%c3%b6sterreich%20%28bundesland%29&suchbegriff=immobilienverwalter
hkp fairwaltungsgmbh,HKP fairwaltungsgmbh,HKP fairwaltungsgmbh,1,steiermark,c6363957-7c09-4ff9-bb5b-8fdde0a9a73f,Kaiserfeldgasse 8 8010 Graz,,,,,https://firmen.wko.at/hkp-fairwaltungsgmbh/steiermark/?firmaid=c6363957-7c09-4ff9-bb5b-8fdde0a9a73f&standortid=5&standortname=steiermark%20%28bundesland%29&suchbegriff=immobilienverwalter
hlv immobilien gmbh,HLV Immobilien GmbH,HLV Immobilien GmbH,1,salzburg,c63b2449-9189-4aa1-85e4-203b2c4b5c40,Residenzplatz 7 5020 Salzburg,,,,,https://firmen.wko.at/hlv-immobilien-gmbh/salzburg/?firmaid=c63b2449-9189-4aa1-85e4-203b2c4b5c40&standortid=4&standortname=salzburg%20%28bundesland%29&suchbegriff=immobilienverwalter
hochstaffl immobilien verwaltung gmbh,Hochstaffl Immobilien Verwaltung GmbH,Hochstaffl Immobilien Verwaltung GmbH,1,tirol,6944df48-de2f-4017-a0ea-490bb67da4b6,Josef Speckbacher-Straße 11 6300 Wörgl,,,,,https://firmen.wko.at/hochstaffl-immobilien-verwaltung-gmbh/tirol/?firmaid=6944df48-de2f-4017-a0ea-490bb67da4b6&standortid=7&standortname=tirol%20%28bundesland%29&suchbegriff=immobilienverwalter
hoeller immobilien gmbh,HOELLER IMMOBILIEN GmbH,HOELLER IMMOBILIEN GmbH,1,steiermark,d20854e8-4913-4703-94ef-4a3d525fe769,"Lilienpark 1, Tür /3 8072 Fernitz-Mellach",,,,,https://firmen.wko.at/hoeller-immobilien-gmbh/steiermark/?firmaid=d20854e8-4913-4703-94ef-4a3d525fe769&standortid=5&standortname=steiermark%20%28bundesland%29&suchbegriff=immobilienverwalter
hofhans immobilienmanagement gmbh,Hofhans Immobilienmanagement GmbH,Hofhans Immobilienmanagement GmbH,1,wien,2459577a-0fea-46b9-8381-56cdc5d544d8,Albertgasse 32/9 1080 Wien,,,,,https://firmen.wko.at/hofhans-immobilienmanagement-gmbh/wien/?firmaid=2459577a-0fea-46b9-8381-56cdc5d544d8&standortid=1&standortname=wien%20%28bundesland%29&suchbegriff=immobilienverwalter
holle und partner immobilien gmbh,Holle & Partner Immobilien GmbH,Holle & Partner Immobilien GmbH,1,wien,f7d0e72c-7d64-4924-bf07-82dd9713f4f0,Keplergasse 18/1-9 1100 Wien,,,,,https://firmen.wko.at/holle-und-partner-immobilien-gmbh/wien/?firmaid=f7d0e72c-7d64-4924-bf07-82dd9713f4f0&standortid=1&standortname=wien%20%28bundesland%29&suchbegriff=immobilienverwalter
holzer und partner gmbh,Holzer & Partner GmbH,Holzer & Partner GmbH,1,tirol,415a1f9d-6817-44dc-b24f-b543131c5225,Hornweg 1 6370 Kitzbühel,,,,,https://firmen.wko.at/holzer-und-partner-gmbh/tirol/?firmaid=415a1f9d-6817-44dc-b24f-b543131c5225&standortid=7&standortname=tirol%20%28bundesland%29&suchbegriff=immobilienverwalter
homebase immobilienverwaltungsgmbh,Homebase ImmobilienverwaltungsGmbH,Homebase ImmobilienverwaltungsGmbH,1,wien,4afce37d-eb09-4515-bed0-84c605f3ff21,Apostelgasse 2-14/8/1 1030 Wien,https://www.homebase-immobilien.at/,https://www.homebase-immobilien.at/,office@homebase-immobilien.at,+43%201%208905623,https://firmen.wko.at/homebase-immobilienverwaltungsgmbh-immobilienverwaltung/wien/?firmaid=4afce37d-eb09-4515-bed0-84c605f3ff21&standortid=1&standortname=wien%20%28bundesland%29&suchbegriff=immobilienverwalter
homevote labs gmbh,Homevote Labs GmbH,Homevote Labs GmbH,1,wien,1cc61671-6b4c-4714-bbd8-01c6ef52fa52,Große Sperlgasse 43/7 1020 Wien,https://www.homevote.io/,https://www.homevote.io/,office@homevote.io,+436644055350,https://firmen.wko.at/homevote-labs-gmbh-softwareentwicklung/wien/?firmaid=1cc61671-6b4c-4714-bbd8-01c6ef52fa52&standortid=1&standortname=wien%20%28bundesland%29&suchbegriff=immobilienverwalter
hope gmbh,HOPE GmbH,HOPE GmbH,1,burgenland,d4b54648-2547-4f2a-a571-c876c43a26ee,Eichengasse 5 7210 Mattersburg,,,,,https://firmen.wko.at/hope-gmbh/burgenland/?firmaid=d4b54648-2547-4f2a-a571-c876c43a26ee&standortid=9&standortname=burgenland%20%28bundesland%29&suchbegriff=immobilienverwalter
housebook gmbh,Housebook GmbH,Housebook GmbH,1,tirol,307bb2d1-44dd-4926-868d-3ed43494d6cb,Salzburgerstraße 22b 6380 St. Johann in Tirol,https://www.housebook.at/,https://www.housebook.at/,office@housebook.solutions,+43%205352%20216%203010,https://firmen.wko.at/housebook-gmbh/tirol/?firmaid=307bb2d1-44dd-4926-868d-3ed43494d6cb&standortid=7&standortname=tirol%20%28bundesland%29&suchbegriff=immobilienverwalter
hsk immobilien gmbh,HSK Immobilien GmbH,HSK Immobilien GmbH,1,steiermark,bbd8cc86-3895-43f5-9251-0df50efdd61a,"Liebenauer Hauptstraße 281, Tür 22 8041 Graz",,,,,https://firmen.wko.at/hsk-immobilien-gmbh/steiermark/?firmaid=bbd8cc86-3895-43f5-9251-0df50efdd61a&standortid=5&standortname=steiermark%20%28bundesland%29&suchbegriff=immobilienverwalter
hubert freimüller,Hubert Freimüller,Hubert Freimüller,1,wien,123fca8f-0a11-436a-a680-21f1fee5cb69,Max-Winter-Platz 9/7 1020 Wien,,,,01/728%2018%2080,https://firmen.wko.at/hubert-freim%c3%bcller/wien/?firmaid=123fca8f-0a11-436a-a680-21f1fee5cb69&standortid=1&standortname=wien%20%28bundesland%29&suchbegriff=immobilienverwalter
hubert kuen,Hubert Kuen,Hubert Kuen,1,niederösterreich,a8fa8473-1686-4ff0-b1b8-c1b2f99c28c9,Hauptstraße 8 2564 Weissenbach a. d. Triesting,,,,,https://firmen.wko.at/hubert-kuen/nieder%c3%b6sterreich/?firmaid=a8fa8473-1686-4ff0-b1b8-c1b2f99c28c9&standortid=2&standortname=nieder%c3%b6sterreich%20%28bundesland%29&suchbegriff=immobilienverwalter
huma eleven shopping center gmbh,huma eleven Shopping Center GmbH,huma eleven Shopping Center GmbH,1,wien,5c64e592-4d55-4659-b460-17a419275c37,Landwehrstraße 6 1110 Wien,,,,,https://firmen.wko.at/huma-eleven-shopping-center-gmbh/wien/?firmaid=5c64e592-4d55-4659-b460-17a419275c37&standortid=1&standortname=wien%20%28bundesland%29&suchbegriff=immobilienverwalter
hv 24 hausverwaltungs gmbh,HV 24 Hausverwaltungs GmbH,HV 24 Hausverwaltungs GmbH,1,wien,39fe03e0-9056-4b6a-9617-ef818f00d7a8,Liechtensteinstraße 22-22a/1/5 1090 Wien,,,,,https://firmen.wko.at/hv-24-hausverwaltungs-gmbh/wien/?firmaid=39fe03e0-9056-4b6a-9617-ef818f00d7a8&standortid=1&standortname=wien%20%28bundesland%29&suchbegriff=immobilienverwalter
hv grundwert immobilien gmbh,HV Grundwert Immobilien GmbH,HV Grundwert Immobilien GmbH,1,wien,a7588441-08af-400f-8660-b88a70dbd453,Donau-City-Straße 7/2/30.Stock 1220 Wien,,,,,https://firmen.wko.at/hv-grundwert-immobilien-gmbh/wien/?firmaid=a7588441-08af-400f-8660-b88a70dbd453&standortid=1&standortname=wien%20%28bundesland%29&suchbegriff=immobilienverwalter
hv hausverwaltung gmbh,HV Hausverwaltung GmbH,HV Hausverwaltung GmbH,1,steiermark,13525332-e6d1-441a-8d8d-a5155eb134f0,Grazerstraße 28 8850 Murau,,,,,https://firmen.wko.at/hv-hausverwaltung-gmbh/steiermark/?firmaid=13525332-e6d1-441a-8d8d-a5155eb134f0&standortid=5&standortname=steiermark%20%28bundesland%29&suchbegriff=immobilienverwalter
hv pigel gmbh,HV Pigel GmbH,HV Pigel GmbH,1,wien,a4a6f70a-4d93-42ed-892d-41a3dd8fea94,Kirchengasse (Neubau) 43/6 1070 Wien,,,,,https://firmen.wko.at/hv-pigel-gmbh/wien/?firmaid=a4a6f70a-4d93-42ed-892d-41a3dd8fea94&standortid=1&standortname=wien%20%28bundesland%29&suchbegriff=immobilienverwalter
hvka hausverwaltung kammerer gmbh,HVKA Hausverwaltung Kammerer GmbH,HVKA Hausverwaltung Kammerer GmbH,1,salzburg,0cc77cb7-51b9-4085-8682-9d01ca7eb921,Dr.-Adolf-Altmann-Straße 17 5020 Salzburg,,,,,https://firmen.wko.at/hvka-hausverwaltung-kammerer-gmbh/salzburg/?firmaid=0cc77cb7-51b9-4085-8682-9d01ca7eb921&standortid=4&standortname=salzburg%20%28bundesland%29&suchbegriff=immobilienverwalter
hvka home value kammerer gmbh,HVKA Home Value Kammerer GmbH,HVKA Home Value Kammerer GmbH,1,salzburg,34363958-a056-43ec-a3bf-149eed19c862,"Erzabt-Klotz-Straße 4, Top 13 5020 Salzburg",,,,,https://firmen.wko.at/hvka-home-value-kammerer-gmbh/salzburg/?firmaid=34363958-a056-43ec-a3bf-149eed19c862&standortid=4&standortname=salzburg%20%28bundesland%29&suchbegriff=immobilienverwalter
hz liegenschaftsverwaltungs gmbh und co kg,HZ-Liegenschaftsverwaltungs GmbH & Co KG,HZ-Liegenschaftsverwaltungs GmbH & Co KG,1,steiermark,6fa0c803-0f6d-4e9e-971d-ddeea314c5cb,Ebersdorf 60 (Wohnhaus) 8273 Ebersdorf,,,,,https://firmen.wko.at/hz-liegenschaftsverwaltungs-gmbh-und-co-kg/steiermark/?firmaid=6fa0c803-0f6d-4e9e-971d-ddeea314c5cb&standortid=5&standortname=steiermark%20%28bundesland%29&suchbegriff=immobilienverwalter
häuseradministration dipl ing otto vest rusan e u,Häuseradministration Dipl.Ing. Otto Vest-Rusan e.U.,Häuseradministration Dipl.Ing. Otto Vest-Rusan e.U.,1,wien,5fe89e0b-d17f-4a3d-9d37-5c1d228be6fc,Bösendorferstraße 7 1010 Wien,,,,,https://firmen.wko.at/h%c3%a4useradministration-dipling-otto-vest-rusan-eu/wien/?firmaid=5fe89e0b-d17f-4a3d-9d37-5c1d228be6fc&standortid=1&standortname=wien%20%28bundesland%29&suchbegriff=immobilienverwalter
häuseradministration dipl ing otto vest rusan gmbh,Häuseradministration Dipl.Ing. Otto VEST-rusan GmbH,Häuseradministration Dipl.Ing. Otto VEST-rusan GmbH,1,wien,42fae25b-d249-44e6-9e8b-3aa8cb52da7a,Bösendorferstraße 7 1010 Wien,,,,,https://firmen.wko.at/h%c3%a4useradministration-dipling-otto-vest-rusan-gmbh/wien/?firmaid=42fae25b-d249-44e6-9e8b-3aa8cb52da7a&standortid=1&standortname=wien%20%28bundesland%29&suchbegriff=immobilienverwalter
hös heimat österreich service gesmbh,HÖS Heimat Österreich Service GesmbH,HÖS Heimat Österreich Service GesmbH,1,salzburg,60b9d09f-16e8-4f20-8463-0305e579475c,Frauenbachweg 5 5102 Anthering,,,,,https://firmen.wko.at/h%c3%96s-heimat-%c3%96sterreich-service-gesmbh/salzburg/?firmaid=60b9d09f-16e8-4f20-8463-0305e579475c&standortid=4&standortname=salzburg%20%28bundesland%29&suchbegriff=immobilienverwalter
hübl und partner immobilien gmbh,HÜBL & PARTNER Immobilien GmbH,HÜBL & PARTNER Immobilien GmbH,1,wien,7017e4fd-9219-4351-b2dc-665378eb6cb7,01 277 88 0676 338 55 20,https://www.huebl-partner.com/,https://www.huebl-partner.com/,Office@huebl-partner.com,01%20277%2088 | 0676%20338%2055%2020,https://firmen.wko.at/h%c3%9cbl-und-partner-immobilien-gmbh-ehemals-panorama-immobilien-gmbh/wien/?firmaid=7017e4fd-9219-4351-b2dc-665378eb6cb7&standortid=1&standortname=wien%20%28bundesland%29&suchbegriff=immobilienverwalter
i und brand immobilien og,I & Brand Immobilien OG,I & Brand Immobilien OG,1,salzburg,5cf1a454-789d-4672-81d9-bcbbe51437f9,Linzer Bundesstraße 101 5020 Salzburg,,,,,https://firmen.wko.at/i-und-brand-immobilien-og/salzburg/?firmaid=5cf1a454-789d-4672-81d9-bcbbe51437f9&standortid=4&standortname=salzburg%20%28bundesland%29&suchbegriff=immobilienverwalter
i und p gmbh,I&P GmbH,I&P GmbH,1,kärnten,3faf81ed-8136-40e2-b11f-1b670ee85856,St. Thomaser Straße 24 9400 Wolfsberg,,,,,https://firmen.wko.at/iundp-gmbh/k%c3%a4rnten/?firmaid=3faf81ed-8136-40e2-b11f-1b670ee85856&standortid=6&standortname=k%c3%a4rnten%20%28bundesland%29&suchbegriff=immobilienverwalter
i und u immobilientreuhand und unternehmensberatung gmbh,I&U Immobilientreuhand und Unternehmensberatung GmbH,I&U Immobilientreuhand und Unternehmensberatung GmbH,1,steiermark,dbbcf2bd-621c-4de0-8bbc-03ebe79e1666,Nußbaumerstraße 35/2/4 8042 Graz,http://www.iundu.at/,http://www.iundu.at/,immobilientreuhand@iundu.at,+43%20650%20700%2070%2096,https://firmen.wko.at/iundu-immobilientreuhand-und-unternehmensberatung-gmbh/steiermark/?firmaid=dbbcf2bd-621c-4de0-8bbc-03ebe79e1666&standortid=5&standortname=steiermark%20%28bundesland%29&suchbegriff=immobilienverwalter
i g w immobilien gmbh,I.G.W. Immobilien GmbH,I.G.W. Immobilien GmbH,1,steiermark,4cc2966c-63d7-4a99-a2e4-46c646fbb2d7,Kärntner Straße 452 8054 Graz,http://www.igw-immobilien.at/,http://www.igw-immobilien.at/,office@igw-immobilien.at,0043(0)3135-46900 | 0043(0)699-14666751,https://firmen.wko.at/igw-immobilien-gmbh/steiermark/?firmaid=4cc2966c-63d7-4a99-a2e4-46c646fbb2d7&standortid=5&standortname=steiermark%20%28bundesland%29&suchbegriff=immobilienverwalter
i v a immobilien verwaltung treuhand gmbh,I.V.A. Immobilien Verwaltung Treuhand GmbH,I.V.A. Immobilien Verwaltung Treuhand GmbH,1,steiermark,9a67cf0d-f569-45e5-8aa4-2b5efbe875eb,Heinrichstraße 112/EG 8010 Graz,,,office@i-v-a.at,0316/71%2063%2043,https://firmen.wko.at/iva-immobilien-verwaltung-treuhand-gmbh/steiermark/?firmaid=9a67cf0d-f569-45e5-8aa4-2b5efbe875eb&standortid=5&standortname=steiermark%20%28bundesland%29&suchbegriff=immobilienverwalter
i v t immobilien treuhand und verwaltungsgesellschaft m b h,I.V.T. Immobilien Treuhand- und Verwaltungsgesellschaft m.b.H.,I.V.T. Immobilien Treuhand- und Verwaltungsgesellschaft m.b.H.,2,tirol | wien,a4e49fa5-5875-4ba7-a078-91d3082e88c5 | 190a1404-327f-4108-9587-0758212140d5,Andreas-Hofer-Straße 223 6100 Seefeld/T | Zehenthofgasse 14 1190 Wien,,,office@ivt-hv.at,01/328%2066%2055,https://firmen.wko.at/ivt-immobilien-treuhand-und-verwaltungsgesellschaft-mbh/tirol/?firmaid=a4e49fa5-5875-4ba7-a078-91d3082e88c5&standortid=7&standortname=tirol%20%28bundesland%29&suchbegriff=immobilienverwalter
ib fink gmbh,IB Fink GmbH,IB Fink GmbH,1,vorarlberg,56dda940-32b0-4680-8d71-618c9015a60a,Hadeldorfstraße 31b 6830 Rankweil,,,,,https://firmen.wko.at/ib-fink-gmbh/vorarlberg/?firmaid=56dda940-32b0-4680-8d71-618c9015a60a&standortid=8&standortname=vorarlberg%20%28bundesland%29&suchbegriff=immobilienverwalter
ib immobilienbüro gertrud lugger og,IB Immobilienbüro Gertrud Lugger OG,IB Immobilienbüro Gertrud Lugger OG,1,tirol,5f3aa852-ab3d-422e-b1fc-5e96ca44eae7,Burgenlandstraße 39 6020 Innsbruck,,,office@immob.at,0512/39%2000%2047,https://firmen.wko.at/ib-immobilienb%c3%bcro-gertrud-lugger-og/tirol/?firmaid=5f3aa852-ab3d-422e-b1fc-5e96ca44eae7&standortid=7&standortname=tirol%20%28bundesland%29&suchbegriff=immobilienverwalter
ibm stelzer gmbh,IBM Stelzer GmbH,IBM Stelzer GmbH,1,steiermark,ec31029a-b8c8-4294-8edb-421a43133f92,Grazer Straße 18a 8230 Hartberg,,,,,https://firmen.wko.at/ibm-stelzer-gmbh/steiermark/?firmaid=ec31029a-b8c8-4294-8edb-421a43133f92&standortid=5&standortname=steiermark%20%28bundesland%29&suchbegriff=immobilienverwalter
ibt verwaltung gmbh,IBT Verwaltung GmbH,IBT Verwaltung GmbH,1,salzburg,1753a909-e00f-4ee6-89f6-6914da24ba81,0662 882392 12,http://www.ibt.ag/,http://www.ibt.ag/,office@ibt.ag,0662%20882392%2012,https://firmen.wko.at/ibt-verwaltung-gmbh/salzburg/?firmaid=1753a909-e00f-4ee6-89f6-6914da24ba81&standortid=4&standortname=salzburg%20%28bundesland%29&suchbegriff=immobilienverwalter
ibv beteiligungs und immobilien verwaltungsgesellschaft m b h,IBV-Beteiligungs- und Immobilien Verwaltungsgesellschaft m.b.H.,IBV-Beteiligungs- und Immobilien Verwaltungsgesellschaft m.b.H.,1,wien,74f00355-d15f-4108-86cf-5e1805d2a304,Apollogasse 4/10 1070 Wien,http://www.ibvimmobilien.at/,http://www.ibvimmobilien.at/,office@ibvimmobilien.at,+43%201%20524%2084%2084,https://firmen.wko.at/ibv-beteiligungs-und-immobilien-verwaltungsgesellschaft-mbh/wien/?firmaid=74f00355-d15f-4108-86cf-5e1805d2a304&standortid=1&standortname=wien%20%28bundesland%29&suchbegriff=immobilienverwalter
ibw immobilien gmbh,IBW Immobilien GmbH,IBW Immobilien GmbH,1,tirol,4ec60655-cfd8-4da7-9424-96ea0e61cd3f,Salzburgerstraße 22b 6380 St.Johann/T,https://www.ibw.tirol/,https://www.ibw.tirol/,office@ibw.tirol,+43%205352%2063070%2040,https://firmen.wko.at/ibw-immobilien-gmbh/tirol/?firmaid=4ec60655-cfd8-4da7-9424-96ea0e61cd3f&standortid=7&standortname=tirol%20%28bundesland%29&suchbegriff=immobilienverwalter
ic hausverwaltung gmbh,IC-HAUSVERWALTUNG GmbH,IC-HAUSVERWALTUNG GmbH,1,wien,0b47dc56-0e34-449c-b8b8-00f23d7a4848,Neustiftgasse 3/6 1070 Wien,http://www.ic-hv.com/,http://www.ic-hv.com/,hausverwaltung@ic-hv.com,0190604520,https://firmen.wko.at/ic-hausverwaltung-gmbh-immobilienverwaltung/wien/?firmaid=0b47dc56-0e34-449c-b8b8-00f23d7a4848&standortid=1&standortname=wien%20%28bundesland%29&suchbegriff=immobilienverwalter
idee bau und immobilientreuhand kg,IDEE Bau und Immobilientreuhand KG,IDEE Bau und Immobilientreuhand KG,1,niederösterreich,ef6bfc52-6e0f-4703-84a6-60b51f10f933,Greifensteiner 122 3423 St.Andrä-Wördern,http://www.idee-immobilien.at/,http://www.idee-immobilien.at/,idee@idee-immobilien.at,+43%201%20997%2018%2061%20-%200,https://firmen.wko.at/idee-bau-und-immobilientreuhand-kg-idee-bau-und-immobilientreuhand/nieder%c3%b6sterreich/?firmaid=ef6bfc52-6e0f-4703-84a6-60b51f10f933&standortid=2&standortname=nieder%c3%b6sterreich%20%28bundesland%29&suchbegriff=immobilienverwalter
idest group og,Idest Group OG,Idest Group OG,1,steiermark,279e0a42-88f7-4e0a-9f50-89563de0e970,St. Margarethen an der Raab 307 8321 St.Margarethen/Raab,https://www.idest.at/,https://www.idest.at/,office@idest.at,+43%203115%2040179,https://firmen.wko.at/idest-group-og/steiermark/?firmaid=279e0a42-88f7-4e0a-9f50-89563de0e970&standortid=5&standortname=steiermark%20%28bundesland%29&suchbegriff=immobilienverwalter
iflat gmbh,iFlat GmbH,iFlat GmbH,1,oberösterreich,f38393d6-e32b-4009-8444-ddf5a8faa7e8,"Aigenstraße 31, Top 6 4600 Thalheim bei Wels",,,,,https://firmen.wko.at/iflat-gmbh/ober%c3%b6sterreich/?firmaid=f38393d6-e32b-4009-8444-ddf5a8faa7e8&standortid=3&standortname=ober%c3%b6sterreich%20%28bundesland%29&suchbegriff=immobilienverwalter
ig immobilien management gmbh,IG Immobilien Management GmbH,IG Immobilien Management GmbH,1,wien,c4d3400e-4a70-4a48-845a-99d6d37c175f,Olympiaplatz 2 1020 Wien,http://www.ig-immobilien.com/,http://www.ig-immobilien.com/,sabine.zwierschitz@ig-immobilien.com,+43%20(0)1%20532%2001%2040,https://firmen.wko.at/ig-immobilien-management-gmbh/wien/?firmaid=c4d3400e-4a70-4a48-845a-99d6d37c175f&standortid=1&standortname=wien%20%28bundesland%29&suchbegriff=immobilienverwalter
igm immobilienverwaltung gmbh,IGM Immobilienverwaltung GmbH,IGM Immobilienverwaltung GmbH,1,wien,af8d3976-cc59-4034-ac30-10dbd58a493a,Mohsgasse 1/1.2 1030 Wien,,,,,https://firmen.wko.at/igm-immobilienverwaltung-gmbh/wien/?firmaid=af8d3976-cc59-4034-ac30-10dbd58a493a&standortid=1&standortname=wien%20%28bundesland%29&suchbegriff=immobilienverwalter
ihw immobilientreuhand gmbh,IHW Immobilientreuhand GmbH,IHW Immobilientreuhand GmbH,1,steiermark,0a97916b-0b7b-4a9f-8499-21fe6444d502,Habersdorfer Straße 1 8230 Hartberg,,,,,https://firmen.wko.at/ihw-immobilientreuhand-gmbh/steiermark/?firmaid=0a97916b-0b7b-4a9f-8499-21fe6444d502&standortid=5&standortname=steiermark%20%28bundesland%29&suchbegriff=immobilienverwalter
iks immobilienverwaltung mag susanne kronforst e u,IKS Immobilienverwaltung Mag. Susanne Kronforst e.U.,IKS Immobilienverwaltung Mag. Susanne Kronforst e.U.,1,wien,87dfb30b-19c7-46f8-8034-da3472cc9c4f,Hörnesgasse 23/13 1030 Wien,https://iks-immo.at/,https://iks-immo.at/,,,https://firmen.wko.at/iks-immobilienverwaltung-mag-susanne-kronforst-eu-iks-immobilienverwaltung/wien/?firmaid=87dfb30b-19c7-46f8-8034-da3472cc9c4f&standortid=1&standortname=wien%20%28bundesland%29&suchbegriff=immobilienverwalter
im quadrat immobilien vermittlung und verwaltung gmbh,IM-Quadrat Immobilien Vermittlung & Verwaltung GmbH,IM-Quadrat Immobilien Vermittlung & Verwaltung GmbH,2,oberösterreich | wien,d8388d6d-ab58-4624-b691-17df5b642214 | a176cc83-d77f-455a-93a7-fc98dde8157a,"Gürtelstraße 28 4020 Linz | Sechtergasse 18, Tür 3 1120 Wien",https://www.im-quadrat.at/,https://www.im-quadrat.at/,office@im-2.at,+435701050,https://firmen.wko.at/im-quadrat-immobilien-vermittlung-und-verwaltung-gmbh-hausverwaltung/ober%c3%b6sterreich/?firmaid=d8388d6d-ab58-4624-b691-17df5b642214&standortid=3&standortname=ober%c3%b6sterreich%20%28bundesland%29&suchbegriff=immobilienverwalter
img hausverwaltungs gmbh und co kg,IMG Hausverwaltungs GmbH & Co KG,IMG Hausverwaltungs GmbH & Co KG,1,vorarlberg,63652fbf-2fbe-4abc-943e-a56562e2fbda,Ankerweg 3 6972 Fußach,,,,,https://firmen.wko.at/img-hausverwaltungs-gmbh-und-co-kg/vorarlberg/?firmaid=63652fbf-2fbe-4abc-943e-a56562e2fbda&standortid=8&standortname=vorarlberg%20%28bundesland%29&suchbegriff=immobilienverwalter
imha management gmbh,IMHA Management GmbH,IMHA Management GmbH,1,steiermark,cacb2420-4e7f-4e15-a20b-38a0a7b4b341,Raubergasse 22 8010 Graz,,,,,https://firmen.wko.at/imha-management-gmbh/steiermark/?firmaid=cacb2420-4e7f-4e15-a20b-38a0a7b4b341&standortid=5&standortname=steiermark%20%28bundesland%29&suchbegriff=immobilienverwalter
imk hausverwaltung gmbh,IMK-Hausverwaltung GmbH,IMK-Hausverwaltung GmbH,1,kärnten,d052b417-c888-4231-aaee-3f6eda89d0b1,8.-Mai-Straße 34 9020 Klagenfurt am Wörthersee,https://imk-hausverwaltung.at/,https://imk-hausverwaltung.at/,office@imk-hausverwaltung.at,+43463264005,https://firmen.wko.at/imk-hausverwaltung-gmbh-hausverwaltung-immobilienverwaltung/k%c3%a4rnten/?firmaid=d052b417-c888-4231-aaee-3f6eda89d0b1&standortid=6&standortname=k%c3%a4rnten%20%28bundesland%29&suchbegriff=immobilienverwalter
immo consult treuhand und beratung gmbh,IMMO - CONSULT Treuhand und Beratung GmbH,IMMO - CONSULT Treuhand und Beratung GmbH,1,salzburg,acb29d8e-4cf1-41a4-887b-6913a76f4a1a,Achenpromenade 13 5081 Anif,http://www.immo-consult.at/,http://www.immo-consult.at/,office@immo-consult.at,+43%206246%2074260,https://firmen.wko.at/immo-consult-treuhand-und-beratung-gmbh/salzburg/?firmaid=acb29d8e-4cf1-41a4-887b-6913a76f4a1a&standortid=4&standortname=salzburg%20%28bundesland%29&suchbegriff=immobilienverwalter
immo 23 immobilienentwicklung gmbh,Immo 23 Immobilienentwicklung GmbH,Immo 23 Immobilienentwicklung GmbH,1,wien,333508c5-4a69-4951-a42b-9d5ddf752c3c,Heinrichsgasse 3/7 1010 Wien,http://www.immo23.at/,http://www.immo23.at/,office@immo23.at,01/%20216%2059%2068,https://firmen.wko.at/immo-23-immobilienentwicklung-gmbh/wien/?firmaid=333508c5-4a69-4951-a42b-9d5ddf752c3c&standortid=1&standortname=wien%20%28bundesland%29&suchbegriff=immobilienverwalter
immo advalue e u,immo advalue e.U.,immo advalue e.U.,1,wien,c33edb2c-efa7-410f-842e-f44d60d9f4f6,Döblinger Hauptstraße 64 1190 Wien,,,wanke@immoadvalue.at,+43%20(664)%20461%2060%2001,https://firmen.wko.at/immo-advalue-eu-immoadvalue/wien/?firmaid=c33edb2c-efa7-410f-842e-f44d60d9f4f6&standortid=1&standortname=wien%20%28bundesland%29&suchbegriff=immobilienverwalter
immo agentur burchartz und krenn gmbh,IMMO AGENTUR BURCHARTZ & KRENN GMBH,IMMO AGENTUR BURCHARTZ & KRENN GMBH,1,niederösterreich,e8424bb5-c46e-4175-8596-401962d679c2,"Bahnhofstraße (Amstetten) 25, Top 10 3300 Amstetten",,,,,https://firmen.wko.at/immo-agentur-burchartz-und-krenn-gmbh/nieder%c3%b6sterreich/?firmaid=e8424bb5-c46e-4175-8596-401962d679c2&standortid=2&standortname=nieder%c3%b6sterreich%20%28bundesland%29&suchbegriff=immobilienverwalter
immo kössler kg,immo Kössler KG,immo Kössler KG,1,tirol,e0892fb1-7eca-4819-a07c-d2ebdfb46428,Leopoldstraße 2 6020 Innsbruck,,,,,https://firmen.wko.at/immo-k%c3%b6ssler-kg/tirol/?firmaid=e0892fb1-7eca-4819-a07c-d2ebdfb46428&standortid=7&standortname=tirol%20%28bundesland%29&suchbegriff=immobilienverwalter
immo oberndorfer fazlali gmbh,IMMO Oberndorfer Fazlali GmbH,IMMO Oberndorfer Fazlali GmbH,1,salzburg,577ebb8d-9a20-4d3b-8690-43c0549b3528,Fürbergstraße 42A 5020 Salzburg,,,,,https://firmen.wko.at/immo-oberndorfer-fazlali-gmbh/salzburg/?firmaid=577ebb8d-9a20-4d3b-8690-43c0549b3528&standortid=4&standortname=salzburg%20%28bundesland%29&suchbegriff=immobilienverwalter
immo schieferer gmbh,IMMO Schieferer GmbH,IMMO Schieferer GmbH,1,salzburg,9563c481-5d76-4caf-908a-0ba481c8a9b2,Fürbergstraße 42A 5020 Salzburg,,,,,https://firmen.wko.at/immo-schieferer-gmbh/salzburg/?firmaid=9563c481-5d76-4caf-908a-0ba481c8a9b2&standortid=4&standortname=salzburg%20%28bundesland%29&suchbegriff=immobilienverwalter
immo pro immobilien gmbh,Immo-Pro Immobilien GmbH,Immo-Pro Immobilien GmbH,7,kärnten | salzburg | steiermark | tirol | wien,6bec5d10-4407-4d34-a543-3418549b09be | 62bb8c28-f9e0-48e5-abec-afdeb58168b7 | bf0fcf11-c0f6-4d04-8c5c-e586d2f9e16f | 99807fbe-9060-4bb3-991f-35db2070b926 | 69d792df-c544-42d0-aede-0decd7909d55 | edb2a7dc-9370-4de7-b441-6800e01a3919 | 35e98763-df57-4388-986e-75aef472ded0,"Kranzlmarkt 4 5020 Salzburg | Hauptplatz 9, Tür 6 8700 Leoben | Joanneumring 16 8010 Graz | Italiener Straße 2 9500 Villach | Adolf-Pichler-Platz 6 6020 Innsbruck | Europastraße 8 6322 Kirchbichl | Lobkowitzplatz 1 1010 Wien",http://www.immopro.at/,http://www.immopro.at/,office@immopro.at,+43%20512%20348334,https://firmen.wko.at/immo-pro-immobilien-gmbh/salzburg/?firmaid=6bec5d10-4407-4d34-a543-3418549b09be&standortid=4&standortname=salzburg%20%28bundesland%29&suchbegriff=immobilienverwalter
immo team hausverwaltung kg,IMMO-TEAM Hausverwaltung KG,IMMO-TEAM Hausverwaltung KG,1,tirol,2b107f46-6417-442f-ac5a-e4b20c198883,Dr.-Stumpf-Straße 59c 6020 Innsbruck,,,,,https://firmen.wko.at/immo-team-hausverwaltung-kg/tirol/?firmaid=2b107f46-6417-442f-ac5a-e4b20c198883&standortid=7&standortname=tirol%20%28bundesland%29&suchbegriff=immobilienverwalter
immo68 consulting gmbh,Immo68 Consulting GmbH,Immo68 Consulting GmbH,1,wien,0d03b828-1654-4283-87d6-4a1c7abd0b74,"Hellwagstraße 4-8/5, Tür 67 1200 Wien",,,,,https://firmen.wko.at/immo68-consulting-gmbh/wien/?firmaid=0d03b828-1654-4283-87d6-4a1c7abd0b74&standortid=1&standortname=wien%20%28bundesland%29&suchbegriff=immobilienverwalter
immobilia obergruber gmbh,Immobilia Obergruber GmbH,Immobilia Obergruber GmbH,1,niederösterreich,48b53228-4a71-458e-851c-572183ca2036,Arthur-Krupp-Straße 1 3300 Amstetten,http://www.immobilia.net/,http://www.immobilia.net/,office@immobilia.net,+43%20(7472)61%2061%200,https://firmen.wko.at/immobilia-obergruber-gmbh-immobilia-obergruber/nieder%c3%b6sterreich/?firmaid=48b53228-4a71-458e-851c-572183ca2036&standortid=2&standortname=nieder%c3%b6sterreich%20%28bundesland%29&suchbegriff=immobilienverwalter
immobilias realitäten e u,Immobilias Realitäten e.U.,Immobilias Realitäten e.U.,2,wien,35842856-e0bd-455d-88fe-d370e7f291f2 | 6e288e02-fc55-497f-93ac-610f4af6f787,Sonnheimweg 23 1220 Wien | Heinrich-Lefler-Gasse 15/Top 1 1220 Wien,http://www.immobilias.at/,http://www.immobilias.at/,office@immobilias.at,+43%20699%2014444%20700,https://firmen.wko.at/immobilias-realit%c3%a4ten-eu-immobilias-realit%c3%a4ten/wien/?firmaid=35842856-e0bd-455d-88fe-d370e7f291f2&standortid=1&standortname=wien%20%28bundesland%29&suchbegriff=immobilienverwalter
immobilidea lwr gmbh,IMMOBILIDEA LWR GmbH,IMMOBILIDEA LWR GmbH,1,tirol,72b79c9f-0605-4960-a1a7-66f756ae16c7,Innsbrucker Straße 37 6130 Schwaz,https://www.immobilidea.at/,https://www.immobilidea.at/,office@immobilidea.at,+43%205242%2064244,https://firmen.wko.at/immobilidea-lwr-gmbh/tirol/?firmaid=72b79c9f-0605-4960-a1a7-66f756ae16c7&standortid=7&standortname=tirol%20%28bundesland%29&suchbegriff=immobilienverwalter
immobilien und hausverwaltung braun gmbh,Immobilien & Hausverwaltung Braun GmbH,Immobilien & Hausverwaltung Braun GmbH,1,tirol,41a2aeb7-631d-44d6-b96e-0a5b9829eb61,Templstraße 32/Top 17 6020 Innsbruck,,,info@ih-braun.at,0512/57%2018%2087-0,https://firmen.wko.at/immobilien-und-hausverwaltung-braun-gmbh/tirol/?firmaid=41a2aeb7-631d-44d6-b96e-0a5b9829eb61&standortid=7&standortname=tirol%20%28bundesland%29&suchbegriff=immobilienverwalter
immobilien baden gesmbh,Immobilien Baden GesmbH,Immobilien Baden GesmbH,1,niederösterreich,e56e9421-010f-4a20-ab7f-5357d518030b,"Grabengasse 22-24,Top 1 2500 Baden",,,office@immobilien-baden.at,02252/%202540%20960,https://firmen.wko.at/immobilien-baden-gesmbh/nieder%c3%b6sterreich/?firmaid=e56e9421-010f-4a20-ab7f-5357d518030b&standortid=2&standortname=nieder%c3%b6sterreich%20%28bundesland%29&suchbegriff=immobilienverwalter
immobilien beratung und service gmbh,Immobilien Beratung und Service GmbH,Immobilien Beratung und Service GmbH,1,niederösterreich,d9e6e5b7-5c92-44c0-950e-eac7913e7faf,Hauptstraße 8 2540 Bad Vöslau,,,wolfgang.dornhecker@immo-sv.com,0676845950222,https://firmen.wko.at/immobilien-beratung-und-service-gmbh-immobilien-beratung-und-service-gmbh/nieder%c3%b6sterreich/?firmaid=d9e6e5b7-5c92-44c0-950e-eac7913e7faf&standortid=2&standortname=nieder%c3%b6sterreich%20%28bundesland%29&suchbegriff=immobilienverwalter
immobilien bremer kg,Immobilien Bremer KG,Immobilien Bremer KG,1,wien,fd6b8715-0e46-420d-89e7-c13aab11f1d1,Köstlergasse 10/12 1060 Wien,,,,,https://firmen.wko.at/immobilien-bremer-kg/wien/?firmaid=fd6b8715-0e46-420d-89e7-c13aab11f1d1&standortid=1&standortname=wien%20%28bundesland%29&suchbegriff=immobilienverwalter
immobilien dr jonach gmbh,Immobilien Dr. Jonach GmbH,Immobilien Dr. Jonach GmbH,1,kärnten,0de36cbf-6523-46e3-8b47-02869f55b163,Postgasse 2 9500 Villach,,,,,https://firmen.wko.at/immobilien-dr-jonach-gmbh/k%c3%a4rnten/?firmaid=0de36cbf-6523-46e3-8b47-02869f55b163&standortid=6&standortname=k%c3%a4rnten%20%28bundesland%29&suchbegriff=immobilienverwalter
immobilien dr rhomberg und partner kg,Immobilien Dr. Rhomberg & Partner KG,Immobilien Dr. Rhomberg & Partner KG,1,tirol,365dbdee-ad83-49fa-9f56-4cc643a6d0e5,Kohlstattgasse 1 6020 Innsbruck,,,immobilien-rhomberg@aon.at,0512-563771,https://firmen.wko.at/immobilien-dr-rhomberg-und-partner-kg/tirol/?firmaid=365dbdee-ad83-49fa-9f56-4cc643a6d0e5&standortid=7&standortname=tirol%20%28bundesland%29&suchbegriff=immobilienverwalter
immobilien gürtler gmbh,Immobilien Gürtler GmbH,Immobilien Gürtler GmbH,1,tirol,056dbdc7-af6b-49a5-83da-08b97bf23064,"Pradler Straße 5, Top G 01 6020 Innsbruck",,,,,https://firmen.wko.at/immobilien-g%c3%bcrtler-gmbh/tirol/?firmaid=056dbdc7-af6b-49a5-83da-08b97bf23064&standortid=7&standortname=tirol%20%28bundesland%29&suchbegriff=immobilienverwalter
immobilien hoch 3 gmbh,immobilien hoch 3 gmbh,immobilien hoch 3 gmbh,1,tirol,5a56176f-822c-4a96-96f6-06d1e7929ed0,Stublerfeld 25 6123 Terfens,,,,,https://firmen.wko.at/immobilien-hoch-3-gmbh/tirol/?firmaid=5a56176f-822c-4a96-96f6-06d1e7929ed0&standortid=7&standortname=tirol%20%28bundesland%29&suchbegriff=immobilienverwalter
immobilien investitionen liegenschaftsverwaltungsgesellschaft m b h,Immobilien Investitionen Liegenschaftsverwaltungsgesellschaft m.b.H.,Immobilien Investitionen Liegenschaftsverwaltungsgesellschaft m.b.H.,1,wien,133d5960-8255-4f5e-85dd-306be8e4be7a,Erdbergstraße 42-44/1 1030 Wien,,,,,https://firmen.wko.at/immobilien-investitionen-liegenschaftsverwaltungsgesellschaft-mbh/wien/?firmaid=133d5960-8255-4f5e-85dd-306be8e4be7a&standortid=1&standortname=wien%20%28bundesland%29&suchbegriff=immobilienverwalter
immobilien kroy og,Immobilien Kroy OG,Immobilien Kroy OG,1,salzburg,2de20b3f-72d9-498f-a7bd-b02255df0743,Alpenstraße 47/10 5020 Salzburg,,,,,https://firmen.wko.at/immobilien-kroy-og/salzburg/?firmaid=2de20b3f-72d9-498f-a7bd-b02255df0743&standortid=4&standortname=salzburg%20%28bundesland%29&suchbegriff=immobilienverwalter
immobilien lindenberger eu,Immobilien Lindenberger eU,Immobilien Lindenberger eU,1,oberösterreich,b86e0181-8010-49fa-873a-79a5511a968b,Blütenstraße 2a 4040 Linz,,,,0664/3425525,https://firmen.wko.at/immobilien-lindenberger-eu/ober%c3%b6sterreich/?firmaid=b86e0181-8010-49fa-873a-79a5511a968b&standortid=3&standortname=ober%c3%b6sterreich%20%28bundesland%29&suchbegriff=immobilienverwalter
immobilien linz gmbh,Immobilien Linz GmbH,Immobilien Linz GmbH,1,oberösterreich,9ae8c201-67bf-4d28-834d-549b503b6136,Pfarrgasse 7 4020 Linz,,,,,https://firmen.wko.at/immobilien-linz-gmbh/ober%c3%b6sterreich/?firmaid=9ae8c201-67bf-4d28-834d-549b503b6136&standortid=3&standortname=ober%c3%b6sterreich%20%28bundesland%29&suchbegriff=immobilienverwalter
immobilien mag böhm gattringer gmbh,Immobilien Mag. Böhm - Gattringer GmbH,Immobilien Mag. Böhm - Gattringer GmbH,1,oberösterreich,119bfe16-7390-4fe9-a1d8-0243a42f7466,Landstraße 115a 4020 Linz,http://www.remax-linz-city.at/,http://www.remax-linz-city.at/,office@remax-linz-city.at,0732/%206602600,https://firmen.wko.at/immobilien-mag-b%c3%b6hm-gattringer-gmbh/ober%c3%b6sterreich/?firmaid=119bfe16-7390-4fe9-a1d8-0243a42f7466&standortid=3&standortname=ober%c3%b6sterreich%20%28bundesland%29&suchbegriff=immobilienverwalter
immobilien mag waitz gmbh,IMMOBILIEN MAG. WAITZ GmbH,IMMOBILIEN MAG. WAITZ GmbH,1,niederösterreich,93466950-6b54-4ec2-9dbb-24f8735cb0f9,Mühlgasse (Hollabrunn) 1 2020 Hollabrunn,,,office@immowaitz.at,02952/26%2022 | 0664/1815090,https://firmen.wko.at/immobilien-mag-waitz-gmbh/nieder%c3%b6sterreich/?firmaid=93466950-6b54-4ec2-9dbb-24f8735cb0f9&standortid=2&standortname=nieder%c3%b6sterreich%20%28bundesland%29&suchbegriff=immobilienverwalter
immobilien musker gesellschaft m b h,Immobilien Musker Gesellschaft m.b.H.,Immobilien Musker Gesellschaft m.b.H.,1,steiermark,4905fec8-6f42-4752-a54a-2055fb9e9e56,Radetzkystraße 7 8010 Graz,http://www.musker.at/,http://www.musker.at/,immo@musker.at,+43%20(0)316-82%2077%2027-0,https://firmen.wko.at/immobilien-musker-gesellschaft-mbh/steiermark/?firmaid=4905fec8-6f42-4752-a54a-2055fb9e9e56&standortid=5&standortname=steiermark%20%28bundesland%29&suchbegriff=immobilienverwalter
immobilien ogris kg,Immobilien Ogris KG,Immobilien Ogris KG,1,steiermark,bf06107d-be08-4554-b69d-424c7ec6f3ac,"Ulmgasse 14c, Tür 66 8053 Graz",,,,,https://firmen.wko.at/immobilien-ogris-kg/steiermark/?firmaid=bf06107d-be08-4554-b69d-424c7ec6f3ac&standortid=5&standortname=steiermark%20%28bundesland%29&suchbegriff=immobilienverwalter
immobilien ortner kg,Immobilien Ortner KG,Immobilien Ortner KG,1,salzburg,49779fe6-ea63-47b8-89ea-21f6e677a8c0,0662 641 645,http://www.immobilien-ortner.at/,http://www.immobilien-ortner.at/,office@immobilien-ortner.at,0662%20641%20645,https://firmen.wko.at/immobilien-ortner-kg/salzburg/?firmaid=49779fe6-ea63-47b8-89ea-21f6e677a8c0&standortid=4&standortname=salzburg%20%28bundesland%29&suchbegriff=immobilienverwalter
immobilien ott gmbh,Immobilien Ott GmbH,Immobilien Ott GmbH,1,niederösterreich,03845ff0-9e96-4102-9ef7-14443160b950,Siegfried-Marcus-Straße 14 3300 Amstetten,,,,,https://firmen.wko.at/immobilien-ott-gmbh/nieder%c3%b6sterreich/?firmaid=03845ff0-9e96-4102-9ef7-14443160b950&standortid=2&standortname=nieder%c3%b6sterreich%20%28bundesland%29&suchbegriff=immobilienverwalter
immobilien rothbart gmbh,Immobilien Rothbart GmbH,Immobilien Rothbart GmbH,1,steiermark,2e746371-bb0f-4c7a-9cde-ced44da18f9f,Koloman-Wallisch-Platz 4 8600 Bruck/Mur,http://www.immoroth.at/,http://www.immoroth.at/,Office@immoroth.at,+43676848984890,https://firmen.wko.at/immobilien-rothbart-gmbh-immobilienmakler/steiermark/?firmaid=2e746371-bb0f-4c7a-9cde-ced44da18f9f&standortid=5&standortname=steiermark%20%28bundesland%29&suchbegriff=immobilienverwalter
immobilien scheffauer gmbh,Immobilien Scheffauer GmbH,Immobilien Scheffauer GmbH,1,tirol,1bb8cc90-810a-4e9c-b125-32417e4ae2c7,Dorfstraße 11 6273 Ried im Zillertal,http://www.immobilien-austria.at/,http://www.immobilien-austria.at/,ims-info@immobilien-austria.at,05283/20%2018-0,https://firmen.wko.at/immobilien-scheffauer-gmbh/tirol/?firmaid=1bb8cc90-810a-4e9c-b125-32417e4ae2c7&standortid=7&standortname=tirol%20%28bundesland%29&suchbegriff=immobilienverwalter
immobilien st pölten gesmbh,Immobilien St. Pölten GesmbH,Immobilien St. Pölten GesmbH,1,niederösterreich,e5dc51d9-1868-452e-b1bd-0bcff8282de5,Gewerkschaftsplatz 2 3100 St. Pölten,http://www.istp.at/,http://www.istp.at/,immobilien@st-poelten.at,02742/%20333%205100,https://firmen.wko.at/immobilien-st-p%c3%b6lten-gesmbh/nieder%c3%b6sterreich/?firmaid=e5dc51d9-1868-452e-b1bd-0bcff8282de5&standortid=2&standortname=nieder%c3%b6sterreich%20%28bundesland%29&suchbegriff=immobilienverwalter
immobilien tazl gmbh,Immobilien Tazl GmbH,Immobilien Tazl GmbH,1,steiermark,431acf6d-9068-47bd-9f08-b235587f1edd,Birkfelder Straße 11 8160 Weiz,http://www.tazl.net/,http://www.tazl.net/,Immobilien@tazl.net,+43%20(3172)%206384 | +43%20(554)%201520295,https://firmen.wko.at/immobilien-tazl-gmbh-immobilien-tazl-gmbh/steiermark/?firmaid=431acf6d-9068-47bd-9f08-b235587f1edd&standortid=5&standortname=steiermark%20%28bundesland%29&suchbegriff=immobilienverwalter
immobilien treuhand hanke und bodner kg,Immobilien Treuhand Hanke & Bodner KG,Immobilien Treuhand Hanke & Bodner KG,1,kärnten,b243c568-5e0c-4d69-845d-088ae10a693a,Taurergasse 11 9800 Spittal/Drau,https://www.spittaler-hausverwaltung.at/,https://www.spittaler-hausverwaltung.at/,hanke@spittaler-hausverwaltung.at,+43%204762%2098236,https://firmen.wko.at/immobilien-treuhand-hanke-und-bodner-kg/k%c3%a4rnten/?firmaid=b243c568-5e0c-4d69-845d-088ae10a693a&standortid=6&standortname=k%c3%a4rnten%20%28bundesland%29&suchbegriff=immobilienverwalter
immobilien treuhandschaft padelek und padelek gmbh,Immobilien Treuhandschaft Padelek & Padelek GmbH,Immobilien Treuhandschaft Padelek & Padelek GmbH,1,wien,f59019cd-97df-4272-a89f-5f65e6534e5b,Marxergasse 5/21 1030 Wien,http://www.immobilienpadelek.at/,http://www.immobilienpadelek.at/,office@immobilienpadelek.at,01/712%2019%2080,https://firmen.wko.at/immobilien-treuhandschaft-padelek-und-padelek-gmbh-padelek-und-padelek-immobilientreuhand-gmbh/wien/?firmaid=f59019cd-97df-4272-a89f-5f65e6534e5b&standortid=1&standortname=wien%20%28bundesland%29&suchbegriff=immobilienverwalter
immobilien verwaltung klagenfurt gmbh,Immobilien Verwaltung Klagenfurt GmbH,Immobilien Verwaltung Klagenfurt GmbH,1,kärnten,d3e56be0-14f6-4218-bcc3-272c7810184e,Paulitschgasse 13 9020 Klagenfurt am Wörthersee,https://www.klagenfurt-wohnen.at/,https://www.klagenfurt-wohnen.at/,gerhard.scheucher@klagenfurt.at,+43%20463%205373320,https://firmen.wko.at/immobilien-verwaltung-klagenfurt-gmbh-immobilien-verwaltung-klagenfurt-gmbh/k%c3%a4rnten/?firmaid=d3e56be0-14f6-4218-bcc3-272c7810184e&standortid=6&standortname=k%c3%a4rnten%20%28bundesland%29&suchbegriff=immobilienverwalter
immobilien weichinger ges m b h,Immobilien Weichinger Ges.m.b.H.,Immobilien Weichinger Ges.m.b.H.,1,wien,0e6f8da3-1e24-4ab0-a3fa-1c423200c528,Liebknechtgasse 8/2/203 1160 Wien,http://www.weichinger.at/,http://www.weichinger.at/,office@weichinger.at%20,01/486%2022%2033,https://firmen.wko.at/immobilien-weichinger-gesmbh/wien/?firmaid=0e6f8da3-1e24-4ab0-a3fa-1c423200c528&standortid=1&standortname=wien%20%28bundesland%29&suchbegriff=immobilienverwalter
immobilien weiz treuhand gmbh,Immobilien Weiz Treuhand GmbH,Immobilien Weiz Treuhand GmbH,1,steiermark,d9e4e626-05f0-44e8-8127-1c0a51e57869,Birkfelder Straße 11 8160 Weiz,https://immobilien-weiz.at/,https://immobilien-weiz.at/,office@immobilien-weiz.at,+43%203172%204844,https://firmen.wko.at/immobilien-weiz-treuhand-gmbh-immobilien-weiz-treuhand-gmbh/steiermark/?firmaid=d9e4e626-05f0-44e8-8127-1c0a51e57869&standortid=5&standortname=steiermark%20%28bundesland%29&suchbegriff=immobilienverwalter
immobilien atelier76 gmbh,IMMOBILIEN-ATELIER76 GmbH,IMMOBILIEN-ATELIER76 GmbH,1,oberösterreich,8dcd2451-fb2f-409c-adce-2761d35ecaeb,Klosterstraße 8 4020 Linz,,,,,https://firmen.wko.at/immobilien-atelier76-gmbh/ober%c3%b6sterreich/?firmaid=8dcd2451-fb2f-409c-adce-2761d35ecaeb&standortid=3&standortname=ober%c3%b6sterreich%20%28bundesland%29&suchbegriff=immobilienverwalter
immobilien commerz gesellschaft m b h,Immobilien-Commerz Gesellschaft m.b.H.,Immobilien-Commerz Gesellschaft m.b.H.,1,wien,5dbcbd21-bf88-4fd4-b0af-1589d7e5a926,"Schloß Schönbrunn, Große Orangerie 66, Schönbrunner Schloßstraße 47 1130 Wien",http://www.immobilien-commerz.at/,http://www.immobilien-commerz.at/,office@immobilien-commerz.at,01/817%2027%2027,https://firmen.wko.at/immobilien-commerz-gesellschaft-mbh/wien/?firmaid=5dbcbd21-bf88-4fd4-b0af-1589d7e5a926&standortid=1&standortname=wien%20%28bundesland%29&suchbegriff=immobilienverwalter
immobilienbüro dr franz fitzka gmbh,Immobilienbüro Dr. Franz Fitzka GmbH,Immobilienbüro Dr. Franz Fitzka GmbH,1,wien,cbe29981-5334-4e9e-8a1c-145865e3bf4c,Cottagegasse 69/12 1190 Wien,,,,,https://firmen.wko.at/immobilienb%c3%bcro-dr-franz-fitzka-gmbh/wien/?firmaid=cbe29981-5334-4e9e-8a1c-145865e3bf4c&standortid=1&standortname=wien%20%28bundesland%29&suchbegriff=immobilienverwalter
immobilienbüro franz f hofmann gesellschaft m b h,Immobilienbüro Franz F. Hofmann Gesellschaft m.b.H.,Immobilienbüro Franz F. Hofmann Gesellschaft m.b.H.,1,salzburg,cf417d01-99d2-49fe-b8e0-a0ebc19ba3df,Moosstraße 195 5020 Salzburg,,,immobilien-hofmann@salzburg.co.at,0662/842%20700-0,https://firmen.wko.at/immobilienb%c3%bcro-franz-f-hofmann-gesellschaft-mbh/salzburg/?firmaid=cf417d01-99d2-49fe-b8e0-a0ebc19ba3df&standortid=4&standortname=salzburg%20%28bundesland%29&suchbegriff=immobilienverwalter
immobilienkanzlei dr roman wagner gmbh,Immobilienkanzlei Dr. Roman Wagner GmbH,Immobilienkanzlei Dr. Roman Wagner GmbH,1,tirol,39b73964-fcdb-40d7-8b16-791add6d3261,Spertendorf 33 6365 Kirchberg in Tirol,,,,,https://firmen.wko.at/immobilienkanzlei-dr-roman-wagner-gmbh/tirol/?firmaid=39b73964-fcdb-40d7-8b16-791add6d3261&standortid=7&standortname=tirol%20%28bundesland%29&suchbegriff=immobilienverwalter
immobilienkanzlei dr weichselbaumer gmbh,Immobilienkanzlei Dr. Weichselbaumer GmbH,Immobilienkanzlei Dr. Weichselbaumer GmbH,1,wien,50687a51-53ac-4d31-b901-844a82287a86,Albertgasse 1A 1080 Wien,http://www.immokanzlei.at/,http://www.immokanzlei.at/,office@immokanzlei.at,+43/1/478%2005%2023,https://firmen.wko.at/immobilienkanzlei-dr-weichselbaumer-gmbh-immobilienkanzlei-dr-weichselbaumer-gmbh/wien/?firmaid=50687a51-53ac-4d31-b901-844a82287a86&standortid=1&standortname=wien%20%28bundesland%29&suchbegriff=immobilienverwalter
immobilienkanzlei klaus hanousek gmbh,Immobilienkanzlei Klaus Hanousek GmbH,Immobilienkanzlei Klaus Hanousek GmbH,1,wien,2a3d4cb9-2005-4e5e-88b3-7e86b9b4c7dd,Mühlbachergasse 11/5-6 1130 Wien,,,,,https://firmen.wko.at/immobilienkanzlei-klaus-hanousek-gmbh/wien/?firmaid=2a3d4cb9-2005-4e5e-88b3-7e86b9b4c7dd&standortid=1&standortname=wien%20%28bundesland%29&suchbegriff=immobilienverwalter
immobilienkanzlei mag wolf dietrich schneeweiss e u,Immobilienkanzlei Mag. Wolf-Dietrich Schneeweiss e.U.,Immobilienkanzlei Mag. Wolf-Dietrich Schneeweiss e.U.,1,wien,bf8a27a4-170f-47d6-a58d-fd3966bdfeea,Rathausplatz 4 1010 Wien,,,office@schneeweiss.at,01/402%2031%2069,https://firmen.wko.at/immobilienkanzlei-mag-wolf-dietrich-schneeweiss-eu/wien/?firmaid=bf8a27a4-170f-47d6-a58d-fd3966bdfeea&standortid=1&standortname=wien%20%28bundesland%29&suchbegriff=immobilienverwalter
immobilienkanzlei vrtala gesellschaft m b h,Immobilienkanzlei Vrtala Gesellschaft m.b.H.,Immobilienkanzlei Vrtala Gesellschaft m.b.H.,1,wien,7c9d89b0-2c7f-47e4-a6a4-487b8610fc0f,Schloßhofer Straße 60 1210 Wien,,,immobilien@vrtala.at%20,01/270%2033%2029,https://firmen.wko.at/immobilienkanzlei-vrtala-gesellschaft-mbh/wien/?firmaid=7c9d89b0-2c7f-47e4-a6a4-487b8610fc0f&standortid=1&standortname=wien%20%28bundesland%29&suchbegriff=immobilienverwalter
immobilienkrake e u,Immobilienkrake e.U.,Immobilienkrake e.U.,1,steiermark,e1556b3b-4a7a-4b7d-9636-024365ecdea5,Freiensteinerstraße 3b 8793 Trofaiach,,,,,https://firmen.wko.at/immobilienkrake-eu/steiermark/?firmaid=e1556b3b-4a7a-4b7d-9636-024365ecdea5&standortid=5&standortname=steiermark%20%28bundesland%29&suchbegriff=immobilienverwalter
immobilienmanagement wondrak gmbh,Immobilienmanagement Wondrak GmbH,Immobilienmanagement Wondrak GmbH,1,wien,db195554-9544-4bb6-b3dc-76bad7dd78d9,Kärntner Straße 39/11 1010 Wien,,,,01/504%2065%2068,https://firmen.wko.at/immobilienmanagement-wondrak-gmbh/wien/?firmaid=db195554-9544-4bb6-b3dc-76bad7dd78d9&standortid=1&standortname=wien%20%28bundesland%29&suchbegriff=immobilienverwalter
immobilienring gmbh,Immobilienring GmbH,Immobilienring GmbH,1,niederösterreich,812835dd-6802-4848-a1c6-374eb9505c62,Bahnhofplatz 2 2340 Mödling,http://www.immobilienring.net/,http://www.immobilienring.net/,office@immobilienring.net,02236/267%2041,https://firmen.wko.at/immobilienring-gmbh-immobilienring-gmbh/nieder%c3%b6sterreich/?firmaid=812835dd-6802-4848-a1c6-374eb9505c62&standortid=2&standortname=nieder%c3%b6sterreich%20%28bundesland%29&suchbegriff=immobilienverwalter
immobilienservice diendorfer e u,Immobilienservice Diendorfer e.U.,Immobilienservice Diendorfer e.U.,1,wien,7607921b-d1d3-4e66-80aa-616b11232abd,Quadenstraße 65-67/7/9 1220 Wien,https://www.diendorfer.immo/,https://www.diendorfer.immo/,office@diendorfer.immo,+43%20699%20100%2066%20216,https://firmen.wko.at/immobilienservice-diendorfer-eu-wien/wien/?firmaid=7607921b-d1d3-4e66-80aa-616b11232abd&standortid=1&standortname=wien%20%28bundesland%29&suchbegriff=immobilienverwalter
immobilienservice west gmbh,ImmobilienService West GmbH,ImmobilienService West GmbH,1,tirol,491377ca-925b-4946-b3c0-07b882da3053,Sparkassenplatz 5 6020 Innsbruck,http://www.immobilienservicewest.at/,http://www.immobilienservicewest.at/,office@iswest.at,+43(5223)23%20777,https://firmen.wko.at/immobilienservice-west-gmbh/tirol/?firmaid=491377ca-925b-4946-b3c0-07b882da3053&standortid=7&standortname=tirol%20%28bundesland%29&suchbegriff=immobilienverwalter
immobilientreuhand baum gmbh,Immobilientreuhand Baum GmbH,Immobilientreuhand Baum GmbH,1,wien,59f5fe09-8e81-40fb-a074-4c8051f42ba8,Hernalser Hauptstraße 213 1170 Wien,,,,,https://firmen.wko.at/immobilientreuhand-baum-gmbh/wien/?firmaid=59f5fe09-8e81-40fb-a074-4c8051f42ba8&standortid=1&standortname=wien%20%28bundesland%29&suchbegriff=immobilienverwalter
immobilientreuhand färber lang e u,Immobilientreuhand Färber-Lang e.U.,Immobilientreuhand Färber-Lang e.U.,1,steiermark,d9e99c9f-34f2-4b73-b153-81c07a675ec7,Prebuch 18 8211 Albersdorf-Prebuch,https://www.ith-fl.at/,https://www.ith-fl.at/,office@ith-fl.at,+43%20664%201108416 | +43%20(0)664%20110%2084%2016,https://firmen.wko.at/immobilientreuhand-f%c3%a4rber-lang-eu-immobilientreuhand-und-werbeagentur/steiermark/?firmaid=d9e99c9f-34f2-4b73-b153-81c07a675ec7&standortid=5&standortname=steiermark%20%28bundesland%29&suchbegriff=immobilienverwalter
immobilientreuhand geidorf gmbh und co kg,Immobilientreuhand Geidorf GmbH & Co KG,Immobilientreuhand Geidorf GmbH & Co KG,1,steiermark,b3607f70-3aa1-440d-b817-6fe13aa49504,Hans-Sachs-Gasse 14/3.OG 8010 Graz,,,,,https://firmen.wko.at/immobilientreuhand-geidorf-gmbh-und-co-kg/steiermark/?firmaid=b3607f70-3aa1-440d-b817-6fe13aa49504&standortid=5&standortname=steiermark%20%28bundesland%29&suchbegriff=immobilienverwalter
immobilientreuhand kluger gmbh,Immobilientreuhand Kluger GmbH,Immobilientreuhand Kluger GmbH,1,wien,085657f5-9f16-4690-923d-20497f4158bc,Favoritenstraße 10/3 1040 Wien,,,,,https://firmen.wko.at/immobilientreuhand-kluger-gmbh/wien/?firmaid=085657f5-9f16-4690-923d-20497f4158bc&standortid=1&standortname=wien%20%28bundesland%29&suchbegriff=immobilienverwalter
immobilientreuhand mag stefan jaklitsch gmbh,Immobilientreuhand Mag. Stefan Jaklitsch GmbH,Immobilientreuhand Mag. Stefan Jaklitsch GmbH,1,steiermark,e384d7b0-1a9e-42a9-8e13-c12303ba7f08,Rechbauerstraße 37 8010 Graz,,,,,https://firmen.wko.at/immobilientreuhand-mag-stefan-jaklitsch-gmbh/steiermark/?firmaid=e384d7b0-1a9e-42a9-8e13-c12303ba7f08&standortid=5&standortname=steiermark%20%28bundesland%29&suchbegriff=immobilienverwalter
immobilientreuhand max medig und partner gesellschaft m b h,Immobilientreuhand Max Medig & Partner Gesellschaft m.b.H.,Immobilientreuhand Max Medig & Partner Gesellschaft m.b.H.,1,salzburg,6396303b-5441-4e0d-bb96-175caa9cadd7,Imbergstraße 22 5020 Salzburg,,,,,https://firmen.wko.at/immobilientreuhand-max-medig-und-partner-gesellschaft-mbh/salzburg/?firmaid=6396303b-5441-4e0d-bb96-175caa9cadd7&standortid=4&standortname=salzburg%20%28bundesland%29&suchbegriff=immobilienverwalter
immobilienverwaltung almak gesellschaft m b h,ImmobilienVerwaltung ALMAK Gesellschaft m.b.H.,ImmobilienVerwaltung ALMAK Gesellschaft m.b.H.,1,steiermark,6325b915-bee8-4609-a5e4-2cadc0357786,Steyeregg 4 8551 Wies,http://www.iv-almak.at/,http://www.iv-almak.at/,kontakt@iv-almak.at,+43%203465%202324 | +43%20676%20844034400,https://firmen.wko.at/immobilienverwaltung-almak-gesellschaft-mbh-immobilienverwaltung-almak-gesellschaft-mbh/steiermark/?firmaid=6325b915-bee8-4609-a5e4-2cadc0357786&standortid=5&standortname=steiermark%20%28bundesland%29&suchbegriff=immobilienverwalter
immobilienverwaltung barilich gmbh,Immobilienverwaltung Barilich GmbH,Immobilienverwaltung Barilich GmbH,1,wien,d4c694cc-4cce-406f-9745-a85128fb1a6c,Hofgasse 7/1 1050 Wien,https://iv-b.at/,https://iv-b.at/,,+43(1)%20961%2081%2066,https://firmen.wko.at/immobilienverwaltung-barilich-gmbh/wien/?firmaid=d4c694cc-4cce-406f-9745-a85128fb1a6c&standortid=1&standortname=wien%20%28bundesland%29&suchbegriff=immobilienverwalter
immobilienverwaltung cvitkovits kg,Immobilienverwaltung Cvitkovits KG,Immobilienverwaltung Cvitkovits KG,2,burgenland | wien,05dfb4e7-c0ea-40bc-9402-23c9baaa8024 | 8be05721-6889-4e2c-8839-6c16fa879270,"Hauptstraße 6, Tür 16 7431 Bad Tatzmannsdorf | Ullmannstraße 53/25 1150 Wien",http://www.ivc.co.at/,http://www.ivc.co.at/,office@ivc.co.at,03353/85%2047-0,https://firmen.wko.at/immobilienverwaltung-cvitkovits-kg/burgenland/?firmaid=05dfb4e7-c0ea-40bc-9402-23c9baaa8024&standortid=9&standortname=burgenland%20%28bundesland%29&suchbegriff=immobilienverwalter
immobilienverwaltung foidl kg,Immobilienverwaltung Foidl KG,Immobilienverwaltung Foidl KG,1,tirol,b0b336aa-1605-488b-ba7e-648abc44f974,Seislboden 5 6365 Kirchberg in Tirol,,,,,https://firmen.wko.at/immobilienverwaltung-foidl-kg/tirol/?firmaid=b0b336aa-1605-488b-ba7e-648abc44f974&standortid=7&standortname=tirol%20%28bundesland%29&suchbegriff=immobilienverwalter
immobilienverwaltung josef novak,Immobilienverwaltung Josef Novak,Immobilienverwaltung Josef Novak,1,wien,881f2fc0-93a1-4fa3-ae7b-0df1817560b1,Thaliastraße 1/17+18 1160 Wien,,,,,https://firmen.wko.at/immobilienverwaltung-josef-novak/wien/?firmaid=881f2fc0-93a1-4fa3-ae7b-0df1817560b1&standortid=1&standortname=wien%20%28bundesland%29&suchbegriff=immobilienverwalter
immobilienverwaltung kleindienst und rath gmbh,Immobilienverwaltung Kleindienst & Rath GmbH,Immobilienverwaltung Kleindienst & Rath GmbH,1,wien,414bc44b-f101-475a-a2ce-1b6b1b262d62,Obere Viaduktgasse 2/3 1030 Wien,,,,,https://firmen.wko.at/immobilienverwaltung-kleindienst-und-rath-gmbh/wien/?firmaid=414bc44b-f101-475a-a2ce-1b6b1b262d62&standortid=1&standortname=wien%20%28bundesland%29&suchbegriff=immobilienverwalter
immobilienverwaltung mag alois rosenberger gmbh,Immobilienverwaltung Mag. Alois Rosenberger GmbH,Immobilienverwaltung Mag. Alois Rosenberger GmbH,1,wien,6d7c802b-1c76-4ed6-a1ab-7f8eb02b1a92,Berggasse 31 1090 Wien,https://www.iv-ro.at/,https://www.iv-ro.at/,office@iv-rgz.at,+43%2013324398 | +43%206765227103,https://firmen.wko.at/immobilienverwaltung-mag-alois-rosenberger-gmbh-immobilienverwaltung-rosenberger/wien/?firmaid=6d7c802b-1c76-4ed6-a1ab-7f8eb02b1a92&standortid=1&standortname=wien%20%28bundesland%29&suchbegriff=immobilienverwalter
immobilienverwaltung mag christian krenauer ges m b h,Immobilienverwaltung Mag. Christian Krenauer Ges.m.b.H.,Immobilienverwaltung Mag. Christian Krenauer Ges.m.b.H.,1,wien,35b6fb92-91ef-4863-98b3-e13b4ed28b98,Mariahilfer Straße 57-59 1060 Wien,http://www.krenauer.at/,http://www.krenauer.at/,verwaltung@krenauer.at,+43%20(0)%201%20535%2068%2049-0,https://firmen.wko.at/immobilienverwaltung-mag-christian-krenauer-gesmbh/wien/?firmaid=35b6fb92-91ef-4863-98b3-e13b4ed28b98&standortid=1&standortname=wien%20%28bundesland%29&suchbegriff=immobilienverwalter
immobilienverwaltung mag wölfl gmbh,Immobilienverwaltung Mag. Wölfl GmbH,Immobilienverwaltung Mag. Wölfl GmbH,1,steiermark,c0348c6e-1dba-41bc-9b32-b1a78291bac4,Vordernberger Straße 32 8700 Leoben,https://www.ivwoelfl.at/,https://www.ivwoelfl.at/,verwaltung@ivwoelfl.at,+43384222784,https://firmen.wko.at/immobilienverwaltung-mag-w%c3%b6lfl-gmbh/steiermark/?firmaid=c0348c6e-1dba-41bc-9b32-b1a78291bac4&standortid=5&standortname=steiermark%20%28bundesland%29&suchbegriff=immobilienverwalter
immobilienverwaltung manninger kg,Immobilienverwaltung Manninger KG,Immobilienverwaltung Manninger KG,1,niederösterreich,5e2f63e5-f684-413a-a33b-62de0a18ebb7,Liechtensteinstraße 1/1 2345 Brunn am Gebirge,http://www.hv-manninger.at/,http://www.hv-manninger.at/,hausverwaltung@hv-manninger.at,+43%202236%2028999,https://firmen.wko.at/immobilienverwaltung-manninger-kg/nieder%c3%b6sterreich/?firmaid=5e2f63e5-f684-413a-a33b-62de0a18ebb7&standortid=2&standortname=nieder%c3%b6sterreich%20%28bundesland%29&suchbegriff=immobilienverwalter
immobilienverwaltung margarete kaps alleininhaber stefan sztatecsny e u,"Immobilienverwaltung Margarete Kaps, Alleininhaber Stefan Sztatecsny e.U.","Immobilienverwaltung Margarete Kaps, Alleininhaber Stefan Sztatecsny e.U.",1,wien,cff91b8c-2d54-4f4e-a0bc-22ef151e39c5,Berggasse 31/1/4.OG 1090 Wien,http://www.kaps.at/,http://www.kaps.at/,kaps@kaps.at,+43%201%207124594,https://firmen.wko.at/immobilienverwaltung-margarete-kaps-alleininhaber-stefan-sztatecsny-eu/wien/?firmaid=cff91b8c-2d54-4f4e-a0bc-22ef151e39c5&standortid=1&standortname=wien%20%28bundesland%29&suchbegriff=immobilienverwalter
immobilienverwaltung nagele gmbh,Immobilienverwaltung Nagele GmbH,Immobilienverwaltung Nagele GmbH,1,tirol,f580c19c-af86-4822-87e7-ac213a3fc1c7,Südtiroler Platz 8 6020 Innsbruck,,,,,https://firmen.wko.at/immobilienverwaltung-nagele-gmbh/tirol/?firmaid=f580c19c-af86-4822-87e7-ac213a3fc1c7&standortid=7&standortname=tirol%20%28bundesland%29&suchbegriff=immobilienverwalter
immobilienverwaltung schnepfleitner gmbh,Immobilienverwaltung Schnepfleitner GmbH,Immobilienverwaltung Schnepfleitner GmbH,1,steiermark,ae488b12-74c2-4a10-a481-2f4a654ab462,Gewerbestraße 1172 8962 Gröbming,https://www.ioms.at/,https://www.ioms.at/,office@ioms.at,+43%203685%2024191 | +43%206644012813,https://firmen.wko.at/immobilienverwaltung-schnepfleitner-gmbh-immobilienverwaltung-hausverwaltung/steiermark/?firmaid=ae488b12-74c2-4a10-a481-2f4a654ab462&standortid=5&standortname=steiermark%20%28bundesland%29&suchbegriff=immobilienverwalter
immobilienverwaltung schobesberger gmbh,Immobilienverwaltung Schobesberger GmbH,Immobilienverwaltung Schobesberger GmbH,1,salzburg,b72846ce-90ea-4b62-83fb-df1d898beef2,IVS GmbH 0043 (0)662 630093,http://www.immovw.at/,http://www.immovw.at/,office@immovw.at,0043%20(0)662%20630093,https://firmen.wko.at/immobilienverwaltung-schobesberger-gmbh-ivs-gmbh/salzburg/?firmaid=b72846ce-90ea-4b62-83fb-df1d898beef2&standortid=4&standortname=salzburg%20%28bundesland%29&suchbegriff=immobilienverwalter
immobilienverwaltung sterzinger kg,Immobilienverwaltung Sterzinger KG,Immobilienverwaltung Sterzinger KG,1,tirol,ccdda5c8-05ef-46b3-8912-2d0c5abf83cc,0043 512 585827,http://www.sterzinger.at/,http://www.sterzinger.at/,hausverwaltung@sterzinger.at,0043%20512%20585827,https://firmen.wko.at/immobilienverwaltung-sterzinger-kg/tirol/?firmaid=ccdda5c8-05ef-46b3-8912-2d0c5abf83cc&standortid=7&standortname=tirol%20%28bundesland%29&suchbegriff=immobilienverwalter
immobilienverwaltung wieser kg,Immobilienverwaltung Wieser KG,Immobilienverwaltung Wieser KG,1,steiermark,c7e90dae-1f4c-4fc2-a2a2-cdf1cc9fa070,Klosterwiesgasse 32/1 8010 Graz,http://www.hv-wieser.at/,http://www.hv-wieser.at/,office@hv-wieser.at,0316/22%2059%2088,https://firmen.wko.at/immobilienverwaltung-wieser-kg/steiermark/?firmaid=c7e90dae-1f4c-4fc2-a2a2-cdf1cc9fa070&standortid=5&standortname=steiermark%20%28bundesland%29&suchbegriff=immobilienverwalter
immobilix e u,IMMOBILIX e.U.,IMMOBILIX e.U.,2,niederösterreich | steiermark,df9c3668-c44d-4d82-98da-f2d3896011e9 | 43d9f62a-f738-485b-b98b-cd1f81e56569,Roseggerstraße 20 8600 Bruck/Mur | Wehrgraben 22 3683 Yspertal,http://www.immobilix.at/index.php/de/,http://www.immobilix.at/index.php/de/,office@immobilix.at,+43%20664%20925%2036%2036,https://firmen.wko.at/immobilix-eu/steiermark/?firmaid=df9c3668-c44d-4d82-98da-f2d3896011e9&standortid=5&standortname=steiermark%20%28bundesland%29&suchbegriff=immobilienverwalter
immobuchhaltung gmbh,ImmoBuchhaltung GmbH,ImmoBuchhaltung GmbH,1,tirol,b515d36f-fb52-4354-a071-79aae5a8d65c,Weidenweg 10 6342 Niederndorf,,,,,https://firmen.wko.at/immobuchhaltung-gmbh/tirol/?firmaid=b515d36f-fb52-4354-a071-79aae5a8d65c&standortid=7&standortname=tirol%20%28bundesland%29&suchbegriff=immobilienverwalter
immocentral immobilientreuhand gmbh,IMMOCENTRAL Immobilientreuhand GmbH,IMMOCENTRAL Immobilientreuhand GmbH,2,niederösterreich | wien,badcf9d6-38d0-4dcc-8fab-39b8ed58d9d3 | aa9f2214-c599-4eac-9e21-4971190ab9ab,Klostergasse 31 3100 St.Pölten | Seilerstätte 18-20/1. OG 1010 Wien,,,,,https://firmen.wko.at/immocentral-immobilientreuhand-gmbh/nieder%c3%b6sterreich/?firmaid=badcf9d6-38d0-4dcc-8fab-39b8ed58d9d3&standortid=2&standortname=nieder%c3%b6sterreich%20%28bundesland%29&suchbegriff=immobilienverwalter
immocommerz management gmbh,ImmoCommerz Management GmbH,ImmoCommerz Management GmbH,1,oberösterreich,2a39bfe1-6c34-41dc-b821-21e6c37d19ac,Marktplatz 3 4100 Ottensheim,,,,,https://firmen.wko.at/immocommerz-management-gmbh/ober%c3%b6sterreich/?firmaid=2a39bfe1-6c34-41dc-b821-21e6c37d19ac&standortid=3&standortname=ober%c3%b6sterreich%20%28bundesland%29&suchbegriff=immobilienverwalter
immocon immobilien consulting gmbh,IMMOCON Immobilien Consulting GmbH,IMMOCON Immobilien Consulting GmbH,1,steiermark,1b6ab00d-7251-4be0-b5b8-e83957c01304,Volksgartenstraße 1 8020 Graz,,,office@immocon.co.at,+43%20316811725-0,https://firmen.wko.at/immocon-immobilien-consulting-gmbh/steiermark/?firmaid=1b6ab00d-7251-4be0-b5b8-e83957c01304&standortid=5&standortname=steiermark%20%28bundesland%29&suchbegriff=immobilienverwalter
immocontract real estate management gmbh,IMMOcontract Real Estate Management GmbH,IMMOcontract Real Estate Management GmbH,6,kärnten | niederösterreich | oberösterreich | steiermark | wien,dbe2a200-b7a0-42d4-86c9-c84c06edd055 | 7e48ef53-871f-4df9-a369-8ae81c251d37 | 27e694ed-e624-4977-8002-c5421e6944db | 241fc183-0ed1-4a07-817e-e562d67bf00d | 8c23c693-8a8f-4450-be9c-e5ab3f9cfd66 | 9058e0b6-ac3c-42d2-ad3f-5ffae29deb9a,Sternäckerweg 20a 8041 Graz | Hauptplatz 9-13/7 2500 Baden | Lastenstraße 3 9020 Klagenfurt am Wörthersee | Grillparzerstraße 18-20 4020 Linz | Schnirchgasse 17 1030 Wien | Jakov-Lind-Straße 4/2 1020 Wien,http://www.donath.at/,http://www.donath.at/,donath@donath.at,01/587%2015%2081-0,https://firmen.wko.at/immocontract-real-estate-management-gmbh/steiermark/?firmaid=dbe2a200-b7a0-42d4-86c9-c84c06edd055&standortid=5&standortname=steiermark%20%28bundesland%29&suchbegriff=immobilienverwalter
immoflott kg,ImmoFlott KG,ImmoFlott KG,1,wien,c3a85a09-8503-460c-ae39-2eb9ff0f0d4d,"Mariahilfer Straße 29, Tür 5 1060 Wien",,,,,https://firmen.wko.at/immoflott-kg/wien/?firmaid=c3a85a09-8503-460c-ae39-2eb9ff0f0d4d&standortid=1&standortname=wien%20%28bundesland%29&suchbegriff=immobilienverwalter
immogarant gebäudemanagement gesellschaft m b h,IMMOGARANT GEBÄUDEMANAGEMENT Gesellschaft m.b.H.,IMMOGARANT GEBÄUDEMANAGEMENT Gesellschaft m.b.H.,1,wien,c4ef1c67-a71f-4dd3-a5fe-aafad47b6b65,Tandelmarktgasse 8/1-3 1020 Wien,,,,,https://firmen.wko.at/immogarant-geb%c3%84udemanagement-gesellschaft-mbh/wien/?firmaid=c4ef1c67-a71f-4dd3-a5fe-aafad47b6b65&standortid=1&standortname=wien%20%28bundesland%29&suchbegriff=immobilienverwalter
immokorrekt hausverwaltung gmbh,Immokorrekt Hausverwaltung GmbH,Immokorrekt Hausverwaltung GmbH,1,tirol,febaa474-e24f-43a6-9a61-67eebc7cff84,Grabenweg 71 6020 Innsbruck,,,,,https://firmen.wko.at/immokorrekt-hausverwaltung-gmbh/tirol/?firmaid=febaa474-e24f-43a6-9a61-67eebc7cff84&standortid=7&standortname=tirol%20%28bundesland%29&suchbegriff=immobilienverwalter
immolehner und finmotion gmbh,immoLEHNER & finMOTION GmbH,immoLEHNER & finMOTION GmbH,1,oberösterreich,c0f8f9b1-61aa-4a4d-8343-77bca41e9006,Mühlkreisbahnstraße 11 4040 Linz,,,,,https://firmen.wko.at/immolehner-und-finmotion-gmbh/ober%c3%b6sterreich/?firmaid=c0f8f9b1-61aa-4a4d-8343-77bca41e9006&standortid=3&standortname=ober%c3%b6sterreich%20%28bundesland%29&suchbegriff=immobilienverwalter
immooffice gmbh,ImmoOffice GmbH,ImmoOffice GmbH,1,wien,7c983caa-3f2c-47cd-940a-cfbf374fcf4b,Goldschmiedgasse 8/11 1010 Wien,,,,,https://firmen.wko.at/immooffice-gmbh/wien/?firmaid=7c983caa-3f2c-47cd-940a-cfbf374fcf4b&standortid=1&standortname=wien%20%28bundesland%29&suchbegriff=immobilienverwalter
immoplus immobilienverwaltungs gmbh,Immoplus Immobilienverwaltungs GmbH,Immoplus Immobilienverwaltungs GmbH,1,vorarlberg,a5c62ce4-d2d8-472d-85e5-05d52bbab9c5,Arlbergstraße 119a 6900 Bregenz,http://www.immoplus.co.at/,http://www.immoplus.co.at/,office@immoplus.co.at,05574/520%2076-0,https://firmen.wko.at/immoplus-immobilienverwaltungs-gmbh/vorarlberg/?firmaid=a5c62ce4-d2d8-472d-85e5-05d52bbab9c5&standortid=8&standortname=vorarlberg%20%28bundesland%29&suchbegriff=immobilienverwalter
immopure e u,ImmoPure e.U.,ImmoPure e.U.,1,tirol,4c0a7b29-adc4-4b5c-ba36-8f39cec2da02,Kuntenweg 2 6114 Kolsass,,,office@immopure.at,+436767069472,https://firmen.wko.at/immopure-eu-immopure-e-u/tirol/?firmaid=4c0a7b29-adc4-4b5c-ba36-8f39cec2da02&standortid=7&standortname=tirol%20%28bundesland%29&suchbegriff=immobilienverwalter
immosun hausverwaltungs gmbh,ImmoSun Hausverwaltungs GmbH,ImmoSun Hausverwaltungs GmbH,1,steiermark,513a0fd7-fb29-4470-a762-5c025444175b,"Mozartgasse 15, Tür 4 8073 Feldkirchen b.Graz",,,,,https://firmen.wko.at/immosun-hausverwaltungs-gmbh/steiermark/?firmaid=513a0fd7-fb29-4470-a762-5c025444175b&standortid=5&standortname=steiermark%20%28bundesland%29&suchbegriff=immobilienverwalter
immosys immobilien gesmbh,IMMOSYS Immobilien GesmbH,IMMOSYS Immobilien GesmbH,1,wien,fd796b69-72f5-4896-89f2-2bb64cafae46,Leibnizgasse 46 1100 Wien,http://www.immosys.at/,http://www.immosys.at/,immosys@immosys.at,01606%2017%2070-0,https://firmen.wko.at/immosys-immobilien-gesmbh/wien/?firmaid=fd796b69-72f5-4896-89f2-2bb64cafae46&standortid=1&standortname=wien%20%28bundesland%29&suchbegriff=immobilienverwalter
immotaurus living und management gmbh,IMMOTAURUS Living & Management GmbH,IMMOTAURUS Living & Management GmbH,1,steiermark,97cd34cd-af4e-4d60-abf6-714b9cb6b9d2,"Hans-Sachs-Gasse 14, Tür 25B 8010 Graz",,,,,https://firmen.wko.at/immotaurus-living-und-management-gmbh/steiermark/?firmaid=97cd34cd-af4e-4d60-abf6-714b9cb6b9d2&standortid=5&standortname=steiermark%20%28bundesland%29&suchbegriff=immobilienverwalter
immoteam4you immobilien gmbh,IMMOTEAM4YOU IMMOBILIEN GmbH,IMMOTEAM4YOU IMMOBILIEN GmbH,1,oberösterreich,0730653b-e32e-47fd-888d-a383b3bc9380,Vorstadt 4 4840 Vöcklabruck,https://www.immoteam4you.at/,https://www.immoteam4you.at/,office@immoteam4you.at,+43767233389 | +4367762518228,https://firmen.wko.at/immoteam4you-immobilien-gmbh-immobilienmakler/ober%c3%b6sterreich/?firmaid=0730653b-e32e-47fd-888d-a383b3bc9380&standortid=3&standortname=ober%c3%b6sterreich%20%28bundesland%29&suchbegriff=immobilienverwalter
immototal immobilientreuhand gmbh,IMMOTOTAL Immobilientreuhand GmbH,IMMOTOTAL Immobilientreuhand GmbH,3,niederösterreich | wien,4dd8d49e-07ed-4c71-ae95-6ac751c87240 | 28d5fec4-6f3e-4490-a70c-2649651bddb6 | 464db760-0235-4942-867e-078b58e2e10e,"Klostergasse 15 2340 Mödling | Schwedenplatz 2, Tür 51 1010 Wien | Eisenbachgasse 11 1130 Wien",http://www.immototal.at/,http://www.immototal.at/ | https://www.immototal.at/,info@immototal.at,+43%20(2236)%2086%20888,https://firmen.wko.at/immototal-immobilientreuhand-gmbh/nieder%c3%b6sterreich/?firmaid=4dd8d49e-07ed-4c71-ae95-6ac751c87240&standortid=2&standortname=nieder%c3%b6sterreich%20%28bundesland%29&suchbegriff=immobilienverwalter
immotrading gmbh,ImmoTrading GmbH,ImmoTrading GmbH,2,oberösterreich | wien,fea7c1a7-9d3b-42a9-92b0-521d1cc52e3a | 0166c874-7320-4d7e-88e8-a6ae24371968,Fabrikstraße 29 4600 Wels | Kärntner Ring 5-7 (RINGSTRASSENGALERIEN) 1010 Wien,,,,,https://firmen.wko.at/immotrading-gmbh/ober%c3%b6sterreich/?firmaid=fea7c1a7-9d3b-42a9-92b0-521d1cc52e3a&standortid=3&standortname=ober%c3%b6sterreich%20%28bundesland%29&suchbegriff=immobilienverwalter
immovewa gmbh,IMMOVEWA GmbH,IMMOVEWA GmbH,1,salzburg,ab7d3c8d-5006-46e4-b7f3-6a13859e8dc5,Markt 32 5450 Werfen,,,,,https://firmen.wko.at/immovewa-gmbh/salzburg/?firmaid=ab7d3c8d-5006-46e4-b7f3-6a13859e8dc5&standortid=4&standortname=salzburg%20%28bundesland%29&suchbegriff=immobilienverwalter
immovision immobilienverwaltung ges m b h,Immovision Immobilienverwaltung Ges.m.b.H.,Immovision Immobilienverwaltung Ges.m.b.H.,1,wien,48369738-ec97-4987-9cc2-17bec53eea89,01 535 52 55 0676 535 53 53,http://www.immovision.at/,http://www.immovision.at/,office@immovision.at,01%20535%2052%2055 | 0676%20535%2053%2053,https://firmen.wko.at/immovision-immobilienverwaltung-gesmbh/wien/?firmaid=48369738-ec97-4987-9cc2-17bec53eea89&standortid=1&standortname=wien%20%28bundesland%29&suchbegriff=immobilienverwalter
immovium hausverwaltung e u,Immovium Hausverwaltung e.U.,Immovium Hausverwaltung e.U.,1,niederösterreich,9133b83f-13bf-4dc8-ae78-e4dce5112a99,Kleingartensiedlung 68-70 2326 Maria-Lanzendorf,,,,,https://firmen.wko.at/immovium-hausverwaltung-eu/nieder%c3%b6sterreich/?firmaid=9133b83f-13bf-4dc8-ae78-e4dce5112a99&standortid=2&standortname=nieder%c3%b6sterreich%20%28bundesland%29&suchbegriff=immobilienverwalter
immow16 gmbh,ImmoW16 GmbH,ImmoW16 GmbH,1,wien,9f8b02dc-0b58-4f7a-be0e-4c7dfb517005,Wollzeile 16 1010 Wien,,,,,https://firmen.wko.at/immow16-gmbh/wien/?firmaid=9f8b02dc-0b58-4f7a-be0e-4c7dfb517005&standortid=1&standortname=wien%20%28bundesland%29&suchbegriff=immobilienverwalter
imoinvestic gmbh,IMOINVESTIC GmbH,IMOINVESTIC GmbH,1,steiermark,1e5bdf58-62d8-449c-8abf-30dbe9287940,Öblarn 207 8960 Öblarn,,,,,https://firmen.wko.at/imoinvestic-gmbh/steiermark/?firmaid=1e5bdf58-62d8-449c-8abf-30dbe9287940&standortid=5&standortname=steiermark%20%28bundesland%29&suchbegriff=immobilienverwalter
imova immobilientreuhand gmbh,IMOVA Immobilientreuhand GmbH,IMOVA Immobilientreuhand GmbH,1,vorarlberg,59c7bdbf-cc42-4198-9d93-d7a9a7aacd4d,"Werdenbergerstraße 39a, Top 2 6700 Bludenz",,,,,https://firmen.wko.at/imova-immobilientreuhand-gmbh/vorarlberg/?firmaid=59c7bdbf-cc42-4198-9d93-d7a9a7aacd4d&standortid=8&standortname=vorarlberg%20%28bundesland%29&suchbegriff=immobilienverwalter
ims immobilien gesellschaft m b h,IMS Immobilien Gesellschaft m.b.H.,IMS Immobilien Gesellschaft m.b.H.,1,steiermark,b691ca9e-6843-4a70-b1b8-834225a005bd,Kalvarienbergstraße 76-78 8020 Graz,http://www.ims.or.at/,http://www.ims.or.at/,office@ims.or.at,0316/81%2010%2010-0,https://firmen.wko.at/ims-immobilien-gesellschaft-mbh/steiermark/?firmaid=b691ca9e-6843-4a70-b1b8-834225a005bd&standortid=5&standortname=steiermark%20%28bundesland%29&suchbegriff=immobilienverwalter
ims kollegger gmbh,IMS Kollegger GmbH,IMS Kollegger GmbH,1,steiermark,3ab1b42a-a5ba-40f5-98c7-2095844f3dba,Infrastructure Management Services 0664 8317669,,,office@imsk.at,0664%208317669,https://firmen.wko.at/ims-kollegger-gmbh-infrastructure-management-services/steiermark/?firmaid=3ab1b42a-a5ba-40f5-98c7-2095844f3dba&standortid=5&standortname=steiermark%20%28bundesland%29&suchbegriff=immobilienverwalter
imv immobilien management gmbh,IMV Immobilien Management GmbH,IMV Immobilien Management GmbH,4,niederösterreich | steiermark | wien,8a39d3d5-cfe4-4789-bbbf-1aeed095c331 | 005dd5bb-9688-4d9f-8867-92afaead6372 | 55f92d28-945e-4a96-aaf6-9fecdb14e641 | d6d4e90e-d7ee-46c1-92dd-03f32b46122c,"0316 90 303 | Hochstraße 1 2380 Perchtoldsdorf | Wiener Gasse 20, Tür 4 2380 Perchtoldsdorf | Paulanergasse 15 1040 Wien",http://www.imv.co.at/,http://www.imv.co.at/,office@imv.co.at,0316%2090%20303,https://firmen.wko.at/imv-immobilien-management-gmbh/steiermark/?firmaid=8a39d3d5-cfe4-4789-bbbf-1aeed095c331&standortid=5&standortname=steiermark%20%28bundesland%29&suchbegriff=immobilienverwalter
increment real estate management gmbh,Increment Real Estate Management GmbH,Increment Real Estate Management GmbH,1,steiermark,fb43edca-a759-49f6-8844-e37e8adc3a38,Auwiesenweg 16b 8055 Graz,http://www.increment.at/,http://www.increment.at/,office@increment.at,,https://firmen.wko.at/increment-real-estate-management-gmbh/steiermark/?firmaid=fb43edca-a759-49f6-8844-e37e8adc3a38&standortid=5&standortname=steiermark%20%28bundesland%29&suchbegriff=immobilienverwalter
infranorm technologie gmbh,Infranorm Technologie GmbH,Infranorm Technologie GmbH,1,oberösterreich,c52ce572-9a04-4e0c-a3eb-531cce5a3812,Bauernstraße 11 4600 Wels,https://www.infranorm.com/,https://www.infranorm.com/,office@infranorm.com,+43724293968150,https://firmen.wko.at/infranorm-technologie-gmbh-infranorm-technologie-gmbh/ober%c3%b6sterreich/?firmaid=c52ce572-9a04-4e0c-a3eb-531cce5a3812&standortid=3&standortname=ober%c3%b6sterreich%20%28bundesland%29&suchbegriff=immobilienverwalter
ing alfred helmuth pehserl,Ing. Alfred Helmuth Pehserl,Ing. Alfred Helmuth Pehserl,1,steiermark,e5371691-9a84-4f20-85b2-2180cf714dca,Waltendorfer Hauptstraße 64 8010 Graz,,,amp@amp.st,00436642869991,https://firmen.wko.at/ing-alfred-helmuth-pehserl/steiermark/?firmaid=e5371691-9a84-4f20-85b2-2180cf714dca&standortid=5&standortname=steiermark%20%28bundesland%29&suchbegriff=immobilienverwalter
ing andreas alfred wollein,Ing. Andreas Alfred Wollein,Ing. Andreas Alfred Wollein,1,wien,9809c4dd-5544-4128-8eab-9d0778f5bd4a,Altgasse 21 1130 Wien,http://realpartners.at/,http://realpartners.at/,office@realpartners.at,+43%201%20876%2066%2060,https://firmen.wko.at/ing-andreas-alfred-wollein-realpartners/wien/?firmaid=9809c4dd-5544-4128-8eab-9d0778f5bd4a&standortid=1&standortname=wien%20%28bundesland%29&suchbegriff=immobilienverwalter
ing andreas pristusek,Ing. Andreas Pristusek,Ing. Andreas Pristusek,1,niederösterreich,8b244d0a-c1eb-463a-a3b4-4112a5815d7d,"Franz Schubert-Straße 2, Tür 6 2320 Schwechat",,,,,https://firmen.wko.at/ing-andreas-pristusek/nieder%c3%b6sterreich/?firmaid=8b244d0a-c1eb-463a-a3b4-4112a5815d7d&standortid=2&standortname=nieder%c3%b6sterreich%20%28bundesland%29&suchbegriff=immobilienverwalter
ing angelika theresia kulmer,Ing. Angelika Theresia Kulmer,Ing. Angelika Theresia Kulmer,1,steiermark,a4c7a88d-12d0-4608-a100-08b87ab540d1,Rollsdorf 6 8181 St.Ruprecht/Raab,,,,,https://firmen.wko.at/ing-angelika-theresia-kulmer/steiermark/?firmaid=a4c7a88d-12d0-4608-a100-08b87ab540d1&standortid=5&standortname=steiermark%20%28bundesland%29&suchbegriff=immobilienverwalter
ing christine friederike weber,Ing. Christine Friederike Weber,Ing. Christine Friederike Weber,1,niederösterreich,d39cb9f6-7ab1-4ea8-b69f-f88a3d30d70c,Grillparzergasse 3 3400 Kierling,http://www.i-w.at/,http://www.i-w.at/,immobilien@i-w.at,+43%202243%2025552 | +43%20664%202623454,https://firmen.wko.at/ing-christine-friederike-weber-immobilientreuh%c3%a4nder-sachverst%c3%a4ndigenb%c3%bcro/nieder%c3%b6sterreich/?firmaid=d39cb9f6-7ab1-4ea8-b69f-f88a3d30d70c&standortid=2&standortname=nieder%c3%b6sterreich%20%28bundesland%29&suchbegriff=immobilienverwalter
ing claudia zöberer,Ing. Claudia Zöberer,Ing. Claudia Zöberer,1,steiermark,f7a11bc3-c7c9-46ab-a5d3-9338f3ecf35e,"Kleinwöllmiß 128, Tür 6 8580 Kleinwöllmiß",,,,+43%20664%205451515,https://firmen.wko.at/ing-claudia-z%c3%b6berer/steiermark/?firmaid=f7a11bc3-c7c9-46ab-a5d3-9338f3ecf35e&standortid=5&standortname=steiermark%20%28bundesland%29&suchbegriff=immobilienverwalter
ing clemens hirtl mba,"Ing. Clemens Hirtl, MBA","Ing. Clemens Hirtl, MBA",1,niederösterreich,f1974f99-ad36-48dd-b24d-c60d814438c1,Hangernstraße 13 2551 Enzesfeld-Lindabrunn,,,,,https://firmen.wko.at/ing-clemens-hirtl-mba/nieder%c3%b6sterreich/?firmaid=f1974f99-ad36-48dd-b24d-c60d814438c1&standortid=2&standortname=nieder%c3%b6sterreich%20%28bundesland%29&suchbegriff=immobilienverwalter
ing hermann ferdinand freitag,Ing. Hermann Ferdinand Freitag,Ing. Hermann Ferdinand Freitag,1,steiermark,deef4b36-edfb-4a7f-a9cc-11d0cfd96dcf,Franz-Schmidt-Weg 10 8046 Graz,,,office@hv-freitag.at,0316/71%2023%2039,https://firmen.wko.at/ing-hermann-ferdinand-freitag-immobilienverwaltung/steiermark/?firmaid=deef4b36-edfb-4a7f-a9cc-11d0cfd96dcf&standortid=5&standortname=steiermark%20%28bundesland%29&suchbegriff=immobilienverwalter
ing jerome dominique büchel,Ing. Jerome-Dominique Büchel,Ing. Jerome-Dominique Büchel,1,vorarlberg,07c13f49-82ab-470a-ab93-9cdf09ed7e5b,Hof 1 6911 Lochau,,,,,https://firmen.wko.at/ing-jerome-dominique-b%c3%bcchel/vorarlberg/?firmaid=07c13f49-82ab-470a-ab93-9cdf09ed7e5b&standortid=8&standortname=vorarlberg%20%28bundesland%29&suchbegriff=immobilienverwalter
ing johann hirsch,Ing. Johann Hirsch,Ing. Johann Hirsch,1,steiermark,2087a78e-f2c6-4ef2-a3aa-7f8984c18380,Hohenwangstraße 49 8665 Langenwang,,,,0664/1001480,https://firmen.wko.at/ing-johann-hirsch/steiermark/?firmaid=2087a78e-f2c6-4ef2-a3aa-7f8984c18380&standortid=5&standortname=steiermark%20%28bundesland%29&suchbegriff=immobilienverwalter
ing johannes juri,Ing. Johannes Juri,Ing. Johannes Juri,1,kärnten,34a36f01-7f13-45fc-9ad5-5222a2aa650d,Johann-Offner-Straße 1 9400 Wolfsberg,http://www.bm-juri.com/,http://www.bm-juri.com/,j.juri@bm-juri.com,+43%204352%2054512 | 0664-8229000,https://firmen.wko.at/ing-johannes-juri-juri-johannes-ing/k%c3%a4rnten/?firmaid=34a36f01-7f13-45fc-9ad5-5222a2aa650d&standortid=6&standortname=k%c3%a4rnten%20%28bundesland%29&suchbegriff=immobilienverwalter
ing josef schmuck,Ing. Josef Schmuck,Ing. Josef Schmuck,1,steiermark,1c91f5d8-f1d1-43c2-bd80-55562665d6cf,Wielandgasse 44 8010 Graz,,,,+43%20(0)316-82%2021%2024,https://firmen.wko.at/ing-josef-schmuck/steiermark/?firmaid=1c91f5d8-f1d1-43c2-bd80-55562665d6cf&standortid=5&standortname=steiermark%20%28bundesland%29&suchbegriff=immobilienverwalter
ing kai uwe reisner,Ing. Kai-Uwe Reisner,Ing. Kai-Uwe Reisner,1,burgenland,3d0c88f8-86e1-4298-84df-09b4eedbce81,Am Anger 27 2443 Leithaprodersdorf,,,,,https://firmen.wko.at/ing-kai-uwe-reisner/burgenland/?firmaid=3d0c88f8-86e1-4298-84df-09b4eedbce81&standortid=9&standortname=burgenland%20%28bundesland%29&suchbegriff=immobilienverwalter
ing karl hannes bauchinger msc,"Ing. Karl Hannes Bauchinger, MSc","Ing. Karl Hannes Bauchinger, MSc",2,oberösterreich,16daee44-df8d-47d4-b24b-708aebef24e8 | 5f08e70c-1226-4186-9b2e-7bfe2d181cd4,Wöging 3 4921 Hohenzell | Abtsdorf 177 4864 Attersee am Attersee,http://www.bauchinger.com/,http://www.bauchinger.com/,office@bauchinger.com,+43%207752%20864555,https://firmen.wko.at/ing-karl-hannes-bauchinger-msc-bauchinger-baumanagement-und-immobilien/ober%c3%b6sterreich/?firmaid=16daee44-df8d-47d4-b24b-708aebef24e8&standortid=3&standortname=ober%c3%b6sterreich%20%28bundesland%29&suchbegriff=immobilienverwalter
ing karl otto georg joachim oberreiter,Ing. Karl-Otto Georg Joachim Oberreiter,Ing. Karl-Otto Georg Joachim Oberreiter,1,tirol,161c1d84-17b0-44cd-b3ca-2e9d8c7c5c9f,Oskar Mulley-Straße 9/1 6330 Kufstein,http://protop.com/welcome,http://protop.com/welcome,karl.oberreiter@protop.com,05372/64410 | 0699/17041704,https://firmen.wko.at/ing-karl-otto-georg-joachim-oberreiter/tirol/?firmaid=161c1d84-17b0-44cd-b3ca-2e9d8c7c5c9f&standortid=7&standortname=tirol%20%28bundesland%29&suchbegriff=immobilienverwalter
ing mag fh markus georg alexander maria wanderer,Ing. Mag. (FH) Markus Georg Alexander Maria Wanderer,Ing. Mag. (FH) Markus Georg Alexander Maria Wanderer,1,wien,64c459ff-694b-407a-ae59-8b115996ea20,Oberlaaer Straße 152 1100 Wien,,,Office@wanderer.co.at,+431%20689%202565%200,https://firmen.wko.at/ing-mag-fh-markus-georg-alexander-maria-wanderer/wien/?firmaid=64c459ff-694b-407a-ae59-8b115996ea20&standortid=1&standortname=wien%20%28bundesland%29&suchbegriff=immobilienverwalter
ing mag schubert immobilientreuhand gmbh,Ing. Mag. Schubert Immobilientreuhand GmbH,Ing. Mag. Schubert Immobilientreuhand GmbH,1,steiermark,b495d897-d251-4dd4-87a7-f53b5d5a5946,Wielandgasse 14-16 8010 Graz,,,office@ith-graz.at,+43316816565,https://firmen.wko.at/ing-mag-schubert-immobilientreuhand-gmbh/steiermark/?firmaid=b495d897-d251-4dd4-87a7-f53b5d5a5946&standortid=5&standortname=steiermark%20%28bundesland%29&suchbegriff=immobilienverwalter
ing markus bodzenta,Ing. Markus Bodzenta,Ing. Markus Bodzenta,1,wien,6369afd3-c43d-4389-b12c-353364ce357e,Budinskygasse 28 1190 Wien,http://www.bodzenta.at/,http://www.bodzenta.at/,office@bodzenta.at,+43%20(0)664/337%2045%2068 | +43%20(0)664%20337%2045%2068,https://firmen.wko.at/ing-markus-bodzenta-bodzenta-immobilien/wien/?firmaid=6369afd3-c43d-4389-b12c-353364ce357e&standortid=1&standortname=wien%20%28bundesland%29&suchbegriff=immobilienverwalter
ing markus lumbe,Ing. Markus Lumbe,Ing. Markus Lumbe,1,wien,c032f5ca-cf03-479c-9b4b-a4a04fefd781,Schönburgstraße 11 1040 Wien,,,office@lumbe.at,01/503%2017%2097%20,https://firmen.wko.at/ing-markus-lumbe/wien/?firmaid=c032f5ca-cf03-479c-9b4b-a4a04fefd781&standortid=1&standortname=wien%20%28bundesland%29&suchbegriff=immobilienverwalter
ing messner gmbh,ING. MESSNER GmbH,ING. MESSNER GmbH,1,kärnten,016143a8-4cd3-4b3f-8358-9e250a1494ec,Tiroler Straße 19c 9800 Spittal/Drau,https://www.messner.gmbh/,https://www.messner.gmbh/,info@messner.gmbh,+43%20664%202214935,https://firmen.wko.at/ing-messner-gmbh-immobilienverwaltung-tb-maschinenbau-it-dienstleistung-sv/k%c3%a4rnten/?firmaid=016143a8-4cd3-4b3f-8358-9e250a1494ec&standortid=6&standortname=k%c3%a4rnten%20%28bundesland%29&suchbegriff=immobilienverwalter
ing peter pleschberger,Ing. Peter Pleschberger,Ing. Peter Pleschberger,1,steiermark,a89dbd72-b3d8-46ce-8e9e-25489c1c8973,Haydngasse 11 8010 Graz,,,,,https://firmen.wko.at/ing-peter-pleschberger/steiermark/?firmaid=a89dbd72-b3d8-46ce-8e9e-25489c1c8973&standortid=5&standortname=steiermark%20%28bundesland%29&suchbegriff=immobilienverwalter
ing rupert franz leberzipf,Ing. Rupert Franz Leberzipf,Ing. Rupert Franz Leberzipf,1,niederösterreich,5e67b80c-1aba-4991-8b45-cad4d8b486d0,Am Hinterweg 19 3620 Spitz,,,,,https://firmen.wko.at/ing-rupert-franz-leberzipf/nieder%c3%b6sterreich/?firmaid=5e67b80c-1aba-4991-8b45-cad4d8b486d0&standortid=2&standortname=nieder%c3%b6sterreich%20%28bundesland%29&suchbegriff=immobilienverwalter
ing siegfried sattlberger msc,"Ing. Siegfried Sattlberger, MSc","Ing. Siegfried Sattlberger, MSc",1,oberösterreich,0230b24e-3147-47da-811a-48c7167a2779,Hauptstraße 6 4563 Micheldorf in Oberösterreich,,,,,https://firmen.wko.at/ing-siegfried-sattlberger-msc/ober%c3%b6sterreich/?firmaid=0230b24e-3147-47da-811a-48c7167a2779&standortid=3&standortname=ober%c3%b6sterreich%20%28bundesland%29&suchbegriff=immobilienverwalter
ing simon jurić,Ing. Simon Jurić,Ing. Simon Jurić,1,steiermark,3f3aa2dc-d35d-4755-81ca-fc530db8faba,"Peter-Rosegger-Siedlung 5, Tür 4 8435 Leitring",,,,,https://firmen.wko.at/ing-simon-juri/steiermark/?firmaid=3f3aa2dc-d35d-4755-81ca-fc530db8faba&standortid=5&standortname=steiermark%20%28bundesland%29&suchbegriff=immobilienverwalter
ing szmolyan kg,Ing. Szmolyan KG,Ing. Szmolyan KG,1,burgenland,d5301375-4568-48c4-b5f9-19680ec66459,Weiden bei Rechnitz 10 7463 Weiden bei Rechnitz,,,,,https://firmen.wko.at/ing-szmolyan-kg/burgenland/?firmaid=d5301375-4568-48c4-b5f9-19680ec66459&standortid=9&standortname=burgenland%20%28bundesland%29&suchbegriff=immobilienverwalter
ing thomas franz wahl mpa mba,"Ing. Thomas Franz Wahl, MPA MBA","Ing. Thomas Franz Wahl, MPA MBA",1,niederösterreich,06f314ca-9034-4264-9241-0019bbcae4e3,"Bäckerstraße 19, Tür 1 4482 Ennsdorf",,,thomas@thomaswahl.at,+43%207223%2082553 | +43%20(650)%20720%2033%2086,https://firmen.wko.at/ing-thomas-franz-wahl-mpa-mba-thomas-wahl-immobilien/nieder%c3%b6sterreich/?firmaid=06f314ca-9034-4264-9241-0019bbcae4e3&standortid=2&standortname=nieder%c3%b6sterreich%20%28bundesland%29&suchbegriff=immobilienverwalter
ing thomas josef dietmar lechthaler,Ing. Thomas Josef Dietmar Lechthaler,Ing. Thomas Josef Dietmar Lechthaler,1,tirol,4b2ee043-4113-48f9-96de-2ef184a65a02,Alois-Streicher-Weg 6b 6111 Volders,,,,,https://firmen.wko.at/ing-thomas-josef-dietmar-lechthaler/tirol/?firmaid=4b2ee043-4113-48f9-96de-2ef184a65a02&standortid=7&standortname=tirol%20%28bundesland%29&suchbegriff=immobilienverwalter
ing thomas maier,Ing. Thomas Maier,Ing. Thomas Maier,1,steiermark,2c4f41d5-1d66-4ee8-b103-0b16919d9e13,Zum Feldkreuz 4 8472 Obervogau,,,,,https://firmen.wko.at/ing-thomas-maier/steiermark/?firmaid=2c4f41d5-1d66-4ee8-b103-0b16919d9e13&standortid=5&standortname=steiermark%20%28bundesland%29&suchbegriff=immobilienverwalter
ing werner wilhelm bayer,Ing. Werner Wilhelm Bayer,Ing. Werner Wilhelm Bayer,1,burgenland,4205006d-0577-4ffd-8f93-1d689e906979,Nr. 2 7435 Holzschlag,http://www.svbayer.at/,http://www.svbayer.at/,office@svbayer.at,03352/3%2026%2060,https://firmen.wko.at/ing-werner-wilhelm-bayer/burgenland/?firmaid=4205006d-0577-4ffd-8f93-1d689e906979&standortid=9&standortname=burgenland%20%28bundesland%29&suchbegriff=immobilienverwalter
ingeborg fischer immobilienverwaltung gmbh,Ingeborg Fischer Immobilienverwaltung GmbH,Ingeborg Fischer Immobilienverwaltung GmbH,1,wien,bc5cb63d-4db3-41a2-9373-06a57915a8a2,Stiftgasse 4 1070 Wien,,,,,https://firmen.wko.at/ingeborg-fischer-immobilienverwaltung-gmbh/wien/?firmaid=bc5cb63d-4db3-41a2-9373-06a57915a8a2&standortid=1&standortname=wien%20%28bundesland%29&suchbegriff=immobilienverwalter
ingrid faust,Ingrid Faust,Ingrid Faust,1,niederösterreich,3ccae184-996a-4fa9-aff9-62705df29f32,"Lagerstraße 5Stg. 1, Tür 1 2460 Bruck an der Leitha",http://www.faust-immobilien.at/,http://www.faust-immobilien.at/,faust.immobilien@telecable.at,02162/65710,https://firmen.wko.at/ingrid-faust-immobilienkanzlei/nieder%c3%b6sterreich/?firmaid=3ccae184-996a-4fa9-aff9-62705df29f32&standortid=2&standortname=nieder%c3%b6sterreich%20%28bundesland%29&suchbegriff=immobilienverwalter
ingrid sonja thaler,Ingrid Sonja Thaler,Ingrid Sonja Thaler,1,vorarlberg,488b1b40-e9f8-4a13-b0e6-5673b0fd5794,Auf der Matte 49/Top 11 6900 Bregenz,,,ingrid.thaler@domusimmobilien.at,,https://firmen.wko.at/ingrid-sonja-thaler/vorarlberg/?firmaid=488b1b40-e9f8-4a13-b0e6-5673b0fd5794&standortid=8&standortname=vorarlberg%20%28bundesland%29&suchbegriff=immobilienverwalter
ingrid ursula kammerer,Ingrid Ursula Kammerer,Ingrid Ursula Kammerer,1,salzburg,83f2f3fa-46df-4eb7-b13e-845071548727,Tauxgasse 31 5020 Salzburg,,,,,https://firmen.wko.at/ingrid-ursula-kammerer/salzburg/?firmaid=83f2f3fa-46df-4eb7-b13e-845071548727&standortid=4&standortname=salzburg%20%28bundesland%29&suchbegriff=immobilienverwalter
innercity immobilienmanagement gmbh,InnerCity Immobilienmanagement GmbH,InnerCity Immobilienmanagement GmbH,1,wien,5ad3bba2-af10-4618-9e81-21a6c95e6051,Mohsgasse 1/1/3.2 1030 Wien,,,office@ic-immo.at,+43%2001%203618102,https://firmen.wko.at/innercity-immobilienmanagement-gmbh/wien/?firmaid=5ad3bba2-af10-4618-9e81-21a6c95e6051&standortid=1&standortname=wien%20%28bundesland%29&suchbegriff=immobilienverwalter
innex immobilien treuhand gmbh,Innex Immobilien Treuhand GmbH,Innex Immobilien Treuhand GmbH,1,steiermark,2197fc35-9b01-4d9c-bce2-e93d9632ce46,Schwöbing 31 8670 Krieglach,,,,,https://firmen.wko.at/innex-immobilien-treuhand-gmbh/steiermark/?firmaid=2197fc35-9b01-4d9c-bce2-e93d9632ce46&standortid=5&standortname=steiermark%20%28bundesland%29&suchbegriff=immobilienverwalter
innexis orth gmbh,INNEXIS Orth GmbH,INNEXIS Orth GmbH,1,niederösterreich,48d0e54a-a7d2-4aab-9467-0bca678c656f,Uferstraße 15 2304 Orth an der Donau,,,,,https://firmen.wko.at/innexis-orth-gmbh/nieder%c3%b6sterreich/?firmaid=48d0e54a-a7d2-4aab-9467-0bca678c656f&standortid=2&standortname=nieder%c3%b6sterreich%20%28bundesland%29&suchbegriff=immobilienverwalter
innreal immobilienverwaltung gmbh,InnReal Immobilienverwaltung GmbH,InnReal Immobilienverwaltung GmbH,1,tirol,d85bb771-4ab8-4d69-9914-c3f0a8704828,Meraner Straße 9 6020 Innsbruck,,,,,https://firmen.wko.at/innreal-immobilienverwaltung-gmbh/tirol/?firmaid=d85bb771-4ab8-4d69-9914-c3f0a8704828&standortid=7&standortname=tirol%20%28bundesland%29&suchbegriff=immobilienverwalter
innsbrucker immobilien gmbh und co kg,Innsbrucker Immobilien GmbH & Co KG,Innsbrucker Immobilien GmbH & Co KG,1,tirol,771c1558-00de-4130-8ae0-286676641be5,Roßaugasse 4 6020 Innsbruck,,,g.haller@iig.at,0512/4004,https://firmen.wko.at/innsbrucker-immobilien-gmbh-und-co-kg-innsbrucker-immobilien-gmbh-und-co-kg/tirol/?firmaid=771c1558-00de-4130-8ae0-286676641be5&standortid=7&standortname=tirol%20%28bundesland%29&suchbegriff=immobilienverwalter
innsbrucker immobilien service gmbh,Innsbrucker Immobilien Service GmbH,Innsbrucker Immobilien Service GmbH,1,tirol,7911c907-4f15-43d6-bc20-16002db4dcb4,Roßaugasse 4 6020 Innsbruck,,,g.haller@iig.at,0512/4004,https://firmen.wko.at/innsbrucker-immobilien-service-gmbh/tirol/?firmaid=7911c907-4f15-43d6-bc20-16002db4dcb4&standortid=7&standortname=tirol%20%28bundesland%29&suchbegriff=immobilienverwalter
innsbrucker markthallen betriebs gesellschaft m b h,Innsbrucker Markthallen-Betriebs-gesellschaft m.b.H.,Innsbrucker Markthallen-Betriebs-gesellschaft m.b.H.,1,tirol,3c098902-fb3d-4de1-aaef-f806fb1f427f,Herzog-Siegmund-Ufer 1-3 6020 Innsbruck,http://www.markthalle-innsbruck.at/,http://www.markthalle-innsbruck.at/,office@markthalle-innsbruck.at,0512/584837-0* | 0664/2252981%200664/2252975,https://firmen.wko.at/innsbrucker-markthallen-betriebs-gesellschaft-mbh-markthalle-innsbruck/tirol/?firmaid=3c098902-fb3d-4de1-aaef-f806fb1f427f&standortid=7&standortname=tirol%20%28bundesland%29&suchbegriff=immobilienverwalter
ins partner immobilien gmbh,INS Partner Immobilien GmbH,INS Partner Immobilien GmbH,1,oberösterreich,168c6802-c14d-46ff-a568-0adcd84b3bb9,Josef-Kränzl-Straße 11 4910 Ried im Innkreis,http://www.ins-partner.at/,http://www.ins-partner.at/,office@ins-partner.at,+43%20(0)7752%2021113 | +43%20(0)676%20845452750,https://firmen.wko.at/ins-partner-immobilien-gmbh-immobilienverwaltung-immobilienvermittlung/ober%c3%b6sterreich/?firmaid=168c6802-c14d-46ff-a568-0adcd84b3bb9&standortid=3&standortname=ober%c3%b6sterreich%20%28bundesland%29&suchbegriff=immobilienverwalter
international campus austria gmbh,International Campus Austria GmbH,International Campus Austria GmbH,1,wien,09505220-ff99-4ca6-843c-4dbfdcd07ada,Muthgasse 109 1190 Wien,,,,,https://firmen.wko.at/international-campus-austria-gmbh/wien/?firmaid=09505220-ff99-4ca6-843c-4dbfdcd07ada&standortid=1&standortname=wien%20%28bundesland%29&suchbegriff=immobilienverwalter
invest immobilien vermittlungs und verwaltungs gesmbh,Invest Immobilien Vermittlungs- und Verwaltungs GesmbH.,Invest Immobilien Vermittlungs- und Verwaltungs GesmbH.,1,wien,3a6f2b74-ae66-416f-ab7b-c450b2818582,Bösendorferstraße 1/24a 1010 Wien,,,,,https://firmen.wko.at/invest-immobilien-vermittlungs-und-verwaltungs-gesmbh/wien/?firmaid=3a6f2b74-ae66-416f-ab7b-c450b2818582&standortid=1&standortname=wien%20%28bundesland%29&suchbegriff=immobilienverwalter
invest real immobilientreuhänder ges m b h,INVEST- REAL Immobilientreuhänder Ges.m.b.H.,INVEST- REAL Immobilientreuhänder Ges.m.b.H.,1,niederösterreich,cebdadd3-1fad-49b3-b546-0be52d96c6e6,"Mariannengasse 4,Enzelfeld 2551 Enzesfeld-Lindabrunn",http://www.investreal.at/,http://www.investreal.at/,,+43%202256%2081533-0,https://firmen.wko.at/invest-real-immobilientreuh%c3%a4nder-gesmbh/nieder%c3%b6sterreich/?firmaid=cebdadd3-1fad-49b3-b546-0be52d96c6e6&standortid=2&standortname=nieder%c3%b6sterreich%20%28bundesland%29&suchbegriff=immobilienverwalter
invest baubetreuungs gmbh und co kg,Invest-Baubetreuungs GmbH & Co KG,Invest-Baubetreuungs GmbH & Co KG,1,vorarlberg,00b8abe1-485f-4eec-bf65-5c295c1fe128,Römerstraße 2 6900 Bregenz,,,office@investbau.at,05574/437%2037,https://firmen.wko.at/invest-baubetreuungs-gmbh-und-co-kg/vorarlberg/?firmaid=00b8abe1-485f-4eec-bf65-5c295c1fe128&standortid=8&standortname=vorarlberg%20%28bundesland%29&suchbegriff=immobilienverwalter
ipc project consulting gesellschaft m b h,IPC Project Consulting Gesellschaft m.b.H.,IPC Project Consulting Gesellschaft m.b.H.,1,salzburg,84c74cd9-731f-45f9-86c3-13c7e6e02033,Maxglaner Hauptstraße 20 5020 Salzburg,http://www.ipc-immo.com/,http://www.ipc-immo.com/,office@ipc-immo.at,0662/829%20713-0,https://firmen.wko.at/ipc-project-consulting-gesellschaft-mbh/salzburg/?firmaid=84c74cd9-731f-45f9-86c3-13c7e6e02033&standortid=4&standortname=salzburg%20%28bundesland%29&suchbegriff=immobilienverwalter
ipg immobilien partner gmbh,IPG - Immobilien Partner GmbH,IPG - Immobilien Partner GmbH,1,steiermark,c034cdae-1482-4f84-925b-95e2d390d975,"Leitringer Hauptstraße 19, Top 1 8435 Leitring",,,ipg-immo@aon.at,,https://firmen.wko.at/ipg-immobilien-partner-gmbh/steiermark/?firmaid=c034cdae-1482-4f84-925b-95e2d390d975&standortid=5&standortname=steiermark%20%28bundesland%29&suchbegriff=immobilienverwalter
ipml gmbh,IPML GmbH,IPML GmbH,1,niederösterreich,e0e1c472-18f9-4f87-9485-52cf38117540,Mühlgasse 13 2630 Ternitz,,,,,https://firmen.wko.at/ipml-gmbh/nieder%c3%b6sterreich/?firmaid=e0e1c472-18f9-4f87-9485-52cf38117540&standortid=2&standortname=nieder%c3%b6sterreich%20%28bundesland%29&suchbegriff=immobilienverwalter
ipunkt immobilien gmbh,iPunkt-Immobilien GmbH,iPunkt-Immobilien GmbH,1,vorarlberg,05222cdf-c464-4694-9510-d92b75bf2227,Walgaustraße 50 6719 Bludesch,,,,,https://firmen.wko.at/ipunkt-immobilien-gmbh/vorarlberg/?firmaid=05222cdf-c464-4694-9510-d92b75bf2227&standortid=8&standortname=vorarlberg%20%28bundesland%29&suchbegriff=immobilienverwalter
irving freund kg,Irving Freund KG,Irving Freund KG,1,wien,90e6ef45-0085-40da-b0f2-c7f9f4d95a8f,Floßgasse 1A 1020 Wien,,,office@freundreal.com,01/214%2074%2028,https://firmen.wko.at/irving-freund-kg/wien/?firmaid=90e6ef45-0085-40da-b0f2-c7f9f4d95a8f&standortid=1&standortname=wien%20%28bundesland%29&suchbegriff=immobilienverwalter
is immo service gmbh,IS Immo-Service GmbH,IS Immo-Service GmbH,1,steiermark,00af0d49-7128-4a17-8ebe-4fbcaea47ed7,Hauptplatz 40 8970 Schladming,http://www.immo-service.at/,http://www.immo-service.at/,service@immo-service.at,+43%20(3687)%2024048 | +43%20(664)%2032%2000%20329,https://firmen.wko.at/is-immo-service-gmbh/steiermark/?firmaid=00af0d49-7128-4a17-8ebe-4fbcaea47ed7&standortid=5&standortname=steiermark%20%28bundesland%29&suchbegriff=immobilienverwalter
isabella klee,Isabella Klee,Isabella Klee,1,wien,477b8c75-24b8-4a78-b629-67274a8c3a2e,Severingasse 16 1090 Wien,,,,01/405%2068%2060,https://firmen.wko.at/isabella-klee/wien/?firmaid=477b8c75-24b8-4a78-b629-67274a8c3a2e&standortid=1&standortname=wien%20%28bundesland%29&suchbegriff=immobilienverwalter
isabelle peneder,Isabelle Peneder,Isabelle Peneder,1,niederösterreich,3522ab1b-1c5f-47a2-a51f-99f89cadb683,Weinzierl 71/39 3500 Krems an der Donau,,,,,https://firmen.wko.at/isabelle-peneder/nieder%c3%b6sterreich/?firmaid=3522ab1b-1c5f-47a2-a51f-99f89cadb683&standortid=2&standortname=nieder%c3%b6sterreich%20%28bundesland%29&suchbegriff=immobilienverwalter
isg immoservice gmbh,ISG Immoservice GmbH,ISG Immoservice GmbH,1,wien,736437e6-f325-4365-a89d-0b023db065ab,Märzstraße 1 1150 Wien,,,,,https://firmen.wko.at/isg-immoservice-gmbh/wien/?firmaid=736437e6-f325-4365-a89d-0b023db065ab&standortid=1&standortname=wien%20%28bundesland%29&suchbegriff=immobilienverwalter
isg kommunalbau gmbh,ISG Kommunalbau GmbH,ISG Kommunalbau GmbH,1,oberösterreich,57f96659-0e72-47cc-9847-6b94e1915e52,Riedauer Straße 28 4910 Ried im Innkreis,http://www.isg-wohnen.at/,http://www.isg-wohnen.at/,office@isg-wohnen.at,07752/858280,https://firmen.wko.at/isg-kommunalbau-gmbh/ober%c3%b6sterreich/?firmaid=57f96659-0e72-47cc-9847-6b94e1915e52&standortid=3&standortname=ober%c3%b6sterreich%20%28bundesland%29&suchbegriff=immobilienverwalter
isk institut für standort regional und kommunalentwicklung dr mathis und partner gmbh,"ISK Institut für Standort-, Regional- und Kommunalentwicklung Dr. Mathis & Partner GmbH","ISK Institut für Standort-, Regional- und Kommunalentwicklung Dr. Mathis & Partner GmbH",1,vorarlberg,050cbb68-11f9-4b2a-82eb-5bd8c43b89f8,Johann-Georg-Ulmer-Straße 21 6850 Dornbirn,,,,,https://firmen.wko.at/isk-institut-f%c3%bcr-standort-regional-und-kommunalentwicklung-dr-mathis-und-partner-gmbh/vorarlberg/?firmaid=050cbb68-11f9-4b2a-82eb-5bd8c43b89f8&standortid=8&standortname=vorarlberg%20%28bundesland%29&suchbegriff=immobilienverwalter
issuk projektentwicklungs gmbh,ISSUK Projektentwicklungs GmbH,ISSUK Projektentwicklungs GmbH,1,kärnten,9349e9b8-56a2-4f22-ba78-77dc8ed13a6a,Andrähofweg 44 9061 Klagenfurt/Wörthersee,,,,,https://firmen.wko.at/issuk-projektentwicklungs-gmbh/k%c3%a4rnten/?firmaid=9349e9b8-56a2-4f22-ba78-77dc8ed13a6a&standortid=6&standortname=k%c3%a4rnten%20%28bundesland%29&suchbegriff=immobilienverwalter
ista österreich gmbh,ista Österreich GmbH,ista Österreich GmbH,1,wien,213ad5af-0add-4e26-9f75-44e52383e686,Leopold-Böhm-Straße 12 1030 Wien,http://www.ista.at/,http://www.ista.at/,info@ista.at,+43%2050%20230230,https://firmen.wko.at/ista-%c3%96sterreich-gmbh/wien/?firmaid=213ad5af-0add-4e26-9f75-44e52383e686&standortid=1&standortname=wien%20%28bundesland%29&suchbegriff=immobilienverwalter
isw hausverwaltung gmbh,ISW Hausverwaltung GmbH,ISW Hausverwaltung GmbH,1,tirol,684b4fd1-2a84-41d3-a8fd-9495e63a117c,Sparkassenplatz 5 6020 Innsbruck,,,info@isw-hausverwaltung.at,+43%20512%20583816%20,https://firmen.wko.at/isw-hausverwaltung-gmbh/tirol/?firmaid=684b4fd1-2a84-41d3-a8fd-9495e63a117c&standortid=7&standortname=tirol%20%28bundesland%29&suchbegriff=immobilienverwalter
ithv immobilienverwaltung gmbh,ITHV Immobilienverwaltung GmbH,ITHV Immobilienverwaltung GmbH,1,wien,4768cfc1-ac00-4ff4-9c93-995df32e8013,Hintzerstraße 1/15 1030 Wien,,,office@immotech.at,01/512%2097%2098-0,https://firmen.wko.at/ithv-immobilienverwaltung-gmbh/wien/?firmaid=4768cfc1-ac00-4ff4-9c93-995df32e8013&standortid=1&standortname=wien%20%28bundesland%29&suchbegriff=immobilienverwalter
itk immobilienverwaltung gmbh,ITK Immobilienverwaltung GmbH,ITK Immobilienverwaltung GmbH,1,niederösterreich,f480e483-9389-4be5-88fa-aba52562fa0a,Klosterstraße 28 3011 Tullnerbach,,,,,https://firmen.wko.at/itk-immobilienverwaltung-gmbh/nieder%c3%b6sterreich/?firmaid=f480e483-9389-4be5-88fa-aba52562fa0a&standortid=2&standortname=nieder%c3%b6sterreich%20%28bundesland%29&suchbegriff=immobilienverwalter
itv realitäten gesellschaft m b h,ITV-Realitäten Gesellschaft m.b.H.,ITV-Realitäten Gesellschaft m.b.H.,1,wien,70dd1d5c-9f2b-433c-9742-aa2088cff217,Liechtensteinstraße 64 1090 Wien,,,itvreal@aon.at,01/317%2061%2062,https://firmen.wko.at/itv-realit%c3%a4ten-gesellschaft-mbh/wien/?firmaid=70dd1d5c-9f2b-433c-9742-aa2088cff217&standortid=1&standortname=wien%20%28bundesland%29&suchbegriff=immobilienverwalter
iv zoder gmbh,IV Zoder GmbH,IV Zoder GmbH,1,wien,7fcde66c-ddfe-4ceb-b0f5-a0bc7d12e331,Wimbergergasse 30/10 1070 Wien,http://www.ivzoder.at/,http://www.ivzoder.at/,office@ivzoder.at,01/%20813%2033%2010,https://firmen.wko.at/iv-zoder-gmbh/wien/?firmaid=7fcde66c-ddfe-4ceb-b0f5-a0bc7d12e331&standortid=1&standortname=wien%20%28bundesland%29&suchbegriff=immobilienverwalter
ivam immobilien verwaltung und asset management gmbh,IVAM Immobilien Verwaltung & Asset Management GmbH,IVAM Immobilien Verwaltung & Asset Management GmbH,1,wien,7908353c-79d7-498e-b731-23cb5a338f95,Gutheil-Schoder-Gasse 8 1100 Wien,http://www.ivam.at/,http://www.ivam.at/,office@ivam.at,+43(0)16620720,https://firmen.wko.at/ivam-immobilien-verwaltung-und-asset-management-gmbh/wien/?firmaid=7908353c-79d7-498e-b731-23cb5a338f95&standortid=1&standortname=wien%20%28bundesland%29&suchbegriff=immobilienverwalter
ivb immobilienvermarktung und bauträger ges m b h,IVB-Immobilienvermarktung und Bauträger Ges.m.b.H.,IVB-Immobilienvermarktung und Bauträger Ges.m.b.H.,1,burgenland,cb9c2ef1-4df2-4ce4-8b62-8e9dec5ab0fe,Hauptstraße 41 7000 Eisenstadt,,,eisenstadt@ivb.co.at,+43%20(0)%202682%20733%2086,https://firmen.wko.at/ivb-immobilienvermarktung-und-bautr%c3%a4ger-gesmbh/burgenland/?firmaid=cb9c2ef1-4df2-4ce4-8b62-8e9dec5ab0fe&standortid=9&standortname=burgenland%20%28bundesland%29&suchbegriff=immobilienverwalter
ivg immobilien vertrieb gmbh,IVG-Immobilien Vertrieb GmbH,IVG-Immobilien Vertrieb GmbH,1,oberösterreich,1958aaf2-ddb6-44d6-a0fa-5ce04b82afb3,0732/ 711 311 0699 - 1711 3000,http://www.immowolf.at/,http://www.immowolf.at/,office@immwolf.at,0732/%20711%20311 | 0699%20-%201711%203000,https://firmen.wko.at/ivg-immobilien-vertrieb-gmbh-immowolf-immobilien/ober%c3%b6sterreich/?firmaid=1958aaf2-ddb6-44d6-a0fa-5ce04b82afb3&standortid=3&standortname=ober%c3%b6sterreich%20%28bundesland%29&suchbegriff=immobilienverwalter
ivm immobilien verwaltung und management gmbh,IVM Immobilien Verwaltung & Management GmbH,IVM Immobilien Verwaltung & Management GmbH,1,salzburg,2ebbb3f6-a5cb-4026-b9b5-caf59c8e1f0c,Gewerbegebiet Nord 5 5204 Straßwalchen,,,,,https://firmen.wko.at/ivm-immobilien-verwaltung-und-management-gmbh/salzburg/?firmaid=2ebbb3f6-a5cb-4026-b9b5-caf59c8e1f0c&standortid=4&standortname=salzburg%20%28bundesland%29&suchbegriff=immobilienverwalter
ivn immo gmbh,IVN Immo GmbH,IVN Immo GmbH,1,steiermark,75491df1-c6af-4bca-8901-a6852ad331d0,Bahnhofstraße 4 8112 Gratwein,,,,,https://firmen.wko.at/ivn-immo-gmbh/steiermark/?firmaid=75491df1-c6af-4bca-8901-a6852ad331d0&standortid=5&standortname=steiermark%20%28bundesland%29&suchbegriff=immobilienverwalter
ivvs gmbh immobilienverwaltung und vermittlung steiger,IVVS GmbH Immobilienverwaltung- und Vermittlung Steiger,IVVS GmbH Immobilienverwaltung- und Vermittlung Steiger,1,niederösterreich,0592c9d6-87a1-4eb3-8300-8d5d775f4195,Siedlungsgasse 6 2493 Lichtenwörth,,,,,https://firmen.wko.at/ivvs-gmbh-immobilienverwaltung-und-vermittlung-steiger/nieder%c3%b6sterreich/?firmaid=0592c9d6-87a1-4eb3-8300-8d5d775f4195&standortid=2&standortname=nieder%c3%b6sterreich%20%28bundesland%29&suchbegriff=immobilienverwalter
iwb institut für wirtschaftsberatung gmbh,IWB Institut für Wirtschaftsberatung GmbH,IWB Institut für Wirtschaftsberatung GmbH,1,oberösterreich,76fb1bbf-53da-41cc-a6d2-8408ba6db091,Grillparzerstraße 18-20 4020 Linz,,,office@ifa.at,0732/655308,https://firmen.wko.at/iwb-institut-f%c3%bcr-wirtschaftsberatung-gmbh/ober%c3%b6sterreich/?firmaid=76fb1bbf-53da-41cc-a6d2-8408ba6db091&standortid=3&standortname=ober%c3%b6sterreich%20%28bundesland%29&suchbegriff=immobilienverwalter
iwe immobilien wert entwicklung gmbh,IWE Immobilien Wert Entwicklung GmbH,IWE Immobilien Wert Entwicklung GmbH,1,wien,732f8d3e-e68a-4449-8228-36013cb09c5b,Maxingstraße 26 1130 Wien,http://www.iwe.co.at/,http://www.iwe.co.at/,office@iwe.co.at,+43%20(0)%20676%2034%2021%20341,https://firmen.wko.at/iwe-immobilien-wert-entwicklung-gmbh/wien/?firmaid=732f8d3e-e68a-4449-8228-36013cb09c5b&standortid=1&standortname=wien%20%28bundesland%29&suchbegriff=immobilienverwalter
j u e wild immobilientreuhänder gmbh,J. u. E. Wild Immobilientreuhänder GmbH,J. u. E. Wild Immobilientreuhänder GmbH,1,wien,30a80a02-80a2-42e4-8642-b292267494f7,Kolonitzplatz 6/3 1030 Wien,,,immobilien.wild@wvnet.at,,https://firmen.wko.at/j-u-e-wild-immobilientreuh%c3%a4nder-gmbh/wien/?firmaid=30a80a02-80a2-42e4-8642-b292267494f7&standortid=1&standortname=wien%20%28bundesland%29&suchbegriff=immobilienverwalter
jacqueline weissborn,Jacqueline Weißborn,Jacqueline Weißborn,2,wien,41b07193-3f6f-48a5-ae13-24f5c088bed5 | a15c3a11-f10d-4dcd-b19e-a83b4be9ecaf,Donaufelder Straße 101/2/12 1210 Wien | Weihburggasse 18-20/50 1010 Wien,https://www.weissborn-immobilien.at/,https://www.weissborn-immobilien.at/,office@weissborn-immobilien.at,+43%20676%209208500,https://firmen.wko.at/jacqueline-wei%c3%9fborn-weissborn-immobilien/wien/?firmaid=41b07193-3f6f-48a5-ae13-24f5c088bed5&standortid=1&standortname=wien%20%28bundesland%29&suchbegriff=immobilienverwalter
jaj immobiliendienstleistungen og und co kg,JAJ Immobiliendienstleistungen OG & Co KG,JAJ Immobiliendienstleistungen OG & Co KG,1,wien,5c09ebf9-1102-4ee0-ab4b-0127e1e58a2f,Stadiongasse 5/17 1010 Wien,,,,,https://firmen.wko.at/jaj-immobiliendienstleistungen-og-und-co-kg/wien/?firmaid=5c09ebf9-1102-4ee0-ab4b-0127e1e58a2f&standortid=1&standortname=wien%20%28bundesland%29&suchbegriff=immobilienverwalter
jakob immobilienberatungs gmbh,Jakob Immobilienberatungs GmbH,Jakob Immobilienberatungs GmbH,1,wien,428a9c49-1b74-4d12-9a5e-fe69e2de6ab3,Landstraßer Hauptstraße 107/EG 1030 Wien,http://www.remax.at/de/ib/remax-trend-wien,http://www.remax.at/de/ib/remax-trend-wien,office@remax-trend.at,01%209346654,https://firmen.wko.at/jakob-immobilienberatungs-gmbh-landstra%c3%9fe-hauptstra%c3%9fe-107-1030-wien/wien/?firmaid=428a9c49-1b74-4d12-9a5e-fe69e2de6ab3&standortid=1&standortname=wien%20%28bundesland%29&suchbegriff=immobilienverwalter
jawo immobilien gesellschaft m b h,JAWO Immobilien Gesellschaft m.b.H.,JAWO Immobilien Gesellschaft m.b.H.,1,oberösterreich,415b0d8c-f23c-4d5b-96fe-44e25e0c155c,"Bürgerstraße 1, Tür 5 4020 Linz",,,office@jawo-immobilien.at,+43%20(0732)%20793%20911 | +43%20664%201303552,https://firmen.wko.at/jawo-immobilien-gesellschaft-mbh/ober%c3%b6sterreich/?firmaid=415b0d8c-f23c-4d5b-96fe-44e25e0c155c&standortid=3&standortname=ober%c3%b6sterreich%20%28bundesland%29&suchbegriff=immobilienverwalter
jb immo gmbh,JB Immo GmbH,JB Immo GmbH,1,oberösterreich,71c613f8-51f4-4297-97e9-fa758fce81db,Labach 9 4921 Hohenzell,https://www.jb-immo.at/,https://www.jb-immo.at/,jb@jb-immo.at,+436643504223,https://firmen.wko.at/jb-immo-gmbh-jb-immo-gmbh/ober%c3%b6sterreich/?firmaid=71c613f8-51f4-4297-97e9-fa758fce81db&standortid=3&standortname=ober%c3%b6sterreich%20%28bundesland%29&suchbegriff=immobilienverwalter
jcs accounting und estate og,JCS Accounting & Estate OG,JCS Accounting & Estate OG,2,steiermark,4d19884d-645f-488e-9b4e-4555c065bcba | b33c7bfa-da25-4ef7-9526-7e014309d8fa,Ringsiedlung 91 8111 Judendorf | Triester Straße 8a 8020 Graz,,,office@jcs.estate,+43%203124%2024542%2040,https://firmen.wko.at/jcs-accounting-und-estate-og/steiermark/?firmaid=4d19884d-645f-488e-9b4e-4555c065bcba&standortid=5&standortname=steiermark%20%28bundesland%29&suchbegriff=immobilienverwalter
jennifer zechmeister,Jennifer Zechmeister,Jennifer Zechmeister,1,wien,531dd593-2a54-42b5-9d09-06c7d187bdb1,Mariahilfer Straße 100/18 1070 Wien,,,,,https://firmen.wko.at/jennifer-zechmeister/wien/?firmaid=531dd593-2a54-42b5-9d09-06c7d187bdb1&standortid=1&standortname=wien%20%28bundesland%29&suchbegriff=immobilienverwalter
jhp gmbh,JHP GmbH,JHP GmbH,1,oberösterreich,7ed2c657-6408-4cf1-b57c-0e6de0171158,Ferihumerstraße 13 4040 Linz,,,,,https://firmen.wko.at/jhp-gmbh/ober%c3%b6sterreich/?firmaid=7ed2c657-6408-4cf1-b57c-0e6de0171158&standortid=3&standortname=ober%c3%b6sterreich%20%28bundesland%29&suchbegriff=immobilienverwalter
jochen egger,Jochen Egger,Jochen Egger,1,vorarlberg,d78a8a9a-caed-45d7-b1f8-4f3a34716a66,Torkelweg 28 6841 Mäder,,,,,https://firmen.wko.at/jochen-egger/vorarlberg/?firmaid=d78a8a9a-caed-45d7-b1f8-4f3a34716a66&standortid=8&standortname=vorarlberg%20%28bundesland%29&suchbegriff=immobilienverwalter
joham immobilien gmbh,Joham Immobilien GmbH,Joham Immobilien GmbH,1,steiermark,6588ad3e-6c31-4dae-b499-03c610f98ad7,Dillachstraße 12 8072 Mellach,,,wsb-bautraeger@aon.at,,https://firmen.wko.at/joham-immobilien-gmbh/steiermark/?firmaid=6588ad3e-6c31-4dae-b499-03c610f98ad7&standortid=5&standortname=steiermark%20%28bundesland%29&suchbegriff=immobilienverwalter
johann buzanich gesellschaft m b h,Johann Buzanich Gesellschaft m.b.H.,Johann Buzanich Gesellschaft m.b.H.,1,wien,809211bc-524c-4986-b82b-27f6f9c30d66,Riemergasse 14/10 1010 Wien,,,,01/513%2087%2079,https://firmen.wko.at/johann-buzanich-gesellschaft-mbh/wien/?firmaid=809211bc-524c-4986-b82b-27f6f9c30d66&standortid=1&standortname=wien%20%28bundesland%29&suchbegriff=immobilienverwalter
johann böhler handelsgesellschaft mbh und co kg,Johann Böhler Handelsgesellschaft mbH & Co KG,Johann Böhler Handelsgesellschaft mbH & Co KG,1,vorarlberg,013bd1a9-0ef0-45fb-bee8-07286c167f0e,Albert-Loacker-Straße 53 6922 Wolfurt,,,,,https://firmen.wko.at/johann-b%c3%b6hler-handelsgesellschaft-mbh-und-co-kg/vorarlberg/?firmaid=013bd1a9-0ef0-45fb-bee8-07286c167f0e&standortid=8&standortname=vorarlberg%20%28bundesland%29&suchbegriff=immobilienverwalter
johann georg lindner,Johann Georg Lindner,Johann Georg Lindner,1,niederösterreich,09d79ec6-98aa-4834-abec-fca134f620d5,Wiesenfeldstraße 54 2512 Traiskirchen,,,,,https://firmen.wko.at/johann-georg-lindner/nieder%c3%b6sterreich/?firmaid=09d79ec6-98aa-4834-abec-fca134f620d5&standortid=2&standortname=nieder%c3%b6sterreich%20%28bundesland%29&suchbegriff=immobilienverwalter
johann grubinger consulting e u,Johann Grubinger Consulting e.U.,Johann Grubinger Consulting e.U.,1,salzburg,5604aa8e-3308-4120-808b-753dc6b5b122,Irlachweg 11 5303 Thalgau,https://www.grubinger-consulting.eu/,https://www.grubinger-consulting.eu/,office@grubinger-consulting.eu,+43%20720%20349%20891 | +43%20650%20314%2090%2000,https://firmen.wko.at/johann-grubinger-consulting-eu-grubinger-consulting-eu/salzburg/?firmaid=5604aa8e-3308-4120-808b-753dc6b5b122&standortid=4&standortname=salzburg%20%28bundesland%29&suchbegriff=immobilienverwalter
johann vigl,Johann Vigl,Johann Vigl,1,tirol,9666b570-6242-4c25-8783-8c0ec974e384,Plangg 38 6460 Imst,http://www.vigl.or.at/,http://www.vigl.or.at/,johann@vigl.or.at,+43%205412%2066470 | +43%20664%201009257,https://firmen.wko.at/johann-vigl-immobilientreuh%c3%a4nder-und-sachverst%c3%a4ndiger/tirol/?firmaid=9666b570-6242-4c25-8783-8c0ec974e384&standortid=7&standortname=tirol%20%28bundesland%29&suchbegriff=immobilienverwalter
jonas maximilian balleisen ma,"Jonas Maximilian Balleisen, MA","Jonas Maximilian Balleisen, MA",1,wien,0238468b-8348-459c-b225-0189cb20b923,Felberstraße 38/34 1150 Wien,,,,,https://firmen.wko.at/jonas-maximilian-balleisen-ma/wien/?firmaid=0238468b-8348-459c-b225-0189cb20b923&standortid=1&standortname=wien%20%28bundesland%29&suchbegriff=immobilienverwalter
jones lang lasalle gmbh,Jones Lang LaSalle GmbH,Jones Lang LaSalle GmbH,1,wien,501422b1-44b7-4e11-88df-cae9009aa887,Wiedner Gürtel 13 1100 Wien,,,,,https://firmen.wko.at/jones-lang-lasalle-gmbh/wien/?firmaid=501422b1-44b7-4e11-88df-cae9009aa887&standortid=1&standortname=wien%20%28bundesland%29&suchbegriff=immobilienverwalter
josef devich,Josef Devich,Josef Devich,1,wien,306a79f8-7b5a-4340-9d4e-17544ae05174,Linzer Straße 407 1140 Wien,http://www.devich-immobilien.at/,http://www.devich-immobilien.at/,,,https://firmen.wko.at/josef-devich/wien/?firmaid=306a79f8-7b5a-4340-9d4e-17544ae05174&standortid=1&standortname=wien%20%28bundesland%29&suchbegriff=immobilienverwalter
josef rohr gebäudeverwaltung gmbh,Josef Rohr Gebäudeverwaltung GmbH,Josef Rohr Gebäudeverwaltung GmbH,1,wien,46741d4a-6927-4c69-b50f-5f8efa6a477b,Am Modenapark 10/16 1030 Wien,,,,,https://firmen.wko.at/josef-rohr-geb%c3%a4udeverwaltung-gmbh/wien/?firmaid=46741d4a-6927-4c69-b50f-5f8efa6a477b&standortid=1&standortname=wien%20%28bundesland%29&suchbegriff=immobilienverwalter
jr leistbares wohnen immobilienverwaltungs gmbh,JR Leistbares Wohnen Immobilienverwaltungs GmbH,JR Leistbares Wohnen Immobilienverwaltungs GmbH,1,steiermark,1e675bde-13e3-4f57-b52b-118c43c87aed,Ludersdorf 204 8200 Ludersdorf-Wilfersdorf,,,,,https://firmen.wko.at/jr-leistbares-wohnen-immobilienverwaltungs-gmbh/steiermark/?firmaid=1e675bde-13e3-4f57-b52b-118c43c87aed&standortid=5&standortname=steiermark%20%28bundesland%29&suchbegriff=immobilienverwalter
jsl immobilien e u,JSL Immobilien e.U.,JSL Immobilien e.U.,1,wien,0a19164a-c31f-46e0-826b-74ff7306b6bd,Rabensteig 2/11 1010 Wien,,,office@jsl-immobilien.at,06641801888,https://firmen.wko.at/jsl-immobilien-eu/wien/?firmaid=0a19164a-c31f-46e0-826b-74ff7306b6bd&standortid=1&standortname=wien%20%28bundesland%29&suchbegriff=immobilienverwalter
jt immobilientreuhänder gmbh,JT Immobilientreuhänder GmbH,JT Immobilientreuhänder GmbH,1,niederösterreich,c133982f-d45b-4d85-b12a-7c2d854ed665,"Kirchengasse 2, Stiege 3 Lokal 2 2100 Korneuburg",,,,,https://firmen.wko.at/jt-immobilientreuh%c3%a4nder-gmbh/nieder%c3%b6sterreich/?firmaid=c133982f-d45b-4d85-b12a-7c2d854ed665&standortid=2&standortname=nieder%c3%b6sterreich%20%28bundesland%29&suchbegriff=immobilienverwalter
juniperus gmbh,Juniperus GmbH,Juniperus GmbH,1,niederösterreich,1c87120b-d70d-4416-b176-521d03c2ec68,Burwegstraße 54a 3032 Eichgraben,,,,,https://firmen.wko.at/juniperus-gmbh/nieder%c3%b6sterreich/?firmaid=1c87120b-d70d-4416-b176-521d03c2ec68&standortid=2&standortname=nieder%c3%b6sterreich%20%28bundesland%29&suchbegriff=immobilienverwalter
jurai immobilien gesellschaft mit beschränkter haftung,Jurai Immobilien Gesellschaft mit beschränkter Haftung,Jurai Immobilien Gesellschaft mit beschränkter Haftung,1,niederösterreich,2ea86cdd-632b-480f-97db-05a0cffc453a,Peterhofgasse 12 2500 Baden,,,,02252%2044180,https://firmen.wko.at/jurai-immobilien-gesellschaft-mit-beschr%c3%a4nkter-haftung/nieder%c3%b6sterreich/?firmaid=2ea86cdd-632b-480f-97db-05a0cffc453a&standortid=2&standortname=nieder%c3%b6sterreich%20%28bundesland%29&suchbegriff=immobilienverwalter
just immobilien gmbh,Just Immobilien GmbH,Just Immobilien GmbH,1,oberösterreich,1b3cda87-cd36-4380-a367-952459a8b989,Wiener Straße 268b 4030 Linz,,,,,https://firmen.wko.at/just-immobilien-gmbh/ober%c3%b6sterreich/?firmaid=1b3cda87-cd36-4380-a367-952459a8b989&standortid=3&standortname=ober%c3%b6sterreich%20%28bundesland%29&suchbegriff=immobilienverwalter
jutta tauber,Jutta Tauber,Jutta Tauber,1,wien,696e397d-5e6d-47e9-bb56-676b35b106d2,"Große Mohrengasse 23, Tür 8 1020 Wien",,,,,https://firmen.wko.at/jutta-tauber/wien/?firmaid=696e397d-5e6d-47e9-bb56-676b35b106d2&standortid=1&standortname=wien%20%28bundesland%29&suchbegriff=immobilienverwalter
k100 projektmanagement und beteiligungs gmbh,K100 Projektmanagement und Beteiligungs GmbH,K100 Projektmanagement und Beteiligungs GmbH,1,steiermark,9867ddd1-88f9-4c05-b1be-9c44b57d4a6c,Körblergasse 100 8010 Graz,,,,,https://firmen.wko.at/k100-projektmanagement-und-beteiligungs-gmbh/steiermark/?firmaid=9867ddd1-88f9-4c05-b1be-9c44b57d4a6c&standortid=5&standortname=steiermark%20%28bundesland%29&suchbegriff=immobilienverwalter
kager knapp immobilien gmbh,Kager-Knapp Immobilien GmbH,Kager-Knapp Immobilien GmbH,1,wien,53d91b08-59e5-4dab-8779-5ad89237fda0,Ungargasse 64-66/5/301 1030 Wien,,,,,https://firmen.wko.at/kager-knapp-immobilien-gmbh/wien/?firmaid=53d91b08-59e5-4dab-8779-5ad89237fda0&standortid=1&standortname=wien%20%28bundesland%29&suchbegriff=immobilienverwalter
kaindl immobilienmanagement gmbh,Kaindl Immobilienmanagement GmbH,Kaindl Immobilienmanagement GmbH,1,tirol,ede1307f-91c0-4f60-9791-c1a75b3ab695,Breiten 107 6335 Thiersee,,,,,https://firmen.wko.at/kaindl-immobilienmanagement-gmbh/tirol/?firmaid=ede1307f-91c0-4f60-9791-c1a75b3ab695&standortid=7&standortname=tirol%20%28bundesland%29&suchbegriff=immobilienverwalter
kainz immobilien gmbh,Kainz Immobilien GmbH,Kainz Immobilien GmbH,1,tirol,7a2f8e15-d462-4e1b-90af-36d0ba8e88ec,"Feuerwehrweg 14, Tür 1 6414 Mieming",https://wwww.kainz.immo/,https://wwww.kainz.immo/,info@kainz.immo,06644374036,https://firmen.wko.at/kainz-immobilien-gmbh/tirol/?firmaid=7a2f8e15-d462-4e1b-90af-36d0ba8e88ec&standortid=7&standortname=tirol%20%28bundesland%29&suchbegriff=immobilienverwalter
kaiserburg hotel betriebsgesellschaft m b h,Kaiserburg Hotel-Betriebsgesellschaft m.b.H.,Kaiserburg Hotel-Betriebsgesellschaft m.b.H.,1,kärnten,515eee30-635a-48aa-a754-12c65ef9bdb3,Wasserbrunnenweg 3 9546 Bad Kleinkirchheim,,,,,https://firmen.wko.at/kaiserburg-hotel-betriebsgesellschaft-mbh/k%c3%a4rnten/?firmaid=515eee30-635a-48aa-a754-12c65ef9bdb3&standortid=6&standortname=k%c3%a4rnten%20%28bundesland%29&suchbegriff=immobilienverwalter
kaiserer immobilien und hausverwaltungs gmbh,Kaiserer Immobilien und Hausverwaltungs GmbH,Kaiserer Immobilien und Hausverwaltungs GmbH,1,tirol,b9e7f7f1-17ea-40a5-a187-612ad6a1b632,Dorf 31 6210 Wiesing,http://www.kaiserer.at/,http://www.kaiserer.at/,office@kaiserer.at,06502000385,https://firmen.wko.at/kaiserer-immobilien-und-hausverwaltungs-gmbh/tirol/?firmaid=b9e7f7f1-17ea-40a5-a187-612ad6a1b632&standortid=7&standortname=tirol%20%28bundesland%29&suchbegriff=immobilienverwalter
kala immobilienmanagement gmbh,KALA Immobilienmanagement GmbH,KALA Immobilienmanagement GmbH,2,oberösterreich | wien,02b59784-8383-4778-ab3d-9f4269796431 | 69b8f8bf-1e5f-452c-a773-d7e3a86a68fe,Fadingerstraße 15 4020 Linz | Gumpendorfer Straße 5 1060 Wien,,,,,https://firmen.wko.at/kala-immobilienmanagement-gmbh/ober%c3%b6sterreich/?firmaid=02b59784-8383-4778-ab3d-9f4269796431&standortid=3&standortname=ober%c3%b6sterreich%20%28bundesland%29&suchbegriff=immobilienverwalter
kannon immobilienmanagement gmbh,KANNON Immobilienmanagement GmbH,KANNON Immobilienmanagement GmbH,1,steiermark,a6a3872a-9dbd-498d-ae28-59aaad66825d,0316 930 23 03,https://kannon.immo/,https://kannon.immo/,office@kannon.immo,0316%20930%2023%2003,https://firmen.wko.at/kannon-immobilienmanagement-gmbh/steiermark/?firmaid=a6a3872a-9dbd-498d-ae28-59aaad66825d&standortid=5&standortname=steiermark%20%28bundesland%29&suchbegriff=immobilienverwalter
kanzlei harald altenbacher e u,Kanzlei Harald Altenbacher e.U.,Kanzlei Harald Altenbacher e.U.,1,steiermark,348b5937-1a22-4b7e-9ae7-3377410b955d,Ivica-Osim-Platz 2 8041 Graz,http://www.altenbacher.at/,http://www.altenbacher.at/,office@altenbacher.at,+43%20(0)%20316%20774%20778,https://firmen.wko.at/kanzlei-harald-altenbacher-eu-altenbacher-consulting/steiermark/?firmaid=348b5937-1a22-4b7e-9ae7-3377410b955d&standortid=5&standortname=steiermark%20%28bundesland%29&suchbegriff=immobilienverwalter
kappacher selina hausverwaltung gmbh,KAPPACHER-SELINA Hausverwaltung GmbH,KAPPACHER-SELINA Hausverwaltung GmbH,1,salzburg,5415d9e1-c8a8-4f86-ac2a-bf21d780840a,Bundesstraße 2 5600 St.Johann/Pongau,https://www.kappacher-selina.at/,https://www.kappacher-selina.at/,office@kappacher-selina.at,+43%206412%206072-0,https://firmen.wko.at/kappacher-selina-hausverwaltung-gmbh-immobilientreuh%c3%a4nder/salzburg/?firmaid=5415d9e1-c8a8-4f86-ac2a-bf21d780840a&standortid=4&standortname=salzburg%20%28bundesland%29&suchbegriff=immobilienverwalter
kaps immobilientreuhand gmbh,KAPS Immobilientreuhand GmbH,KAPS Immobilientreuhand GmbH,1,wien,012dda6d-c4d0-42a1-b5f8-764e6e59552c,Berggasse 31/1/4.OG 1090 Wien,,,,,https://firmen.wko.at/kaps-immobilientreuhand-gmbh/wien/?firmaid=012dda6d-c4d0-42a1-b5f8-764e6e59552c&standortid=1&standortname=wien%20%28bundesland%29&suchbegriff=immobilienverwalter
karall immobilien gmbh,Karall Immobilien GmbH,Karall Immobilien GmbH,1,wien,100d5b72-635e-4b47-a3fd-b92e81ecea69,0043 1 602 19 97,http://www.karall-immobilien.at/,http://www.karall-immobilien.at/,office@karall-immobilien.at,0043%201%20602%2019%2097,https://firmen.wko.at/karall-immobilien-gmbh/wien/?firmaid=100d5b72-635e-4b47-a3fd-b92e81ecea69&standortid=1&standortname=wien%20%28bundesland%29&suchbegriff=immobilienverwalter
karin ladler,Karin Ladler,Karin Ladler,1,niederösterreich,a4482e10-02fd-45f6-9830-fee49acc42c5,Figlweg 11/2 3040 Tausendblum,http://www.imla.at/,http://www.imla.at/,office@imla.at,+43%20(0)%20660%2047%2047%20854,https://firmen.wko.at/karin-ladler-karin-ladler-immobilien/nieder%c3%b6sterreich/?firmaid=a4482e10-02fd-45f6-9830-fee49acc42c5&standortid=2&standortname=nieder%c3%b6sterreich%20%28bundesland%29&suchbegriff=immobilienverwalter
karin reitbauer,Karin Reitbauer,Karin Reitbauer,1,wien,440b9db4-1f3e-46f1-ba8b-876229ea10cb,Blindengasse 36/4 1080 Wien,,,,,https://firmen.wko.at/karin-reitbauer/wien/?firmaid=440b9db4-1f3e-46f1-ba8b-876229ea10cb&standortid=1&standortname=wien%20%28bundesland%29&suchbegriff=immobilienverwalter
karin schuster kg immobilienverwaltung,Karin Schuster KG Immobilienverwaltung,Karin Schuster KG Immobilienverwaltung,2,niederösterreich | wien,ad5ccbb4-c45d-495a-b005-e78b6dce9c67 | 5a264dee-2290-4876-8d49-68c1e6788bff,Schubertstraße 9/1 2100 Korneuburg | Seeböckgasse 38 1160 Wien,http://www.ivschuster.at/,http://www.ivschuster.at/,office@ivschuster.at,01%20486%2056%2070,https://firmen.wko.at/karin-schuster-kg-immobilienverwaltung/nieder%c3%b6sterreich/?firmaid=ad5ccbb4-c45d-495a-b005-e78b6dce9c67&standortid=2&standortname=nieder%c3%b6sterreich%20%28bundesland%29&suchbegriff=immobilienverwalter
karl hausmeister,Karl Hausmeister,Karl Hausmeister,1,tirol,334cf56b-1917-464e-a634-1268ab8dda6b,Wiesengasse 4 6020 Innsbruck,,,,,https://firmen.wko.at/karl-hausmeister/tirol/?firmaid=334cf56b-1917-464e-a634-1268ab8dda6b&standortid=7&standortname=tirol%20%28bundesland%29&suchbegriff=immobilienverwalter
karl johann vielgrader,Karl Johann Vielgrader,Karl Johann Vielgrader,1,wien,460c5ac3-bc3c-4146-819a-70c8b7516da0,Wehrgasse 27 1050 Wien,http://www.vielgrader.at/,http://www.vielgrader.at/,Office@vielgrader.at,01/586%2058%2032,https://firmen.wko.at/karl-johann-vielgrader/wien/?firmaid=460c5ac3-bc3c-4146-819a-70c8b7516da0&standortid=1&standortname=wien%20%28bundesland%29&suchbegriff=immobilienverwalter
karl schwarzl immobilien gmbh,Karl Schwarzl Immobilien GmbH,Karl Schwarzl Immobilien GmbH,1,steiermark,afb49b12-a2cd-4c96-a72c-8fcd140a96fe,Hauptstraße 52 8301 Laßnitzhöhe,,,,,https://firmen.wko.at/karl-schwarzl-immobilien-gmbh/steiermark/?firmaid=afb49b12-a2cd-4c96-a72c-8fcd140a96fe&standortid=5&standortname=steiermark%20%28bundesland%29&suchbegriff=immobilienverwalter
karl wolfgang schwarz mba,"Karl Wolfgang Schwarz, MBA","Karl Wolfgang Schwarz, MBA",1,burgenland,c202980e-2c4e-438e-8dd4-3d6f8873cea5,Pannholzgasse 1 7210 Mattersburg,,,,,https://firmen.wko.at/karl-wolfgang-schwarz-mba/burgenland/?firmaid=c202980e-2c4e-438e-8dd4-3d6f8873cea5&standortid=9&standortname=burgenland%20%28bundesland%29&suchbegriff=immobilienverwalter
karos immobilientreuhand gmbh und co kg,Karos Immobilientreuhand GmbH. & Co. KG,Karos Immobilientreuhand GmbH. & Co. KG,1,wien,64a26d43-ec1d-4489-8d81-376e488f73ed,Wiedner Gürtel 3A 1040 Wien,,,,,https://firmen.wko.at/karos-immobilientreuhand-gmbh-und-co-kg/wien/?firmaid=64a26d43-ec1d-4489-8d81-376e488f73ed&standortid=1&standortname=wien%20%28bundesland%29&suchbegriff=immobilienverwalter
karrenblick immobilien gmbh,Karrenblick Immobilien GmbH,Karrenblick Immobilien GmbH,1,vorarlberg,46c72839-88d7-49ae-b2f3-070c39060418,Moosmahdstraße 21 6850 Dornbirn,,,info@karrenblick-immobilien.at,,https://firmen.wko.at/karrenblick-immobilien-gmbh/vorarlberg/?firmaid=46c72839-88d7-49ae-b2f3-070c39060418&standortid=8&standortname=vorarlberg%20%28bundesland%29&suchbegriff=immobilienverwalter
kaswurm immobilien und wohnbau gmbh,Kaswurm Immobilien & Wohnbau GmbH,Kaswurm Immobilien & Wohnbau GmbH,1,wien,8bdd8a2f-de78-455a-961e-26d413dae852,Gumpendorfer Straße 43 1060 Wien,,,,,https://firmen.wko.at/kaswurm-immobilien-und-wohnbau-gmbh/wien/?firmaid=8bdd8a2f-de78-455a-961e-26d413dae852&standortid=1&standortname=wien%20%28bundesland%29&suchbegriff=immobilienverwalter
kathrin zauner,Kathrin Zauner,Kathrin Zauner,1,oberösterreich,bf249efa-d0bb-4032-93c6-a8f8ce11e009,Ottenhausen 73 5143 Feldkirchen bei Mattighofen,,,,,https://firmen.wko.at/kathrin-zauner/ober%c3%b6sterreich/?firmaid=bf249efa-d0bb-4032-93c6-a8f8ce11e009&standortid=3&standortname=ober%c3%b6sterreich%20%28bundesland%29&suchbegriff=immobilienverwalter
katja lerchbacher,Katja Lerchbacher,Katja Lerchbacher,1,steiermark,82b15e8e-07ff-4b0b-a49b-0d19fab8f4ca,Flavia-Solva-Straße 8a 8435 Wagna,,,,,https://firmen.wko.at/katja-lerchbacher/steiermark/?firmaid=82b15e8e-07ff-4b0b-a49b-0d19fab8f4ca&standortid=5&standortname=steiermark%20%28bundesland%29&suchbegriff=immobilienverwalter
katrin elisabeth pechtl haring,Katrin Elisabeth Pechtl-Haring,Katrin Elisabeth Pechtl-Haring,1,tirol,ee01f0ee-d6b9-4010-bd79-63da58744ddb,Rathausstraße 1 6460 Imst,http://www.immobilien-pechtl.com/,http://www.immobilien-pechtl.com/,immobilien@katrin-pechtl.at,+43%20(0)676%20901%2089%2069,https://firmen.wko.at/katrin-elisabeth-pechtl-haring-immobilien-pechtl-katrin/tirol/?firmaid=ee01f0ee-d6b9-4010-bd79-63da58744ddb&standortid=7&standortname=tirol%20%28bundesland%29&suchbegriff=immobilienverwalter
keb immobilienverwaltung gmbh,KEB Immobilienverwaltung GmbH,KEB Immobilienverwaltung GmbH,1,wien,f9fe2b68-6a7c-452e-a9be-bf75fc6d03fb,Weyrgasse 6/6 1030 Wien,,,,,https://firmen.wko.at/keb-immobilienverwaltung-gmbh/wien/?firmaid=f9fe2b68-6a7c-452e-a9be-bf75fc6d03fb&standortid=1&standortname=wien%20%28bundesland%29&suchbegriff=immobilienverwalter
kerschbaumer immobilien gmbh,Kerschbaumer Immobilien GmbH.,Kerschbaumer Immobilien GmbH.,1,niederösterreich,ea03a04e-e642-4a86-b1da-46d945aef76f,Hauptplatz 19 2700 Wiener Neustadt,http://www.kerschbaumer.cc/,http://www.kerschbaumer.cc/,office@kerschbaumer.cc,02622/812%2070,https://firmen.wko.at/kerschbaumer-immobilien-gmbh/nieder%c3%b6sterreich/?firmaid=ea03a04e-e642-4a86-b1da-46d945aef76f&standortid=2&standortname=nieder%c3%b6sterreich%20%28bundesland%29&suchbegriff=immobilienverwalter
kgal asset management österreich gmbh,KGAL Asset Management Österreich GmbH,KGAL Asset Management Österreich GmbH,1,wien,ba673f0a-a9be-43f3-a2f7-cf3785d3a08a,Dresdner Straße 45 1200 Wien,,,,,https://firmen.wko.at/kgal-asset-management-%c3%96sterreich-gmbh/wien/?firmaid=ba673f0a-a9be-43f3-a2f7-cf3785d3a08a&standortid=1&standortname=wien%20%28bundesland%29&suchbegriff=immobilienverwalter
kibb immobilien gmbh,KIBB Immobilien GmbH,KIBB Immobilien GmbH,1,wien,1abea1f8-b61b-405a-873a-22e8ad6430bf,"Bruno-Marek-Allee 24, Tür 2 1020 Wien",,,,,https://firmen.wko.at/kibb-immobilien-gmbh/wien/?firmaid=1abea1f8-b61b-405a-873a-22e8ad6430bf&standortid=1&standortname=wien%20%28bundesland%29&suchbegriff=immobilienverwalter
kiegler immobilien gmbh,KIEGLER Immobilien GmbH,KIEGLER Immobilien GmbH,1,niederösterreich,3a7460d1-7953-43a9-be07-f7decd2a0878,Primelstraße 7 3032 Eichgraben,,,,,https://firmen.wko.at/kiegler-immobilien-gmbh/nieder%c3%b6sterreich/?firmaid=3a7460d1-7953-43a9-be07-f7decd2a0878&standortid=2&standortname=nieder%c3%b6sterreich%20%28bundesland%29&suchbegriff=immobilienverwalter
kiene immobilienverwaltung gmbh,Kiene Immobilienverwaltung GmbH,Kiene Immobilienverwaltung GmbH,1,vorarlberg,c44c26b3-7765-43f5-b0c3-45a74673ece7,Mitteldorfgasse 9a 6850 Dornbirn,,,,,https://firmen.wko.at/kiene-immobilienverwaltung-gmbh/vorarlberg/?firmaid=c44c26b3-7765-43f5-b0c3-45a74673ece7&standortid=8&standortname=vorarlberg%20%28bundesland%29&suchbegriff=immobilienverwalter
kiesling und partner kg,KIESLING & PARTNER KG,KIESLING & PARTNER KG,1,wien,94f5180a-bebe-46c8-8c2b-2ae6c01edf03,Migschitzgasse 9 1230 Wien,https://kiesling-partner.at/,https://kiesling-partner.at/,office@kiesling-partner.at,06642341015,https://firmen.wko.at/kiesling-und-partner-kg-kieslingundpartner-kg/wien/?firmaid=94f5180a-bebe-46c8-8c2b-2ae6c01edf03&standortid=1&standortname=wien%20%28bundesland%29&suchbegriff=immobilienverwalter
kim kärntner immobilienmanagement gmbh,KIM Kärntner Immobilienmanagement GmbH,KIM Kärntner Immobilienmanagement GmbH,1,kärnten,154d28c8-8b83-4a6f-a7d4-1369f4b8c802,Ramsauerstraße 25 9020 Klagenfurt am Wörthersee,,,,,https://firmen.wko.at/kim-k%c3%a4rntner-immobilienmanagement-gmbh/k%c3%a4rnten/?firmaid=154d28c8-8b83-4a6f-a7d4-1369f4b8c802&standortid=6&standortname=k%c3%a4rnten%20%28bundesland%29&suchbegriff=immobilienverwalter
kirchhofer immobilien gmbh,Kirchhofer Immobilien GmbH,Kirchhofer Immobilien GmbH,1,niederösterreich,1b70e63c-f950-4755-a8f1-4e6ce4e4bd03,Wachaustraße 42-48/A603 3500 Krems an der Donau,,,,,https://firmen.wko.at/kirchhofer-immobilien-gmbh/nieder%c3%b6sterreich/?firmaid=1b70e63c-f950-4755-a8f1-4e6ce4e4bd03&standortid=2&standortname=nieder%c3%b6sterreich%20%28bundesland%29&suchbegriff=immobilienverwalter
kirnig immobilien consulting und verwaltung e u,Kirnig Immobilien Consulting & Verwaltung e.U.,Kirnig Immobilien Consulting & Verwaltung e.U.,1,wien,856bb295-2dde-42c2-99bd-90c3424aea66,+43 664 340 42 63 0664 340 42 63,http://www.kimco.at/,http://www.kimco.at/,office@kimco.at,+43%20664%20340%2042%2063 | 0664%20340%2042%2063,https://firmen.wko.at/kirnig-immobilien-consulting-und-verwaltung-eu-kimco-kirnig-immobilien-consulting/wien/?firmaid=856bb295-2dde-42c2-99bd-90c3424aea66&standortid=1&standortname=wien%20%28bundesland%29&suchbegriff=immobilienverwalter
kitzpichl realitäten gesellschaft m b h,"Kitzpichl, Realitäten Gesellschaft m.b.H.","Kitzpichl, Realitäten Gesellschaft m.b.H.",1,tirol,def3a0e8-aaaf-423e-b170-371cb66dc421,Kirchgasse 5 6370 Kitzbühel,http://www.tirol.com/kitz-real,http://www.tirol.com/kitz-real,kitzreal@aon.at,05356/656%2066 | 0663/056400,https://firmen.wko.at/kitzpichl-realit%c3%a4ten-gesellschaft-mbh/tirol/?firmaid=def3a0e8-aaaf-423e-b170-371cb66dc421&standortid=7&standortname=tirol%20%28bundesland%29&suchbegriff=immobilienverwalter
kkg und kat immobilien gmbh,KKG & KAT Immobilien GmbH,KKG & KAT Immobilien GmbH,1,kärnten,a3d090fc-3c1a-4965-b570-f81b17570c10,Julienhöhestraße 47 9521 Treffen/Ossiacher See,,,,,https://firmen.wko.at/kkg-und-kat-immobilien-gmbh/k%c3%a4rnten/?firmaid=a3d090fc-3c1a-4965-b570-f81b17570c10&standortid=6&standortname=k%c3%a4rnten%20%28bundesland%29&suchbegriff=immobilienverwalter
klaus josef angerer,Klaus Josef Angerer,Klaus Josef Angerer,1,salzburg,96e382e1-c84c-4003-b033-35ff9a1392ed,Laufenstraße 47 5020 Salzburg,,,,,https://firmen.wko.at/klaus-josef-angerer-bk-check-betriebskosten-pr%c3%bcfung/salzburg/?firmaid=96e382e1-c84c-4003-b033-35ff9a1392ed&standortid=4&standortname=salzburg%20%28bundesland%29&suchbegriff=immobilienverwalter
klaus sommerauer,Klaus Sommerauer,Klaus Sommerauer,1,steiermark,43347c6a-026c-4c00-8d3e-02c196644076,Wiener Straße 29 8605 Kapfenberg,,,gutachten@sommerauer-immobilien.at,+43%20(0)3862-59%20800 | 0664-43%2043%20990,https://firmen.wko.at/klaus-sommerauer/steiermark/?firmaid=43347c6a-026c-4c00-8d3e-02c196644076&standortid=5&standortname=steiermark%20%28bundesland%29&suchbegriff=immobilienverwalter
klebl immobilien gmbh,Klebl Immobilien GmbH,Klebl Immobilien GmbH,3,niederösterreich | salzburg | wien,00c26607-98c1-4fd2-b72f-c9037667cc40 | 9ccd3d32-c99d-4fbd-ba36-fc3b140e7463 | 0d7a34e2-13f7-488f-8d55-ac60aaac1eb4,"Clemens-Krauss-Straße 21, Top 8 5020 Salzburg | Leopold Gattringer-Straße 18 2345 Brunn am Gebirge | Auerspergstraße 2/1A 1010 Wien",http://www.klebl-immobilien.at/,http://www.klebl-immobilien.at/,office@klebl-immobilien.at,+43%202236%20382414 | +43%20664%20500%207102,https://firmen.wko.at/klebl-immobilien-gmbh/salzburg/?firmaid=00c26607-98c1-4fd2-b72f-c9037667cc40&standortid=4&standortname=salzburg%20%28bundesland%29&suchbegriff=immobilienverwalter
klein und co immobilienmanagement gmbh,Klein & Co Immobilienmanagement GmbH,Klein & Co Immobilienmanagement GmbH,1,niederösterreich,27467aa0-3d54-4a2c-8eb2-a04388a6f520,Waldgasse 35 2371 Hinterbrühl,,,,,https://firmen.wko.at/klein-und-co-immobilienmanagement-gmbh/nieder%c3%b6sterreich/?firmaid=27467aa0-3d54-4a2c-8eb2-a04388a6f520&standortid=2&standortname=nieder%c3%b6sterreich%20%28bundesland%29&suchbegriff=immobilienverwalter
klhb immobilien e u,KLHB Immobilien e.U.,KLHB Immobilien e.U.,1,wien,0c098096-8a84-4eb9-abc1-7965c7ffa964,Senekowitschgasse 8/5/6 1220 Wien,,,,,https://firmen.wko.at/klhb-immobilien-eu/wien/?firmaid=0c098096-8a84-4eb9-abc1-7965c7ffa964&standortid=1&standortname=wien%20%28bundesland%29&suchbegriff=immobilienverwalter
klinger immobilien gmbh,KLINGER Immobilien GmbH,KLINGER Immobilien GmbH,1,wien,81253897-99f6-41ee-b606-df8317489cd3,Mariahilfer Straße 57-59 1060 Wien,,,,,https://firmen.wko.at/klinger-immobilien-gmbh/wien/?firmaid=81253897-99f6-41ee-b606-df8317489cd3&standortid=1&standortname=wien%20%28bundesland%29&suchbegriff=immobilienverwalter
km2 verwaltungs und vermittlungs gmbh,km2 verwaltungs & vermittlungs GmbH,km2 verwaltungs & vermittlungs GmbH,1,tirol,b34a4bcb-c517-43be-beda-e06a66475a8c,Barwies 245 6414 Mieming,,,,,https://firmen.wko.at/km2-verwaltungs-und-vermittlungs-gmbh/tirol/?firmaid=b34a4bcb-c517-43be-beda-e06a66475a8c&standortid=7&standortname=tirol%20%28bundesland%29&suchbegriff=immobilienverwalter
kmp immobilien gmbh,KMP Immobilien GmbH,KMP Immobilien GmbH,1,steiermark,c37164a8-5a54-4773-8a4e-4d532042bef7,Plüddemanngasse 39 8010 Graz,http://www.rogl.at/,http://www.rogl.at/,office@rogl.at,+436642065050,https://firmen.wko.at/kmp-immobilien-gmbh/steiermark/?firmaid=c37164a8-5a54-4773-8a4e-4d532042bef7&standortid=5&standortname=steiermark%20%28bundesland%29&suchbegriff=immobilienverwalter
koch und partner immobilien gmbh,Koch & Partner Immobilien GmbH,Koch & Partner Immobilien GmbH,1,niederösterreich,3b56e94c-04f0-49bd-86b7-e99d8c873cfe,IZ-NÖ-SÜD Straße 7 Obj. 58d/3/5 2351 Laxenburg,,,,,https://firmen.wko.at/koch-und-partner-immobilien-gmbh/nieder%c3%b6sterreich/?firmaid=3b56e94c-04f0-49bd-86b7-e99d8c873cfe&standortid=2&standortname=nieder%c3%b6sterreich%20%28bundesland%29&suchbegriff=immobilienverwalter
kohlfürst consulting ges m b h,KOHLFÜRST Consulting Ges.m.b.H.,KOHLFÜRST Consulting Ges.m.b.H.,1,salzburg,f94150e4-d1f5-4e8f-9e1d-3ed389c6c803,"Auweg 2a, Top 1 5400 Hallein",https://www.kohlfuerst.at/,https://www.kohlfuerst.at/,info@kohlfuerst.at,+43%206246%2076286-0 | +43%20664%204058678,https://firmen.wko.at/kohlf%c3%9crst-consulting-gesmbh-kohlf%c3%9crst-online-marketing/salzburg/?firmaid=f94150e4-d1f5-4e8f-9e1d-3ed389c6c803&standortid=4&standortname=salzburg%20%28bundesland%29&suchbegriff=immobilienverwalter
komm rat prof hans p wertitsch immobilien und vermögenstreuhand gmbh,Komm.Rat Prof. Hans P. Wertitsch Immobilien- und Vermögenstreuhand GmbH,Komm.Rat Prof. Hans P. Wertitsch Immobilien- und Vermögenstreuhand GmbH,1,wien,d566cb3c-d6e3-41f1-9451-671cd10f539e,Prinz-Eugen-Straße 16 1040 Wien,http://www.wertitsch.at/,http://www.wertitsch.at/,office@wertitsch.at,5053258-0,https://firmen.wko.at/kommrat-prof-hans-p-wertitsch-immobilien-und-verm%c3%b6genstreuhand-gmbh/wien/?firmaid=d566cb3c-d6e3-41f1-9451-671cd10f539e&standortid=1&standortname=wien%20%28bundesland%29&suchbegriff=immobilienverwalter
kommunalgesellschaft völkermarkt gmbh,Kommunalgesellschaft Völkermarkt GmbH,Kommunalgesellschaft Völkermarkt GmbH,1,kärnten,e6ace78c-5c8d-49bc-97b7-b2ba05d4629d,Hauptplatz 2 9100 Völkermarkt,,,,,https://firmen.wko.at/kommunalgesellschaft-v%c3%b6lkermarkt-gmbh/k%c3%a4rnten/?firmaid=e6ace78c-5c8d-49bc-97b7-b2ba05d4629d&standortid=6&standortname=k%c3%a4rnten%20%28bundesland%29&suchbegriff=immobilienverwalter
kompetent immobilien gmbh,Kompetent Immobilien GmbH,Kompetent Immobilien GmbH,1,steiermark,094a2ca0-8d4e-4126-9eac-1bab1065fe58,Hauptstraße 75 8141 Oberpremstätten,,,,,https://firmen.wko.at/kompetent-immobilien-gmbh/steiermark/?firmaid=094a2ca0-8d4e-4126-9eac-1bab1065fe58&standortid=5&standortname=steiermark%20%28bundesland%29&suchbegriff=immobilienverwalter
kovac management gmbh,Kovac Management GmbH,Kovac Management GmbH,1,steiermark,29ac2bfc-e91c-4eef-a414-0456b12c95e0,Wiener Straße 351 8051 Graz,,,,,https://firmen.wko.at/kovac-management-gmbh/steiermark/?firmaid=29ac2bfc-e91c-4eef-a414-0456b12c95e0&standortid=5&standortname=steiermark%20%28bundesland%29&suchbegriff=immobilienverwalter
kp real gmbh,KP Real GmbH,KP Real GmbH,1,kärnten,99d5cd82-79b0-445d-8d7c-1da64b7d54d2,"Schloßplatz 1, Tür 1 9330 Althofen",,,,,https://firmen.wko.at/kp-real-gmbh/k%c3%a4rnten/?firmaid=99d5cd82-79b0-445d-8d7c-1da64b7d54d2&standortid=6&standortname=k%c3%a4rnten%20%28bundesland%29&suchbegriff=immobilienverwalter
kr prof alfons herbert adolf maria metzger,KR Prof. Alfons Herbert Adolf Maria Metzger,KR Prof. Alfons Herbert Adolf Maria Metzger,1,wien,6ebfbbd7-6ebe-4df8-8adc-10d83afbbf11,Gumpendorfer Straße 72 1060 Wien,http://www.metzger-estate.com/,http://www.metzger-estate.com/,alfons.metzger@metzger-estate.com,01/597%2050%2060-0,https://firmen.wko.at/kr-prof-alfons-herbert-adolf-maria-metzger/wien/?firmaid=6ebfbbd7-6ebe-4df8-8adc-10d83afbbf11&standortid=1&standortname=wien%20%28bundesland%29&suchbegriff=immobilienverwalter
kr walter baumgartner immobilien gmbh,KR Walter Baumgartner Immobilien GmbH,KR Walter Baumgartner Immobilien GmbH,1,wien,f92a63b7-0d46-48af-b34c-2d20e7d98f5d,Lothringerstraße 14-16/2/6 1030 Wien,http://www.krbaumgartner.at/,http://www.krbaumgartner.at/,office@krbaumgartner.at,01%20535%2068%2046,https://firmen.wko.at/kr-walter-baumgartner-immobilien-gmbh-kr-walter-baumgartner-immobilien-gmbh/wien/?firmaid=f92a63b7-0d46-48af-b34c-2d20e7d98f5d&standortid=1&standortname=wien%20%28bundesland%29&suchbegriff=immobilienverwalter
kraftfeld immobilien e u,Kraftfeld Immobilien e.U.,Kraftfeld Immobilien e.U.,1,kärnten,22ceb058-5b5b-48c2-ac03-7cad0e885a2b,Klagenfurter Straße 43 9300 St.Veit/Glan,,,,,https://firmen.wko.at/kraftfeld-immobilien-eu/k%c3%a4rnten/?firmaid=22ceb058-5b5b-48c2-ac03-7cad0e885a2b&standortid=6&standortname=k%c3%a4rnten%20%28bundesland%29&suchbegriff=immobilienverwalter
krause immobilien und it gmbh,Krause Immobilien und IT GmbH,Krause Immobilien und IT GmbH,1,wien,cb3de5b0-2d51-4729-a914-577b04548d1d,Schrotzbergstraße 2/22 1020 Wien,https://www.ok-it.at/,https://www.ok-it.at/,office@ok-it.at,+43%20664%201420203,https://firmen.wko.at/krause-immobilien-und-it-gmbh-krause-immobilien-und-it-gmbh/wien/?firmaid=cb3de5b0-2d51-4729-a914-577b04548d1d&standortid=1&standortname=wien%20%28bundesland%29&suchbegriff=immobilienverwalter
krauss und co gmbh,Krauß & Co GmbH,Krauß & Co GmbH,1,wien,d6dcd120-0668-4e86-a2bd-5343edcee966,Franz-Josefs-Kai 65 1010 Wien,,,o.schweitzer@aon.at,01/%206031090,https://firmen.wko.at/krau%c3%9f-und-co-gmbh/wien/?firmaid=d6dcd120-0668-4e86-a2bd-5343edcee966&standortid=1&standortname=wien%20%28bundesland%29&suchbegriff=immobilienverwalter
krefina immobilien gmbh,KREFINA Immobilien GmbH,KREFINA Immobilien GmbH,1,wien,161f273a-6a3c-491e-9ad3-02959796c975,Grimmgasse 31 1150 Wien,http://www.krefina.at/,http://www.krefina.at/,info@krefina.at,+43-1-587%2087%2037,https://firmen.wko.at/krefina-immobilien-gmbh/wien/?firmaid=161f273a-6a3c-491e-9ad3-02959796c975&standortid=1&standortname=wien%20%28bundesland%29&suchbegriff=immobilienverwalter
kren immobilien g m b h,Kren Immobilien G.m.b.H.,Kren Immobilien G.m.b.H.,1,wien,478b433a-1ef6-4f60-8a0a-2884a80c58b5,Reinlgasse 10/1 1140 Wien,,,,,https://firmen.wko.at/kren-immobilien-gmbh/wien/?firmaid=478b433a-1ef6-4f60-8a0a-2884a80c58b5&standortid=1&standortname=wien%20%28bundesland%29&suchbegriff=immobilienverwalter
krenauer und sodoma immobilienverwaltung gmbh,KRENAUER & SODOMA Immobilienverwaltung GmbH,KRENAUER & SODOMA Immobilienverwaltung GmbH,1,wien,417eb7e7-631d-4b66-9e5c-cc216acd6421,Mariahilfer Straße 57-59 1060 Wien,,,,,https://firmen.wko.at/krenauer-und-sodoma-immobilienverwaltung-gmbh/wien/?firmaid=417eb7e7-631d-4b66-9e5c-cc216acd6421&standortid=1&standortname=wien%20%28bundesland%29&suchbegriff=immobilienverwalter
krenn wohnbauservice kg,Krenn Wohnbauservice KG,Krenn Wohnbauservice KG,1,steiermark,46cdd173-a379-4fac-ad0f-78f0edd1441c,Bahnhofstraße 15 8141 Premstätten,,,,,https://firmen.wko.at/krenn-wohnbauservice-kg/steiermark/?firmaid=46cdd173-a379-4fac-ad0f-78f0edd1441c&standortid=5&standortname=steiermark%20%28bundesland%29&suchbegriff=immobilienverwalter
kristian zimmermann,Kristian Zimmermann,Kristian Zimmermann,3,niederösterreich | wien,55b2fac7-4152-4bd4-adaa-28d5435bba83 | 7040212e-be52-409d-8bf5-05177fe6ef6b | e75530b5-0927-4d67-943b-9d79b8c53587,Richard Wagner-Gasse 17 2232 Deutsch-Wagram | Tuchlauben 11/2/Top 13-14 1010 Wien | Ziegelhofstraße 98C/4/3 1220 Wien,http://www.agstner.at/,http://www.agstner.at/,zimmermann@agstner.at,+43%20(01)%20533%2026%2019%20-%200 | +43%20(0664)%20530%2084%2032,https://firmen.wko.at/kristian-zimmermann/nieder%c3%b6sterreich/?firmaid=55b2fac7-4152-4bd4-adaa-28d5435bba83&standortid=2&standortname=nieder%c3%b6sterreich%20%28bundesland%29&suchbegriff=immobilienverwalter
krocon asset management gmbh,KROCON Asset Management GmbH,KROCON Asset Management GmbH,1,wien,ea8820d5-8868-418f-b028-9948ede50117,Rotenturmstraße 11/14 1010 Wien,,,asset@krocon.at,,https://firmen.wko.at/krocon-asset-management-gmbh/wien/?firmaid=ea8820d5-8868-418f-b028-9948ede50117&standortid=1&standortname=wien%20%28bundesland%29&suchbegriff=immobilienverwalter
kronberger immobilienverwaltung gmbh,Kronberger Immobilienverwaltung GmbH,Kronberger Immobilienverwaltung GmbH,1,wien,937a21d3-ff46-45a0-9974-e2e7d308fd78,Eberlgasse 3 1020 Wien,,,,,https://firmen.wko.at/kronberger-immobilienverwaltung-gmbh/wien/?firmaid=937a21d3-ff46-45a0-9974-e2e7d308fd78&standortid=1&standortname=wien%20%28bundesland%29&suchbegriff=immobilienverwalter
kte immobilienverwaltung flexco,kte Immobilienverwaltung FlexCo,kte Immobilienverwaltung FlexCo,1,tirol,4070d969-ca67-4598-811c-6e48cd8c0c43,Vorderstadt 21 6370 Kitzbühel,,,,,https://firmen.wko.at/kte-immobilienverwaltung-flexco/tirol/?firmaid=4070d969-ca67-4598-811c-6e48cd8c0c43&standortid=7&standortname=tirol%20%28bundesland%29&suchbegriff=immobilienverwalter
kubu immobilien e u,Kubu Immobilien e.U.,Kubu Immobilien e.U.,1,wien,7d72edb2-4e70-4200-a48a-bb7dc4c6f7f2,Mariahilfer Straße 109/6 1060 Wien,http://www.kubu-immobilien.at/,http://www.kubu-immobilien.at/,,,https://firmen.wko.at/kubu-immobilien-eu/wien/?firmaid=7d72edb2-4e70-4200-a48a-bb7dc4c6f7f2&standortid=1&standortname=wien%20%28bundesland%29&suchbegriff=immobilienverwalter
kw immobilien gmbh,KW Immobilien GmbH,KW Immobilien GmbH,1,burgenland,f689d452-7ad5-4f67-93c2-430593202b55,Langegasse 17 7163 Andau,https://www.kw-immo.at/,https://www.kw-immo.at/,peck@kw-immo.at,06763718572 | +436763718572,https://firmen.wko.at/kw-immobilien-gmbh-immobilienmakler-immobilienverwalter-bautr%c3%a4ger/burgenland/?firmaid=f689d452-7ad5-4f67-93c2-430593202b55&standortid=9&standortname=burgenland%20%28bundesland%29&suchbegriff=immobilienverwalter
lackner und lackner gmbh und co kg,Lackner & Lackner GmbH & Co. KG.,Lackner & Lackner GmbH & Co. KG.,1,steiermark,3a41c0b8-2efc-449d-94e5-5c3bf82a191d,0316 817088,,,office@lackner-real.eu,0316%20817088,https://firmen.wko.at/lackner-und-lackner-gmbh-und-co-kg/steiermark/?firmaid=3a41c0b8-2efc-449d-94e5-5c3bf82a191d&standortid=5&standortname=steiermark%20%28bundesland%29&suchbegriff=immobilienverwalter
laimer hausverwaltung gmbh,Laimer Hausverwaltung GmbH,Laimer Hausverwaltung GmbH,1,oberösterreich,a227e96c-3185-408b-a180-17b78aead17a,Schulgasse 2 4820 Bad Ischl,http://laimer-hausverwaltung.at/,http://laimer-hausverwaltung.at/,Laimer.C.LHV@a1.net,06132%2022815 | 06643063290,https://firmen.wko.at/laimer-hausverwaltung-gmbh/ober%c3%b6sterreich/?firmaid=a227e96c-3185-408b-a180-17b78aead17a&standortid=3&standortname=ober%c3%b6sterreich%20%28bundesland%29&suchbegriff=immobilienverwalter
landeshauptstadt graz,Landeshauptstadt Graz,Landeshauptstadt Graz,1,steiermark,7b339cc9-ab35-498e-ac62-336b60c2a60b,0316 872-54 36,,,stadtverwaltung@stadt.graz.at,0316%20872-54%2036,https://firmen.wko.at/landeshauptstadt-graz/steiermark/?firmaid=7b339cc9-ab35-498e-ac62-336b60c2a60b&standortid=5&standortname=steiermark%20%28bundesland%29&suchbegriff=immobilienverwalter
lang und partner financial advisory gmbh,Lang & Partner Financial Advisory GmbH,Lang & Partner Financial Advisory GmbH,1,steiermark,7694897c-c008-438d-b3cf-1841193a84fe,Hans-Sachs-Gasse 6/1/4a 8010 Graz,https://langpartner.at/,https://langpartner.at/,office@langpartner.at,06641659427,https://firmen.wko.at/lang-und-partner-financial-advisory-gmbh/steiermark/?firmaid=7694897c-c008-438d-b3cf-1841193a84fe&standortid=5&standortname=steiermark%20%28bundesland%29&suchbegriff=immobilienverwalter
lang living gmbh,Lang Living GmbH,Lang Living GmbH,1,oberösterreich,f5152069-9bde-44e3-a314-fcdef70237b7,Traunleiten 8a 4050 Traun,,,,,https://firmen.wko.at/lang-living-gmbh/ober%c3%b6sterreich/?firmaid=f5152069-9bde-44e3-a314-fcdef70237b7&standortid=3&standortname=ober%c3%b6sterreich%20%28bundesland%29&suchbegriff=immobilienverwalter
lanzer immobilien gmbh,Lanzer Immobilien Gmbh,Lanzer Immobilien Gmbh,1,steiermark,2ec64479-0e1a-42b7-b971-113f2c5c83e6,Heinrichstraße 54 8010 Graz,,,office@lanzer.at,+43%20316%20822201,https://firmen.wko.at/lanzer-immobilien-gmbh/steiermark/?firmaid=2ec64479-0e1a-42b7-b971-113f2c5c83e6&standortid=5&standortname=steiermark%20%28bundesland%29&suchbegriff=immobilienverwalter
lasserus immobilienverwaltungs gmbh,Lasserus Immobilienverwaltungs GmbH,Lasserus Immobilienverwaltungs GmbH,1,steiermark,7eb5a8ad-82c9-49c2-8823-b22e8b19154a,Rudolfstraße 25 8010 Graz,,,,,https://firmen.wko.at/lasserus-immobilienverwaltungs-gmbh/steiermark/?firmaid=7eb5a8ad-82c9-49c2-8823-b22e8b19154a&standortid=5&standortname=steiermark%20%28bundesland%29&suchbegriff=immobilienverwalter
laura isabella oberhueber,Laura Isabella Oberhueber,Laura Isabella Oberhueber,1,tirol,343980eb-db11-47ce-bf7c-555254003721,Barbarahof 1 9900 Lienz,,,,,https://firmen.wko.at/laura-isabella-oberhueber/tirol/?firmaid=343980eb-db11-47ce-bf7c-555254003721&standortid=7&standortname=tirol%20%28bundesland%29&suchbegriff=immobilienverwalter
leander kiridus bsc ma,"Leander Kiridus, BSc, MA","Leander Kiridus, BSc, MA",1,wien,c4986241-1c49-4300-b441-62fafc297105,Dustmannweg 35 1160 Wien,,,,,https://firmen.wko.at/leander-kiridus-bsc-ma/wien/?firmaid=c4986241-1c49-4300-b441-62fafc297105&standortid=1&standortname=wien%20%28bundesland%29&suchbegriff=immobilienverwalter
lebensräume bau und verwaltungsgesellschaft mbh,Lebensräume Bau- und Verwaltungsgesellschaft mbH,Lebensräume Bau- und Verwaltungsgesellschaft mbH,1,oberösterreich,45d7bbac-bee1-4e7a-9e75-5cb0660994ca,Handel-Mazzetti-Straße 1 4020 Linz,,,,,https://firmen.wko.at/lebensr%c3%a4ume-bau-und-verwaltungsgesellschaft-mbh/ober%c3%b6sterreich/?firmaid=45d7bbac-bee1-4e7a-9e75-5cb0660994ca&standortid=3&standortname=ober%c3%b6sterreich%20%28bundesland%29&suchbegriff=immobilienverwalter
leitgöb hausverwaltung gmbh,Leitgöb Hausverwaltung GmbH,Leitgöb Hausverwaltung GmbH,2,salzburg,0d349152-ab87-43fc-8530-6ccc2e0a8a6d | 3caf2228-53ae-46b6-a301-49a1f6b7b326,Färberstraße 6 5760 Saalfelden | Innsbrucker Bundesstraße 85 5020 Salzburg,,,,,https://firmen.wko.at/leitg%c3%b6b-hausverwaltung-gmbh/salzburg/?firmaid=0d349152-ab87-43fc-8530-6ccc2e0a8a6d&standortid=4&standortname=salzburg%20%28bundesland%29&suchbegriff=immobilienverwalter
leitner immobilien und service gmbh,Leitner Immobilien & Service GmbH,Leitner Immobilien & Service GmbH,1,oberösterreich,46e92144-b230-488e-ab83-7968126b8b80,Am Tobersbach 22 4221 Steyregg,,,,,https://firmen.wko.at/leitner-immobilien-und-service-gmbh/ober%c3%b6sterreich/?firmaid=46e92144-b230-488e-ab83-7968126b8b80&standortid=3&standortname=ober%c3%b6sterreich%20%28bundesland%29&suchbegriff=immobilienverwalter
leitner real immobilientreuhand gesellschaft m b h,Leitner Real Immobilientreuhand Gesellschaft m.b.H.,Leitner Real Immobilientreuhand Gesellschaft m.b.H.,1,wien,915a2775-5598-4cb5-9c3c-538e29be9a63,Marxergasse 39 1030 Wien,http://www.leitnerreal.at/,http://www.leitnerreal.at/,info@leitnerreal.at,01/713%2021%2060-0,https://firmen.wko.at/leitner-real-immobilientreuhand-gesellschaft-mbh/wien/?firmaid=915a2775-5598-4cb5-9c3c-538e29be9a63&standortid=1&standortname=wien%20%28bundesland%29&suchbegriff=immobilienverwalter
lenikus verwaltungs gmbh,LENIKUS Verwaltungs GmbH,LENIKUS Verwaltungs GmbH,1,wien,96d8652f-eb12-4a46-a9f5-2028d9efe3a6,Parkring 10 1010 Wien,http://www.lenikus.at/,http://www.lenikus.at/,office@lenikus.at,,https://firmen.wko.at/lenikus-verwaltungs-gmbh/wien/?firmaid=96d8652f-eb12-4a46-a9f5-2028d9efe3a6&standortid=1&standortname=wien%20%28bundesland%29&suchbegriff=immobilienverwalter
leopold peer,Leopold Peer,Leopold Peer,1,salzburg,3f01758b-ea4f-4c8f-b8fb-41760f8cb47d,Aiglhofstraße 13 5020 Salzburg,,,office@immobilien-peer.at,,https://firmen.wko.at/leopold-peer/salzburg/?firmaid=3f01758b-ea4f-4c8f-b8fb-41760f8cb47d&standortid=4&standortname=salzburg%20%28bundesland%29&suchbegriff=immobilienverwalter
lerperger immobilien gmbh,LERPERGER Immobilien GmbH,LERPERGER Immobilien GmbH,1,oberösterreich,737b8f34-d550-49df-a5bf-4974fd012737,Kaiser-Franz-Josef-Straße 3-5 4820 Bad Ischl,,,,,https://firmen.wko.at/lerperger-immobilien-gmbh/ober%c3%b6sterreich/?firmaid=737b8f34-d550-49df-a5bf-4974fd012737&standortid=3&standortname=ober%c3%b6sterreich%20%28bundesland%29&suchbegriff=immobilienverwalter
lestra hausverwaltung gmbh,LESTRA Hausverwaltung GmbH,LESTRA Hausverwaltung GmbH,1,oberösterreich,b2b6a5c0-f4f7-40bc-a979-e695db5fa81d,0732 931617,http://www.lestra.at/,http://www.lestra.at/,office@lestra.at,0732%20931617 | 0699%201111%2074%2012,https://firmen.wko.at/lestra-hausverwaltung-gmbh/ober%c3%b6sterreich/?firmaid=b2b6a5c0-f4f7-40bc-a979-e695db5fa81d&standortid=3&standortname=ober%c3%b6sterreich%20%28bundesland%29&suchbegriff=immobilienverwalter
letzbor hausverwaltungs gmbh,Letzbor Hausverwaltungs GmbH,Letzbor Hausverwaltungs GmbH,1,oberösterreich,14b10043-baa0-4221-b62a-edb35be42897,Weißenwolffstraße 1 4020 Linz,,,,,https://firmen.wko.at/letzbor-hausverwaltungs-gmbh/ober%c3%b6sterreich/?firmaid=14b10043-baa0-4221-b62a-edb35be42897&standortid=3&standortname=ober%c3%b6sterreich%20%28bundesland%29&suchbegriff=immobilienverwalter
lh3s asset management gmbh,LH3S Asset Management GmbH,LH3S Asset Management GmbH,1,wien,f716179c-3658-47b3-a7e9-8d7502a2c134,Grillgasse 18/8 1110 Wien,,,,,https://firmen.wko.at/lh3s-asset-management-gmbh/wien/?firmaid=f716179c-3658-47b3-a7e9-8d7502a2c134&standortid=1&standortname=wien%20%28bundesland%29&suchbegriff=immobilienverwalter
lick und partner gmbh,Lick & Partner GmbH,Lick & Partner GmbH,1,vorarlberg,4a3297dd-f2c0-47df-b4d0-8ae76aeb20df,Stiglingen 51 6850 Dornbirn,,,,,https://firmen.wko.at/lick-und-partner-gmbh/vorarlberg/?firmaid=4a3297dd-f2c0-47df-b4d0-8ae76aeb20df&standortid=8&standortname=vorarlberg%20%28bundesland%29&suchbegriff=immobilienverwalter
lifing gebäudetechnik und verwaltung gmbh,LIFING Gebäudetechnik & Verwaltung GmbH,LIFING Gebäudetechnik & Verwaltung GmbH,2,niederösterreich | wien,5cf4ca88-6ff6-40d1-83dd-30c3a03e0a82 | 7fa1d649-7677-4507-a9c8-5a8486d8be5c,Schüldenweg 45 3061 Ollersbach | Fasangartengasse 82/4 1130 Wien,,,,,https://firmen.wko.at/lifing-geb%c3%a4udetechnik-und-verwaltung-gmbh/nieder%c3%b6sterreich/?firmaid=5cf4ca88-6ff6-40d1-83dd-30c3a03e0a82&standortid=2&standortname=nieder%c3%b6sterreich%20%28bundesland%29&suchbegriff=immobilienverwalter
lim management gmbh,LIM-MANAGEMENT GmbH,LIM-MANAGEMENT GmbH,1,wien,010eeb90-7e9f-41ce-b393-6ee8d3c325f3,Albertgasse 1A/12 1080 Wien,http://www.lim-management.at/,http://www.lim-management.at/,office@lim-management.at,+43%20(0)1%20405%2033%2033 | +43%20660%2018%2034%20002,https://firmen.wko.at/lim-management-gmbh-immobilienverwaltung/wien/?firmaid=010eeb90-7e9f-41ce-b393-6ee8d3c325f3&standortid=1&standortname=wien%20%28bundesland%29&suchbegriff=immobilienverwalter
lindner und partner gmbh,Lindner & Partner GmbH,Lindner & Partner GmbH,1,wien,d8aef0ba-a7d8-461a-a9df-020908fe0f0d,Löhrgasse 14/2 1150 Wien,,,,,https://firmen.wko.at/lindner-und-partner-gmbh/wien/?firmaid=d8aef0ba-a7d8-461a-a9df-020908fe0f0d&standortid=1&standortname=wien%20%28bundesland%29&suchbegriff=immobilienverwalter
lindner real immobilientreuhand e u,Lindner Real Immobilientreuhand e.U.,Lindner Real Immobilientreuhand e.U.,1,niederösterreich,099a0edc-be81-417b-892a-a455b7347df9,Bahnstraße 4 2340 Mödling,,,,,https://firmen.wko.at/lindner-real-immobilientreuhand-eu/nieder%c3%b6sterreich/?firmaid=099a0edc-be81-417b-892a-a455b7347df9&standortid=2&standortname=nieder%c3%b6sterreich%20%28bundesland%29&suchbegriff=immobilienverwalter
lininger immobilienmanagement gmbh und co kg,Lininger Immobilienmanagement GmbH & Co KG,Lininger Immobilienmanagement GmbH & Co KG,1,niederösterreich,c8d31033-4a7c-4247-813d-20bbdd4d618f,Franz-Kollmann-Straße 2 3300 Amstetten,,,,,https://firmen.wko.at/lininger-immobilienmanagement-gmbh-und-co-kg/nieder%c3%b6sterreich/?firmaid=c8d31033-4a7c-4247-813d-20bbdd4d618f&standortid=2&standortname=nieder%c3%b6sterreich%20%28bundesland%29&suchbegriff=immobilienverwalter
lintner og,Lintner OG,Lintner OG,1,wien,f04a5663-2058-40f3-a99e-8c2c5b112f1a,Geblergasse 57 1170 Wien,,,office@hv-lintner.at,+43%201%20406%2035%2015,https://firmen.wko.at/lintner-og/wien/?firmaid=f04a5663-2058-40f3-a99e-8c2c5b112f1a&standortid=1&standortname=wien%20%28bundesland%29&suchbegriff=immobilienverwalter
lisa martina moser,Lisa Martina Moser,Lisa Martina Moser,1,kärnten,dd01476d-3bf8-4a49-bd83-89eb6d4b324b,"Gerlitzenstraße 61, Top 2 9521 Treffen/Ossiacher See",http://www.moser-immobilien.at/,http://www.moser-immobilien.at/,office@moser-immobilien.at,06604553144,https://firmen.wko.at/lisa-martina-moser-moser-immobilien/k%c3%a4rnten/?firmaid=dd01476d-3bf8-4a49-bd83-89eb6d4b324b&standortid=6&standortname=k%c3%a4rnten%20%28bundesland%29&suchbegriff=immobilienverwalter
lius property gmbh,lius property gmbh,lius property gmbh,1,wien,a802e463-dc92-4c65-ad33-167ccf87f80b,"Czerninplatz 5, Tür 14 1020 Wien",,,,,https://firmen.wko.at/lius-property-gmbh/wien/?firmaid=a802e463-dc92-4c65-ad33-167ccf87f80b&standortid=1&standortname=wien%20%28bundesland%29&suchbegriff=immobilienverwalter
liveg immobilienverwaltungs gesellschaft m b h,LIVEG - Immobilienverwaltungs- gesellschaft m.b.H.,LIVEG - Immobilienverwaltungs- gesellschaft m.b.H.,1,burgenland,00a2cd9a-d6f0-4da3-8b13-e6301212c068,Schulgasse 26 7350 Oberpullendorf,,,,,https://firmen.wko.at/liveg-immobilienverwaltungs-gesellschaft-mbh/burgenland/?firmaid=00a2cd9a-d6f0-4da3-8b13-e6301212c068&standortid=9&standortname=burgenland%20%28bundesland%29&suchbegriff=immobilienverwalter
liveg liegenschaftsverwaltung gmbh,LIVEG Liegenschaftsverwaltung GmbH,LIVEG Liegenschaftsverwaltung GmbH,1,oberösterreich,613c68d6-2531-4cfa-ba64-bb74c6264baa,Hauptplatz 14 4020 Linz,,,,0732/775077,https://firmen.wko.at/liveg-liegenschaftsverwaltung-gmbh/ober%c3%b6sterreich/?firmaid=613c68d6-2531-4cfa-ba64-bb74c6264baa&standortid=3&standortname=ober%c3%b6sterreich%20%28bundesland%29&suchbegriff=immobilienverwalter
living solution mw gmbh,Living Solution MW GmbH,Living Solution MW GmbH,1,oberösterreich,138530d7-9d7c-4d7d-b77c-4cc242eab427,Römerstraße 39 4600 Wels,,,,,https://firmen.wko.at/living-solution-mw-gmbh/ober%c3%b6sterreich/?firmaid=138530d7-9d7c-4d7d-b77c-4cc242eab427&standortid=3&standortname=ober%c3%b6sterreich%20%28bundesland%29&suchbegriff=immobilienverwalter
lmh immobilienmanagement gmbh,LMH Immobilienmanagement GmbH,LMH Immobilienmanagement GmbH,1,tirol,99c1a6b9-e6d1-45e4-9650-a920244a4b08,Schulgasse 3 6370 Kitzbühel,,,,,https://firmen.wko.at/lmh-immobilienmanagement-gmbh/tirol/?firmaid=99c1a6b9-e6d1-45e4-9650-a920244a4b08&standortid=7&standortname=tirol%20%28bundesland%29&suchbegriff=immobilienverwalter
lmn estate gmbh,LMN-Estate GmbH,LMN-Estate GmbH,1,wien,43416cd6-7c51-4df8-b5c5-aa6a1817bf95,Marxergasse 39 1030 Wien,,,,,https://firmen.wko.at/lmn-estate-gmbh/wien/?firmaid=43416cd6-7c51-4df8-b5c5-aa6a1817bf95&standortid=1&standortname=wien%20%28bundesland%29&suchbegriff=immobilienverwalter
logos immobilien e u,LOGOS IMMOBILIEN e.U.,LOGOS IMMOBILIEN e.U.,1,vorarlberg,073dd919-5944-42a6-8680-dfde40e63c1e,Wingat 21a 6822 Satteins,,,,,https://firmen.wko.at/logos-immobilien-eu/vorarlberg/?firmaid=073dd919-5944-42a6-8680-dfde40e63c1e&standortid=8&standortname=vorarlberg%20%28bundesland%29&suchbegriff=immobilienverwalter
lorenz karall,Lorenz Karall,Lorenz Karall,1,wien,17d54686-ee2e-458d-9ad7-56e85f2f69c5,Raaber-Bahn-Gasse 20-22/1 1100 Wien,,,,+43%20(1)%20602%2023%2066,https://firmen.wko.at/lorenz-karall/wien/?firmaid=17d54686-ee2e-458d-9ad7-56e85f2f69c5&standortid=1&standortname=wien%20%28bundesland%29&suchbegriff=immobilienverwalter
lovt immobilien gmbh,LOVT Immobilien GmbH,LOVT Immobilien GmbH,1,steiermark,c93f6c80-cdf2-4d4a-a2eb-df4fd8034aa6,Kärntnerstraße 392 8054 Graz,,,,,https://firmen.wko.at/lovt-immobilien-gmbh/steiermark/?firmaid=c93f6c80-cdf2-4d4a-a2eb-df4fd8034aa6&standortid=5&standortname=steiermark%20%28bundesland%29&suchbegriff=immobilienverwalter
lp immobilientreuhand gmbh,LP Immobilientreuhand GmbH,LP Immobilientreuhand GmbH,1,niederösterreich,2534adf3-562b-4e1d-a0e0-0a0b90482b44,"Obere Hauptstraße 16, Tür G3 3495 Rohrendorf bei Krems",,,office@lp-immobilien.at,+43%20677%20635%20443%2010,https://firmen.wko.at/lp-immobilientreuhand-gmbh/nieder%c3%b6sterreich/?firmaid=2534adf3-562b-4e1d-a0e0-0a0b90482b44&standortid=2&standortname=nieder%c3%b6sterreich%20%28bundesland%29&suchbegriff=immobilienverwalter
lp verwaltung gmbh,LP Verwaltung GmbH,LP Verwaltung GmbH,1,wien,a2806d03-f6f6-4899-9c26-ac4b993980b6,"Löhrgasse 14, Tür 1 1150 Wien",,,,,https://firmen.wko.at/lp-verwaltung-gmbh/wien/?firmaid=a2806d03-f6f6-4899-9c26-ac4b993980b6&standortid=1&standortname=wien%20%28bundesland%29&suchbegriff=immobilienverwalter
lpz verwaltung gmbh,LPZ Verwaltung GmbH,LPZ Verwaltung GmbH,1,niederösterreich,6cba3384-74d0-4a39-880f-488d4a457f75,"Julius Raab-Promenade 41, Tür 2.2.4 3100 St.Pölten",,,,,https://firmen.wko.at/lpz-verwaltung-gmbh/nieder%c3%b6sterreich/?firmaid=6cba3384-74d0-4a39-880f-488d4a457f75&standortid=2&standortname=nieder%c3%b6sterreich%20%28bundesland%29&suchbegriff=immobilienverwalter
lse liegenschaftsstrukturentwicklungs gmbh,LSE Liegenschaftsstrukturentwicklungs GmbH,LSE Liegenschaftsstrukturentwicklungs GmbH,1,wien,76a37968-cd13-4dbc-9aec-a72a9560042b,Messeplatz 1 1020 Wien,,,,,https://firmen.wko.at/lse-liegenschaftsstrukturentwicklungs-gmbh/wien/?firmaid=76a37968-cd13-4dbc-9aec-a72a9560042b&standortid=1&standortname=wien%20%28bundesland%29&suchbegriff=immobilienverwalter
lsh facility gmbh,LSH Facility GmbH,LSH Facility GmbH,1,steiermark,8be56156-19d5-47f3-a247-a0d23424a306,Gürtlweg 1 8431 Gralla,,,,,https://firmen.wko.at/lsh-facility-gmbh/steiermark/?firmaid=8be56156-19d5-47f3-a247-a0d23424a306&standortid=5&standortname=steiermark%20%28bundesland%29&suchbegriff=immobilienverwalter
luc facility und brandschutzmanagement e u,LUC Facility- und Brandschutzmanagement e.U.,LUC Facility- und Brandschutzmanagement e.U.,1,steiermark,8f682b0d-163d-436c-b46d-11ff28dc357d,Tobisegg 188 8503 St. Josef/Wstmk.,https://www.fb-management.at/,https://www.fb-management.at/,luc@fb-management.at,+436644603087,https://firmen.wko.at/luc-facility-und-brandschutzmanagement-eu-facility-und-brandschutzmanagement/steiermark/?firmaid=8f682b0d-163d-436c-b46d-11ff28dc357d&standortid=5&standortname=steiermark%20%28bundesland%29&suchbegriff=immobilienverwalter
ludwig engel gmbh und co kg,Ludwig Engel GmbH & Co KG,Ludwig Engel GmbH & Co KG,1,oberösterreich,cca2cc83-ee6f-4961-82a4-057b83a30277,Ludwig-Engel-Straße 1 4311 Schwertberg,,,,07262/620,https://firmen.wko.at/ludwig-engel-gmbh-und-co-kg/ober%c3%b6sterreich/?firmaid=cca2cc83-ee6f-4961-82a4-057b83a30277&standortid=3&standortname=ober%c3%b6sterreich%20%28bundesland%29&suchbegriff=immobilienverwalter
ludwig haigermoser,Ludwig Haigermoser,Ludwig Haigermoser,1,salzburg,c3976005-1a11-4b50-9f1d-613fb86c0924,Steglandweg 2 5400 Hallein,http://www.immo4u.at/,http://www.immo4u.at/,office@immo4u.at,+43%206245%2078918 | +43%20664%204696730,https://firmen.wko.at/ludwig-haigermoser-interrest-real-estate-trust-full-service-agentur/salzburg/?firmaid=c3976005-1a11-4b50-9f1d-613fb86c0924&standortid=4&standortname=salzburg%20%28bundesland%29&suchbegriff=immobilienverwalter
ludwig hallas immobilienverwaltung gesellschaft m b h,"Ludwig Hallas, Immobilienverwaltung Gesellschaft m.b.H.","Ludwig Hallas, Immobilienverwaltung Gesellschaft m.b.H.",1,wien,1488ee5c-9ebe-4391-a73f-50b34e432d8d,Museumstraße 5 1070 Wien,http://www.hallas.at/,http://www.hallas.at/,office@hallas.at,01/521%2038-0,https://firmen.wko.at/ludwig-hallas-immobilienverwaltung-gesellschaft-mbh/wien/?firmaid=1488ee5c-9ebe-4391-a73f-50b34e432d8d&standortid=1&standortname=wien%20%28bundesland%29&suchbegriff=immobilienverwalter
luf und co gesellschaft m b h,Luf & Co. Gesellschaft m.b.H.,Luf & Co. Gesellschaft m.b.H.,1,wien,d5a31d06-6b89-4db8-9107-1c64f8687143,"Untere Augartenstraße 38, Tür 8 1020 Wien",,,,,https://firmen.wko.at/luf-und-co-gesellschaft-mbh/wien/?firmaid=d5a31d06-6b89-4db8-9107-1c64f8687143&standortid=1&standortname=wien%20%28bundesland%29&suchbegriff=immobilienverwalter
lugner city gmbh,Lugner City GmbH,Lugner City GmbH,1,wien,07edb1a8-032b-4845-b025-284d88b8dd8b,Gablenzgasse 5(EINKAUFSZENTRUM) 1150 Wien,,,richard.lugner@lugner.at,01/981%2050-0,https://firmen.wko.at/lugner-city-gmbh/wien/?firmaid=07edb1a8-032b-4845-b025-284d88b8dd8b&standortid=1&standortname=wien%20%28bundesland%29&suchbegriff=immobilienverwalter
lukas berthold sutter,Lukas Berthold Sutter,Lukas Berthold Sutter,1,steiermark,8896536c-2ccd-49f4-b4db-9f065b6cc5ef,Mariatroster Straße 211 8044 Graz,,,,,https://firmen.wko.at/lukas-berthold-sutter/steiermark/?firmaid=8896536c-2ccd-49f4-b4db-9f065b6cc5ef&standortid=5&standortname=steiermark%20%28bundesland%29&suchbegriff=immobilienverwalter
lukas ludwig adami msc,"Lukas Ludwig Adami, MSc","Lukas Ludwig Adami, MSc",1,wien,b5df2f09-3f6d-4b07-b74f-328dbe5db34d,Martinstraße 58/1b 1180 Wien,,,,,https://firmen.wko.at/lukas-ludwig-adami-msc/wien/?firmaid=b5df2f09-3f6d-4b07-b74f-328dbe5db34d&standortid=1&standortname=wien%20%28bundesland%29&suchbegriff=immobilienverwalter
lumya living at gmbh,Lumya Living AT GmbH,Lumya Living AT GmbH,1,wien,9e616703-a59a-466e-b0ee-4b422a99450d,Mariahilfer Straße 84/31 1070 Wien,,,,,https://firmen.wko.at/lumya-living-at-gmbh/wien/?firmaid=9e616703-a59a-466e-b0ee-4b422a99450d&standortid=1&standortname=wien%20%28bundesland%29&suchbegriff=immobilienverwalter
lv bau gmbh,LV Bau GmbH,LV Bau GmbH,1,niederösterreich,81083c0c-1eaa-4933-b6f3-05f8bb7201f0,Inkustraße 1-7/Objekt 1/Top 4b 3400 Klosterneuburg,,,,,https://firmen.wko.at/lv-bau-gmbh/nieder%c3%b6sterreich/?firmaid=81083c0c-1eaa-4933-b6f3-05f8bb7201f0&standortid=2&standortname=nieder%c3%b6sterreich%20%28bundesland%29&suchbegriff=immobilienverwalter
länderrealitäten hammerl gmbh und co kg,Länderrealitäten Hammerl GmbH & Co.KG.,Länderrealitäten Hammerl GmbH & Co.KG.,1,steiermark,5a5fffc4-6e7f-4455-a96c-78fc9affd86b,Merangasse 12 8010 Graz,,,a.schoenhofer@lrhammerl.at,+43%20(316)%20760%2009%2090,https://firmen.wko.at/l%c3%a4nderrealit%c3%a4ten-hammerl-gmbh-und-cokg/steiermark/?firmaid=5a5fffc4-6e7f-4455-a96c-78fc9affd86b&standortid=5&standortname=steiermark%20%28bundesland%29&suchbegriff=immobilienverwalter
m f immobilien consulting gmbh,M F Immobilien Consulting GmbH,M F Immobilien Consulting GmbH,1,wien,ef49c089-155a-44c7-b9ce-ee78df281fb8,Floridsdorfer Hauptstraße 45 1210 Wien,http://www.mfimmobilien.at/,http://www.mfimmobilien.at/,office@mfimmobilien.at,+4315324880 | +436641529769,https://firmen.wko.at/m-f-immobilien-consulting-gmbh-mf-immobilien-consulting-gmbh/wien/?firmaid=ef49c089-155a-44c7-b9ce-ee78df281fb8&standortid=1&standortname=wien%20%28bundesland%29&suchbegriff=immobilienverwalter
m immobilien verwaltungs gmbh und co kg,M-Immobilien Verwaltungs GmbH & Co KG,M-Immobilien Verwaltungs GmbH & Co KG,1,vorarlberg,881fe0ee-41d1-4771-8d94-2005044d6912,Messestraße 11 6850 Dornbirn,,,,,https://firmen.wko.at/m-immobilien-verwaltungs-gmbh-und-co-kg/vorarlberg/?firmaid=881fe0ee-41d1-4771-8d94-2005044d6912&standortid=8&standortname=vorarlberg%20%28bundesland%29&suchbegriff=immobilienverwalter
m e immobilien gmbh,m.e. Immobilien GmbH,m.e. Immobilien GmbH,1,oberösterreich,a65788bd-cbe1-42aa-8b97-77fde5a13349,Ringstraße 29 4600 Wels,https://www.me-immobilien.at/,https://www.me-immobilien.at/,office@me-immobilien.at,07242%20323022 | 06643459015,https://firmen.wko.at/me-immobilien-gmbh-immobilienmakler/ober%c3%b6sterreich/?firmaid=a65788bd-cbe1-42aa-8b97-77fde5a13349&standortid=3&standortname=ober%c3%b6sterreich%20%28bundesland%29&suchbegriff=immobilienverwalter
maddalena monika steinbacher,Maddalena Monika Steinbacher,Maddalena Monika Steinbacher,1,tirol,f9ccd58b-e2dd-4ee2-8b0c-1bbcae5c8dc0,Salurner Straße 12/3.OG/Top 6 6020 Innsbruck,http://www.steinbacher-immo.at/,http://www.steinbacher-immo.at/,office@steinbacher-immo.at,+43%20(0)%20660%20510%2044%2022,https://firmen.wko.at/maddalena-monika-steinbacher-steinbacher-immobilien-management/tirol/?firmaid=f9ccd58b-e2dd-4ee2-8b0c-1bbcae5c8dc0&standortid=7&standortname=tirol%20%28bundesland%29&suchbegriff=immobilienverwalter
madela immobilientreuhand gmbh,Madela Immobilientreuhand GmbH,Madela Immobilientreuhand GmbH,1,wien,d5576731-618e-449d-b5d5-9812bb8ab2a3,Kreitnergasse 5 1160 Wien,,,,,https://firmen.wko.at/madela-immobilientreuhand-gmbh/wien/?firmaid=d5576731-618e-449d-b5d5-9812bb8ab2a3&standortid=1&standortname=wien%20%28bundesland%29&suchbegriff=immobilienverwalter
mag inge maria brändle,Mag Inge Maria Brändle,Mag Inge Maria Brändle,1,vorarlberg,3abd97db-2abb-4d31-b402-caaa5f637a59,Rosenstraße 19 Top 4 6850 Dornbirn,,,inge.braendle@inode.at,+06646455122,https://firmen.wko.at/mag-inge-maria-br%c3%a4ndle/vorarlberg/?firmaid=3abd97db-2abb-4d31-b402-caaa5f637a59&standortid=8&standortname=vorarlberg%20%28bundesland%29&suchbegriff=immobilienverwalter
mag fh alexander edelhauser,Mag. (FH) Alexander Edelhauser,Mag. (FH) Alexander Edelhauser,1,wien,bd500d3f-544a-4ac9-83a7-dcc43ef06c92,Theobaldgasse 19 1060 Wien,,,,,https://firmen.wko.at/mag-fh-alexander-edelhauser/wien/?firmaid=bd500d3f-544a-4ac9-83a7-dcc43ef06c92&standortid=1&standortname=wien%20%28bundesland%29&suchbegriff=immobilienverwalter
mag fh alexandra bischof,Mag. (FH) Alexandra Bischof,Mag. (FH) Alexandra Bischof,1,vorarlberg,421c2b3d-5d36-4a6e-b5b0-689786cd7f06,Bantling 7 6850 Dornbirn,,,,,https://firmen.wko.at/mag-fh-alexandra-bischof/vorarlberg/?firmaid=421c2b3d-5d36-4a6e-b5b0-689786cd7f06&standortid=8&standortname=vorarlberg%20%28bundesland%29&suchbegriff=immobilienverwalter
mag fh armin hilpold,Mag. (FH) Armin Hilpold,Mag. (FH) Armin Hilpold,1,tirol,2fcf86cb-a717-4335-91d2-342db637ccfe,Bürgerstraße 24 6020 Innsbruck,http://www.hilpold.com/,http://www.hilpold.com/,office@hilpold.com,0512-588403,https://firmen.wko.at/mag-fh-armin-hilpold-hausverwaltung-hilpold/tirol/?firmaid=2fcf86cb-a717-4335-91d2-342db637ccfe&standortid=7&standortname=tirol%20%28bundesland%29&suchbegriff=immobilienverwalter
mag fh gerald schmidt,Mag. (FH) Gerald Schmidt,Mag. (FH) Gerald Schmidt,1,niederösterreich,c8070710-ae9c-4a04-a2ea-a2d8d19f1cc0,Roseggerstraße 26 2604 Theresienfeld,,,,,https://firmen.wko.at/mag-fh-gerald-schmidt/nieder%c3%b6sterreich/?firmaid=c8070710-ae9c-4a04-a2ea-a2d8d19f1cc0&standortid=2&standortname=nieder%c3%b6sterreich%20%28bundesland%29&suchbegriff=immobilienverwalter
mag fh gertrud rieder,Mag. (FH) Gertrud Rieder,Mag. (FH) Gertrud Rieder,1,tirol,68525e6b-3f83-4bf7-b842-6ed1a4728e43,Maria-Theresien-Straße 34 6020 Innsbruck,,,,0512/285%20288,https://firmen.wko.at/mag-fh-gertrud-rieder-rieder-immobilien-management/tirol/?firmaid=68525e6b-3f83-4bf7-b842-6ed1a4728e43&standortid=7&standortname=tirol%20%28bundesland%29&suchbegriff=immobilienverwalter
mag fh jennifer anna müllner,Mag. (FH) Jennifer Anna Müllner,Mag. (FH) Jennifer Anna Müllner,1,wien,a3340aee-fb6e-4241-9866-74a35dca8b42,Lobenhauerngasse 41/41 1170 Wien,,,,,https://firmen.wko.at/mag-fh-jennifer-anna-m%c3%bcllner/wien/?firmaid=a3340aee-fb6e-4241-9866-74a35dca8b42&standortid=1&standortname=wien%20%28bundesland%29&suchbegriff=immobilienverwalter
mag fh karin ingrid fommer aust,Mag. (FH) Karin Ingrid Fommer-Aust,Mag. (FH) Karin Ingrid Fommer-Aust,1,wien,39861738-bf58-46c0-a07c-4886b5e7697c,Geblergasse 74/20 1170 Wien,http://www.immobilien-aust.at/,http://www.immobilien-aust.at/,k.fommer-aust@immobilien-aust.at,01%204899562 | 06644282204,https://firmen.wko.at/mag-fh-karin-ingrid-fommer-aust/wien/?firmaid=39861738-bf58-46c0-a07c-4886b5e7697c&standortid=1&standortname=wien%20%28bundesland%29&suchbegriff=immobilienverwalter
mag fh markus priwalow,Mag. (FH) Markus Priwalow,Mag. (FH) Markus Priwalow,1,wien,78283999-66fc-43e3-b0b5-7ada068505c3,Gentzgasse 19/2/26 1180 Wien,,,info@libertyreal.at,01%20513%2089%2024,https://firmen.wko.at/mag-fh-markus-priwalow-liberty-real/wien/?firmaid=78283999-66fc-43e3-b0b5-7ada068505c3&standortid=1&standortname=wien%20%28bundesland%29&suchbegriff=immobilienverwalter
mag fh thomas hermann trenkwalder,Mag. (FH) Thomas Hermann Trenkwalder,Mag. (FH) Thomas Hermann Trenkwalder,1,tirol,38e8e465-1cdc-49c0-a845-19d98f908dea,Eduard-Bodem-Gasse 8 6020 Innsbruck,http://www.steuernundrat.at/,http://www.steuernundrat.at/,office@steuernundrat.at,+43%20512%20342%20538 | +43%20664%204576630,https://firmen.wko.at/mag-fh-thomas-hermann-trenkwalder-steuernrat-magfh-thomas-trenkwalder-steuerberater/tirol/?firmaid=38e8e465-1cdc-49c0-a845-19d98f908dea&standortid=7&standortname=tirol%20%28bundesland%29&suchbegriff=immobilienverwalter
mag fh wilhelm hager,Mag. (FH) Wilhelm Hager,Mag. (FH) Wilhelm Hager,1,niederösterreich,10bc827a-33b1-46ad-9dc5-8b2980b2aacd,Waldsiedlung 73 2320 Rauchenwarth,,,,,https://firmen.wko.at/mag-fh-wilhelm-hager/nieder%c3%b6sterreich/?firmaid=10bc827a-33b1-46ad-9dc5-8b2980b2aacd&standortid=2&standortname=nieder%c3%b6sterreich%20%28bundesland%29&suchbegriff=immobilienverwalter
mag alexander oliver grainer,Mag. Alexander Oliver Grainer,Mag. Alexander Oliver Grainer,1,wien,aaac58ca-fdba-4452-bf0b-9e3fc8fbcf01,office@grainer-immo.at 1170 Wien,,,office@grainer-immo.at,,https://firmen.wko.at/mag-alexander-oliver-grainer-mag-alexander-grainer-immobilienverwaltung/wien/?firmaid=aaac58ca-fdba-4452-bf0b-9e3fc8fbcf01&standortid=1&standortname=wien%20%28bundesland%29&suchbegriff=immobilienverwalter
mag alexander paleczek,Mag. Alexander Paleczek,Mag. Alexander Paleczek,1,wien,833e68f4-959f-4a5a-af4a-67c139e4a7f9,Schönbrunner Straße 112/2 1050 Wien,,,immobilien@paleczek.at,01/544%2005%2002,https://firmen.wko.at/mag-alexander-paleczek/wien/?firmaid=833e68f4-959f-4a5a-af4a-67c139e4a7f9&standortid=1&standortname=wien%20%28bundesland%29&suchbegriff=immobilienverwalter
mag alexandra richling,Mag. Alexandra Richling,Mag. Alexandra Richling,1,wien,0cb1c8a5-67c0-4eb6-ac2c-243caff148fe,Auhofstraße 78C/1 1130 Wien,http://www.richling.at/,http://www.richling.at/,haus@richling.at,01/877%2023%2045 | 0676/9361500,https://firmen.wko.at/mag-alexandra-richling/wien/?firmaid=0cb1c8a5-67c0-4eb6-ac2c-243caff148fe&standortid=1&standortname=wien%20%28bundesland%29&suchbegriff=immobilienverwalter
mag aline sophie anna ehrenfried,Mag. Aline Sophie Anna Ehrenfried,Mag. Aline Sophie Anna Ehrenfried,1,wien,a2dc1f14-c7d4-4467-b8e4-864d1613f632,Theresiengasse 31/7 1180 Wien,,,,,https://firmen.wko.at/mag-aline-sophie-anna-ehrenfried/wien/?firmaid=a2dc1f14-c7d4-4467-b8e4-864d1613f632&standortid=1&standortname=wien%20%28bundesland%29&suchbegriff=immobilienverwalter
mag andreas christian baumgartner,Mag. Andreas Christian Baumgartner,Mag. Andreas Christian Baumgartner,1,kärnten,90d82d17-0879-40e4-b087-59105d6cec0e,Villacher Schächtestraße 2/1 9500 Villach,,,,,https://firmen.wko.at/mag-andreas-christian-baumgartner/k%c3%a4rnten/?firmaid=90d82d17-0879-40e4-b087-59105d6cec0e&standortid=6&standortname=k%c3%a4rnten%20%28bundesland%29&suchbegriff=immobilienverwalter
mag andreas karl hamerle,Mag. Andreas Karl Hamerle,Mag. Andreas Karl Hamerle,1,niederösterreich,5112ab91-e5f9-4bb8-9c38-ac42849b5e03,Inkustraße 1-7 Stiege 8 3400 Klosterneuburg,,,,,https://firmen.wko.at/mag-andreas-karl-hamerle/nieder%c3%b6sterreich/?firmaid=5112ab91-e5f9-4bb8-9c38-ac42849b5e03&standortid=2&standortname=nieder%c3%b6sterreich%20%28bundesland%29&suchbegriff=immobilienverwalter
mag andreas pommerening,Mag. Andreas Pommerening,Mag. Andreas Pommerening,1,wien,f74c5e6c-c732-45fd-bcb5-9b8899258089,Schulz-Straßnitzki-Gasse 11 1090 Wien,,,andreas.pommerening.immo@gmail.com,+43%20699%2011600500,https://firmen.wko.at/mag-andreas-pommerening/wien/?firmaid=f74c5e6c-c732-45fd-bcb5-9b8899258089&standortid=1&standortname=wien%20%28bundesland%29&suchbegriff=immobilienverwalter
mag angela maria lackinger,Mag. Angela Maria Lackinger,Mag. Angela Maria Lackinger,2,niederösterreich,0602cc89-47e0-418e-861f-e4fdd6c0f84c | 9b081e94-0257-48f4-b56f-080627d12382,Hauptstraße 54/6/1 2325 Himberg | Graben 17 2662 Schwarzau im Gebirge,,,,,https://firmen.wko.at/mag-angela-maria-lackinger/nieder%c3%b6sterreich/?firmaid=0602cc89-47e0-418e-861f-e4fdd6c0f84c&standortid=2&standortname=nieder%c3%b6sterreich%20%28bundesland%29&suchbegriff=immobilienverwalter
mag angelika filek,Mag. Angelika Filek,Mag. Angelika Filek,1,wien,72fd073b-df2b-48db-a1f4-191f6fe2f8e7,Schönborngasse 15/4 1080 Wien,,,office@filek-immo.at,+43%20(1)%20407%2041%2035 | +43%20676%20407%2041%2035,https://firmen.wko.at/mag-angelika-filek-filek-immobilien/wien/?firmaid=72fd073b-df2b-48db-a1f4-191f6fe2f8e7&standortid=1&standortname=wien%20%28bundesland%29&suchbegriff=immobilienverwalter
mag angelika sabine mayer,Mag. Angelika Sabine Mayer,Mag. Angelika Sabine Mayer,1,wien,3a2498f6-3a98-4f65-818f-5f38304a98b5,Eslarngasse 2/34 1030 Wien,,,,,https://firmen.wko.at/mag-angelika-sabine-mayer/wien/?firmaid=3a2498f6-3a98-4f65-818f-5f38304a98b5&standortid=1&standortname=wien%20%28bundesland%29&suchbegriff=immobilienverwalter
mag armin vuketich e u,Mag. Armin Vuketich e.U.,Mag. Armin Vuketich e.U.,1,tirol,71dc50c2-d8ef-4ba3-9116-4b9762cec6fa,Kirschentalgasse 1 6020 Innsbruck,http://www.vuketich.at/,http://www.vuketich.at/,office@vuketich.at,0512-27%2059%2047,https://firmen.wko.at/mag-armin-vuketich-eu/tirol/?firmaid=71dc50c2-d8ef-4ba3-9116-4b9762cec6fa&standortid=7&standortname=tirol%20%28bundesland%29&suchbegriff=immobilienverwalter
mag barbara gabriele waltersdorfer,Mag. Barbara Gabriele Waltersdorfer,Mag. Barbara Gabriele Waltersdorfer,1,kärnten,05fecd51-249b-468c-a185-134b01111bb8,Rieding 74 9431 St. Stefan,,,,,https://firmen.wko.at/mag-barbara-gabriele-waltersdorfer/k%c3%a4rnten/?firmaid=05fecd51-249b-468c-a185-134b01111bb8&standortid=6&standortname=k%c3%a4rnten%20%28bundesland%29&suchbegriff=immobilienverwalter
mag birgit gabriele wilhelm,Mag. Birgit Gabriele Wilhelm,Mag. Birgit Gabriele Wilhelm,1,wien,50e71bb2-18ee-4f46-83db-5000e2df53e1,Hawelgasse 27 1180 Wien,,,,,https://firmen.wko.at/mag-birgit-gabriele-wilhelm/wien/?firmaid=50e71bb2-18ee-4f46-83db-5000e2df53e1&standortid=1&standortname=wien%20%28bundesland%29&suchbegriff=immobilienverwalter
mag brigitta claudia van ommen,Mag. Brigitta Claudia van Ommen,Mag. Brigitta Claudia van Ommen,1,wien,47d61160-7968-4d9d-b905-3a8822743fdf,Bechardgasse 19/4 1030 Wien,,,,,https://firmen.wko.at/mag-brigitta-claudia-van-ommen/wien/?firmaid=47d61160-7968-4d9d-b905-3a8822743fdf&standortid=1&standortname=wien%20%28bundesland%29&suchbegriff=immobilienverwalter
mag brigitte klein,Mag. Brigitte Klein,Mag. Brigitte Klein,1,oberösterreich,ab3b2b6f-d2ba-4d9f-9de1-7b938a3c392e,Hauptstraße 7d/3 4861 Schörfling am Attersee,,,,,https://firmen.wko.at/mag-brigitte-klein/ober%c3%b6sterreich/?firmaid=ab3b2b6f-d2ba-4d9f-9de1-7b938a3c392e&standortid=3&standortname=ober%c3%b6sterreich%20%28bundesland%29&suchbegriff=immobilienverwalter
mag christian auer,Mag. Christian Auer,Mag. Christian Auer,1,steiermark,03b62992-c2be-4bd8-91c6-7efc6e585123,Hofgasse 8 8010 Graz,,,,,https://firmen.wko.at/mag-christian-auer/steiermark/?firmaid=03b62992-c2be-4bd8-91c6-7efc6e585123&standortid=5&standortname=steiermark%20%28bundesland%29&suchbegriff=immobilienverwalter
mag christoph leonhard korosec,Mag. Christoph Leonhard Korosec,Mag. Christoph Leonhard Korosec,1,niederösterreich,fee36c01-5577-436d-96a3-cd43ff7d3dfb,Hainfelder Straße 23 3040 Neulengbach,,,,,https://firmen.wko.at/mag-christoph-leonhard-korosec/nieder%c3%b6sterreich/?firmaid=fee36c01-5577-436d-96a3-cd43ff7d3dfb&standortid=2&standortname=nieder%c3%b6sterreich%20%28bundesland%29&suchbegriff=immobilienverwalter
mag claudia johanna buchanan,Mag. Claudia Johanna Buchanan,Mag. Claudia Johanna Buchanan,1,tirol,810022a5-c2f6-489f-a522-4185e03734c0,Lebenbergweg 36 6370 Kitzbühel,,,,,https://firmen.wko.at/mag-claudia-johanna-buchanan/tirol/?firmaid=810022a5-c2f6-489f-a522-4185e03734c0&standortid=7&standortname=tirol%20%28bundesland%29&suchbegriff=immobilienverwalter
mag corinna margarete gulder,Mag. Corinna Margarete Gulder,Mag. Corinna Margarete Gulder,1,wien,8b69973a-48e5-4ad9-8253-3892555576c9,Troststraße 6/17 1100 Wien,,,cgulder@aon.at,+4369915458543,https://firmen.wko.at/mag-corinna-margarete-gulder/wien/?firmaid=8b69973a-48e5-4ad9-8253-3892555576c9&standortid=1&standortname=wien%20%28bundesland%29&suchbegriff=immobilienverwalter
mag daniela und harald podobnig immobilien treuhand gesellschaft m b h,Mag. Daniela und Harald Podobnig Immobilien Treuhand-Gesellschaft m.b.H.,Mag. Daniela und Harald Podobnig Immobilien Treuhand-Gesellschaft m.b.H.,1,wien,25aa57d5-d057-4484-850d-2fe7a6aefef7,Lorenz-Weiß-Gasse 6A/2 1140 Wien,,,hausverwaltung@podobnig.at,01/982%2067%2035-0,https://firmen.wko.at/mag-daniela-und-harald-podobnig-immobilien-treuhand-gesellschaft-mbh/wien/?firmaid=25aa57d5-d057-4484-850d-2fe7a6aefef7&standortid=1&standortname=wien%20%28bundesland%29&suchbegriff=immobilienverwalter
mag daniela wachsmann,Mag. Daniela Wachsmann,Mag. Daniela Wachsmann,1,wien,6b938e37-538d-47d1-86db-1b384479a717,Hietzinger Hauptstraße 108/5 1130 Wien,,,,,https://firmen.wko.at/mag-daniela-wachsmann/wien/?firmaid=6b938e37-538d-47d1-86db-1b384479a717&standortid=1&standortname=wien%20%28bundesland%29&suchbegriff=immobilienverwalter
mag david reisinger witzmann,Mag. David Reisinger-Witzmann,Mag. David Reisinger-Witzmann,1,oberösterreich,1662fbb2-f55e-446b-9241-3e2461d94b5c,Bürgerstraße 49 4020 Linz,,,,,https://firmen.wko.at/mag-david-reisinger-witzmann/ober%c3%b6sterreich/?firmaid=1662fbb2-f55e-446b-9241-3e2461d94b5c&standortid=3&standortname=ober%c3%b6sterreich%20%28bundesland%29&suchbegriff=immobilienverwalter
mag doris schreiner gmbh,Mag. Doris Schreiner GmbH,Mag. Doris Schreiner GmbH,1,burgenland,2857f9ea-1305-43b2-8040-f9d585444806,Esterházyplatz 6a 7000 Eisenstadt,,,,,https://firmen.wko.at/mag-doris-schreiner-gmbh/burgenland/?firmaid=2857f9ea-1305-43b2-8040-f9d585444806&standortid=9&standortname=burgenland%20%28bundesland%29&suchbegriff=immobilienverwalter
mag dr claudia houben,Mag. Dr. Claudia Houben,Mag. Dr. Claudia Houben,1,wien,b37fe9ec-340a-4600-99bb-0f043ec99905,Pacassistraße 74 1130 Wien,,,,,https://firmen.wko.at/mag-dr-claudia-houben/wien/?firmaid=b37fe9ec-340a-4600-99bb-0f043ec99905&standortid=1&standortname=wien%20%28bundesland%29&suchbegriff=immobilienverwalter
mag dr claudia maria müllner,Mag. Dr. Claudia Maria Müllner,Mag. Dr. Claudia Maria Müllner,1,niederösterreich,c905967e-af48-4513-8e4a-d388a98d2417,Brühler Straße 3 2340 Mödling,,,,,https://firmen.wko.at/mag-dr-claudia-maria-m%c3%bcllner/nieder%c3%b6sterreich/?firmaid=c905967e-af48-4513-8e4a-d388a98d2417&standortid=2&standortname=nieder%c3%b6sterreich%20%28bundesland%29&suchbegriff=immobilienverwalter
mag dr edith mann,Mag. Dr. Edith Mann,Mag. Dr. Edith Mann,1,tirol,90a328cb-d8c8-4e09-b35e-ba3b5a16feba,Prof. Ploner-Straße 9 9900 Lienz,,,edith.mann@posteo.at,004369981730085,https://firmen.wko.at/mag-dr-edith-mann-immobilien-dr-edith-mann-hausverwaltung-maklerin-beratung/tirol/?firmaid=90a328cb-d8c8-4e09-b35e-ba3b5a16feba&standortid=7&standortname=tirol%20%28bundesland%29&suchbegriff=immobilienverwalter
mag dr felicitas claudia tuchmann,Mag. Dr. Felicitas Claudia Tuchmann,Mag. Dr. Felicitas Claudia Tuchmann,1,wien,bf31a223-6f2a-48d8-9a63-1a84654682dd,Hameaustraße 15A(HAUS 3) 1190 Wien,,,,,https://firmen.wko.at/mag-dr-felicitas-claudia-tuchmann/wien/?firmaid=bf31a223-6f2a-48d8-9a63-1a84654682dd&standortid=1&standortname=wien%20%28bundesland%29&suchbegriff=immobilienverwalter
mag dr johanna arco,Mag. Dr. Johanna Arco,Mag. Dr. Johanna Arco,1,wien,4d984eb5-8476-4428-83ff-85b21c426f0d,Hedwiggasse 2 1020 Wien,,,,,https://firmen.wko.at/mag-dr-johanna-arco/wien/?firmaid=4d984eb5-8476-4428-83ff-85b21c426f0d&standortid=1&standortname=wien%20%28bundesland%29&suchbegriff=immobilienverwalter
mag dr kommr raimund engelbert neuwirther,Mag. Dr. KommR Raimund Engelbert Neuwirther,Mag. Dr. KommR Raimund Engelbert Neuwirther,1,kärnten,ee16df9d-10ac-4ce9-85f8-d36808110b67,+43 4262 2083 0664 1601355,,,raimund@neuwirther.com,+43%204262%202083 | 0664%201601355,https://firmen.wko.at/mag-dr-kommr-raimund-engelbert-neuwirther/k%c3%a4rnten/?firmaid=ee16df9d-10ac-4ce9-85f8-d36808110b67&standortid=6&standortname=k%c3%a4rnten%20%28bundesland%29&suchbegriff=immobilienverwalter
mag dr kurt denk,Mag. Dr. Kurt Denk,Mag. Dr. Kurt Denk,1,wien,e1f0d681-4410-44e4-95e6-f5af5ca5fdeb,Schönbrunner Straße 88 1050 Wien,,,,,https://firmen.wko.at/mag-dr-kurt-denk/wien/?firmaid=e1f0d681-4410-44e4-95e6-f5af5ca5fdeb&standortid=1&standortname=wien%20%28bundesland%29&suchbegriff=immobilienverwalter
mag dr markus günter köck,Mag. Dr. Markus Günter Köck,Mag. Dr. Markus Günter Köck,1,tirol,2435b7a9-0fd0-42d7-8870-95a70ef8512a,Malserstraße 39 6500 Landeck,http://www.immobilien-koeck.com/,http://www.immobilien-koeck.com/,office@immobilien-koeck.com,+43%20(0)5442%2066304 | +43%20(0)664%20914%207077,https://firmen.wko.at/mag-dr-markus-g%c3%bcnter-k%c3%b6ck-immobilien-management-dr-koeck/tirol/?firmaid=2435b7a9-0fd0-42d7-8870-95a70ef8512a&standortid=7&standortname=tirol%20%28bundesland%29&suchbegriff=immobilienverwalter
mag dr markus johannes singer,Mag. Dr. Markus Johannes Singer,Mag. Dr. Markus Johannes Singer,1,wien,1b5d021e-346d-440e-af17-72d5246cba93,Seilerstätte 17/3.OG 1010 Wien,,,,,https://firmen.wko.at/mag-dr-markus-johannes-singer/wien/?firmaid=1b5d021e-346d-440e-af17-72d5246cba93&standortid=1&standortname=wien%20%28bundesland%29&suchbegriff=immobilienverwalter
mag dr stefan malainer,Mag. Dr. Stefan Malainer,Mag. Dr. Stefan Malainer,1,wien,831ca9ce-8edc-43cd-91ec-e6a4a81d7d67,Hegelgasse 8 1010 Wien,,,,,https://firmen.wko.at/mag-dr-stefan-malainer/wien/?firmaid=831ca9ce-8edc-43cd-91ec-e6a4a81d7d67&standortid=1&standortname=wien%20%28bundesland%29&suchbegriff=immobilienverwalter
mag dr vanessa rosina pöttinger semm,Mag. Dr. Vanessa Rosina Pöttinger-Semm,Mag. Dr. Vanessa Rosina Pöttinger-Semm,1,niederösterreich,8a12e611-939e-433b-a252-64a9a26367e0,"Waidhofnerstraße (Hilm) 2, Tür 1 3331 Sonntagberg",,,,,https://firmen.wko.at/mag-dr-vanessa-rosina-p%c3%b6ttinger-semm/nieder%c3%b6sterreich/?firmaid=8a12e611-939e-433b-a252-64a9a26367e0&standortid=2&standortname=nieder%c3%b6sterreich%20%28bundesland%29&suchbegriff=immobilienverwalter
mag edgar müller,Mag. Edgar Müller,Mag. Edgar Müller,1,wien,57416153-5814-4bc5-bac7-3f60f2e85ba8,Taborstraße 20 1020 Wien,,,ivme@live.at,(+43%201)%20585%2037%2065,https://firmen.wko.at/mag-edgar-m%c3%bcller-immobilienverwaltung-mag-edgar-m%c3%bcller/wien/?firmaid=57416153-5814-4bc5-bac7-3f60f2e85ba8&standortid=1&standortname=wien%20%28bundesland%29&suchbegriff=immobilienverwalter
mag elisabeth dorschner,Mag. Elisabeth Dorschner,Mag. Elisabeth Dorschner,1,wien,f1a12750-0f69-431e-81b5-2e09756e243d,Columbusgasse 80/8 1100 Wien,,,elisabethdorschner@gmx.at,+43%20(1)%206044286,https://firmen.wko.at/mag-elisabeth-dorschner/wien/?firmaid=f1a12750-0f69-431e-81b5-2e09756e243d&standortid=1&standortname=wien%20%28bundesland%29&suchbegriff=immobilienverwalter
mag elisabeth hedwig edtmayr,Mag. Elisabeth Hedwig Edtmayr,Mag. Elisabeth Hedwig Edtmayr,1,wien,3de8c6e4-65ad-4da1-9348-bcdb42bd7717,Roterdstraße 76/2 1160 Wien,,,,,https://firmen.wko.at/mag-elisabeth-hedwig-edtmayr/wien/?firmaid=3de8c6e4-65ad-4da1-9348-bcdb42bd7717&standortid=1&standortname=wien%20%28bundesland%29&suchbegriff=immobilienverwalter
mag elisabeth kittl,Mag. Elisabeth Kittl,Mag. Elisabeth Kittl,1,wien,9bbdae3b-06bc-4472-9d5a-66c566dff23b,"Jägerstraße 24, Tür 18 1200 Wien",,,elisabeth@kittl.priv.at,+43%20(0676)%20433%200%20994,https://firmen.wko.at/mag-elisabeth-kittl-immobilientreuh%c3%a4nderin-eingeschr%c3%a4nkt-auf-makler-verwalter/wien/?firmaid=9bbdae3b-06bc-4472-9d5a-66c566dff23b&standortid=1&standortname=wien%20%28bundesland%29&suchbegriff=immobilienverwalter
mag ellen christina moll,Mag. Ellen Christina Moll,Mag. Ellen Christina Moll,1,tirol,b4ae6d52-d4dc-4d80-a89e-e568dd6918bf,Amraser Straße 63 6020 Innsbruck,,,,,https://firmen.wko.at/mag-ellen-christina-moll/tirol/?firmaid=b4ae6d52-d4dc-4d80-a89e-e568dd6918bf&standortid=7&standortname=tirol%20%28bundesland%29&suchbegriff=immobilienverwalter
mag erwin josef hammerlitz,Mag. Erwin Josef Hammerlitz,Mag. Erwin Josef Hammerlitz,1,oberösterreich,d2439e99-4575-42af-87c6-a83d6b979f35,Stadtplatz 3 4840 Vöcklabruck,,,immotop@aon.at,0664/1813907,https://firmen.wko.at/mag-erwin-josef-hammerlitz/ober%c3%b6sterreich/?firmaid=d2439e99-4575-42af-87c6-a83d6b979f35&standortid=3&standortname=ober%c3%b6sterreich%20%28bundesland%29&suchbegriff=immobilienverwalter
mag eva kaserer immobilien und hausverwaltung gmbh und co kg,Mag. Eva Kaserer Immobilien und Hausverwaltung GmbH & Co. KG,Mag. Eva Kaserer Immobilien und Hausverwaltung GmbH & Co. KG,1,salzburg,d2b1972b-c5ad-4842-b83b-097c3da14c72,Nonntaler Hauptstraße 56A 5020 Salzburg,,,,,https://firmen.wko.at/mag-eva-kaserer-immobilien-und-hausverwaltung-gmbh-und-co-kg/salzburg/?firmaid=d2b1972b-c5ad-4842-b83b-097c3da14c72&standortid=4&standortname=salzburg%20%28bundesland%29&suchbegriff=immobilienverwalter
mag felix reinhard hohenberg,Mag. Felix Reinhard Hohenberg,Mag. Felix Reinhard Hohenberg,1,steiermark,d745d9d7-4b8d-4f2e-976c-6cc4498b016e,Leechgasse 29 8010 Graz,,,,,https://firmen.wko.at/mag-felix-reinhard-hohenberg/steiermark/?firmaid=d745d9d7-4b8d-4f2e-976c-6cc4498b016e&standortid=5&standortname=steiermark%20%28bundesland%29&suchbegriff=immobilienverwalter
mag ferdinand gaugeler,Mag. Ferdinand Gaugeler,Mag. Ferdinand Gaugeler,1,steiermark,231ed9d9-883c-41a3-a047-04b63a6fb1d4,Ruckerlberggasse 7 8010 Graz,,,office@gaugeler.at,+43%20(0)316-38%2067%2057,https://firmen.wko.at/mag-ferdinand-gaugeler/steiermark/?firmaid=231ed9d9-883c-41a3-a047-04b63a6fb1d4&standortid=5&standortname=steiermark%20%28bundesland%29&suchbegriff=immobilienverwalter
mag florian strobl,Mag. Florian Strobl,Mag. Florian Strobl,1,wien,9e1dcfca-5a40-425d-b506-a5255811ddad,Montleartstraße 1B/4/20 1140 Wien,,,,,https://firmen.wko.at/mag-florian-strobl/wien/?firmaid=9e1dcfca-5a40-425d-b506-a5255811ddad&standortid=1&standortname=wien%20%28bundesland%29&suchbegriff=immobilienverwalter
mag franz josef pfeifenberger,Mag. Franz Josef Pfeifenberger,Mag. Franz Josef Pfeifenberger,1,tirol,896d6720-f4c8-4b1f-ae55-ab0ccf38bf24,Am Sonnenberg 2 6410 Telfs,https://www.fp-immo.at/,https://www.fp-immo.at/,office@fp-immo.at,+43%20664%202864%20596%20,https://firmen.wko.at/mag-franz-josef-pfeifenberger-fp-immo/tirol/?firmaid=896d6720-f4c8-4b1f-ae55-ab0ccf38bf24&standortid=7&standortname=tirol%20%28bundesland%29&suchbegriff=immobilienverwalter
mag fünder hausverwaltungs gmbh,Mag. Fünder Hausverwaltungs GmbH,Mag. Fünder Hausverwaltungs GmbH,1,wien,53ef40af-b11c-485f-9014-191183e623c0,Wattmanngasse 7/14 1130 Wien,,,,,https://firmen.wko.at/mag-f%c3%bcnder-hausverwaltungs-gmbh/wien/?firmaid=53ef40af-b11c-485f-9014-191183e623c0&standortid=1&standortname=wien%20%28bundesland%29&suchbegriff=immobilienverwalter
mag gabriele hubacek,Mag. Gabriele Hubacek,Mag. Gabriele Hubacek,1,wien,1e0b8f5f-4bb4-44a1-910b-401bc1c2c1af,Josefstädter Straße 16 1080 Wien,,,,,https://firmen.wko.at/mag-gabriele-hubacek/wien/?firmaid=1e0b8f5f-4bb4-44a1-910b-401bc1c2c1af&standortid=1&standortname=wien%20%28bundesland%29&suchbegriff=immobilienverwalter
mag gabriele richter,Mag. Gabriele Richter,Mag. Gabriele Richter,1,wien,d3317753-4c38-45e1-b5a1-9eae92147617,"Praterstraße 55, Tür 8 1020 Wien",,,office@hvrichter.at,+43(0)1214%2038%2084-0,https://firmen.wko.at/mag-gabriele-richter/wien/?firmaid=d3317753-4c38-45e1-b5a1-9eae92147617&standortid=1&standortname=wien%20%28bundesland%29&suchbegriff=immobilienverwalter
mag gerald scharler,Mag. Gerald Scharler,Mag. Gerald Scharler,1,salzburg,166aa37f-3293-4d96-94cb-c702a923648a,Hochköniggasse 8 5500 Bischofshofen,,,,,https://firmen.wko.at/mag-gerald-scharler/salzburg/?firmaid=166aa37f-3293-4d96-94cb-c702a923648a&standortid=4&standortname=salzburg%20%28bundesland%29&suchbegriff=immobilienverwalter
mag gerhard leopoldine marousek,Mag. Gerhard Leopoldine Marousek,Mag. Gerhard Leopoldine Marousek,1,wien,843e1150-a026-4b98-ae36-01dfbb65c841,Dannebergplatz 12 1030 Wien,,,,01/713%2022%2026,https://firmen.wko.at/mag-gerhard-leopoldine-marousek/wien/?firmaid=843e1150-a026-4b98-ae36-01dfbb65c841&standortid=1&standortname=wien%20%28bundesland%29&suchbegriff=immobilienverwalter
mag gregor johannes marberger,Mag. Gregor Johannes Marberger,Mag. Gregor Johannes Marberger,1,tirol,d47421e6-ddd7-4ca0-bc10-3b8a726bf1e9,Bahnhofstraße 9 6430 Ötztal-Bahnhof,,,,,https://firmen.wko.at/mag-gregor-johannes-marberger/tirol/?firmaid=d47421e6-ddd7-4ca0-bc10-3b8a726bf1e9&standortid=7&standortname=tirol%20%28bundesland%29&suchbegriff=immobilienverwalter
mag gregor rozmyslowski,Mag. Gregor Rozmyslowski,Mag. Gregor Rozmyslowski,1,wien,f3a02347-44a7-4f15-9b3a-47537ce4bc99,Webgasse 44/4 1060 Wien,,,,,https://firmen.wko.at/mag-gregor-rozmyslowski/wien/?firmaid=f3a02347-44a7-4f15-9b3a-47537ce4bc99&standortid=1&standortname=wien%20%28bundesland%29&suchbegriff=immobilienverwalter
mag harald köppl,Mag. Harald Köppl,Mag. Harald Köppl,1,steiermark,40f9e4e1-57d6-4e8d-b712-51ff6a6a09e9,Judenburgerstraße 24 8580 Köflach,,,hv-koeppl@aon.at,+43%20(0)3144-71%205%2031,https://firmen.wko.at/mag-harald-k%c3%b6ppl/steiermark/?firmaid=40f9e4e1-57d6-4e8d-b712-51ff6a6a09e9&standortid=5&standortname=steiermark%20%28bundesland%29&suchbegriff=immobilienverwalter
mag harald lajlar,Mag. Harald Lajlar,Mag. Harald Lajlar,1,tirol,f38f3f14-8525-41f6-a819-e27c4a040bff,Sillgasse 12/IV 6020 Innsbruck,,,,,https://firmen.wko.at/mag-harald-lajlar/tirol/?firmaid=f38f3f14-8525-41f6-a819-e27c4a040bff&standortid=7&standortname=tirol%20%28bundesland%29&suchbegriff=immobilienverwalter
mag heidelinde weissofner goriup,Mag. Heidelinde Weissofner-Goriup,Mag. Heidelinde Weissofner-Goriup,1,steiermark,e937c069-0aef-44fd-9ede-74b12c06196a,Wego Immobilien 0676 75 356 75,http://www.wegoimmobilien.at/,http://www.wegoimmobilien.at/,office@wegoimmobilien.at,0676%2075%20356%2075 | +43%20(676)%2075%20356%2075,https://firmen.wko.at/mag-heidelinde-weissofner-goriup-wego-immobilien/steiermark/?firmaid=e937c069-0aef-44fd-9ede-74b12c06196a&standortid=5&standortname=steiermark%20%28bundesland%29&suchbegriff=immobilienverwalter
mag hemma elisabeth schmölz neuwirther,Mag. Hemma Elisabeth Schmölz-Neuwirther,Mag. Hemma Elisabeth Schmölz-Neuwirther,1,wien,0c3c3934-e686-4d93-8ba6-4e2e9ddd0305,Alsegger Straße 42/16 1180 Wien,,,,,https://firmen.wko.at/mag-hemma-elisabeth-schm%c3%b6lz-neuwirther/wien/?firmaid=0c3c3934-e686-4d93-8ba6-4e2e9ddd0305&standortid=1&standortname=wien%20%28bundesland%29&suchbegriff=immobilienverwalter
mag herbert scheiblmair,Mag. Herbert Scheiblmair,Mag. Herbert Scheiblmair,1,oberösterreich,3ed809ad-57b6-49ff-808c-d048ff9f7023,Moosstraße 8 5230 Mattighofen,,,,,https://firmen.wko.at/mag-herbert-scheiblmair/ober%c3%b6sterreich/?firmaid=3ed809ad-57b6-49ff-808c-d048ff9f7023&standortid=3&standortname=ober%c3%b6sterreich%20%28bundesland%29&suchbegriff=immobilienverwalter
mag herwig ringhofer ba,"Mag. Herwig Ringhofer, BA","Mag. Herwig Ringhofer, BA",1,wien,c9a2baeb-7147-4010-8446-86d7249f49ed,Ausstellungsstraße 3/19 1020 Wien,,,,,https://firmen.wko.at/mag-herwig-ringhofer-ba/wien/?firmaid=c9a2baeb-7147-4010-8446-86d7249f49ed&standortid=1&standortname=wien%20%28bundesland%29&suchbegriff=immobilienverwalter
mag hirschler und partner immobilien ges m b h,Mag. Hirschler & Partner Immobilien-Ges.m.b.H.,Mag. Hirschler & Partner Immobilien-Ges.m.b.H.,2,kärnten | wien,4a37c71b-980d-41b4-b3d7-9259dcf8f74b | 48078bc4-43b6-4664-8db6-7ae3d085c40c,Herbert-Strutz-Weg 10-12 9020 Klagenfurt am Wörthersee | Kaiser-Ebersdorfer Straße 218/1 1110 Wien,,,office@hirschler-immobilien.at,,https://firmen.wko.at/mag-hirschler-und-partner-immobilien-gesmbh/k%c3%a4rnten/?firmaid=4a37c71b-980d-41b4-b3d7-9259dcf8f74b&standortid=6&standortname=k%c3%a4rnten%20%28bundesland%29&suchbegriff=immobilienverwalter
mag humitsch immobilien verwaltungs gmbh,Mag. Humitsch Immobilien Verwaltungs GmbH,Mag. Humitsch Immobilien Verwaltungs GmbH,1,steiermark,290b0093-1b68-4d6f-a672-ab897a0bba41,Kaiserfeldgasse 22/11 8010 Graz,,,office@immobilien-huber.at,+43%20(0)316-82%2005%2040,https://firmen.wko.at/mag-humitsch-immobilien-verwaltungs-gmbh/steiermark/?firmaid=290b0093-1b68-4d6f-a672-ab897a0bba41&standortid=5&standortname=steiermark%20%28bundesland%29&suchbegriff=immobilienverwalter
mag ilse tötterström,Mag. Ilse Tötterström,Mag. Ilse Tötterström,1,wien,c6ba9479-19a7-4a9f-adf2-2367d18388c1,Petrusgasse 11 1030 Wien,https://hvit.at/,https://hvit.at/,info@hvit.at,+43(0)1%207131147,https://firmen.wko.at/mag-ilse-t%c3%b6tterstr%c3%b6m/wien/?firmaid=c6ba9479-19a7-4a9f-adf2-2367d18388c1&standortid=1&standortname=wien%20%28bundesland%29&suchbegriff=immobilienverwalter
mag iris germ,Mag. Iris Germ,Mag. Iris Germ,1,kärnten,8c116ad8-eae4-4b31-ba2b-099064712e20,Tarviser Straße 136 9020 Klagenfurt am Wörthersee,http://www.immo-germ.at/,http://www.immo-germ.at/,iris.germ@immo-germ.at,+43(463)%2025%20660%20%20 | +43(664)1%20319%20319,https://firmen.wko.at/mag-iris-germ-immo-germ-mag-iris-germ-immobilien/k%c3%a4rnten/?firmaid=8c116ad8-eae4-4b31-ba2b-099064712e20&standortid=6&standortname=k%c3%a4rnten%20%28bundesland%29&suchbegriff=immobilienverwalter
mag iris schmatz,Mag. Iris Schmatz,Mag. Iris Schmatz,1,wien,08093180-cb16-42ae-adb5-77df66a634ba,Blindengasse 53/17 1080 Wien,,,,,https://firmen.wko.at/mag-iris-schmatz/wien/?firmaid=08093180-cb16-42ae-adb5-77df66a634ba&standortid=1&standortname=wien%20%28bundesland%29&suchbegriff=immobilienverwalter
mag jasmine glaser,Mag. Jasmine Glaser,Mag. Jasmine Glaser,1,steiermark,797e1c0d-4d55-482e-895a-7d35355b92ec,"Augasse 82, Tür 13 8051 Graz",,,,,https://firmen.wko.at/mag-jasmine-glaser/steiermark/?firmaid=797e1c0d-4d55-482e-895a-7d35355b92ec&standortid=5&standortname=steiermark%20%28bundesland%29&suchbegriff=immobilienverwalter
mag johann adorjan,Mag. Johann Adorjan,Mag. Johann Adorjan,1,burgenland,93b0b41b-f6c9-4ee7-8ff6-34fcdaf0cd40,Anzengrubergasse 11/2 7400 Oberwart,,,office@adorjan.at,+43%20(03352)%2032708,https://firmen.wko.at/mag-johann-adorjan-immobilientreuh%c3%84nder/burgenland/?firmaid=93b0b41b-f6c9-4ee7-8ff6-34fcdaf0cd40&standortid=9&standortname=burgenland%20%28bundesland%29&suchbegriff=immobilienverwalter
mag karin irmgard philipp,Mag. Karin Irmgard Philipp,Mag. Karin Irmgard Philipp,1,steiermark,c7c65557-05a3-470f-8cd9-742ded526421,Brockmanngasse 68 8010 Graz,,,immo.magphilipp@utanet.at,0316/82%2017%2022-0,https://firmen.wko.at/mag-karin-irmgard-philipp-immobilien-mag-philipp-vermittlung-u-verwaltung/steiermark/?firmaid=c7c65557-05a3-470f-8cd9-742ded526421&standortid=5&standortname=steiermark%20%28bundesland%29&suchbegriff=immobilienverwalter
mag karl stessl,Mag. Karl Stessl,Mag. Karl Stessl,1,steiermark,5a28de9d-b6d6-4caa-abac-c428dd8061a8,Steyrergasse 87/5 8010 Graz,,,,,https://firmen.wko.at/mag-karl-stessl/steiermark/?firmaid=5a28de9d-b6d6-4caa-abac-c428dd8061a8&standortid=5&standortname=steiermark%20%28bundesland%29&suchbegriff=immobilienverwalter
mag klaus baumgartner,Mag. Klaus Baumgartner,Mag. Klaus Baumgartner,1,wien,489d4a37-260a-425a-b578-40939bf853e4,Pallenbergstraße 31B 1130 Wien,,,baumimmo13@gmail.com,+4366488253883,https://firmen.wko.at/mag-klaus-baumgartner/wien/?firmaid=489d4a37-260a-425a-b578-40939bf853e4&standortid=1&standortname=wien%20%28bundesland%29&suchbegriff=immobilienverwalter
mag klaus strohmeier e u,Mag. Klaus Strohmeier e.U.,Mag. Klaus Strohmeier e.U.,1,steiermark,23e2c7c4-80b4-414e-9eac-bb8852121dbb,Fischeraustraße 13 8051 Graz,,,,,https://firmen.wko.at/mag-klaus-strohmeier-eu/steiermark/?firmaid=23e2c7c4-80b4-414e-9eac-bb8852121dbb&standortid=5&standortname=steiermark%20%28bundesland%29&suchbegriff=immobilienverwalter
mag klaus winter,Mag. Klaus Winter,Mag. Klaus Winter,1,salzburg,3630e75d-e760-4a0f-b718-c0c38120458e,General-Keyes-Straße 40 5020 Salzburg,,,winter.immobilien@aon.at,,https://firmen.wko.at/mag-klaus-winter/salzburg/?firmaid=3630e75d-e760-4a0f-b718-c0c38120458e&standortid=4&standortname=salzburg%20%28bundesland%29&suchbegriff=immobilienverwalter
mag klaus dieter stingl,Mag. Klaus-Dieter Stingl,Mag. Klaus-Dieter Stingl,1,niederösterreich,cb0292ef-b703-4906-80a5-0a223c23a567,Pfarrgasse 4/2 2340 Mödling,http://www.immobilienverwaltung.at/,http://www.immobilienverwaltung.at/,office@immobilienverwaltung.at,+43%202236%20893%20991 | +43%20699%2010%20893%20893,https://firmen.wko.at/mag-klaus-dieter-stingl-mag-stingl-klaus-immobilienverwaltung/nieder%c3%b6sterreich/?firmaid=cb0292ef-b703-4906-80a5-0a223c23a567&standortid=2&standortname=nieder%c3%b6sterreich%20%28bundesland%29&suchbegriff=immobilienverwalter
mag kofler vermögenstreuhand gmbh,Mag. Kofler Vermögenstreuhand GmbH,Mag. Kofler Vermögenstreuhand GmbH,1,vorarlberg,06048534-253e-497e-9d00-3c5cae47f74b,Am Garnmarkt 3 6840 Götzis,https://www.mag-kofler.at/,https://www.mag-kofler.at/,office@mag-kofler.at,+43%205523%2053156,https://firmen.wko.at/mag-kofler-verm%c3%b6genstreuhand-gmbh-immobilenverwaltung-makler-und-facility-services/vorarlberg/?firmaid=06048534-253e-497e-9d00-3c5cae47f74b&standortid=8&standortname=vorarlberg%20%28bundesland%29&suchbegriff=immobilienverwalter
mag konstantin florian lasserus,Mag. Konstantin Florian Lasserus,Mag. Konstantin Florian Lasserus,1,steiermark,650bd052-ee71-404a-b87b-370eb028ae91,Rudolfstraße 25/1 8010 Graz,https://www.lasserus.at/,https://www.lasserus.at/,verwaltung@lasserus.at,+43316%20384646,https://firmen.wko.at/mag-konstantin-florian-lasserus-immobilienverwaltung/steiermark/?firmaid=650bd052-ee71-404a-b87b-370eb028ae91&standortid=5&standortname=steiermark%20%28bundesland%29&suchbegriff=immobilienverwalter
mag lesser immobilienverwaltungs gmbh,Mag. Lesser Immobilienverwaltungs GmbH,Mag. Lesser Immobilienverwaltungs GmbH,2,steiermark,6ca31221-77f8-4d1a-beeb-ea1b5e3e33b8 | 7e4a9f03-31c7-4dac-ae9e-00d237ee61f9,"Dannerhof 3, Tür 1 8750 Judenburg | Annenstraße 23 8020 Graz",,,,,https://firmen.wko.at/mag-lesser-immobilienverwaltungs-gmbh/steiermark/?firmaid=6ca31221-77f8-4d1a-beeb-ea1b5e3e33b8&standortid=5&standortname=steiermark%20%28bundesland%29&suchbegriff=immobilienverwalter
mag manfred grob,Mag. Manfred Grob,Mag. Manfred Grob,1,wien,7dc53a76-0a36-4893-9f7a-47bd29980332,Murlingengasse 43 1120 Wien,,,,01/813%2026%2067,https://firmen.wko.at/mag-manfred-grob/wien/?firmaid=7dc53a76-0a36-4893-9f7a-47bd29980332&standortid=1&standortname=wien%20%28bundesland%29&suchbegriff=immobilienverwalter
mag marie theres scherbaum,Mag. Marie-Theres Scherbaum,Mag. Marie-Theres Scherbaum,1,wien,dc856e51-9200-4ad0-9a83-25dfd1f06002,Hietzinger Hauptstraße 36/11 1130 Wien,http://www.scherbaum.at/,http://www.scherbaum.at/,office@scherbaum.at,+43-1-8761474%20,https://firmen.wko.at/mag-marie-theres-scherbaum-mag-scherbaum-marie-theres/wien/?firmaid=dc856e51-9200-4ad0-9a83-25dfd1f06002&standortid=1&standortname=wien%20%28bundesland%29&suchbegriff=immobilienverwalter
mag markus christoph wörndle,Mag. Markus Christoph Wörndle,Mag. Markus Christoph Wörndle,1,tirol,b8a36bc6-cc92-44a2-aefe-105f2470b325,Hohe-Munde-Straße 8 6410 Telfs,http://www.woerndle.tirol/,http://www.woerndle.tirol/,office@woerndle.tirol,+43%205262%2063069,https://firmen.wko.at/mag-markus-christoph-w%c3%b6rndle-immobilienverwaltung-und-vermittlung/tirol/?firmaid=b8a36bc6-cc92-44a2-aefe-105f2470b325&standortid=7&standortname=tirol%20%28bundesland%29&suchbegriff=immobilienverwalter
mag martin oliva,Mag. Martin Oliva,Mag. Martin Oliva,1,wien,b244df86-0d1a-4d48-8893-e95865a6164f,Mühlweg 81 1210 Wien,,,,,https://firmen.wko.at/mag-martin-oliva/wien/?firmaid=b244df86-0d1a-4d48-8893-e95865a6164f&standortid=1&standortname=wien%20%28bundesland%29&suchbegriff=immobilienverwalter
mag martin weislein,Mag. Martin Weislein,Mag. Martin Weislein,1,wien,dee59667-f29e-4fc2-b992-09e9c6cf13a5,Arndtstraße 90/35 1120 Wien,,,,,https://firmen.wko.at/mag-martin-weislein/wien/?firmaid=dee59667-f29e-4fc2-b992-09e9c6cf13a5&standortid=1&standortname=wien%20%28bundesland%29&suchbegriff=immobilienverwalter
mag martin winklehner,Mag. Martin Winklehner,Mag. Martin Winklehner,1,oberösterreich,e4fe4ee9-ab0d-4375-a7dd-6f95d1e6c491,Grub 4 4502 St. Marien,,,,,https://firmen.wko.at/mag-martin-winklehner/ober%c3%b6sterreich/?firmaid=e4fe4ee9-ab0d-4375-a7dd-6f95d1e6c491&standortid=3&standortname=ober%c3%b6sterreich%20%28bundesland%29&suchbegriff=immobilienverwalter
mag michael kres ll m,"Mag. Michael Kres, LL.M.","Mag. Michael Kres, LL.M.",1,steiermark,ca797ef6-1f4e-4a58-9559-a60e9ea25dc2,Blumengasse 163 8462 Gamlitz,,,,,https://firmen.wko.at/mag-michael-kres-llm/steiermark/?firmaid=ca797ef6-1f4e-4a58-9559-a60e9ea25dc2&standortid=5&standortname=steiermark%20%28bundesland%29&suchbegriff=immobilienverwalter
mag michael moser,Mag. Michael Moser,Mag. Michael Moser,1,niederösterreich,0ca5ddb1-af52-41ae-b0ff-3edd198bba78,Matullagasse 5 3100 St. Pölten,,,,,https://firmen.wko.at/mag-michael-moser/nieder%c3%b6sterreich/?firmaid=0ca5ddb1-af52-41ae-b0ff-3edd198bba78&standortid=2&standortname=nieder%c3%b6sterreich%20%28bundesland%29&suchbegriff=immobilienverwalter
mag michael thomas karner,Mag. Michael Thomas Karner,Mag. Michael Thomas Karner,1,oberösterreich,069b1e46-2f1f-42f4-b601-81ad6d0609f5,Gartenstadtstraße 16 4048 Puchenau,,,,0732/222442,https://firmen.wko.at/mag-michael-thomas-karner/ober%c3%b6sterreich/?firmaid=069b1e46-2f1f-42f4-b601-81ad6d0609f5&standortid=3&standortname=ober%c3%b6sterreich%20%28bundesland%29&suchbegriff=immobilienverwalter
mag michaela dorothee beznaus,Mag. Michaela Dorothee Beznaus,Mag. Michaela Dorothee Beznaus,2,niederösterreich | tirol,3d893d4b-23c1-4f93-9a1b-07af81fe0ce5 | 5e47f278-8b1c-415b-a836-8f33e150c755,Beethovengasse 4-6 3001 Mauerbach | Sporerberg 3 6365 Kirchberg in Tirol,,,,,https://firmen.wko.at/mag-michaela-dorothee-beznaus/nieder%c3%b6sterreich/?firmaid=3d893d4b-23c1-4f93-9a1b-07af81fe0ce5&standortid=2&standortname=nieder%c3%b6sterreich%20%28bundesland%29&suchbegriff=immobilienverwalter
mag monika maria aurelia beneš,Mag. Monika Maria Aurelia Beneš,Mag. Monika Maria Aurelia Beneš,1,wien,f603833e-112d-4439-8e42-5de6b8f8e3c2,Staudgasse 43/11 1180 Wien,,,mag.benes.immobilien@netway.at,01%20408%2054%2092,https://firmen.wko.at/mag-monika-maria-aurelia-bene/wien/?firmaid=f603833e-112d-4439-8e42-5de6b8f8e3c2&standortid=1&standortname=wien%20%28bundesland%29&suchbegriff=immobilienverwalter
mag monika reiterer,Mag. Monika Reiterer,Mag. Monika Reiterer,1,tirol,da8a61bd-b9ec-4405-9aa4-ba84bc8e32fa,Ing.-Thommen-Straße 4a 6020 Innsbruck,,,monika.reiterer@aon.at,0512/57%2010%2059,https://firmen.wko.at/mag-monika-reiterer/tirol/?firmaid=da8a61bd-b9ec-4405-9aa4-ba84bc8e32fa&standortid=7&standortname=tirol%20%28bundesland%29&suchbegriff=immobilienverwalter
mag oliver felix geissler,Mag. Oliver Felix Geissler,Mag. Oliver Felix Geissler,1,steiermark,d562c585-4645-4906-9b2f-8f09a53cdf48,Mariagrüner Straße 112 8043 Graz,,,,,https://firmen.wko.at/mag-oliver-felix-geissler/steiermark/?firmaid=d562c585-4645-4906-9b2f-8f09a53cdf48&standortid=5&standortname=steiermark%20%28bundesland%29&suchbegriff=immobilienverwalter
mag patrizia fellner,Mag. Patrizia Fellner,Mag. Patrizia Fellner,1,steiermark,097266ac-b48f-4acc-8155-ef5d33e27661,Klosterwiesgasse 70/Part 8010 Graz,,,,0676/317%2081%2007%20,https://firmen.wko.at/mag-patrizia-fellner/steiermark/?firmaid=097266ac-b48f-4acc-8155-ef5d33e27661&standortid=5&standortname=steiermark%20%28bundesland%29&suchbegriff=immobilienverwalter
mag peter lichtenegger,Mag. Peter Lichtenegger,Mag. Peter Lichtenegger,1,steiermark,c0742101-a877-45b9-b4a9-840568e1b7d9,Wienerstraße 180 8051 Graz,,,,,https://firmen.wko.at/mag-peter-lichtenegger/steiermark/?firmaid=c0742101-a877-45b9-b4a9-840568e1b7d9&standortid=5&standortname=steiermark%20%28bundesland%29&suchbegriff=immobilienverwalter
mag petra maria reisner,Mag. Petra Maria Reisner,Mag. Petra Maria Reisner,2,steiermark,c3f7d0cf-4aaf-423b-b095-8bed3b8a572a | f786a12e-eb1d-4fb1-a7c4-3146a6034efc,Opernring 7 8010 Graz | Rossegg 89 8511 Stainz,,,,,https://firmen.wko.at/mag-petra-maria-reisner/steiermark/?firmaid=c3f7d0cf-4aaf-423b-b095-8bed3b8a572a&standortid=5&standortname=steiermark%20%28bundesland%29&suchbegriff=immobilienverwalter
mag pfeifer immobilien gmbh,Mag. Pfeifer Immobilien GmbH,Mag. Pfeifer Immobilien GmbH,1,wien,dbbc4cd9-b9fd-4927-94b1-6b66402c5e4e,01 595 15 80 0664 1050393,http://www.mpimmo.at/,http://www.mpimmo.at/,office@mpimmo.at,01%20595%2015%2080 | 0664%201050393,https://firmen.wko.at/mag-pfeifer-immobilien-gmbh-mp-immobilien/wien/?firmaid=dbbc4cd9-b9fd-4927-94b1-6b66402c5e4e&standortid=1&standortname=wien%20%28bundesland%29&suchbegriff=immobilienverwalter
mag phil michael zechmeister,Mag. phil. Michael Zechmeister,Mag. phil. Michael Zechmeister,1,wien,708b4869-35a7-4483-9c7f-1939d503c132,Mariahilfer Straße 100/17 1070 Wien,,,,,https://firmen.wko.at/mag-phil-michael-zechmeister/wien/?firmaid=708b4869-35a7-4483-9c7f-1939d503c132&standortid=1&standortname=wien%20%28bundesland%29&suchbegriff=immobilienverwalter
mag pia christine jacoby,Mag. Pia Christine Jacoby,Mag. Pia Christine Jacoby,1,salzburg,fad0793a-63fe-4789-85ff-b40797ea1639,Sigmund-Haffner-Gasse 3 5020 Salzburg,,,,,https://firmen.wko.at/mag-pia-christine-jacoby/salzburg/?firmaid=fad0793a-63fe-4789-85ff-b40797ea1639&standortid=4&standortname=salzburg%20%28bundesland%29&suchbegriff=immobilienverwalter
mag rainer plöb,Mag. Rainer Plöb,Mag. Rainer Plöb,1,wien,41d80f04-bace-4e66-9e54-563a4bdec2fb,Engerthstraße 207/2 1020 Wien,,,,,https://firmen.wko.at/mag-rainer-pl%c3%b6b/wien/?firmaid=41d80f04-bace-4e66-9e54-563a4bdec2fb&standortid=1&standortname=wien%20%28bundesland%29&suchbegriff=immobilienverwalter
mag regina hammerl,Mag. Regina Hammerl,Mag. Regina Hammerl,1,wien,104d3ec4-8713-45a5-bc7a-6f7a06378957,Schilfweg 112 1220 Wien,,,,,https://firmen.wko.at/mag-regina-hammerl/wien/?firmaid=104d3ec4-8713-45a5-bc7a-6f7a06378957&standortid=1&standortname=wien%20%28bundesland%29&suchbegriff=immobilienverwalter
mag renate seidler,Mag. Renate Seidler,Mag. Renate Seidler,1,wien,9d44c52b-7cd5-43ca-af2b-2a97f4398f34,Favoritenstraße 2/10A 1040 Wien,,,,,https://firmen.wko.at/mag-renate-seidler/wien/?firmaid=9d44c52b-7cd5-43ca-af2b-2a97f4398f34&standortid=1&standortname=wien%20%28bundesland%29&suchbegriff=immobilienverwalter
mag rer soc oec heinrich pretscher,Mag. rer. soc. oec. Heinrich Pretscher,Mag. rer. soc. oec. Heinrich Pretscher,1,wien,4077967e-74a7-4ca9-b6b7-300e96226453,Zahnradbahnstraße 17B/5/2 1190 Wien,,,,,https://firmen.wko.at/mag-rer-soc-oec-heinrich-pretscher/wien/?firmaid=4077967e-74a7-4ca9-b6b7-300e96226453&standortid=1&standortname=wien%20%28bundesland%29&suchbegriff=immobilienverwalter
mag roland alfred manseder mba,"Mag. Roland Alfred Manseder, MBA","Mag. Roland Alfred Manseder, MBA",1,niederösterreich,8ef52da3-417d-4099-ba32-de4e8dea19ba,Wienerstraße 30 3062 Kirchstetten,http://mansederimmobilien.at/,http://mansederimmobilien.at/,office@mansederimmobilien.at,+43%202743%2078428 | +43%20664%2075056701,https://firmen.wko.at/mag-roland-alfred-manseder-mba-manseder-immobilien-inhab-mag-roland-manseder-mba/nieder%c3%b6sterreich/?firmaid=8ef52da3-417d-4099-ba32-de4e8dea19ba&standortid=2&standortname=nieder%c3%b6sterreich%20%28bundesland%29&suchbegriff=immobilienverwalter
mag schneidhofer immobilien e u,Mag. Schneidhofer Immobilien e.U.,Mag. Schneidhofer Immobilien e.U.,1,steiermark,738412f6-e94c-4cad-a4cb-17cb5f490f21,Schloßweg 2 8641 St.Marein/Mürztal,http://www.immobilien-fair.at/,http://www.immobilien-fair.at/,office@immobilien-fair.at,+43%203862%2051989 | +43%20664%2088366172,https://firmen.wko.at/mag-schneidhofer-immobilien-eu-fair-immobilien-und-hausverwaltung/steiermark/?firmaid=738412f6-e94c-4cad-a4cb-17cb5f490f21&standortid=5&standortname=steiermark%20%28bundesland%29&suchbegriff=immobilienverwalter
mag susanne ogris,Mag. Susanne Ogris,Mag. Susanne Ogris,1,kärnten,96010c54-1b43-469e-8409-d1fb504a2a87,Dr. Primus Lessiak Weg 21 9020 Klagenfurt am Wörthersee,,,,,https://firmen.wko.at/mag-susanne-ogris/k%c3%a4rnten/?firmaid=96010c54-1b43-469e-8409-d1fb504a2a87&standortid=6&standortname=k%c3%a4rnten%20%28bundesland%29&suchbegriff=immobilienverwalter
mag thomas engelits,Mag. Thomas Engelits,Mag. Thomas Engelits,1,wien,1c1074a9-12c2-4241-8236-529cd63fd8bd,Tiergartenstraße 4 1020 Wien,http://www.engelits.at/,http://www.engelits.at/,office@engelits.at,01%20728%2068%2091,https://firmen.wko.at/mag-thomas-engelits/wien/?firmaid=1c1074a9-12c2-4241-8236-529cd63fd8bd&standortid=1&standortname=wien%20%28bundesland%29&suchbegriff=immobilienverwalter
mag thomas frey,Mag. Thomas Frey,Mag. Thomas Frey,1,wien,181d7ec4-6522-4b79-9352-cd3b12fc8c2f,Eigelgasse 7 Haus 2 1230 Wien,http://www.freyflaeche.at/,http://www.freyflaeche.at/,office@freyflaeche.at,+43%20(1)%20997%2023%2024 | +43%20(1)%20997%2023%2024%2010,https://firmen.wko.at/mag-thomas-frey-frey-flaeche-thomas-frey-immobilien/wien/?firmaid=181d7ec4-6522-4b79-9352-cd3b12fc8c2f&standortid=1&standortname=wien%20%28bundesland%29&suchbegriff=immobilienverwalter
mag udo weinberger immobilien gmbh,Mag. Udo Weinberger Immobilien GmbH,Mag. Udo Weinberger Immobilien GmbH,1,wien,eccf5e87-4d88-4de3-bed3-56767bf4f52f,Frankgasse 2 1090 Wien,,,,,https://firmen.wko.at/mag-udo-weinberger-immobilien-gmbh/wien/?firmaid=eccf5e87-4d88-4de3-bed3-56767bf4f52f&standortid=1&standortname=wien%20%28bundesland%29&suchbegriff=immobilienverwalter
mag ursula kölbl kasper,Mag. Ursula Kölbl-Kasper,Mag. Ursula Kölbl-Kasper,1,steiermark,51b4e82c-25b3-481c-9ead-89938b138443,Hauptstraße 147 8141 Unterpremstätten,https://www.immobilien-verwaltung.at/,https://www.immobilien-verwaltung.at/,office@immobilien-verwaltung.at,+43%20(0)3136-20031,https://firmen.wko.at/mag-ursula-k%c3%b6lbl-kasper/steiermark/?firmaid=51b4e82c-25b3-481c-9ead-89938b138443&standortid=5&standortname=steiermark%20%28bundesland%29&suchbegriff=immobilienverwalter
mag viktoria renate schandl,Mag. Viktoria Renate Schandl,Mag. Viktoria Renate Schandl,1,burgenland,95636412-0aaa-4ded-b412-2ce78f177e19,Josef Hyrtl-Platz 2 7000 Eisenstadt,,,,,https://firmen.wko.at/mag-viktoria-renate-schandl/burgenland/?firmaid=95636412-0aaa-4ded-b412-2ce78f177e19&standortid=9&standortname=burgenland%20%28bundesland%29&suchbegriff=immobilienverwalter
mag walter hadlauer,Mag. Walter Hadlauer,Mag. Walter Hadlauer,1,tirol,8f032452-51cf-4938-ab94-83ab731e6dcf,Schneeburggasse 71/Top 7 6020 Innsbruck,,,,,https://firmen.wko.at/mag-walter-hadlauer-whimmobilien/tirol/?firmaid=8f032452-51cf-4938-ab94-83ab731e6dcf&standortid=7&standortname=tirol%20%28bundesland%29&suchbegriff=immobilienverwalter
mag wolfgang bachler,Mag. Wolfgang Bachler,Mag. Wolfgang Bachler,1,steiermark,29bace32-32c2-4b5d-84af-e6914359f48b,Rechbauerstraße 31/2. OG 8010 Graz,,,,,https://firmen.wko.at/mag-wolfgang-bachler/steiermark/?firmaid=29bace32-32c2-4b5d-84af-e6914359f48b&standortid=5&standortname=steiermark%20%28bundesland%29&suchbegriff=immobilienverwalter
mag wolfgang erwin fischer,Mag. Wolfgang Erwin Fischer,Mag. Wolfgang Erwin Fischer,1,tirol,0a44e229-7dbc-448e-a09b-6658c7e8aa3b,0512 93 41 80,,,,0512%2093%2041%2080,https://firmen.wko.at/mag-wolfgang-erwin-fischer/tirol/?firmaid=0a44e229-7dbc-448e-a09b-6658c7e8aa3b&standortid=7&standortname=tirol%20%28bundesland%29&suchbegriff=immobilienverwalter
mag fh sonja maria liedermann,Mag.(FH) Sonja Maria Liedermann,Mag.(FH) Sonja Maria Liedermann,1,niederösterreich,9a1048b2-3458-4e19-85e4-eed5ed4f7008,Jaro Schmied-Straße 6 2100 Korneuburg,,,,,https://firmen.wko.at/magfh-sonja-maria-liedermann/nieder%c3%b6sterreich/?firmaid=9a1048b2-3458-4e19-85e4-eed5ed4f7008&standortid=2&standortname=nieder%c3%b6sterreich%20%28bundesland%29&suchbegriff=immobilienverwalter
mag dr august karl reschreiter,Mag.Dr. August Karl Reschreiter,Mag. Dr. August Karl Reschreiter | Mag.Dr. August Karl Reschreiter,2,niederösterreich | wien,e5e0eab7-c9fa-4aba-8550-7ad3be423b1a | 5e6b4651-e4a9-4fc4-b7b1-84f0e340c70e,"Nestroygasse 3 Stg. 2, Tür 1 2620 Neunkirchen | Brandstätte 5/24 1010 Wien",,,,,https://firmen.wko.at/magdr-august-karl-reschreiter/nieder%c3%b6sterreich/?firmaid=e5e0eab7-c9fa-4aba-8550-7ad3be423b1a&standortid=2&standortname=nieder%c3%b6sterreich%20%28bundesland%29&suchbegriff=immobilienverwalter
magic square immobilien gmbh,Magic Square Immobilien GmbH,Magic Square Immobilien GmbH,1,wien,e9a60f10-41ab-4588-bc91-5dda628591e8,Seilergasse 4/5 1010 Wien,,,,,https://firmen.wko.at/magic-square-immobilien-gmbh/wien/?firmaid=e9a60f10-41ab-4588-bc91-5dda628591e8&standortid=1&standortname=wien%20%28bundesland%29&suchbegriff=immobilienverwalter
maier und ko immobilienverwaltungs gmbh,Maier&Ko Immobilienverwaltungs GmbH,Maier&Ko Immobilienverwaltungs GmbH,1,wien,b02ca945-3faa-42e9-9583-8f88b6be0d85,Preysinggasse 30 1150 Wien,,,,,https://firmen.wko.at/maierundko-immobilienverwaltungs-gmbh/wien/?firmaid=b02ca945-3faa-42e9-9583-8f88b6be0d85&standortid=1&standortname=wien%20%28bundesland%29&suchbegriff=immobilienverwalter
maja isabella steinwender schmuck,Maja Isabella Steinwender-Schmuck,Maja Isabella Steinwender-Schmuck,1,steiermark,ca24733e-ced9-4b38-a251-5aef3266bba9,Wielandgasse 44 8010 Graz,,,,,https://firmen.wko.at/maja-isabella-steinwender-schmuck/steiermark/?firmaid=ca24733e-ced9-4b38-a251-5aef3266bba9&standortid=5&standortname=steiermark%20%28bundesland%29&suchbegriff=immobilienverwalter
malainer immobilienverwaltungs gmbh,Malainer Immobilienverwaltungs GmbH,Malainer Immobilienverwaltungs GmbH,1,wien,7f5eb8a4-35b3-4656-afa3-78c921cf5187,Hegelgasse 8 1010 Wien,,,,,https://firmen.wko.at/malainer-immobilienverwaltungs-gmbh/wien/?firmaid=7f5eb8a4-35b3-4656-afa3-78c921cf5187&standortid=1&standortname=wien%20%28bundesland%29&suchbegriff=immobilienverwalter
malloth immobilien gmbh,Malloth Immobilien GmbH,Malloth Immobilien GmbH,2,burgenland | wien,5d15086d-ef3f-46aa-8daa-b8dd692980ef | 196c81c2-496e-4f7f-9698-3f9bc3f0162c,Am Schrändlsee 2 7142 Illmitz | Mozartgasse 4/11 1040 Wien,,,,,https://firmen.wko.at/malloth-immobilien-gmbh/burgenland/?firmaid=5d15086d-ef3f-46aa-8daa-b8dd692980ef&standortid=9&standortname=burgenland%20%28bundesland%29&suchbegriff=immobilienverwalter
manfred hofer,Manfred Hofer,Manfred Hofer,1,burgenland,0ec6b344-fd59-4b84-9951-09b96b7942f4,Batthyany-Straße 14 7540 Güssing,,,,,https://firmen.wko.at/manfred-hofer/burgenland/?firmaid=0ec6b344-fd59-4b84-9951-09b96b7942f4&standortid=9&standortname=burgenland%20%28bundesland%29&suchbegriff=immobilienverwalter
manfred michael patterer,Manfred Michael Patterer,Manfred Michael Patterer,1,kärnten,ec3b9e18-bcc7-486d-884f-c17e93484f71,Jantschgasse 39/2 9020 Klagenfurt am Wörthersee,http://www.expose-hausverwaltungen.at/,http://www.expose-hausverwaltungen.at/,mpatterer@aon.at,+43%20(0)69917166291,https://firmen.wko.at/manfred-michael-patterer-expose-hausverwaltungen/k%c3%a4rnten/?firmaid=ec3b9e18-bcc7-486d-884f-c17e93484f71&standortid=6&standortname=k%c3%a4rnten%20%28bundesland%29&suchbegriff=immobilienverwalter
manfred penkner,Manfred Penkner,Manfred Penkner,1,oberösterreich,cb25e68c-eefa-4191-bb7a-8ae75f7c82d1,Magnolienweg 9 4209 Engerwitzdorf,,,,,https://firmen.wko.at/manfred-penkner/ober%c3%b6sterreich/?firmaid=cb25e68c-eefa-4191-bb7a-8ae75f7c82d1&standortid=3&standortname=ober%c3%b6sterreich%20%28bundesland%29&suchbegriff=immobilienverwalter
mantler immobilien kg,Mantler Immobilien KG,Mantler Immobilien KG,1,wien,41551721-e340-4857-8b84-a561f3a87b67,Bellariastraße 6/5 1010 Wien,,,hvmantler@aon.at,01/%205236564%20,https://firmen.wko.at/mantler-immobilien-kg/wien/?firmaid=41551721-e340-4857-8b84-a561f3a87b67&standortid=1&standortname=wien%20%28bundesland%29&suchbegriff=immobilienverwalter
manuel walter roscher msc bsc,"Manuel Walter Roscher, MSc BSc","Manuel Walter Roscher, MSc BSc",1,kärnten,fca4bd17-6d11-4848-8cf1-aba3125d1b74,Paul-Hackhofer-Straße 14 9400 Wolfsberg,,,,,https://firmen.wko.at/manuel-walter-roscher-msc-bsc/k%c3%a4rnten/?firmaid=fca4bd17-6d11-4848-8cf1-aba3125d1b74&standortid=6&standortname=k%c3%a4rnten%20%28bundesland%29&suchbegriff=immobilienverwalter
manuela fasching,Manuela Fasching,Manuela Fasching,1,steiermark,4b92d8ab-a5e6-4be9-98ff-38c857764e88,"Mozartgasse 15, Tür 4 8073 Feldkirchen b.Graz",,,,,https://firmen.wko.at/manuela-fasching/steiermark/?firmaid=4b92d8ab-a5e6-4be9-98ff-38c857764e88&standortid=5&standortname=steiermark%20%28bundesland%29&suchbegriff=immobilienverwalter
manuela gabriel,Manuela Gabriel,Manuela Gabriel,1,kärnten,14d844c9-90a2-413a-9d12-318abb93324b,Kreuzstraße 5 9601 Arnoldstein,,,,,https://firmen.wko.at/manuela-gabriel/k%c3%a4rnten/?firmaid=14d844c9-90a2-413a-9d12-318abb93324b&standortid=6&standortname=k%c3%a4rnten%20%28bundesland%29&suchbegriff=immobilienverwalter
margret maria bergmann,Margret Maria Bergmann,Margret Maria Bergmann,1,salzburg,bf324efe-8769-4488-a74e-3a59f4d56b08,Haitzingallee 1a 5630 Bad Hofgastein,,,margret.bergmann@aon.at,+43%20650%205240313,https://firmen.wko.at/margret-maria-bergmann/salzburg/?firmaid=bf324efe-8769-4488-a74e-3a59f4d56b08&standortid=4&standortname=salzburg%20%28bundesland%29&suchbegriff=immobilienverwalter
mari immobilien und hausverwaltung og,Mari Immobilien & Hausverwaltung OG,Mari Immobilien & Hausverwaltung OG,1,kärnten,5dc77234-bd41-4880-a2a9-ed983c785f3d,Hauptstraße 163 9210 Pörtschach am Wörther See,,,,,https://firmen.wko.at/mari-immobilien-und-hausverwaltung-og/k%c3%a4rnten/?firmaid=5dc77234-bd41-4880-a2a9-ed983c785f3d&standortid=6&standortname=k%c3%a4rnten%20%28bundesland%29&suchbegriff=immobilienverwalter
maria elisabeth schuler,Maria Elisabeth Schuler,Maria Elisabeth Schuler,1,tirol,0b2a7649-9931-4e09-9332-44576ced6a3b,Nassereinerstraße 34 6580 St. Anton am Arlberg,,,m.schuler@st-anton.at,05446/%2030158 | 0650/%202903800,https://firmen.wko.at/maria-elisabeth-schuler/tirol/?firmaid=0b2a7649-9931-4e09-9332-44576ced6a3b&standortid=7&standortname=tirol%20%28bundesland%29&suchbegriff=immobilienverwalter
maria hummer ges m b h,Maria Hummer Ges.m.b.H.,Maria Hummer Ges.m.b.H.,1,niederösterreich,3e7b115e-1922-4f8e-9888-3b705beac90f,Postgasse 63 3435 Zwentendorf an der Donau,,,,,https://firmen.wko.at/maria-hummer-gesmbh/nieder%c3%b6sterreich/?firmaid=3e7b115e-1922-4f8e-9888-3b705beac90f&standortid=2&standortname=nieder%c3%b6sterreich%20%28bundesland%29&suchbegriff=immobilienverwalter
marian zupa,Marian Zupa,Marian Zupa,1,wien,1f38be82-2fe9-4d70-ad60-8514f4bb4c54,Tenschertstraße 12/1.Stock 1230 Wien,,,,,https://firmen.wko.at/marian-zupa/wien/?firmaid=1f38be82-2fe9-4d70-ad60-8514f4bb4c54&standortid=1&standortname=wien%20%28bundesland%29&suchbegriff=immobilienverwalter
marianne strasser,Marianne Strasser,Marianne Strasser,1,steiermark,c6ea81df-e3c1-482f-afef-52c16007b4db,Hausverwaltung 0043 (0)664 25 36 630,,,office@hausverwalterin.at,0043%20(0)664%2025%2036%20630,https://firmen.wko.at/marianne-strasser-hausverwaltung/steiermark/?firmaid=c6ea81df-e3c1-482f-afef-52c16007b4db&standortid=5&standortname=steiermark%20%28bundesland%29&suchbegriff=immobilienverwalter
mario auer,Mario Auer,Mario Auer,1,tirol,bc39b9ca-abf0-4b53-952d-a28bd9c011b0,Münchner Straße 21 6330 Kufstein,,,,,https://firmen.wko.at/mario-auer/tirol/?firmaid=bc39b9ca-abf0-4b53-952d-a28bd9c011b0&standortid=7&standortname=tirol%20%28bundesland%29&suchbegriff=immobilienverwalter
marktgemeinde perchtoldsdorf,Marktgemeinde Perchtoldsdorf,Marktgemeinde Perchtoldsdorf,1,niederösterreich,92da2ccc-bfcd-4bd5-a7d4-42d8edbb676f,Marktplatz 11 2380 Perchtoldsdorf,http://www.perchtoldsdorf.at/,http://www.perchtoldsdorf.at/,gemeinde@markt-perchtoldsdorf.at,01%20866%2083,https://firmen.wko.at/marktgemeinde-perchtoldsdorf/nieder%c3%b6sterreich/?firmaid=92da2ccc-bfcd-4bd5-a7d4-42d8edbb676f&standortid=2&standortname=nieder%c3%b6sterreich%20%28bundesland%29&suchbegriff=immobilienverwalter
markus alfons längle,Markus Alfons Längle,Markus Alfons Längle,1,vorarlberg,b082751b-29c4-4e47-b1b7-0464a3add2f5,Im Fälle 23 6822 Satteins,,,treuhand.laengle@aon.at,05524/8950,https://firmen.wko.at/markus-alfons-l%c3%a4ngle-l%c3%a4ngle-markus-geb%c3%a4udeverwaltung/vorarlberg/?firmaid=b082751b-29c4-4e47-b1b7-0464a3add2f5&standortid=8&standortname=vorarlberg%20%28bundesland%29&suchbegriff=immobilienverwalter
markus christian leitner,Markus Christian Leitner,Markus Christian Leitner,1,niederösterreich,d585c529-2672-441d-935e-855ba74a8688,"Unterer Stadtplatz 32, Tür 6 3340 Waidhofen an der Ybbs",,,,,https://firmen.wko.at/markus-christian-leitner/nieder%c3%b6sterreich/?firmaid=d585c529-2672-441d-935e-855ba74a8688&standortid=2&standortname=nieder%c3%b6sterreich%20%28bundesland%29&suchbegriff=immobilienverwalter
markus schuster,Markus Schuster,Markus Schuster,1,oberösterreich,33b414e4-7c14-4070-b537-611bf7ee1546,"Linzer Straße 3, Tür 6 4063 Hörsching",,,,,https://firmen.wko.at/markus-schuster/ober%c3%b6sterreich/?firmaid=33b414e4-7c14-4070-b537-611bf7ee1546&standortid=3&standortname=ober%c3%b6sterreich%20%28bundesland%29&suchbegriff=immobilienverwalter
marlies reitstätter,Marlies Reitstätter,Marlies Reitstätter,1,salzburg,0ccef216-f81b-461f-ac9b-f88c68004747,"Kurt-Schicht-Weg 1, Tür 4 5751 Maishofen",,,,,https://firmen.wko.at/marlies-reitst%c3%a4tter/salzburg/?firmaid=0ccef216-f81b-461f-ac9b-f88c68004747&standortid=4&standortname=salzburg%20%28bundesland%29&suchbegriff=immobilienverwalter
maro immobilienmanagement gmbh,MARO Immobilienmanagement GmbH,MARO Immobilienmanagement GmbH,1,niederösterreich,696525af-87fe-41cd-9576-0cad98e8af65,Herzog Leopold-Straße 16 2700 Wiener Neustadt,,,,,https://firmen.wko.at/maro-immobilienmanagement-gmbh/nieder%c3%b6sterreich/?firmaid=696525af-87fe-41cd-9576-0cad98e8af65&standortid=2&standortname=nieder%c3%b6sterreich%20%28bundesland%29&suchbegriff=immobilienverwalter
marsalek immobilien gmbh,Marsalek Immobilien GmbH,Marsalek Immobilien GmbH,1,steiermark,faeca2e9-0d80-450f-b41a-6ae5b33abedb,Hilmteichstraße 111 8043 Graz,,,fmarsalek@aol.com,+43%20699%2013189290,https://firmen.wko.at/marsalek-immobilien-gmbh/steiermark/?firmaid=faeca2e9-0d80-450f-b41a-6ae5b33abedb&standortid=5&standortname=steiermark%20%28bundesland%29&suchbegriff=immobilienverwalter
martha schwab,Martha Schwab,Martha Schwab,1,steiermark,2021b4b4-54e5-44b1-926a-c613df928279,Loretosiedlung 20 8164 Gutenberg,,,martha.schwab1@aon.at,0699/12%2055%2093%2011,https://firmen.wko.at/martha-schwab/steiermark/?firmaid=2021b4b4-54e5-44b1-926a-c613df928279&standortid=5&standortname=steiermark%20%28bundesland%29&suchbegriff=immobilienverwalter
martin gigler immobilienverwaltung e u,Martin Gigler Immobilienverwaltung e.U.,Martin Gigler Immobilienverwaltung e.U.,1,vorarlberg,f62555e4-fd58-4d7e-a709-db0c44d743b3,Mühlestraße 1 6922 Wolfurt,https://www.giglerimmo.at/,https://www.giglerimmo.at/,info@giglerimmo.at,069917321711,https://firmen.wko.at/martin-gigler-immobilienverwaltung-eu-martin-gigler-immobilienverwaltung-eu/vorarlberg/?firmaid=f62555e4-fd58-4d7e-a709-db0c44d743b3&standortid=8&standortname=vorarlberg%20%28bundesland%29&suchbegriff=immobilienverwalter
martin penz,Martin Penz,Martin Penz,1,tirol,043a4e3d-289c-4eb0-bc6c-1379d6e7f6f5,Franz-de-Paula-Penz-Weg 30 6165 Telfes im Stubai,http://www.avfp.at/,http://www.avfp.at/,office@avfp.at,+43/5225/64678,https://firmen.wko.at/martin-penz-a-v-f-p-allgemeiner-verm%c3%96gens-und-finanz-partner/tirol/?firmaid=043a4e3d-289c-4eb0-bc6c-1379d6e7f6f5&standortid=7&standortname=tirol%20%28bundesland%29&suchbegriff=immobilienverwalter
martin reicher,Martin Reicher,Martin Reicher,1,wien,e2e19ccb-889e-4e6a-9096-5a5359d80911,Puchsbaumgasse 21/18 1100 Wien,http://www.amiento.com/,http://www.amiento.com/,office@amiento.com,+4369910889980,https://firmen.wko.at/martin-reicher-amiento-martin-reicher/wien/?firmaid=e2e19ccb-889e-4e6a-9096-5a5359d80911&standortid=1&standortname=wien%20%28bundesland%29&suchbegriff=immobilienverwalter
martin vermögenstreuhand e u,MARTIN Vermögenstreuhand e.U.,MARTIN Vermögenstreuhand e.U.,1,vorarlberg,90bd81e4-87e9-4fa1-906b-415a6672f9a1,Hirschgraben 37 6800 Feldkirch,,,,,https://firmen.wko.at/martin-verm%c3%b6genstreuhand-eu/vorarlberg/?firmaid=90bd81e4-87e9-4fa1-906b-415a6672f9a1&standortid=8&standortname=vorarlberg%20%28bundesland%29&suchbegriff=immobilienverwalter
martina huber,Martina Huber,Martina Huber,1,oberösterreich,9b6ba9bf-5a91-4d7f-9fd6-35e5d12c8c42,Schmiedgasse 22 4822 Bad Goisern am Hallstättersee,,,,,https://firmen.wko.at/martina-huber/ober%c3%b6sterreich/?firmaid=9b6ba9bf-5a91-4d7f-9fd6-35e5d12c8c42&standortid=3&standortname=ober%c3%b6sterreich%20%28bundesland%29&suchbegriff=immobilienverwalter
martinuzzi gesellschaft m b h,Martinuzzi Gesellschaft m.b.H.,Martinuzzi Gesellschaft m.b.H.,1,wien,746d8b50-c207-42c2-aa0a-f88f9d85dd8a,Rizygasse 4A/12 1120 Wien,,,,,https://firmen.wko.at/martinuzzi-gesellschaft-mbh-martinuzzi-gesmbh-immobilien-und-realit%c3%a4ten-fn-92276a/wien/?firmaid=746d8b50-c207-42c2-aa0a-f88f9d85dd8a&standortid=1&standortname=wien%20%28bundesland%29&suchbegriff=immobilienverwalter
marus og,MARUS OG,MARUS OG,1,wien,a5e68bbc-9ab7-4671-a85d-82e62ef3548e,Nußberggasse 7/11 1190 Wien,,,,,https://firmen.wko.at/marus-og/wien/?firmaid=a5e68bbc-9ab7-4671-a85d-82e62ef3548e&standortid=1&standortname=wien%20%28bundesland%29&suchbegriff=immobilienverwalter
maschke und bayerl gesellschaft m b h,Maschke & Bayerl Gesellschaft m.b.H.,Maschke & Bayerl Gesellschaft m.b.H.,1,wien,09627f08-6025-444e-8865-a60ac26aa912,Albertgasse 26 1080 Wien,http://www.immobilientreuhaender.net/,http://www.immobilientreuhaender.net/,office@immobilientreuhaender.net,01%20402%2093%2035,https://firmen.wko.at/maschke-und-bayerl-gesellschaft-mbh/wien/?firmaid=09627f08-6025-444e-8865-a60ac26aa912&standortid=1&standortname=wien%20%28bundesland%29&suchbegriff=immobilienverwalter
materna immobilienmanagement gmbh,MATERNA Immobilienmanagement GmbH,MATERNA Immobilienmanagement GmbH,1,wien,86eb42bf-b76b-4fc4-8548-e446919ef9a4,Seitenstettengasse 5/37 1010 Wien,,,,,https://firmen.wko.at/materna-immobilienmanagement-gmbh/wien/?firmaid=86eb42bf-b76b-4fc4-8548-e446919ef9a4&standortid=1&standortname=wien%20%28bundesland%29&suchbegriff=immobilienverwalter
matra gmbh,MATRA GmbH,MATRA GmbH,1,kärnten,94dc6e0d-9e53-456d-8a81-eebf98208397,Bernsteinweg 18 9546 Bad Kleinkirchheim,,,,,https://firmen.wko.at/matra-gmbh/k%c3%a4rnten/?firmaid=94dc6e0d-9e53-456d-8a81-eebf98208397&standortid=6&standortname=k%c3%a4rnten%20%28bundesland%29&suchbegriff=immobilienverwalter
matthias koffer gmbh,Matthias Koffer GmbH,Matthias Koffer GmbH,1,wien,88f9fb90-c92f-4203-ad8f-111b7c510a41,Pötzleinsdorfer Straße 8/1 1180 Wien,,,koffer@hausverwaltung-koffer.com,01/%204780117,https://firmen.wko.at/matthias-koffer-gmbh-hausverwaltung-koffer/wien/?firmaid=88f9fb90-c92f-4203-ad8f-111b7c510a41&standortid=1&standortname=wien%20%28bundesland%29&suchbegriff=immobilienverwalter
mautner markhof immobilienverwaltungsges m b h,MAUTNER MARKHOF Immobilienverwaltungsges.m.b.H.,MAUTNER MARKHOF Immobilienverwaltungsges.m.b.H.,1,wien,a9093aca-ab84-4958-a564-9aa3b6fff53d,Schubertgasse 13/5 1090 Wien,http://www.mm-immo.at/,http://www.mm-immo.at/,office@mm-immo.at,01%20470%2009%2011%200,https://firmen.wko.at/mautner-markhof-immobilienverwaltungsgesmbh/wien/?firmaid=a9093aca-ab84-4958-a564-9aa3b6fff53d&standortid=1&standortname=wien%20%28bundesland%29&suchbegriff=immobilienverwalter
mawin immobilien gmbh,MAWIN Immobilien GmbH,MAWIN Immobilien GmbH,1,steiermark,8783c573-8e3c-46c8-b1b8-661732de5bc4,Engelgasse 51 8010 Graz,,,,,https://firmen.wko.at/mawin-immobilien-gmbh/steiermark/?firmaid=8783c573-8e3c-46c8-b1b8-661732de5bc4&standortid=5&standortname=steiermark%20%28bundesland%29&suchbegriff=immobilienverwalter
max mario jäger,Max Mario Jäger,Max Mario Jäger,1,steiermark,19664234-d783-4306-99fc-d4eaca5a48e5,Leonhardstraße 5/12 8010 Graz,,,,,https://firmen.wko.at/max-mario-j%c3%a4ger/steiermark/?firmaid=19664234-d783-4306-99fc-d4eaca5a48e5&standortid=5&standortname=steiermark%20%28bundesland%29&suchbegriff=immobilienverwalter
maxiimmo gmbh,maxiimmo GmbH,maxiimmo GmbH,1,vorarlberg,da7b95c0-0ee1-4ee6-a974-ec66ea8b7299,Pfründeweg 4 6830 Rankweil,http://www.maxiimmo.at/,http://www.maxiimmo.at/,info@maxiimmo.at,+43%20(0)5522%2024442%200,https://firmen.wko.at/maxiimmo-gmbh/vorarlberg/?firmaid=da7b95c0-0ee1-4ee6-a974-ec66ea8b7299&standortid=8&standortname=vorarlberg%20%28bundesland%29&suchbegriff=immobilienverwalter
mcarthurglen management gesellschaft m b h,McArthurGlen Management Gesellschaft m.b.H.,McArthurGlen Management Gesellschaft m.b.H.,2,burgenland | salzburg,c68fab59-adde-430d-b054-1eb93956904f | ac4b6d51-9f80-4b78-9858-e3dd873bfab4,Kasernenstraße 1 5071 Wals-Siezenheim | Designer Outlet Straße 1 7111 Parndorf,,,office@mcarthurglen.at,02166/36%2014,https://firmen.wko.at/mcarthurglen-management-gesellschaft-mbh/salzburg/?firmaid=c68fab59-adde-430d-b054-1eb93956904f&standortid=4&standortname=salzburg%20%28bundesland%29&suchbegriff=immobilienverwalter
mehr wert hausverwaltung gmbh,mehr:wert Hausverwaltung GmbH,mehr:wert Hausverwaltung GmbH,1,salzburg,ce7840ab-bb12-4527-b11c-50c192ab9848,Lofererstraße 76 5760 Saalfelden,,,,,https://firmen.wko.at/mehrwert-hausverwaltung-gmbh/salzburg/?firmaid=ce7840ab-bb12-4527-b11c-50c192ab9848&standortid=4&standortname=salzburg%20%28bundesland%29&suchbegriff=immobilienverwalter
mehrwert liegenschaftsverwaltung gmbh,Mehrwert Liegenschaftsverwaltung GmbH,Mehrwert Liegenschaftsverwaltung GmbH,1,steiermark,eb272d21-abd7-455a-9cea-bc87fc2eb1c7,Torplatz 4 8330 Feldbach,,,,,https://firmen.wko.at/mehrwert-liegenschaftsverwaltung-gmbh/steiermark/?firmaid=eb272d21-abd7-455a-9cea-bc87fc2eb1c7&standortid=5&standortname=steiermark%20%28bundesland%29&suchbegriff=immobilienverwalter
meiland management gmbh,MEILAND Management GmbH,MEILAND Management GmbH,1,steiermark,57c61b4c-3fb2-481d-a3e3-46a44ae01cd7,Janzgasse 4 8020 Graz,https://www.meiland.at/,https://www.meiland.at/,,,https://firmen.wko.at/meiland-management-gmbh/steiermark/?firmaid=57c61b4c-3fb2-481d-a3e3-46a44ae01cd7&standortid=5&standortname=steiermark%20%28bundesland%29&suchbegriff=immobilienverwalter
meister und pilgram gmbh,Meister & Pilgram GmbH,Meister & Pilgram GmbH,1,niederösterreich,6360b3b3-76da-4a23-b0b5-1189f77dbb14,Hauptplatz 10 2410 Hainburg a.d. Donau,,,immobilien@meister-pilgram.at,02165%2067297,https://firmen.wko.at/meister-und-pilgram-gmbh/nieder%c3%b6sterreich/?firmaid=6360b3b3-76da-4a23-b0b5-1189f77dbb14&standortid=2&standortname=nieder%c3%b6sterreich%20%28bundesland%29&suchbegriff=immobilienverwalter
meister und pilgram hv gmbh,Meister & Pilgram HV GmbH,Meister & Pilgram HV GmbH,1,wien,3a4120a7-b6bb-4df6-9528-6aee681a9dad,Taubstummengasse 6/2/5-6a 1040 Wien,,,,,https://firmen.wko.at/meister-und-pilgram-hv-gmbh/wien/?firmaid=3a4120a7-b6bb-4df6-9528-6aee681a9dad&standortid=1&standortname=wien%20%28bundesland%29&suchbegriff=immobilienverwalter
melamar gmbh,Melamar GmbH,Melamar GmbH,1,kärnten,7d8c779c-2023-43d9-be06-9669560c2d95,Wirtschaftspark 9 9130 Poggersdorf,,,,,https://firmen.wko.at/melamar-gmbh/k%c3%a4rnten/?firmaid=7d8c779c-2023-43d9-be06-9669560c2d95&standortid=6&standortname=k%c3%a4rnten%20%28bundesland%29&suchbegriff=immobilienverwalter
meritoria e u,Meritoria e.U.,Meritoria e.U.,1,tirol,8e29a854-10e6-41b7-a7b5-2ece54c68815,0699 10368503,https://www.meritoria.net/,https://www.meritoria.net/,office@meritoria.net,0699%2010368503%20,https://firmen.wko.at/meritoria-eu/tirol/?firmaid=8e29a854-10e6-41b7-a7b5-2ece54c68815&standortid=7&standortname=tirol%20%28bundesland%29&suchbegriff=immobilienverwalter
merkurreal gmbh und co kg,MERKURREAL GmbH & Co KG,MERKURREAL GmbH & Co KG,1,wien,c48ad5ae-bb73-416e-84fc-cb32fc2f5d6f,Webgasse 7/4 1060 Wien,http://www.merkurreal.at/,http://www.merkurreal.at/,office@merkurreal.at,+43(1)5051007,https://firmen.wko.at/merkurreal-gmbh-und-co-kg-immobilienverwaltung-immobilienmakler/wien/?firmaid=c48ad5ae-bb73-416e-84fc-cb32fc2f5d6f&standortid=1&standortname=wien%20%28bundesland%29&suchbegriff=immobilienverwalter
mersich immobilien gmbh,Mersich Immobilien GmbH,Mersich Immobilien GmbH,1,niederösterreich,f685b028-2ab0-4f51-b932-2a82896abdda,Rembrandtgasse 40 2380 Perchtoldsdorf,http://www.immomersich.at/,http://www.immomersich.at/,office@immomersich.at,+4318654217,https://firmen.wko.at/mersich-immobilien-gmbh-verwaltung-und-vermarktung-von-immobilien/nieder%c3%b6sterreich/?firmaid=f685b028-2ab0-4f51-b932-2a82896abdda&standortid=2&standortname=nieder%c3%b6sterreich%20%28bundesland%29&suchbegriff=immobilienverwalter
merstallinger und wachsmann og,Merstallinger & Wachsmann OG,Merstallinger & Wachsmann OG,1,wien,e958007c-a991-43da-adb6-c010c83472a3,Lannerstraße 24-26/3 1190 Wien,,,,,https://firmen.wko.at/merstallinger-und-wachsmann-og-immobilienverwaltung/wien/?firmaid=e958007c-a991-43da-adb6-c010c83472a3&standortid=1&standortname=wien%20%28bundesland%29&suchbegriff=immobilienverwalter
merwede gmbh,MERWEDE GmbH,MERWEDE GmbH,1,salzburg,0da042a0-2643-451b-a920-16de1a74c1a3,Oberkrimml 199 5743 Krimml,,,,,https://firmen.wko.at/merwede-gmbh/salzburg/?firmaid=0da042a0-2643-451b-a920-16de1a74c1a3&standortid=4&standortname=salzburg%20%28bundesland%29&suchbegriff=immobilienverwalter
mgh immobilientreuhand gmbh,MGH Immobilientreuhand GmbH,MGH Immobilientreuhand GmbH,1,wien,73e2b891-27a3-424f-a156-c2dba5190cd0,Diabelligasse 9/1/8 1130 Wien,,,,,https://firmen.wko.at/mgh-immobilientreuhand-gmbh/wien/?firmaid=73e2b891-27a3-424f-a156-c2dba5190cd0&standortid=1&standortname=wien%20%28bundesland%29&suchbegriff=immobilienverwalter
michael chalupa immobilienverwaltung gmbh,Michael Chalupa Immobilienverwaltung GmbH,Michael Chalupa Immobilienverwaltung GmbH,1,wien,64f8692e-5172-47f7-b212-1a7178c1d0f1,Schottenbastei 6 1010 Wien,,,,,https://firmen.wko.at/michael-chalupa-immobilienverwaltung-gmbh/wien/?firmaid=64f8692e-5172-47f7-b212-1a7178c1d0f1&standortid=1&standortname=wien%20%28bundesland%29&suchbegriff=immobilienverwalter
michael klinger immobilien e u,Michael Klinger Immobilien e.U.,Michael Klinger Immobilien e.U.,1,wien,3036f5c1-8d69-44a3-b639-2d509e983792,Mariahilfer Straße 57-59/16 1060 Wien,,,,,https://firmen.wko.at/michael-klinger-immobilien-eu/wien/?firmaid=3036f5c1-8d69-44a3-b639-2d509e983792&standortid=1&standortname=wien%20%28bundesland%29&suchbegriff=immobilienverwalter
michael oberbauer,Michael Oberbauer,Michael Oberbauer,1,wien,db532b0d-ef83-4474-897b-eb81a4d5e7fb,Favoritenstraße 70 1040 Wien,http://www.mob-immobilien.com/,http://www.mob-immobilien.com/,office@mob-immobilien.at,+43%20664%20301%2017%2072,https://firmen.wko.at/michael-oberbauer-immobilienverwalter-immobilienmakler/wien/?firmaid=db532b0d-ef83-4474-897b-eb81a4d5e7fb&standortid=1&standortname=wien%20%28bundesland%29&suchbegriff=immobilienverwalter
michael resch immobilienconsulting e u,Michael Resch Immobilienconsulting e.U.,Michael Resch Immobilienconsulting e.U.,1,wien,6d885acf-69e1-412b-8245-b6e145f6b30b,Hackhofergasse 9-11A/Block 1/2 1190 Wien,https://www.buero22.at/,https://www.buero22.at/,office@buero22.at,+43%201%20997%2044%2088%20-%200 | +43%20699%20122%2093%20262,https://firmen.wko.at/michael-resch-immobilienconsulting-eu/wien/?firmaid=6d885acf-69e1-412b-8245-b6e145f6b30b&standortid=1&standortname=wien%20%28bundesland%29&suchbegriff=immobilienverwalter
michael scheichbrein immobilienverwaltungsgesellschaft m b h,Michael Scheichbrein Immobilienverwaltungsgesellschaft m.b.H.,Michael Scheichbrein Immobilienverwaltungsgesellschaft m.b.H.,1,wien,972c6f89-eb13-49c0-8000-3e1e7fa7789e,Lange Gasse 20 1080 Wien,http://www.scheichbrein.at/,http://www.scheichbrein.at/,hv@scheichbrein.at,+43%2001%20408%2019%2070,https://firmen.wko.at/michael-scheichbrein-immobilienverwaltungsgesellschaft-mbh/wien/?firmaid=972c6f89-eb13-49c0-8000-3e1e7fa7789e&standortid=1&standortname=wien%20%28bundesland%29&suchbegriff=immobilienverwalter
michael siegfried blažić dipl im,"Michael Siegfried Blažić, Dipl. IM","Michael Siegfried Blažić, Dipl. IM",1,steiermark,d8742d15-16db-4c15-9923-e1d3df0f9124,Maygasse 41 8010 Graz,,,,,https://firmen.wko.at/michael-siegfried-blai-dipl-im/steiermark/?firmaid=d8742d15-16db-4c15-9923-e1d3df0f9124&standortid=5&standortname=steiermark%20%28bundesland%29&suchbegriff=immobilienverwalter
michaela arbesleitner,Michaela Arbesleitner,Michaela Arbesleitner,1,steiermark,c7ca6aa3-86c8-4872-afc5-ee3e35a21568,Dr. Theodor Körner-Straße 13 8600 Bruck an der Mur,http://www.arbesleitner-immobilien.at/,http://www.arbesleitner-immobilien.at/,office@arbesleitner-immobilien.at,+43%203862%2057962 | +436643076731,https://firmen.wko.at/michaela-arbesleitner-arbesleitner-immobilien/steiermark/?firmaid=c7ca6aa3-86c8-4872-afc5-ee3e35a21568&standortid=5&standortname=steiermark%20%28bundesland%29&suchbegriff=immobilienverwalter
michaela dorfer,Michaela Dorfer,Michaela Dorfer,1,steiermark,75e432d5-e4c9-4ad2-aa77-8e66b61f8a76,Kren & Dorfer 0316 83 18 69,,,office@dorfer-real.at,0316%2083%2018%2069,https://firmen.wko.at/michaela-dorfer-kren-und-dorfer/steiermark/?firmaid=75e432d5-e4c9-4ad2-aa77-8e66b61f8a76&standortid=5&standortname=steiermark%20%28bundesland%29&suchbegriff=immobilienverwalter
michaela hofer,Michaela Hofer,Michaela Hofer,1,niederösterreich,0d566840-1be3-40ae-ac36-87b26f32644c,Immobilienservice Michaela Hofer 0676 6913904,http://www.immobilienservicehofer.com/,http://www.immobilienservicehofer.com/,info@immobilienservicehofer.com,0676%206913904,https://firmen.wko.at/michaela-hofer-immobilienservice-michaela-hofer/nieder%c3%b6sterreich/?firmaid=0d566840-1be3-40ae-ac36-87b26f32644c&standortid=2&standortname=nieder%c3%b6sterreich%20%28bundesland%29&suchbegriff=immobilienverwalter
michaela schultz,Michaela Schultz,Michaela Schultz,1,niederösterreich,4299ab83-8c28-4561-92b1-a98f0fb912ea,Schärfring 24 3034 Maria Anzbach,,,,,https://firmen.wko.at/michaela-schultz/nieder%c3%b6sterreich/?firmaid=4299ab83-8c28-4561-92b1-a98f0fb912ea&standortid=2&standortname=nieder%c3%b6sterreich%20%28bundesland%29&suchbegriff=immobilienverwalter
mid realverwaltung gmbh,MID Realverwaltung GmbH,MID Realverwaltung GmbH,1,kärnten,d950512c-4bae-4049-86cd-03322d1b1213,Feldkirchner Straße 140 9020 Klagenfurt am Wörthersee,,,,,https://firmen.wko.at/mid-realverwaltung-gmbh/k%c3%a4rnten/?firmaid=d950512c-4bae-4049-86cd-03322d1b1213&standortid=6&standortname=k%c3%a4rnten%20%28bundesland%29&suchbegriff=immobilienverwalter
mietplus gmbh,mietplus GmbH,mietplus GmbH,1,vorarlberg,224381e1-2a58-45bf-8340-d0c0c5a2a0a5,Kaiser-Franz-Josef-Straße 15a 6890 Lustenau,,,,,https://firmen.wko.at/mietplus-gmbh/vorarlberg/?firmaid=224381e1-2a58-45bf-8340-d0c0c5a2a0a5&standortid=8&standortname=vorarlberg%20%28bundesland%29&suchbegriff=immobilienverwalter
mietwert gebäude und maschinenvermietung gmbh,MIETWERT Gebäude und Maschinenvermietung GmbH,MIETWERT Gebäude und Maschinenvermietung GmbH,1,niederösterreich,fb47d314-7287-4ed4-a5cf-5d28362fa171,"Gutenbergstraße 26, Tür 1 2620 Neunkirchen",,,,,https://firmen.wko.at/mietwert-geb%c3%a4ude-und-maschinenvermietung-gmbh/nieder%c3%b6sterreich/?firmaid=fb47d314-7287-4ed4-a5cf-5d28362fa171&standortid=2&standortname=nieder%c3%b6sterreich%20%28bundesland%29&suchbegriff=immobilienverwalter
millennium city betriebsges m b h,Millennium City Betriebsges.m.b.H.,Millennium City Betriebsges.m.b.H.,1,wien,382f6e45-1202-4827-bbd8-3b6ebf8034b7,Handelskai 94-96 1200 Wien,,,,,https://firmen.wko.at/millennium-city-betriebsgesmbh/wien/?firmaid=382f6e45-1202-4827-bbd8-3b6ebf8034b7&standortid=1&standortname=wien%20%28bundesland%29&suchbegriff=immobilienverwalter
millennium tower verwaltungs und service ges m b h,Millennium Tower Verwaltungs- und Service-Ges.m.b.H.,Millennium Tower Verwaltungs- und Service-Ges.m.b.H.,1,wien,46c9e387-5cec-4db0-924c-45173e0604fc,Handelskai 94-96 1200 Wien,,,,,https://firmen.wko.at/millennium-tower-verwaltungs-und-service-gesmbh/wien/?firmaid=46c9e387-5cec-4db0-924c-45173e0604fc&standortid=1&standortname=wien%20%28bundesland%29&suchbegriff=immobilienverwalter
mirvete ismaili miftari,Mirvete Ismaili-Miftari,Mirvete Ismaili-Miftari,1,niederösterreich,553c50e9-4127-4b11-b619-acfead416fc4,Sägewerksiedlung 22 2700 Katzelsdorf,,,,,https://firmen.wko.at/mirvete-ismaili-miftari/nieder%c3%b6sterreich/?firmaid=553c50e9-4127-4b11-b619-acfead416fc4&standortid=2&standortname=nieder%c3%b6sterreich%20%28bundesland%29&suchbegriff=immobilienverwalter
mittelsmann philipp sulek gmbh,Mittelsmann Philipp Sulek GmbH,Mittelsmann Philipp Sulek GmbH,2,wien,a0127f94-1fa4-4068-a8af-849ce89ab754 | d4ca84af-2ba1-4b86-9286-a1c9a1e7c175,Fasangasse 30/10 1030 Wien | Stolbergasse 23b/12 1050 Wien,http://www.sulek-immobilien.at/,http://www.sulek-immobilien.at/,info@sulek.immobilien,012262720 | 06601991988,https://firmen.wko.at/mittelsmann-philipp-sulek-gmbh/wien/?firmaid=a0127f94-1fa4-4068-a8af-849ce89ab754&standortid=1&standortname=wien%20%28bundesland%29&suchbegriff=immobilienverwalter
mivo immobilienmanagement gmbh,MIVO Immobilienmanagement GmbH,MIVO Immobilienmanagement GmbH,1,wien,38f99977-c133-440b-b95c-79e0a8e1c568,Riesgasse 3/15 1030 Wien,https://www.mivo.at/,https://www.mivo.at/,office@mivo.at,+43%201%2071053300,https://firmen.wko.at/mivo-immobilienmanagement-gmbh/wien/?firmaid=38f99977-c133-440b-b95c-79e0a8e1c568&standortid=1&standortname=wien%20%28bundesland%29&suchbegriff=immobilienverwalter
mivog immobilienverwertungs und verwaltungsgesellschaft m b h,MIVOG Immobilienverwertungs- und Verwaltungsgesellschaft m.b.H.,MIVOG Immobilienverwertungs- und Verwaltungsgesellschaft m.b.H.,1,steiermark,53bb5c86-616d-4130-9d62-18cf1180738e,Conrad-von-Hötzendorf-Straße 84 8010 Graz,,,office@merkurimmobilien.at,+43%20(0)316-8034,https://firmen.wko.at/mivog-immobilienverwertungs-und-verwaltungsgesellschaft-mbh/steiermark/?firmaid=53bb5c86-616d-4130-9d62-18cf1180738e&standortid=5&standortname=steiermark%20%28bundesland%29&suchbegriff=immobilienverwalter
mk immobilienverwaltung gmbh,MK Immobilienverwaltung GmbH,MK Immobilienverwaltung GmbH,1,kärnten,7a8abad1-d4f0-4d74-80a8-c46b86719579,Tirolerweg 11/B03 9073 Klagenfurt am Wörthersee,,,,,https://firmen.wko.at/mk-immobilienverwaltung-gmbh/k%c3%a4rnten/?firmaid=7a8abad1-d4f0-4d74-80a8-c46b86719579&standortid=6&standortname=k%c3%a4rnten%20%28bundesland%29&suchbegriff=immobilienverwalter
mki moser immobilien gmbh,MKI Moser Immobilien GmbH,MKI Moser Immobilien GmbH,1,steiermark,fc93f4a7-ac93-4371-afea-45f5996105fa,"Bundesstraße 13b, Tür 4 8850 Murau",,,,,https://firmen.wko.at/mki-moser-immobilien-gmbh/steiermark/?firmaid=fc93f4a7-ac93-4371-afea-45f5996105fa&standortid=5&standortname=steiermark%20%28bundesland%29&suchbegriff=immobilienverwalter
mmag dr matthias eduard gass,MMag. Dr. Matthias Eduard Gass,MMag. Dr. Matthias Eduard Gass,1,niederösterreich,fc274671-946d-4298-a394-33b3475a2348,Burwegstraße 37 3032 Eichgraben,,,,,https://firmen.wko.at/mmag-dr-matthias-eduard-gass/nieder%c3%b6sterreich/?firmaid=fc274671-946d-4298-a394-33b3475a2348&standortid=2&standortname=nieder%c3%b6sterreich%20%28bundesland%29&suchbegriff=immobilienverwalter
mmag elisabeth marie thérèse herberstein bakk mas,"MMag. Elisabeth Marie-Thérèse Herberstein, Bakk, MAS","MMag. Elisabeth Marie-Thérèse Herberstein, Bakk, MAS",1,wien,38fce70e-6767-4004-987c-2a91d5ab850e,Salzgries 16/6 A 1010 Wien,,,m.t.herberstein@herberstein.cc,01/535%2064%2079,https://firmen.wko.at/mmag-elisabeth-marie-thrse-herberstein-bakk-mas/wien/?firmaid=38fce70e-6767-4004-987c-2a91d5ab850e&standortid=1&standortname=wien%20%28bundesland%29&suchbegriff=immobilienverwalter
mmag sebastian johann strasshofer,MMag. Sebastian Johann Strasshofer,MMag. Sebastian Johann Strasshofer,1,tirol,bbcabfc1-51ae-4229-b5ab-ff21b8993932,Walter-Pichler-Straße 35 6410 Telfs,,,hausverwaltung@strasshofer.tirol,+43%20(0)5262%2064505,https://firmen.wko.at/mmag-sebastian-johann-strasshofer-hausverwaltung/tirol/?firmaid=bbcabfc1-51ae-4229-b5ab-ff21b8993932&standortid=7&standortname=tirol%20%28bundesland%29&suchbegriff=immobilienverwalter
mmb real estate 24 7 gmbh,MMB Real Estate 24/7 GmbH,MMB Real Estate 24/7 GmbH,1,wien,1ee38997-fed4-44d3-a1a3-8caf6fce911b,Hegelgasse 8/14 1010 Wien,,,,,https://firmen.wko.at/mmb-real-estate-24-7-gmbh/wien/?firmaid=1ee38997-fed4-44d3-a1a3-8caf6fce911b&standortid=1&standortname=wien%20%28bundesland%29&suchbegriff=immobilienverwalter
mmi holding gmbh,MMI Holding GmbH,MMI Holding GmbH,1,niederösterreich,34f5c326-055b-40e9-93cf-da5f824e9782,Linzer Straße 7 3100 St.Pölten,,,,,https://firmen.wko.at/mmi-holding-gmbh/nieder%c3%b6sterreich/?firmaid=34f5c326-055b-40e9-93cf-da5f824e9782&standortid=2&standortname=nieder%c3%b6sterreich%20%28bundesland%29&suchbegriff=immobilienverwalter
moderna immo real estate gmbh,Moderna.immo Real Estate GmbH,Moderna.immo Real Estate GmbH,1,kärnten,2b122a60-af5b-4dcd-95db-182955c31a01,Ramsauerstraße 25 9020 Klagenfurt am Wörthersee,,,,,https://firmen.wko.at/modernaimmo-real-estate-gmbh/k%c3%a4rnten/?firmaid=2b122a60-af5b-4dcd-95db-182955c31a01&standortid=6&standortname=k%c3%a4rnten%20%28bundesland%29&suchbegriff=immobilienverwalter
moeller real realitätenvermittlungs und verwaltungsgesellschaft mit beschränkter haftung,Moeller-Real Realitätenvermittlungs- und Verwaltungsgesellschaft mit beschränkter Haftung,Moeller-Real Realitätenvermittlungs- und Verwaltungsgesellschaft mit beschränkter Haftung,1,wien,62f44f20-a7c9-46fa-bdda-899331f44e92,Kollburggasse 20/5 1160 Wien,http://www.moeller-real.at/,http://www.moeller-real.at/,office@moeller-real.at,01/4856866,https://firmen.wko.at/moeller-real-realit%c3%a4tenvermittlungs-und-verwaltungsgesellschaft-mit-beschr%c3%a4nkter-haftung-moeller-real-gmbh/wien/?firmaid=62f44f20-a7c9-46fa-bdda-899331f44e92&standortid=1&standortname=wien%20%28bundesland%29&suchbegriff=immobilienverwalter
mohren immo gmbh und co kg,Mohren Immo GmbH & Co KG,Mohren Immo GmbH & Co KG,1,vorarlberg,d9b6c973-c614-4567-90a3-8f38c68fdd0c,Dr.-Waibel-Straße 2 6850 Dornbirn,,,,,https://firmen.wko.at/mohren-immo-gmbh-und-co-kg/vorarlberg/?firmaid=d9b6c973-c614-4567-90a3-8f38c68fdd0c&standortid=8&standortname=vorarlberg%20%28bundesland%29&suchbegriff=immobilienverwalter
momentum solid gmbh,Momentum Solid GmbH,Momentum Solid GmbH,1,tirol,3de6249c-4a3c-479c-a9d0-7a366fe7b742,Pirchmoos 15 6306 Söll,,,,,https://firmen.wko.at/momentum-solid-gmbh/tirol/?firmaid=3de6249c-4a3c-479c-a9d0-7a366fe7b742&standortid=7&standortname=tirol%20%28bundesland%29&suchbegriff=immobilienverwalter
monika auguste gröbl jurai,Monika Auguste Gröbl-Jurai,Monika Auguste Gröbl-Jurai,2,niederösterreich,25ad5cb2-6ede-4edc-b728-df8f43c7d99a | 59f67ec6-1d25-4085-84e9-317d0f88bf24,Hochstraße 11/5 2680 Semmering | Peterhofgasse 12 2500 Baden,,,office@jurai.at,02252%2044180,https://firmen.wko.at/monika-auguste-gr%c3%b6bl-jurai/nieder%c3%b6sterreich/?firmaid=25ad5cb2-6ede-4edc-b728-df8f43c7d99a&standortid=2&standortname=nieder%c3%b6sterreich%20%28bundesland%29&suchbegriff=immobilienverwalter
monika brugger,Monika Brugger,Monika Brugger,1,tirol,b18fcec7-1849-43c4-9853-31d44e843760,"Habichen 20, Tür 2 6433 Oetz",,,info@immobilien-brugger.at,+43%20664%207924803,https://firmen.wko.at/monika-brugger/tirol/?firmaid=b18fcec7-1849-43c4-9853-31d44e843760&standortid=7&standortname=tirol%20%28bundesland%29&suchbegriff=immobilienverwalter
monreal immobilienmanagement gmbh,MONREAL Immobilienmanagement GmbH,MONREAL Immobilienmanagement GmbH,1,wien,ba0c63ab-a9e3-4d25-8c43-30f1641934df,Brucknerstraße 4/3B 1040 Wien,,,office@monreal.at,01/533%2096%2080,https://firmen.wko.at/monreal-immobilienmanagement-gmbh/wien/?firmaid=ba0c63ab-a9e3-4d25-8c43-30f1641934df&standortid=1&standortname=wien%20%28bundesland%29&suchbegriff=immobilienverwalter
montfort immobilien treuhand gmbh,MONTFORT Immobilien Treuhand GmbH,MONTFORT Immobilien Treuhand GmbH,1,vorarlberg,0e2780ee-0281-4b7a-8dc4-ba38549b5e6f,Reichsstraße 118 6800 Feldkirch,,,,,https://firmen.wko.at/montfort-immobilien-treuhand-gmbh/vorarlberg/?firmaid=0e2780ee-0281-4b7a-8dc4-ba38549b5e6f&standortid=8&standortname=vorarlberg%20%28bundesland%29&suchbegriff=immobilienverwalter
morawitz immobilien gmbh,Morawitz Immobilien GmbH,Morawitz Immobilien GmbH,1,wien,ac84e7c9-1964-4f42-883d-c06ca598932c,Lerchenfelder Straße 141 1070 Wien,,,,,https://firmen.wko.at/morawitz-immobilien-gmbh/wien/?firmaid=ac84e7c9-1964-4f42-883d-c06ca598932c&standortid=1&standortname=wien%20%28bundesland%29&suchbegriff=immobilienverwalter
move gmbh und co kg,MOVE GmbH & Co KG,MOVE GmbH & Co KG,1,oberösterreich,846866ae-0426-442b-a13c-215ee6f6be40,Druckereistraße 3-30 4810 Gmunden,,,,,https://firmen.wko.at/move-gmbh-und-co-kg/ober%c3%b6sterreich/?firmaid=846866ae-0426-442b-a13c-215ee6f6be40&standortid=3&standortname=ober%c3%b6sterreich%20%28bundesland%29&suchbegriff=immobilienverwalter
msc oliver thalhamer,MSc Oliver Thalhamer,MSc Oliver Thalhamer,1,steiermark,80f5b12c-8fd8-4b2c-bfab-4b27d9c18f89,Morellenfeldgasse 13 8010 Graz,http://www.thalhamer.com/,http://www.thalhamer.com/,mthalhamer@thalhamer.com,+43%20(0)316%20890%2033%200,https://firmen.wko.at/msc-oliver-thalhamer-immobilientreuhand-thalhamer/steiermark/?firmaid=80f5b12c-8fd8-4b2c-bfab-4b27d9c18f89&standortid=5&standortname=steiermark%20%28bundesland%29&suchbegriff=immobilienverwalter
msp immobilientreuhänder gmbh,MSP Immobilientreuhänder GmbH,MSP Immobilientreuhänder GmbH,1,wien,b1cc90cc-370c-4ee6-aad1-4f93255bc523,Graben 29A 1010 Wien,,,,,https://firmen.wko.at/msp-immobilientreuh%c3%a4nder-gmbh/wien/?firmaid=b1cc90cc-370c-4ee6-aad1-4f93255bc523&standortid=1&standortname=wien%20%28bundesland%29&suchbegriff=immobilienverwalter
msp markus management gmbh,MSP Markus Management GmbH,MSP Markus Management GmbH,1,wien,b64c3f93-9263-47c8-8a3a-134e04f2588c,Trattnerhof 2 1010 Wien,,,,,https://firmen.wko.at/msp-markus-management-gmbh/wien/?firmaid=b64c3f93-9263-47c8-8a3a-134e04f2588c&standortid=1&standortname=wien%20%28bundesland%29&suchbegriff=immobilienverwalter
mt immobilienmanagement og,MT Immobilienmanagement OG,MT Immobilienmanagement OG,1,tirol,76a6d93b-41e1-4d20-8e36-6a97c115ae83,Gewerbepark 4a 6142 Mieders,,,,,https://firmen.wko.at/mt-immobilienmanagement-og/tirol/?firmaid=76a6d93b-41e1-4d20-8e36-6a97c115ae83&standortid=7&standortname=tirol%20%28bundesland%29&suchbegriff=immobilienverwalter
multi property gmbh,Multi Property GmbH,Multi Property GmbH,1,wien,af482b42-bba8-40b9-9831-27dc7ada42b2,Storkgasse 11/29 1050 Wien,,,,,https://firmen.wko.at/multi-property-gmbh/wien/?firmaid=af482b42-bba8-40b9-9831-27dc7ada42b2&standortid=1&standortname=wien%20%28bundesland%29&suchbegriff=immobilienverwalter
mw immobilienberatungs und beteiligungs gmbh,MW Immobilienberatungs- und -beteiligungs GmbH,MW Immobilienberatungs- und -beteiligungs GmbH,1,niederösterreich,b87ee15b-f3f7-49cc-b82a-04fd3b6503ee,Klostergasse 31 3100 St.Pölten,,,,,https://firmen.wko.at/mw-immobilienberatungs-und-beteiligungs-gmbh/nieder%c3%b6sterreich/?firmaid=b87ee15b-f3f7-49cc-b82a-04fd3b6503ee&standortid=2&standortname=nieder%c3%b6sterreich%20%28bundesland%29&suchbegriff=immobilienverwalter
mypropz bauträger gmbh,MyPropz Bauträger GmbH,MyPropz Bauträger GmbH,1,steiermark,0cdb7294-db2b-4b42-9e68-c7584bba247d,Kärntner Straße 452 8054 Graz,https://fatestone.at/,https://fatestone.at/,office@fatestone.at,+43313524166,https://firmen.wko.at/mypropz-bautr%c3%a4ger-gmbh/steiermark/?firmaid=0cdb7294-db2b-4b42-9e68-c7584bba247d&standortid=5&standortname=steiermark%20%28bundesland%29&suchbegriff=immobilienverwalter
müller und trampitsch ohg nachfolger mag fh grammanitsch philipp e u,Müller & Trampitsch OHG Nachfolger Mag.(FH) Grammanitsch Philipp e.U.,Müller & Trampitsch OHG Nachfolger Mag.(FH) Grammanitsch Philipp e.U.,1,niederösterreich,6f4c40e8-1bd1-4aee-a225-46726d044742,Bahngasse 5 2700 Wiener Neustadt,,,,,https://firmen.wko.at/m%c3%bcller-und-trampitsch-ohg-nachfolger-magfh-grammanitsch-philipp-eu/nieder%c3%b6sterreich/?firmaid=6f4c40e8-1bd1-4aee-a225-46726d044742&standortid=2&standortname=nieder%c3%b6sterreich%20%28bundesland%29&suchbegriff=immobilienverwalter
müller real gmbh,MÜLLER REAL GmbH,MÜLLER REAL GmbH,1,tirol,4652e4a5-7888-4539-96db-abec26af4e56,Ried 4 6235 Reith im Alpbachtal,,,,,https://firmen.wko.at/m%c3%9cller-real-gmbh/tirol/?firmaid=4652e4a5-7888-4539-96db-abec26af4e56&standortid=7&standortname=tirol%20%28bundesland%29&suchbegriff=immobilienverwalter
n2 immobilienverwaltung gmbh,N2 Immobilienverwaltung GmbH,N2 Immobilienverwaltung GmbH,1,wien,cf98a296-93a7-4e00-bc08-ace1e384475c,Erdbergstraße 19/11 1030 Wien,,,ivv@ivv-immo.at,,https://firmen.wko.at/n2-immobilienverwaltung-gmbh/wien/?firmaid=cf98a296-93a7-4e00-bc08-ace1e384475c&standortid=1&standortname=wien%20%28bundesland%29&suchbegriff=immobilienverwalter
na vision gmbh,NA-Vision GmbH,NA-Vision GmbH,1,tirol,e7397e72-0dfc-4ac4-8dcf-60b47af42104,Dr.-Helmut-Marsoner-Weg 3a 6175 Kematen/T,https://www.na-home.at/,https://www.na-home.at/,vision@nageler.com,0512409016,https://firmen.wko.at/na-vision-gmbh/tirol/?firmaid=e7397e72-0dfc-4ac4-8dcf-60b47af42104&standortid=7&standortname=tirol%20%28bundesland%29&suchbegriff=immobilienverwalter
nagy immobilien gmbh,Nagy Immobilien GmbH,Nagy Immobilien GmbH,1,wien,d254481b-2e8d-4e8f-9ef3-0f2f0e1d35ef,Brahmsplatz 7/7 1040 Wien,,,,,https://firmen.wko.at/nagy-immobilien-gmbh/wien/?firmaid=d254481b-2e8d-4e8f-9ef3-0f2f0e1d35ef&standortid=1&standortname=wien%20%28bundesland%29&suchbegriff=immobilienverwalter
naya immobilienverwaltung gmbh,NAYA Immobilienverwaltung GmbH,NAYA Immobilienverwaltung GmbH,1,wien,d2377854-5a81-486b-ab95-d8f6610e2fe9,"Rembrandtstraße 5, Tür 13 1020 Wien",,,,,https://firmen.wko.at/naya-immobilienverwaltung-gmbh/wien/?firmaid=d2377854-5a81-486b-ab95-d8f6610e2fe9&standortid=1&standortname=wien%20%28bundesland%29&suchbegriff=immobilienverwalter
neni immobilien gmbh,Neni-Immobilien GmbH,Neni-Immobilien GmbH,1,niederösterreich,4cee45e2-193b-40ff-a652-72443e34450b,A.-Merz-Gasse 79Haus 1 2380 Perchtoldsdorf,,,,,https://firmen.wko.at/neni-immobilien-gmbh/nieder%c3%b6sterreich/?firmaid=4cee45e2-193b-40ff-a652-72443e34450b&standortid=2&standortname=nieder%c3%b6sterreich%20%28bundesland%29&suchbegriff=immobilienverwalter
neubau projekt management ges m b h,NEUBAU Projekt Management Ges.m.b.H.,NEUBAU Projekt Management Ges.m.b.H.,1,wien,099d3e3a-22bd-41f3-ade0-97460815e2ee,Staudgasse 77 1180 Wien,,,,01/409%2097%2067,https://firmen.wko.at/neubau-projekt-management-gesmbh/wien/?firmaid=099d3e3a-22bd-41f3-ade0-97460815e2ee&standortid=1&standortname=wien%20%28bundesland%29&suchbegriff=immobilienverwalter
neureal gmbh,NEUREAL GmbH,NEUREAL GmbH,1,niederösterreich,a7d9d6dd-9d76-4822-a51d-899de0a3a0ac,"Postweg 3, Tür 3 (Bürogebäude) 2620 Neunkirchen",,,,,https://firmen.wko.at/neureal-gmbh/nieder%c3%b6sterreich/?firmaid=a7d9d6dd-9d76-4822-a51d-899de0a3a0ac&standortid=2&standortname=nieder%c3%b6sterreich%20%28bundesland%29&suchbegriff=immobilienverwalter
nexuz immobilien gmbh,Nexuz Immobilien GmbH,Nexuz Immobilien GmbH,1,wien,e298ec43-9c3a-4ca3-9f50-eb5473f68b29,Cottagegasse 8/13-14 1180 Wien,http://www.nexuz.at/,http://www.nexuz.at/,office@nexuz.at,01%20934%2060%2098,https://firmen.wko.at/nexuz-immobilien-gmbh/wien/?firmaid=e298ec43-9c3a-4ca3-9f50-eb5473f68b29&standortid=1&standortname=wien%20%28bundesland%29&suchbegriff=immobilienverwalter
ngl immobilien gmbh,NGL Immobilien GmbH,NGL Immobilien GmbH,1,tirol,30964164-ec63-4d45-b2e0-4b6d1f55348d,Kreuzbichl 5 6111 Volders,,,,,https://firmen.wko.at/ngl-immobilien-gmbh/tirol/?firmaid=30964164-ec63-4d45-b2e0-4b6d1f55348d&standortid=7&standortname=tirol%20%28bundesland%29&suchbegriff=immobilienverwalter
nicola fischer immobilienverwaltung gmbh,Nicola Fischer Immobilienverwaltung GmbH,Nicola Fischer Immobilienverwaltung GmbH,1,wien,fe3d817b-7911-4220-9318-9b0bb636198c,Strozzigasse 2(SCHULE)/DG 1080 Wien,,,office@hvfischer.at,+43015240676,https://firmen.wko.at/nicola-fischer-immobilienverwaltung-gmbh-immobilienverwaltung/wien/?firmaid=fe3d817b-7911-4220-9318-9b0bb636198c&standortid=1&standortname=wien%20%28bundesland%29&suchbegriff=immobilienverwalter
nicole eichinger,Nicole Eichinger,Nicole Eichinger,1,niederösterreich,c7e90f9c-9b6f-43c5-8e15-330dd37db326,Sparkassenplatz 1/1/1 3910 Zwettl,http://www.eh-hausverwaltung.at/,http://www.eh-hausverwaltung.at/,nicole.eichinger@eh-hausverwaltung.at,+43%20664%20280%2033%2065,https://firmen.wko.at/nicole-eichinger-eh-hausverwaltung/nieder%c3%b6sterreich/?firmaid=c7e90f9c-9b6f-43c5-8e15-330dd37db326&standortid=2&standortname=nieder%c3%b6sterreich%20%28bundesland%29&suchbegriff=immobilienverwalter
nicolette bründl e u,Nicolette Bründl e.U.,Nicolette Bründl e.U.,1,wien,26e4d97a-d151-4c74-9410-609b3c5cd4a5,Kolbegasse 31 1230 Wien,,,n.bruendl@iv-bruendl.at,+43%20(1)%20963%20963%200 | +43%20(676)%20628%2062%2095,https://firmen.wko.at/nicolette-br%c3%bcndl-eu-verwaltung-und-beratung/wien/?firmaid=26e4d97a-d151-4c74-9410-609b3c5cd4a5&standortid=1&standortname=wien%20%28bundesland%29&suchbegriff=immobilienverwalter
niederösterreichischer haus und wohnungseigentümerverband,Niederösterreichischer Haus- und Wohnungseigentümerverband,Niederösterreichischer Haus- und Wohnungseigentümerverband,1,niederösterreich,479e6162-caa4-4b4e-a245-9168a369f9ec,Roseggerstraße 10 3500 Krems an der Donau,http://www.noehaus.at/,http://www.noehaus.at/,office@noehaus.at,02732%2082331,https://firmen.wko.at/nieder%c3%b6sterreichischer-haus-und-wohnungseigent%c3%bcmerverband-n%c3%96-haus-und-wohnungseigent%c3%bcmerverband/nieder%c3%b6sterreich/?firmaid=479e6162-caa4-4b4e-a245-9168a369f9ec&standortid=2&standortname=nieder%c3%b6sterreich%20%28bundesland%29&suchbegriff=immobilienverwalter
niki immobilien kg,Niki Immobilien KG,Niki Immobilien KG,1,salzburg,b6b47c41-ee9d-44cf-af1c-ab402304a255,Johann-Herbst-Straße 13 5061 Elsbethen,,,,,https://firmen.wko.at/niki-immobilien-kg/salzburg/?firmaid=b6b47c41-ee9d-44cf-af1c-ab402304a255&standortid=4&standortname=salzburg%20%28bundesland%29&suchbegriff=immobilienverwalter
nives immobilien e u,Nives Immobilien e.U.,Nives Immobilien e.U.,1,tirol,8b440d5c-7200-4528-8125-73a25e0259d7,Mariahilfstraße 22/8 6020 Innsbruck,,,,,https://firmen.wko.at/nives-immobilien-eu/tirol/?firmaid=8b440d5c-7200-4528-8125-73a25e0259d7&standortid=7&standortname=tirol%20%28bundesland%29&suchbegriff=immobilienverwalter
nlvg gmbh,NLVG GmbH,NLVG GmbH,1,niederösterreich,46e63f2d-f112-4071-bad4-0396ccb27cc8,Postgasse 5 2620 Neunkirchen,,,,,https://firmen.wko.at/nlvg-gmbh/nieder%c3%b6sterreich/?firmaid=46e63f2d-f112-4071-bad4-0396ccb27cc8&standortid=2&standortname=nieder%c3%b6sterreich%20%28bundesland%29&suchbegriff=immobilienverwalter
nnc freizeitpark betriebsgmbh,NNC Freizeitpark BetriebsgmbH,NNC Freizeitpark BetriebsgmbH,1,wien,4fbea29e-8e03-4509-a545-cf6146648e0d,Triester Straße 340 1230 Wien,,,,,https://firmen.wko.at/nnc-freizeitpark-betriebsgmbh/wien/?firmaid=4fbea29e-8e03-4509-a545-cf6146648e0d&standortid=1&standortname=wien%20%28bundesland%29&suchbegriff=immobilienverwalter
norbert sendlhofer ba msc mba,"Norbert Sendlhofer, BA MSc MBA","Norbert Sendlhofer, BA MSc MBA",1,salzburg,476956b3-1b09-4382-9e12-5ddc2adbe6e5,Dorfwerfen 26 5452 Pfarrwerfen,http://www.sendlhofer.at/,http://www.sendlhofer.at/,office@sendlhofer.at,+43%206468%205222%200,https://firmen.wko.at/norbert-sendlhofer-ba-msc-mba-unternehmensberatung-steuer-und-wirtschaftsberatung/salzburg/?firmaid=476956b3-1b09-4382-9e12-5ddc2adbe6e5&standortid=4&standortname=salzburg%20%28bundesland%29&suchbegriff=immobilienverwalter
norikum wohnungsbaugesellschaft m b h,Norikum Wohnungsbaugesellschaft m.b.H.,Norikum Wohnungsbaugesellschaft m.b.H.,2,oberösterreich,6d794c20-f8be-4804-b6ef-6afdaf75e230 | ee493ee3-46c4-46af-917e-6a7d379b7a07,Kalkofenstraße 25 4600 Wels | Pollheimerstraße 7 4600 Wels,http://www.norikum.at/,http://www.norikum.at/,office@norikum.at,07242/46151,https://firmen.wko.at/norikum-wohnungsbaugesellschaft-mbh/ober%c3%b6sterreich/?firmaid=6d794c20-f8be-4804-b6ef-6afdaf75e230&standortid=3&standortname=ober%c3%b6sterreich%20%28bundesland%29&suchbegriff=immobilienverwalter
npi immo invest und verwaltung gmbh,NPI Immo Invest & Verwaltung GmbH,NPI Immo Invest & Verwaltung GmbH,1,wien,06f369b9-33a8-421f-9b72-724d50bd848d,Webgasse 21/1 1060 Wien,,,,,https://firmen.wko.at/npi-immo-invest-und-verwaltung-gmbh/wien/?firmaid=06f369b9-33a8-421f-9b72-724d50bd848d&standortid=1&standortname=wien%20%28bundesland%29&suchbegriff=immobilienverwalter
nsc immobilien holding gmbh,NSC Immobilien Holding GmbH,NSC Immobilien Holding GmbH,1,wien,efa103b6-c6a3-4841-9e73-64f0ba5d841d,Sieveringer Straße 133/1 1190 Wien,,,,,https://firmen.wko.at/nsc-immobilien-holding-gmbh/wien/?firmaid=efa103b6-c6a3-4841-9e73-64f0ba5d841d&standortid=1&standortname=wien%20%28bundesland%29&suchbegriff=immobilienverwalter
nth immobilienmanagement gmbh,NTH Immobilienmanagement GmbH,NTH Immobilienmanagement GmbH,1,wien,74da9289-56ff-45cb-be2b-259cd97d78f9,"Humboldtgasse 18, Tür 14 1100 Wien",https://nth-immo.at/,https://nth-immo.at/,,+4314812023,https://firmen.wko.at/nth-immobilienmanagement-gmbh-immobilienverwaltung/wien/?firmaid=74da9289-56ff-45cb-be2b-259cd97d78f9&standortid=1&standortname=wien%20%28bundesland%29&suchbegriff=immobilienverwalter
nuveen management austria gmbh,Nuveen Management Austria GmbH,Nuveen Management Austria GmbH,1,wien,dc000391-10ab-45cc-b2df-5931482f123a,Wipplingerstraße 33/5. OG 1010 Wien,,,bettina.uldrych@henderson.com,01/319%2032%2022%20,https://firmen.wko.at/nuveen-management-austria-gmbh/wien/?firmaid=dc000391-10ab-45cc-b2df-5931482f123a&standortid=1&standortname=wien%20%28bundesland%29&suchbegriff=immobilienverwalter
nv immobilien gmbh,NV Immobilien GmbH,NV Immobilien GmbH,3,niederösterreich | wien,af42e25e-cdfc-4328-8df2-c011a4c322f2 | e5814f62-bb6c-4776-8cc8-f214bf909d7f | f07bbd6d-6a84-414c-877e-83ba75cf3235,Neue Herrengasse 10 3100 St.Pölten | Südstadtzentrum IV/ 5/20 2344 Maria Enzersdorf | Rögergasse 34 1090 Wien,,,,,https://firmen.wko.at/nv-immobilien-gmbh/nieder%c3%b6sterreich/?firmaid=af42e25e-cdfc-4328-8df2-c011a4c322f2&standortid=2&standortname=nieder%c3%b6sterreich%20%28bundesland%29&suchbegriff=immobilienverwalter
oberbank infrastruktur management gmbh,Oberbank Infrastruktur Management GmbH,Oberbank Infrastruktur Management GmbH,1,oberösterreich,497108f5-ef0d-4c15-b650-52d895fea493,Untere Donaulände 28 4020 Linz,,,,0732/770186,https://firmen.wko.at/oberbank-infrastruktur-management-gmbh/ober%c3%b6sterreich/?firmaid=497108f5-ef0d-4c15-b650-52d895fea493&standortid=3&standortname=ober%c3%b6sterreich%20%28bundesland%29&suchbegriff=immobilienverwalter
obermair immobilien gmbh,Obermair Immobilien GmbH,Obermair Immobilien GmbH,1,oberösterreich,bcf0932e-db4c-4741-95ec-e03fe5965be7,Leopold-Werndl-Straße 27 4400 Steyr,http://www.obermair-immobilien.at/,http://www.obermair-immobilien.at/,office@obermair-immobilien.at,,https://firmen.wko.at/obermair-immobilien-gmbh/ober%c3%b6sterreich/?firmaid=bcf0932e-db4c-4741-95ec-e03fe5965be7&standortid=3&standortname=ober%c3%b6sterreich%20%28bundesland%29&suchbegriff=immobilienverwalter
objekta immobiliengesellschaft m b h,OBJEKTA Immobiliengesellschaft m.b.H.,OBJEKTA Immobiliengesellschaft m.b.H.,1,wien,502ee319-966c-4fd0-8145-2a2d50b7c33f,Reumannplatz 1/18 1100 Wien,http://www.objekta.at/,http://www.objekta.at/,office@objekta.at,01/602%2025%2094,https://firmen.wko.at/objekta-immobiliengesellschaft-mbh/wien/?firmaid=502ee319-966c-4fd0-8145-2a2d50b7c33f&standortid=1&standortname=wien%20%28bundesland%29&suchbegriff=immobilienverwalter
obwalt immobilienverwaltung gmbh,obwalt - Immobilienverwaltung GmbH,obwalt - Immobilienverwaltung GmbH,1,wien,4cb21eba-aa4c-4db0-b70e-a88bf290bcc8,"Pappenheimgasse 60, Tür 4 1200 Wien",,,,,https://firmen.wko.at/obwalt-immobilienverwaltung-gmbh/wien/?firmaid=4cb21eba-aa4c-4db0-b70e-a88bf290bcc8&standortid=1&standortname=wien%20%28bundesland%29&suchbegriff=immobilienverwalter
ocs bauprojektierungs u vertriebsgmbh,OCS Bauprojektierungs- u. VertriebsgmbH,OCS Bauprojektierungs- u. VertriebsgmbH,1,oberösterreich,1906abfa-a952-4ae3-9d24-005ed2a27ce2,Landungsplatz 7 4864 Attersee am Attersee,http://www.ocs.at/,http://www.ocs.at/,teja@ocs.at,06507668000 | 062327668,https://firmen.wko.at/ocs-bauprojektierungs-u-vertriebsgmbh-ocs-bauprojektierungs-und-vertriebsgesmbh/ober%c3%b6sterreich/?firmaid=1906abfa-a952-4ae3-9d24-005ed2a27ce2&standortid=3&standortname=ober%c3%b6sterreich%20%28bundesland%29&suchbegriff=immobilienverwalter
ocs hausverwaltungs gmbh,OCS Hausverwaltungs GmbH,OCS Hausverwaltungs GmbH,1,oberösterreich,a2b6df69-4d83-47cf-aca5-46f086ea03e5,Herzog Odilo-Straße 101 5310 Tiefgraben,,,,,https://firmen.wko.at/ocs-hausverwaltungs-gmbh/ober%c3%b6sterreich/?firmaid=a2b6df69-4d83-47cf-aca5-46f086ea03e5&standortid=3&standortname=ober%c3%b6sterreich%20%28bundesland%29&suchbegriff=immobilienverwalter
oekopark errichtungs gmbh,oekopark Errichtungs GmbH,oekopark Errichtungs GmbH,1,steiermark,7cb7b497-97e0-417d-ab39-ca45fe99a45f,Am Ökopark 10 8230 Hartberg,,,,,https://firmen.wko.at/oekopark-errichtungs-gmbh/steiermark/?firmaid=7cb7b497-97e0-417d-ab39-ca45fe99a45f&standortid=5&standortname=steiermark%20%28bundesland%29&suchbegriff=immobilienverwalter
oesterreichische bau und grundstückgesellschaft m b h,Oesterreichische Bau- und Grundstückgesellschaft m.b.H.,Oesterreichische Bau- und Grundstückgesellschaft m.b.H.,1,wien,05a38325-21f3-4e09-a380-112ae227a89b,Mariahilfer Straße 189 1150 Wien,,,office@oe-bau.at,01/893%2061%2092-0,https://firmen.wko.at/oesterreichische-bau-und-grundst%c3%bcckgesellschaft-mbh/wien/?firmaid=05a38325-21f3-4e09-a380-112ae227a89b&standortid=1&standortname=wien%20%28bundesland%29&suchbegriff=immobilienverwalter
ogris und kamber immobilien gmbh,Ogris & Kamber Immobilien GmbH,Ogris & Kamber Immobilien GmbH,1,kärnten,dbd43381-e2cb-40d9-956e-c8641b2a2ad6,Koschatstraße 52 9020 Klagenfurt am Wörthersee,,,,,https://firmen.wko.at/ogris-und-kamber-immobilien-gmbh/k%c3%a4rnten/?firmaid=dbd43381-e2cb-40d9-956e-c8641b2a2ad6&standortid=6&standortname=k%c3%a4rnten%20%28bundesland%29&suchbegriff=immobilienverwalter
olbrich immobilientreuhand gmbh,OLBRICH Immobilientreuhand GmbH,OLBRICH Immobilientreuhand GmbH,1,steiermark,1afed682-0bff-44c7-9dad-d6333d75887a,Josef Graf-Gasse 1 8700 Leoben,https://www.olbrich-treuhand.at/,https://www.olbrich-treuhand.at/,office@olbrich-treuhand.at,+43%20676%2041%2041%206%2041,https://firmen.wko.at/olbrich-immobilientreuhand-gmbh-immobilienverwaltung/steiermark/?firmaid=1afed682-0bff-44c7-9dad-d6333d75887a&standortid=5&standortname=steiermark%20%28bundesland%29&suchbegriff=immobilienverwalter
olga schellenberger bsc,"Olga Schellenberger, BSc","Olga Schellenberger, BSc",1,steiermark,ab41b27b-506c-4d88-8111-1a570e343fe4,Josef Krainer Straße 13 8280 Fürstenfeld,,,,,https://firmen.wko.at/olga-schellenberger-bsc/steiermark/?firmaid=ab41b27b-506c-4d88-8111-1a570e343fe4&standortid=5&standortname=steiermark%20%28bundesland%29&suchbegriff=immobilienverwalter
olymp realitäten ges m b h,OLYMP Realitäten Ges.m.b.H.,OLYMP Realitäten Ges.m.b.H.,1,wien,1384440b-b68e-4fbd-b7e1-6274026234ad,Stephansplatz 8A/Jasomirgottstraße 2 1010 Wien,http://www.olymp-real.at/,http://www.olymp-real.at/,olymp@olymp-real.at,01/535%2023%2045,https://firmen.wko.at/olymp-realit%c3%a4ten-gesmbh-olymp-realit%c3%a4ten-gesmbh/wien/?firmaid=1384440b-b68e-4fbd-b7e1-6274026234ad&standortid=1&standortname=wien%20%28bundesland%29&suchbegriff=immobilienverwalter
om objektmanagement gmbh,OM Objektmanagement GmbH,OM Objektmanagement GmbH,2,salzburg | wien,876f338d-ac6c-492f-955a-75f189c79885 | 9a9f5313-c8cc-4d31-989b-2d1b6a2647ec,Rainerstraße 30 5020 Salzburg | Am Belvedere 1 1100 Wien,,,,,https://firmen.wko.at/om-objektmanagement-gmbh/salzburg/?firmaid=876f338d-ac6c-492f-955a-75f189c79885&standortid=4&standortname=salzburg%20%28bundesland%29&suchbegriff=immobilienverwalter
optimizer immobilienmanagement gmbh und co kg,Optimizer Immobilienmanagement GmbH & Co KG,Optimizer Immobilienmanagement GmbH & Co KG,1,tirol,30cde127-366e-4996-a5a9-de1dd78cdebc,Dolomitenstraße 6 9900 Lienz,http://www.optimizer.co.at/,http://www.optimizer.co.at/,office@optimizer.co.at,04852/65077-0,https://firmen.wko.at/optimizer-immobilienmanagement-gmbh-und-co-kg-unternehmensberatung-und-immobilienmanagement/tirol/?firmaid=30cde127-366e-4996-a5a9-de1dd78cdebc&standortid=7&standortname=tirol%20%28bundesland%29&suchbegriff=immobilienverwalter
optimus beteiligungsgesellschaft m b h,Optimus-Beteiligungsgesellschaft m.b.H.,Optimus-Beteiligungsgesellschaft m.b.H.,1,salzburg,6af38976-fe8f-4397-9ebb-f199801032ba,Eugen-Müller-Straße 5 5020 Salzburg,,,,,https://firmen.wko.at/optimus-beteiligungsgesellschaft-mbh/salzburg/?firmaid=6af38976-fe8f-4397-9ebb-f199801032ba&standortid=4&standortname=salzburg%20%28bundesland%29&suchbegriff=immobilienverwalter
oswald h borger gesellschaft m b h,Oswald H. Borger Gesellschaft m.b.H.,Oswald H. Borger Gesellschaft m.b.H.,1,niederösterreich,b2cd8a6b-3ddc-43af-a000-1200e3fe132d,Wiener Straße 3-7 3100 St. Pölten,,,,,https://firmen.wko.at/oswald-h-borger-gesellschaft-mbh/nieder%c3%b6sterreich/?firmaid=b2cd8a6b-3ddc-43af-a000-1200e3fe132d&standortid=2&standortname=nieder%c3%b6sterreich%20%28bundesland%29&suchbegriff=immobilienverwalter
otto anton brunner,Otto Anton Brunner,Otto Anton Brunner,1,wien,135f84af-cc58-46c9-a128-d8a5bce1ed33,Mauerbachstraße 24/9 1140 Wien,,,,,https://firmen.wko.at/otto-anton-brunner/wien/?firmaid=135f84af-cc58-46c9-a128-d8a5bce1ed33&standortid=1&standortname=wien%20%28bundesland%29&suchbegriff=immobilienverwalter
otto friedrich und partner immobilientreuhand gmbh,Otto Friedrich & Partner Immobilientreuhand GmbH,Otto Friedrich & Partner Immobilientreuhand GmbH,1,wien,3fc44adb-2a7a-46b9-a84e-7e8289dfe3ab,Krotenthallergasse 6 1080 Wien,http://www.friedrich.at/,http://www.friedrich.at/,immobilien@friedrich.at,01%2040145%200,https://firmen.wko.at/otto-friedrich-und-partner-immobilientreuhand-gmbh-otto-friedrich-und-partner-immobilientreuhand-gmbh/wien/?firmaid=3fc44adb-2a7a-46b9-a84e-7e8289dfe3ab&standortid=1&standortname=wien%20%28bundesland%29&suchbegriff=immobilienverwalter
p und l immobilien gmbh,P&L Immobilien GmbH,P&L Immobilien GmbH,1,wien,68b02cd4-131f-40ef-830c-6d40b6e3a69c,Praterstraße 41/16 1020 Wien,,,,,https://firmen.wko.at/pundl-immobilien-gmbh/wien/?firmaid=68b02cd4-131f-40ef-830c-6d40b6e3a69c&standortid=1&standortname=wien%20%28bundesland%29&suchbegriff=immobilienverwalter
p und m immobilien gmbh,P&M Immobilien GmbH,P&M Immobilien GmbH,1,vorarlberg,46da88eb-f069-4064-b88b-15fcbdad5417,Waldburgstraße 8 6714 Nüziders,,,patrick@piccol.vol.at,05552/33%206%2055,https://firmen.wko.at/pundm-immobilien-gmbh/vorarlberg/?firmaid=46da88eb-f069-4064-b88b-15fcbdad5417&standortid=8&standortname=vorarlberg%20%28bundesland%29&suchbegriff=immobilienverwalter
p17 immobilienservice gmbh,P17 Immobilienservice GmbH,P17 Immobilienservice GmbH,1,oberösterreich,3d5db5ed-13ba-437a-acd3-5d43f080f3fe,Neuschönauer Hauptstraße 32 4400 Steyr,,,,,https://firmen.wko.at/p17-immobilienservice-gmbh/ober%c3%b6sterreich/?firmaid=3d5db5ed-13ba-437a-acd3-5d43f080f3fe&standortid=3&standortname=ober%c3%b6sterreich%20%28bundesland%29&suchbegriff=immobilienverwalter
p4r management e u,P4R management e.U.,P4R management e.U.,1,niederösterreich,b6db4af7-570b-4e2f-8331-511db0c33f7c,Peter Johann-Platz 6 2632 St.Valentin-Landschach,,,p4r@gmx.at,,https://firmen.wko.at/p4r-management-eu/nieder%c3%b6sterreich/?firmaid=b6db4af7-570b-4e2f-8331-511db0c33f7c&standortid=2&standortname=nieder%c3%b6sterreich%20%28bundesland%29&suchbegriff=immobilienverwalter
palladio immobilien gmbh,Palladio Immobilien GmbH,Palladio Immobilien GmbH,1,wien,6f77e8b8-4109-46d6-ac85-12ad559c2ce4,Münzwardeingasse 2/3 1060 Wien,http://www.palladio-immobilien.at/,http://www.palladio-immobilien.at/,office@palladio-immobilien.at,+43%201%2090%20431%2090,https://firmen.wko.at/palladio-immobilien-gmbh/wien/?firmaid=6f77e8b8-4109-46d6-ac85-12ad559c2ce4&standortid=1&standortname=wien%20%28bundesland%29&suchbegriff=immobilienverwalter
panreal gmbh,PANREAL GmbH,PANREAL GmbH,1,burgenland,8fc19df8-49cf-4b6a-9ba8-57b7b07a70a3,Esterhazyplatz 5 7000 Eisenstadt,,,,,https://firmen.wko.at/panreal-gmbh/burgenland/?firmaid=8fc19df8-49cf-4b6a-9ba8-57b7b07a70a3&standortid=9&standortname=burgenland%20%28bundesland%29&suchbegriff=immobilienverwalter
park und control pac austria gmbh,Park & Control PAC Austria GmbH,Park & Control PAC Austria GmbH,1,wien,dd99d9ff-ca2a-4710-91a0-1cfa34b4bb13,Wagramer Straße 252 1220 Wien,,,,,https://firmen.wko.at/park-und-control-pac-austria-gmbh/wien/?firmaid=dd99d9ff-ca2a-4710-91a0-1cfa34b4bb13&standortid=1&standortname=wien%20%28bundesland%29&suchbegriff=immobilienverwalter
parkrecht verwaltungs gmbh,Parkrecht Verwaltungs GmbH,Parkrecht Verwaltungs GmbH,1,oberösterreich,1ef4b6ae-73be-43ae-a9d7-911b6d4a3b3a,Hauptstraße 4 (Bürogebäude) 4040 Linz,,,,,https://firmen.wko.at/parkrecht-verwaltungs-gmbh/ober%c3%b6sterreich/?firmaid=1ef4b6ae-73be-43ae-a9d7-911b6d4a3b3a&standortid=3&standortname=ober%c3%b6sterreich%20%28bundesland%29&suchbegriff=immobilienverwalter
patricia alice malloth m a,"Patricia Alice Malloth, M.A.","Patricia Alice Malloth, M.A.",1,niederösterreich,937d824e-9add-4ba3-9df6-8ed28c71a531,Buchengasse 12 2333 Leopoldsdorf,,,,,https://firmen.wko.at/patricia-alice-malloth-ma/nieder%c3%b6sterreich/?firmaid=937d824e-9add-4ba3-9df6-8ed28c71a531&standortid=2&standortname=nieder%c3%b6sterreich%20%28bundesland%29&suchbegriff=immobilienverwalter
patrick gigler,Patrick Gigler,Patrick Gigler,1,tirol,39458843-151c-4a26-9b69-f9430aa6a1a5,Unterberg 25a 6111 Volders,,,p.gigler@tirolrealestate.com,6641426569,https://firmen.wko.at/patrick-gigler/tirol/?firmaid=39458843-151c-4a26-9b69-f9430aa6a1a5&standortid=7&standortname=tirol%20%28bundesland%29&suchbegriff=immobilienverwalter
patrick moser,Patrick Moser,Patrick Moser,1,wien,87b427f7-bf15-4a56-a543-c6790d0ddf2a,"Passauer Platz 5/3, Tür 27 1010 Wien",,,,,https://firmen.wko.at/patrick-moser/wien/?firmaid=87b427f7-bf15-4a56-a543-c6790d0ddf2a&standortid=1&standortname=wien%20%28bundesland%29&suchbegriff=immobilienverwalter
paul josef herzog,Paul Josef Herzog,Paul Josef Herzog,1,salzburg,20e487cf-5085-4ef6-8e97-276f81c75346,Bsuch 201 5760 Saalfelden,https://www.sv-herzog.at/,https://www.sv-herzog.at/,herzog.paul@sbg.at,43-664-5364288,https://firmen.wko.at/paul-josef-herzog-immobiliensachverst%c3%a4ndigenb%c3%bcro/salzburg/?firmaid=20e487cf-5085-4ef6-8e97-276f81c75346&standortid=4&standortname=salzburg%20%28bundesland%29&suchbegriff=immobilienverwalter
pauschenwein immobilien gmbh und co kg,PAUSCHENWEIN immobilien GmbH & Co KG,PAUSCHENWEIN immobilien GmbH & Co KG,1,steiermark,3f31c415-ce32-4c4f-93dd-4e5e7cc9e033,St. Stefan ob Stainz 16 (Ärztezentrum) 8511 St.Stefan o.Stainz,,,,,https://firmen.wko.at/pauschenwein-immobilien-gmbh-und-co-kg/steiermark/?firmaid=3f31c415-ce32-4c4f-93dd-4e5e7cc9e033&standortid=5&standortname=steiermark%20%28bundesland%29&suchbegriff=immobilienverwalter
pds personal and defence solutions gmbh,PDS Personal and Defence Solutions GmbH,PDS Personal and Defence Solutions GmbH,1,burgenland,a5797912-9ea6-4340-bb23-994d5dcb4390,"Lobzeile 18, Tür 3 7000 Eisenstadt",,,,,https://firmen.wko.at/pds-personal-and-defence-solutions-gmbh/burgenland/?firmaid=a5797912-9ea6-4340-bb23-994d5dcb4390&standortid=9&standortname=burgenland%20%28bundesland%29&suchbegriff=immobilienverwalter
pecosa property gmbh,Pecosa Property GmbH,Pecosa Property GmbH,1,wien,c56af068-3acc-427d-9ac0-3041de9ff604,Döblinger Hauptstraße 32/GL2 1190 Wien,http://www.pecosa.at/,http://www.pecosa.at/,p.fuehrer@pecosa.at,+43-676-3001703,https://firmen.wko.at/pecosa-property-gmbh/wien/?firmaid=c56af068-3acc-427d-9ac0-3041de9ff604&standortid=1&standortname=wien%20%28bundesland%29&suchbegriff=immobilienverwalter
pehn und partner gmbh,Pehn & Partner GmbH,Pehn & Partner GmbH,1,niederösterreich,3e4c2e75-3c45-44fd-8d12-0f9d4187880e,"Kaiser Franz Joseph-Ring 5, Top 1 (Hauptgebäude) 2500 Baden",,,,,https://firmen.wko.at/pehn-und-partner-gmbh/nieder%c3%b6sterreich/?firmaid=3e4c2e75-3c45-44fd-8d12-0f9d4187880e&standortid=2&standortname=nieder%c3%b6sterreich%20%28bundesland%29&suchbegriff=immobilienverwalter
pema real estate services gmbh,PEMA Real Estate Services GmbH,PEMA Real Estate Services GmbH,2,tirol | wien,d680fd59-77df-4d42-bd5f-47d77ed171db | 607beb38-7a21-4228-b850-69dba9439840,Herzog-Friedrich-Straße 10 6020 Innsbruck | Stock-im-Eisen-Platz 3 1010 Wien,https://pema-realestateservices.at/,https://pema-realestateservices.at/,realestateservices@pema.at,+43%20(0)1890276412,https://firmen.wko.at/pema-real-estate-services-gmbh-pema-real-estate-services-gmbh/tirol/?firmaid=d680fd59-77df-4d42-bd5f-47d77ed171db&standortid=7&standortname=tirol%20%28bundesland%29&suchbegriff=immobilienverwalter
pentaplus immobilienverwaltungs gesellschaft mbh,PENTAPLUS Immobilienverwaltungs- gesellschaft mbH,PENTAPLUS Immobilienverwaltungs- gesellschaft mbH,1,wien,3d804e84-7478-46ed-ae51-1495dded8dcb,"Glockengasse 4, Tür 105 1020 Wien",,,,,https://firmen.wko.at/pentaplus-immobilienverwaltungs-gesellschaft-mbh/wien/?firmaid=3d804e84-7478-46ed-ae51-1495dded8dcb&standortid=1&standortname=wien%20%28bundesland%29&suchbegriff=immobilienverwalter
per immobilien gmbh,PER Immobilien GmbH,PER Immobilien GmbH,1,oberösterreich,04b15dea-e5f6-4116-8604-c497a552cbab,Bergerndorf 26 4600 Thalheim bei Wels,,,,,https://firmen.wko.at/per-immobilien-gmbh/ober%c3%b6sterreich/?firmaid=04b15dea-e5f6-4116-8604-c497a552cbab&standortid=3&standortname=ober%c3%b6sterreich%20%28bundesland%29&suchbegriff=immobilienverwalter
peschak immobilien gmbh,Peschak Immobilien GmbH,Peschak Immobilien GmbH,1,niederösterreich,1aa51ffc-121f-43eb-b960-1e8795390e81,Elsbeerstraße 11 2522 Oberwaltersdorf,,,,,https://firmen.wko.at/peschak-immobilien-gmbh/nieder%c3%b6sterreich/?firmaid=1aa51ffc-121f-43eb-b960-1e8795390e81&standortid=2&standortname=nieder%c3%b6sterreich%20%28bundesland%29&suchbegriff=immobilienverwalter
peter robert nemeth,Peter Robert Nemeth,Peter Robert Nemeth,2,wien,672130c5-2a15-4648-8679-0dc7f37c3628 | c27ba3cb-bce7-4900-8d15-2e895166c0f7,+431402 40 40-0 0699 / 1 402 40 40,http://www.peter-nemeth.at/,http://www.peter-nemeth.at/,peter.nemeth@peter-nemeth.at,+431402%2040%2040-0 | 0699%20/%201%20402%2040%2040,https://firmen.wko.at/peter-robert-nemeth-geb%c3%a4udeverwaltung-realit%c3%a4tenkanzlei/wien/?firmaid=672130c5-2a15-4648-8679-0dc7f37c3628&standortid=1&standortname=wien%20%28bundesland%29&suchbegriff=immobilienverwalter
peter rudolf lang,Peter Rudolf Lang,Peter Rudolf Lang,1,niederösterreich,27bfef95-970c-4b0d-be54-b6135db7f6dd,Obere Hauptstraße 10 2222 Bad Pirawarth,,,,,https://firmen.wko.at/peter-rudolf-lang/nieder%c3%b6sterreich/?firmaid=27bfef95-970c-4b0d-be54-b6135db7f6dd&standortid=2&standortname=nieder%c3%b6sterreich%20%28bundesland%29&suchbegriff=immobilienverwalter
peter und oliver nemeth gebäudeverwaltung realitätenkanzlei og,Peter und Oliver Nemeth Gebäudeverwaltung-Realitätenkanzlei OG,Peter und Oliver Nemeth Gebäudeverwaltung-Realitätenkanzlei OG,1,wien,7dabe413-224e-47cc-a527-a15e5a27014d,Kolingasse 11/13 1090 Wien,,,,,https://firmen.wko.at/peter-und-oliver-nemeth-geb%c3%a4udeverwaltung-realit%c3%a4tenkanzlei-og/wien/?firmaid=7dabe413-224e-47cc-a527-a15e5a27014d&standortid=1&standortname=wien%20%28bundesland%29&suchbegriff=immobilienverwalter
peter wuk gesellschaft m b h,Peter Wuk Gesellschaft m.b.H.,Peter Wuk Gesellschaft m.b.H.,1,wien,b1fd37f0-c5b7-436b-a701-8c343af4e108,Heinestraße 1 1020 Wien,http://www.immowuk.at/,http://www.immowuk.at/,office@immowuk.at,01%20214%2025%2041%200,https://firmen.wko.at/peter-wuk-gesellschaft-mbh/wien/?firmaid=b1fd37f0-c5b7-436b-a701-8c343af4e108&standortid=1&standortname=wien%20%28bundesland%29&suchbegriff=immobilienverwalter
petra claudia grünhut,Petra Claudia Grünhut,Petra Claudia Grünhut,1,wien,9e72afe3-b9d5-4d43-a79f-a30f191a1148,Am Krautgarten 22/Haus 5 1220 Wien,http://www.akzentreal.eu/,http://www.akzentreal.eu/,akzentreal@outlook.at,+4369918041920 | +43%20699%2018041920,https://firmen.wko.at/petra-claudia-gr%c3%bcnhut-akzentreal-hausverwaltung-und-immobilienvermittlung/wien/?firmaid=9e72afe3-b9d5-4d43-a79f-a30f191a1148&standortid=1&standortname=wien%20%28bundesland%29&suchbegriff=immobilienverwalter
petra friedrich,Petra Friedrich,Petra Friedrich,1,steiermark,a388274a-fc51-4269-8ea7-896cfcdb56ea,"Hanns-Koren-Ring 42, Tür 6 8054 Graz",,,,,https://firmen.wko.at/petra-friedrich/steiermark/?firmaid=a388274a-fc51-4269-8ea7-896cfcdb56ea&standortid=5&standortname=steiermark%20%28bundesland%29&suchbegriff=immobilienverwalter
petra hoyos,Petra Hoyos,Petra Hoyos,1,wien,bfd2eaaf-37e3-492c-9314-6f70ae48c8db,Gymnasiumstraße 62/17 1190 Wien,,,,,https://firmen.wko.at/petra-hoyos/wien/?firmaid=bfd2eaaf-37e3-492c-9314-6f70ae48c8db&standortid=1&standortname=wien%20%28bundesland%29&suchbegriff=immobilienverwalter
petra lackner,Petra Lackner,Petra Lackner,1,niederösterreich,b208d635-d41e-4418-b182-2c3138ba4e86,Germergasse 27/14 2500 Baden,,,hv-petra.lackner@inode.at,02252/%2089748,https://firmen.wko.at/petra-lackner/nieder%c3%b6sterreich/?firmaid=b208d635-d41e-4418-b182-2c3138ba4e86&standortid=2&standortname=nieder%c3%b6sterreich%20%28bundesland%29&suchbegriff=immobilienverwalter
petzenhauser gmbh,Petzenhauser GmbH,Petzenhauser GmbH,1,steiermark,593dff4f-bfe3-4520-8ceb-9b936fad3579,Sterlingerstraße 1 8295 St.Johann/Haide,,,,,https://firmen.wko.at/petzenhauser-gmbh/steiermark/?firmaid=593dff4f-bfe3-4520-8ceb-9b936fad3579&standortid=5&standortname=steiermark%20%28bundesland%29&suchbegriff=immobilienverwalter
pf holding flexco,PF Holding FlexCo,PF Holding FlexCo,1,niederösterreich,e54deabc-5605-4baf-9951-97238d50e106,Franz-Resch-Gasse 11 3200 Ober-Grafendorf,,,,,https://firmen.wko.at/pf-holding-flexco/nieder%c3%b6sterreich/?firmaid=e54deabc-5605-4baf-9951-97238d50e106&standortid=2&standortname=nieder%c3%b6sterreich%20%28bundesland%29&suchbegriff=immobilienverwalter
pfg liegenschaftsbewirtschaftungs gmbh und co kg,PFG Liegenschaftsbewirtschaftungs GmbH &Co KG,PFG Liegenschaftsbewirtschaftungs GmbH & Co KG | PFG Liegenschaftsbewirtschaftungs GmbH &Co KG,2,salzburg | wien,e3a6e719-cf2f-4fae-baa7-66ed02613d23 | bf3ddd49-5f64-400f-896d-ff1274d21824,Kasernenstraße 1 5071 Wals-Siezenheim | Schottenring 30 1010 Wien,,,,,https://firmen.wko.at/pfg-liegenschaftsbewirtschaftungs-gmbh-undco-kg/salzburg/?firmaid=e3a6e719-cf2f-4fae-baa7-66ed02613d23&standortid=4&standortname=salzburg%20%28bundesland%29&suchbegriff=immobilienverwalter
phe immodevelopment kg,PHE Immodevelopment KG,PHE Immodevelopment KG,1,wien,3ed9305f-93ae-4e7a-909b-09fd0f99261a,Unterer Schreiberweg 38/1A 1190 Wien,,,herbert.putz@hpiconsult.at,+4318904171 | +436505435435,https://firmen.wko.at/phe-immodevelopment-kg/wien/?firmaid=3ed9305f-93ae-4e7a-909b-09fd0f99261a&standortid=1&standortname=wien%20%28bundesland%29&suchbegriff=immobilienverwalter
phil gabriel marius freimüller,Phil Gabriel Marius Freimüller,Phil Gabriel Marius Freimüller,1,wien,fddb2225-523d-4868-8982-5c4ddd9b3a80,Max-Winter-Platz 9 1020 Wien,,,,,https://firmen.wko.at/phil-gabriel-marius-freim%c3%bcller/wien/?firmaid=fddb2225-523d-4868-8982-5c4ddd9b3a80&standortid=1&standortname=wien%20%28bundesland%29&suchbegriff=immobilienverwalter
philip gottfried steinkogler,Philip Gottfried Steinkogler,Philip Gottfried Steinkogler,1,oberösterreich,d4ace399-4591-476c-85ee-4338a9f62e4d,Ebenzweierstraße 34 4813 Altmünster,http://www.remax-traunsee.at/,http://www.remax-traunsee.at/,p.steinkogler@remax-traunsee.at,+43%207612%2089232 | +43%20664%204233740,https://firmen.wko.at/philip-gottfried-steinkogler-immobilien-philip-steinkogler/ober%c3%b6sterreich/?firmaid=d4ace399-4591-476c-85ee-4338a9f62e4d&standortid=3&standortname=ober%c3%b6sterreich%20%28bundesland%29&suchbegriff=immobilienverwalter
philipp beck,Philipp Beck,Philipp Beck,1,wien,c449253e-08d2-4ad2-8391-d4e8b621ed8d,Dornbacher Straße 92/1 1170 Wien,,,,,https://firmen.wko.at/philipp-beck/wien/?firmaid=c449253e-08d2-4ad2-8391-d4e8b621ed8d&standortid=1&standortname=wien%20%28bundesland%29&suchbegriff=immobilienverwalter
phillipp immobilien hausverwaltunggmbh,Phillipp Immobilien - HausverwaltungGmbH,Phillipp Immobilien - HausverwaltungGmbH,1,tirol,6a41d47a-434f-4ba1-859a-7fe68320562e,Karl-Mauracher-Weg 40 6263 Fügen,http://www.phillipp.at/,http://www.phillipp.at/,immobilien@phillipp.at,+43%20(0)%205288%2063263,https://firmen.wko.at/phillipp-immobilien-hausverwaltunggmbh/tirol/?firmaid=6a41d47a-434f-4ba1-859a-7fe68320562e&standortid=7&standortname=tirol%20%28bundesland%29&suchbegriff=immobilienverwalter
phorus management gmbh,Phorus Management GmbH,Phorus Management GmbH,1,wien,b5adf4f5-5a76-4802-be81-400203013c67,Julius-Raab-Platz 4/4 1010 Wien,http://www.phorusman.com/,http://www.phorusman.com/,office@phorusman.com,+43%20699%2018115181,https://firmen.wko.at/phorus-management-gmbh/wien/?firmaid=b5adf4f5-5a76-4802-be81-400203013c67&standortid=1&standortname=wien%20%28bundesland%29&suchbegriff=immobilienverwalter
piano nobile immobilien e u,PIANO NOBILE IMMOBILIEN e.U.,PIANO NOBILE IMMOBILIEN e.U.,1,wien,d717f443-c83c-4e11-90cb-283b7e346bb3,Thimiggasse 64/7 1180 Wien,,,,,https://firmen.wko.at/piano-nobile-immobilien-eu/wien/?firmaid=d717f443-c83c-4e11-90cb-283b7e346bb3&standortid=1&standortname=wien%20%28bundesland%29&suchbegriff=immobilienverwalter
pik süd gmbh,PIK SÜD GMBH,PIK SÜD GMBH,1,burgenland,8e2fb242-628e-4c68-824c-f4c16751f4c3,Untere Hauptstraße 27 7410 Loipersdorf-Kitzladen,,,,,https://firmen.wko.at/pik-s%c3%9cd-gmbh/burgenland/?firmaid=8e2fb242-628e-4c68-824c-f4c16751f4c3&standortid=9&standortname=burgenland%20%28bundesland%29&suchbegriff=immobilienverwalter
pilger facility management gmbh,Pilger Facility Management GmbH,Pilger Facility Management GmbH,1,steiermark,1b94a864-0632-43f4-bea9-935376c4e5dc,Hauptplatz 17 8010 Graz,http://www.pfm.at/,http://www.pfm.at/,office@pfm.at,0316-816%20224-11,https://firmen.wko.at/pilger-facility-management-gmbh-pilger-facility-management-gmbh/steiermark/?firmaid=1b94a864-0632-43f4-bea9-935376c4e5dc&standortid=5&standortname=steiermark%20%28bundesland%29&suchbegriff=immobilienverwalter
pinetz holding gmbh,Pinetz Holding GmbH,Pinetz Holding GmbH,1,burgenland,342a80cf-396a-4caf-bd49-21fe98f4d993,Zeile 69(Wohnhaus) 7132 Frauenkirchen,,,,,https://firmen.wko.at/pinetz-holding-gmbh/burgenland/?firmaid=342a80cf-396a-4caf-bd49-21fe98f4d993&standortid=9&standortname=burgenland%20%28bundesland%29&suchbegriff=immobilienverwalter
pkomm pressbaumer kommunal gmbh,PKomm - Pressbaumer Kommunal GmbH,PKomm - Pressbaumer Kommunal GmbH,1,niederösterreich,db4f8dd0-9b3e-4024-8e45-ad25d007ffe4,Hauptstraße 70 3021 Pressbaum,,,,,https://firmen.wko.at/pkomm-pressbaumer-kommunal-gmbh/nieder%c3%b6sterreich/?firmaid=db4f8dd0-9b3e-4024-8e45-ad25d007ffe4&standortid=2&standortname=nieder%c3%b6sterreich%20%28bundesland%29&suchbegriff=immobilienverwalter
place2live gmbh,place2live GmbH,place2live GmbH,1,wien,26787a55-139b-42e5-9820-2ad9c785465a,Am Tabor 19/2/2 1020 Wien,,,,,https://firmen.wko.at/place2live-gmbh/wien/?firmaid=26787a55-139b-42e5-9820-2ad9c785465a&standortid=1&standortname=wien%20%28bundesland%29&suchbegriff=immobilienverwalter
plank machek elisabeth christoph immobilienverwaltungen gesellschaft m b h,PLANK MACHEK Elisabeth Christoph Immobilienverwaltungen Gesellschaft m.b.H.,PLANK MACHEK Elisabeth Christoph Immobilienverwaltungen Gesellschaft m.b.H.,1,wien,57227830-ce1e-4e1d-bfcc-10f3403a8af2,Hörlgasse 6 1090 Wien,,,office@christoph-immo.at,01/319%2098%2013,https://firmen.wko.at/plank-machek-elisabeth-christoph-immobilienverwaltungen-gesellschaft-mbh/wien/?firmaid=57227830-ce1e-4e1d-bfcc-10f3403a8af2&standortid=1&standortname=wien%20%28bundesland%29&suchbegriff=immobilienverwalter
plansee group functions austria gmbh,Plansee Group Functions Austria GmbH,Plansee Group Functions Austria GmbH,1,tirol,edeced92-e158-4d2a-bb71-12c83aa3d684,Metallwerk-Plansee-Straße 71 6600 Breitenwang,https://plansee-group.com/de,https://plansee-group.com/de,info@plansee-group.com,+43%205672%20600%200,https://firmen.wko.at/plansee-group-functions-austria-gmbh/tirol/?firmaid=edeced92-e158-4d2a-bb71-12c83aa3d684&standortid=7&standortname=tirol%20%28bundesland%29&suchbegriff=immobilienverwalter
plan2 architektur und projektmanagement gmbh,Plan² - Architektur und Projektmanagement GmbH,Plan² - Architektur und Projektmanagement GmbH,1,wien,ac6e83e0-6c6c-4fa2-ad05-b9246579b491,Dadlergasse 20-22/1/G5 1150 Wien,,,,,https://firmen.wko.at/plan2-architektur-und-projektmanagement-gmbh/wien/?firmaid=ac6e83e0-6c6c-4fa2-ad05-b9246579b491&standortid=1&standortname=wien%20%28bundesland%29&suchbegriff=immobilienverwalter
plasser immobilienverwaltung e u,Plasser ImmobilienVerwaltung e.U.,Plasser ImmobilienVerwaltung e.U.,1,oberösterreich,65fc917e-b44f-49d6-85cc-07082ae7e94d,Athalerstraße 14 5122 Hochburg-Ach,,,,07727/4047,https://firmen.wko.at/plasser-immobilienverwaltung-eu-planungsb%c3%bcro/ober%c3%b6sterreich/?firmaid=65fc917e-b44f-49d6-85cc-07082ae7e94d&standortid=3&standortname=ober%c3%b6sterreich%20%28bundesland%29&suchbegriff=immobilienverwalter
pm 8 gmbh,PM 8 GmbH,PM 8 GmbH,1,salzburg,40e4e9ec-0fb4-4148-923a-212502c5a7b4,Landesstraße 23 5302 Henndorf am Wallersee,,,,,https://firmen.wko.at/pm-8-gmbh/salzburg/?firmaid=40e4e9ec-0fb4-4148-923a-212502c5a7b4&standortid=4&standortname=salzburg%20%28bundesland%29&suchbegriff=immobilienverwalter
pmv immobilien management gmbh,PMV Immobilien Management GmbH,PMV Immobilien Management GmbH,4,kärnten | niederösterreich | wien,c4916f64-6ef3-4734-bb82-7f766585b87d | a4302778-6d36-4b34-87cd-d36fed8e76c6 | 63d2ff36-2d86-4a01-92d0-4697fc86a87d | b7d547fd-1606-41ca-8510-d2c5c3a4025e,"Liebermannstraße, F 05/Top 102 2345 Brunn am Gebirge | Bahnhofstraße 16 9800 Spittal/Drau | Arsenal 1/VI 1030 Wien | Paulanergasse 15 1040 Wien",,,,,https://firmen.wko.at/pmv-immobilien-management-gmbh/nieder%c3%b6sterreich/?firmaid=c4916f64-6ef3-4734-bb82-7f766585b87d&standortid=2&standortname=nieder%c3%b6sterreich%20%28bundesland%29&suchbegriff=immobilienverwalter
poetsch immobilien gmbh,Poetsch Immobilien GmbH,Poetsch Immobilien GmbH,3,oberösterreich | salzburg,553af8c1-0d9d-4b43-9007-2637fa7ec7cc | e55ce558-ce9d-4002-8a65-1bcdb834c351 | cfe1a584-dea5-42c5-9a0a-ce30072334a0,Habach 19 5321 Koppl | Gaisbergstraße 4a 5020 Salzburg | Braunauer Straße 11 4950 Altheim,http://www.poetsch-immo.at/,http://www.poetsch-immo.at/,office@poetsch-immo.at,+43%20(0)664-88445910,https://firmen.wko.at/poetsch-immobilien-gmbh-poetsch-immobilien-gmbh/salzburg/?firmaid=553af8c1-0d9d-4b43-9007-2637fa7ec7cc&standortid=4&standortname=salzburg%20%28bundesland%29&suchbegriff=immobilienverwalter
porr ag,PORR AG,PORR AG,1,wien,3eb99f33-504f-4247-b1b6-013e7be301c4,Absberggasse 47 1100 Wien,http://www.porr-group.com/,http://www.porr-group.com/,office@porr-group.com,+43%2050%20626-0,https://firmen.wko.at/porr-ag-bauunternehmen/wien/?firmaid=3eb99f33-504f-4247-b1b6-013e7be301c4&standortid=1&standortname=wien%20%28bundesland%29&suchbegriff=immobilienverwalter
porsche immobilien gesellschaft m b h,Porsche Immobilien Gesellschaft m.b.H.,Porsche Immobilien Gesellschaft m.b.H.,1,salzburg,3aca3e73-9ff6-46d0-8b65-21435521cb21,Louise-Piëch-Straße 2 5020 Salzburg,,,,,https://firmen.wko.at/porsche-immobilien-gesellschaft-mbh/salzburg/?firmaid=3aca3e73-9ff6-46d0-8b65-21435521cb21&standortid=4&standortname=salzburg%20%28bundesland%29&suchbegriff=immobilienverwalter
pottensteiner kommunalbetriebs gmbh,Pottensteiner Kommunalbetriebs GmbH,Pottensteiner Kommunalbetriebs GmbH,1,niederösterreich,c57d74d1-bfbc-4d50-a5ab-113ef5e70c16,Hauptplatz 13 (Gemeindeamt) 2563 Pottenstein,,,,,https://firmen.wko.at/pottensteiner-kommunalbetriebs-gmbh/nieder%c3%b6sterreich/?firmaid=c57d74d1-bfbc-4d50-a5ab-113ef5e70c16&standortid=2&standortname=nieder%c3%b6sterreich%20%28bundesland%29&suchbegriff=immobilienverwalter
pr immobilien gmbh,PR Immobilien GmbH,PR Immobilien GmbH,1,salzburg,a2e7bda3-d888-49b8-b400-3ff981704c9f,Aiglhofstraße 13 5020 Salzburg,,,,,https://firmen.wko.at/pr-immobilien-gmbh/salzburg/?firmaid=a2e7bda3-d888-49b8-b400-3ff981704c9f&standortid=4&standortname=salzburg%20%28bundesland%29&suchbegriff=immobilienverwalter
praetorium immobilien gmbh,praetorium immobilien gmbh,praetorium immobilien gmbh,1,tirol,0415e388-c8c0-48e8-bf8b-c182e98d08f4,Buchbinderweg 3 6263 Fügen,,,,,https://firmen.wko.at/praetorium-immobilien-gmbh/tirol/?firmaid=0415e388-c8c0-48e8-bf8b-c182e98d08f4&standortid=7&standortname=tirol%20%28bundesland%29&suchbegriff=immobilienverwalter
praher real gmbh,Praher Real GmbH,Praher Real GmbH,1,oberösterreich,1b230408-83c7-4240-b513-c5b67472c685,Poneggenstraße 5 4311 Schwertberg,,,,,https://firmen.wko.at/praher-real-gmbh/ober%c3%b6sterreich/?firmaid=1b230408-83c7-4240-b513-c5b67472c685&standortid=3&standortname=ober%c3%b6sterreich%20%28bundesland%29&suchbegriff=immobilienverwalter
prater wien gmbh,Prater Wien GmbH,Prater Wien GmbH,1,wien,79a2a0ac-ce6d-4c78-8843-834946307af3,Riesenradplatz 2 1020 Wien,,,,,https://firmen.wko.at/prater-wien-gmbh/wien/?firmaid=79a2a0ac-ce6d-4c78-8843-834946307af3&standortid=1&standortname=wien%20%28bundesland%29&suchbegriff=immobilienverwalter
pretsch immobilientreuhand gmbh,PRETSCH Immobilientreuhand GmbH,PRETSCH Immobilientreuhand GmbH,1,wien,51e5275f-ffa6-4a4e-a2dd-a0d1975912c9,Neusetzgasse 7 1100 Wien,https://www.pretsch.at/,https://www.pretsch.at/,immobilien@pretsch.at,+43%2001%206045176,https://firmen.wko.at/pretsch-immobilientreuhand-gmbh-pretsch-immobilientreuhand-gmbh/wien/?firmaid=51e5275f-ffa6-4a4e-a2dd-a0d1975912c9&standortid=1&standortname=wien%20%28bundesland%29&suchbegriff=immobilienverwalter
primo immobilien hausverwaltung gesellschaft m b h,PRIMO IMMOBILIEN HAUSVERWALTUNG GESELLSCHAFT M.B.H.,PRIMO IMMOBILIEN HAUSVERWALTUNG GESELLSCHAFT M.B.H.,1,salzburg,eb19818a-58db-41ae-b908-2f95aa6d3510,Auwaldstraße 5 5081 Anif,,,primo@aon.at,06452/42%2017 | 0664/3925666,https://firmen.wko.at/primo-immobilien-hausverwaltung-gesellschaft-mbh/salzburg/?firmaid=eb19818a-58db-41ae-b908-2f95aa6d3510&standortid=4&standortname=salzburg%20%28bundesland%29&suchbegriff=immobilienverwalter
primus immobilien gmbh,primus IMMOBILIEN GmbH,primus IMMOBILIEN GmbH,1,vorarlberg,7b9bd624-5179-4c7f-a904-c332006980af,Werdenbergerstraße 38 6700 Bludenz,,,,,https://firmen.wko.at/primus-immobilien-gmbh/vorarlberg/?firmaid=7b9bd624-5179-4c7f-a904-c332006980af&standortid=8&standortname=vorarlberg%20%28bundesland%29&suchbegriff=immobilienverwalter
prisma finanzmanagement gmbh,PRISMA Finanzmanagement GmbH,PRISMA Finanzmanagement GmbH,1,vorarlberg,d4eab480-35ac-42f3-99d4-6a05364a92ae,Hintere Achmühlerstraße 1 6850 Dornbirn,,,prisma@prisma-zentrum.at,05577/81%2091%2050,https://firmen.wko.at/prisma-finanzmanagement-gmbh/vorarlberg/?firmaid=d4eab480-35ac-42f3-99d4-6a05364a92ae&standortid=8&standortname=vorarlberg%20%28bundesland%29&suchbegriff=immobilienverwalter
prisma zentrum für standort und regionalentwicklung gmbh,PRISMA Zentrum für Standort- und Regionalentwicklung GmbH,"""PRISMA"" Zentrum für Standort- und Regionalentwicklung GmbH | PRISMA Zentrum für Standort- und Regionalentwicklung GmbH",3,salzburg | tirol | vorarlberg,c4259ce0-2340-4dbd-bdf9-6cf297ee7b3d | 37aef02e-64c0-4a4e-aea8-993d86577fdc | d39cdba1-5b63-4baa-aa9d-d89d85f361c0,Strubergasse 26 5020 Salzburg | Hintere Achmühlerstraße 1 6850 Dornbirn | Grabenweg 3 6020 Innsbruck,https://www.prisma-zentrum.com/,https://www.prisma-zentrum.com/,,,https://firmen.wko.at/%22prisma%22-zentrum-f%c3%bcr-standort-und-regionalentwicklung-gmbh/salzburg/?firmaid=c4259ce0-2340-4dbd-bdf9-6cf297ee7b3d&standortid=4&standortname=salzburg%20%28bundesland%29&suchbegriff=immobilienverwalter
pristusek und partner immobilienverwaltung gmbh,Pristusek & Partner Immobilienverwaltung GmbH,Pristusek & Partner Immobilienverwaltung GmbH,1,niederösterreich,2296a69f-fe21-4316-be95-56fcb0d0695b,"Franz Schubert-Straße 2, EG 2320 Schwechat",,,,,https://firmen.wko.at/pristusek-und-partner-immobilienverwaltung-gmbh/nieder%c3%b6sterreich/?firmaid=2296a69f-fe21-4316-be95-56fcb0d0695b&standortid=2&standortname=nieder%c3%b6sterreich%20%28bundesland%29&suchbegriff=immobilienverwalter
procon wohnbau gmbh,PROCON Wohnbau GmbH,PROCON Wohnbau GmbH,1,oberösterreich,0617d3bb-1e81-4a80-aa12-073c6a5949c9,Ennser Straße 154 4407 Dietach,,,,07252/38216,https://firmen.wko.at/procon-wohnbau-gmbh-procon-wohnbau-gmbh/ober%c3%b6sterreich/?firmaid=0617d3bb-1e81-4a80-aa12-073c6a5949c9&standortid=3&standortname=ober%c3%b6sterreich%20%28bundesland%29&suchbegriff=immobilienverwalter
procor immo og,PROCOR IMMO OG,PROCOR IMMO OG,1,wien,c824f110-770a-48f2-8cf9-41e4e478fbfd,Fillgradergasse 5/1/12 1060 Wien,,,,,https://firmen.wko.at/procor-immo-og/wien/?firmaid=c824f110-770a-48f2-8cf9-41e4e478fbfd&standortid=1&standortname=wien%20%28bundesland%29&suchbegriff=immobilienverwalter
prof dr thomas keppert immobilientreuhand gmbh,Prof Dr Thomas Keppert Immobilientreuhand GmbH,Prof Dr Thomas Keppert Immobilientreuhand GmbH,1,wien,ad3f3399-53ab-4eff-8f16-f92f428f2955,Theobaldgasse 19 1060 Wien,http://www.keppert.at/,http://www.keppert.at/,hausverwaltung@keppert.at,+43%201%20905%2094%2094,https://firmen.wko.at/prof-dr-thomas-keppert-immobilientreuhand-gmbh-immobilienverwalter/wien/?firmaid=ad3f3399-53ab-4eff-8f16-f92f428f2955&standortid=1&standortname=wien%20%28bundesland%29&suchbegriff=immobilienverwalter
profect immobilienverwaltung gmbh,PROFECT Immobilienverwaltung GmbH.,PROFECT Immobilienverwaltung GmbH.,1,wien,28c92e27-76b9-4c34-b481-4ca828069054,Freyung 6/8 1010 Wien,http://www.profect.at/,http://www.profect.at/,office@profect.at,+43%201%20961%2004%2007,https://firmen.wko.at/profect-immobilienverwaltung-gmbh/wien/?firmaid=28c92e27-76b9-4c34-b481-4ca828069054&standortid=1&standortname=wien%20%28bundesland%29&suchbegriff=immobilienverwalter
profundus verwaltung und vermittlung von immobilien gmbh,PROFUNDUS Verwaltung und Vermittlung von Immobilien GmbH,PROFUNDUS Verwaltung und Vermittlung von Immobilien GmbH,1,niederösterreich,74839516-685b-4ee5-8b00-27e652de49a9,Kaiser Josef-Straße 25 3002 Purkersdorf,,,,02231%2064200,https://firmen.wko.at/profundus-verwaltung-und-vermittlung-von-immobilien-gmbh-profundus-verwaltung-ung-vermittlung-von-immobilien-gmbh/nieder%c3%b6sterreich/?firmaid=74839516-685b-4ee5-8b00-27e652de49a9&standortid=2&standortname=nieder%c3%b6sterreich%20%28bundesland%29&suchbegriff=immobilienverwalter
proimmo consulting e u,PROIMMO CONSULTING e.U.,PROIMMO CONSULTING e.U.,1,wien,a26d1032-5114-447b-a53e-67273608d502,Burggasse 44/12 1070 Wien,https://www.proimmo-consulting.at/,https://www.proimmo-consulting.at/,office@proimmo-consulting.at,+436506266174,https://firmen.wko.at/proimmo-consulting-eu-proimmo-consulting-eu/wien/?firmaid=a26d1032-5114-447b-a53e-67273608d502&standortid=1&standortname=wien%20%28bundesland%29&suchbegriff=immobilienverwalter
projektum gmbh,Projektum GmbH,Projektum GmbH,1,vorarlberg,5148b141-164f-4a7e-a8be-8ad19aeb8ebd,Treiet 15a 6837 Weiler,,,,,https://firmen.wko.at/projektum-gmbh/vorarlberg/?firmaid=5148b141-164f-4a7e-a8be-8ad19aeb8ebd&standortid=8&standortname=vorarlberg%20%28bundesland%29&suchbegriff=immobilienverwalter
proventus immobilienverwaltung stefan langhammer e u,proVentus Immobilienverwaltung - Stefan Langhammer e.U.,proVentus Immobilienverwaltung - Stefan Langhammer e.U.,1,wien,7a48eb54-0e31-4b69-8fec-01e1bb4e3c72,Apollogasse 20/13 1070 Wien,http://www.proventus.at/,http://www.proventus.at/,office@proventus.at,01/5264531-0,https://firmen.wko.at/proventus-immobilienverwaltung-stefan-langhammer-eu-proventus-immobilienverwaltung/wien/?firmaid=7a48eb54-0e31-4b69-8fec-01e1bb4e3c72&standortid=1&standortname=wien%20%28bundesland%29&suchbegriff=immobilienverwalter
proventus immobilienverwaltung gmbh,proVentus immobilienverwaltung GmbH,proVentus immobilienverwaltung GmbH,1,wien,b6498aff-70a6-4959-9d34-7b82dedb9d91,Apollogasse 20 1070 Wien,,,,,https://firmen.wko.at/proventus-immobilienverwaltung-gmbh/wien/?firmaid=b6498aff-70a6-4959-9d34-7b82dedb9d91&standortid=1&standortname=wien%20%28bundesland%29&suchbegriff=immobilienverwalter
puhv gmbh,PUHV GmbH,PUHV GmbH,1,steiermark,d327653b-7d17-433f-8aab-c1b76fab862b,Sporgasse 29 8010 Graz,,,,,https://firmen.wko.at/puhv-gmbh/steiermark/?firmaid=d327653b-7d17-433f-8aab-c1b76fab862b&standortid=5&standortname=steiermark%20%28bundesland%29&suchbegriff=immobilienverwalter
pura vida gmbh,Pura Vida GmbH,Pura Vida GmbH,1,oberösterreich,ebd03765-da9f-4cd0-8921-86add53e9efd,Lederergasse 17 4650 Lambach,,,,,https://firmen.wko.at/pura-vida-gmbh/ober%c3%b6sterreich/?firmaid=ebd03765-da9f-4cd0-8921-86add53e9efd&standortid=3&standortname=ober%c3%b6sterreich%20%28bundesland%29&suchbegriff=immobilienverwalter
pures bauen immobilientreuhand gmbh,Pures Bauen Immobilientreuhand GmbH,Pures Bauen Immobilientreuhand GmbH,1,steiermark,0035b9b8-eceb-4af9-9421-5469669ff6c2,Kaiserfeldgasse 22/3 8010 Graz,,,,,https://firmen.wko.at/pures-bauen-immobilientreuhand-gmbh/steiermark/?firmaid=0035b9b8-eceb-4af9-9421-5469669ff6c2&standortid=5&standortname=steiermark%20%28bundesland%29&suchbegriff=immobilienverwalter
pusta und partner hausverwaltungsgmbh,Pusta & Partner HausverwaltungsGmbH,Pusta & Partner HausverwaltungsGmbH,1,wien,a1db2e73-f7c0-43f0-9b66-ab991ef0bd7b,Glasergasse 10 1090 Wien,https://www.pusta-partner.at/,https://www.pusta-partner.at/,office@pusta-partner.at,+43%201%20315%2051%2032,https://firmen.wko.at/pusta-und-partner-hausverwaltungsgmbh-immobilientreuh%c3%a4nder-verwalter/wien/?firmaid=a1db2e73-f7c0-43f0-9b66-ab991ef0bd7b&standortid=1&standortname=wien%20%28bundesland%29&suchbegriff=immobilienverwalter
pwc advisory services gmbh,PwC Advisory Services GmbH,PwC Advisory Services GmbH,1,wien,d334756a-162d-4af4-8d6b-37522ee0aa92,Donau-City-Straße 7(DC Tower) 1220 Wien,http://www.pwc.com/at,http://www.pwc.com/at,,+43%201%2050188%200,https://firmen.wko.at/pwc-advisory-services-gmbh/wien/?firmaid=d334756a-162d-4af4-8d6b-37522ee0aa92&standortid=1&standortname=wien%20%28bundesland%29&suchbegriff=immobilienverwalter
pühringer hausverwaltung und immobilien gmbh und co kg,PÜHRINGER Hausverwaltung & Immobilien GmbH & Co KG,PÜHRINGER Hausverwaltung & Immobilien GmbH & Co KG,1,tirol,6cedac63-45ff-49c7-b18a-5b6f07252d55,Dorf 11 6260 Bruck am Ziller,,,,,https://firmen.wko.at/p%c3%9chringer-hausverwaltung-und-immobilien-gmbh-und-co-kg/tirol/?firmaid=6cedac63-45ff-49c7-b18a-5b6f07252d55&standortid=7&standortname=tirol%20%28bundesland%29&suchbegriff=immobilienverwalter
qualitas immobilien gmbh,Qualitas Immobilien GmbH,Qualitas Immobilien GmbH,1,kärnten,3d519425-f0dc-4da7-894e-1c4c167a75dd,Miegerer Straße 115a 9065 Ebenthal,,,,,https://firmen.wko.at/qualitas-immobilien-gmbh/k%c3%a4rnten/?firmaid=3d519425-f0dc-4da7-894e-1c4c167a75dd&standortid=6&standortname=k%c3%a4rnten%20%28bundesland%29&suchbegriff=immobilienverwalter
r m s consulting gmbh,r.m-s consulting gmbh,r.m-s consulting gmbh,1,niederösterreich,29bb2ddb-2f5c-4c49-b6b2-09d5b10cf830,Dr. Richard Fröhlich-Gasse 20 2700 Wiener Neustadt,,,,,https://firmen.wko.at/rm-s-consulting-gmbh/nieder%c3%b6sterreich/?firmaid=29bb2ddb-2f5c-4c49-b6b2-09d5b10cf830&standortid=2&standortname=nieder%c3%b6sterreich%20%28bundesland%29&suchbegriff=immobilienverwalter
racoon property gmbh,Racoon Property GmbH,Racoon Property GmbH,1,niederösterreich,d75b571b-2687-41d7-b473-1688ec0d65e2,Brentenmaisstraße 53b 3012 Wolfsgraben,,,,,https://firmen.wko.at/racoon-property-gmbh/nieder%c3%b6sterreich/?firmaid=d75b571b-2687-41d7-b473-1688ec0d65e2&standortid=2&standortname=nieder%c3%b6sterreich%20%28bundesland%29&suchbegriff=immobilienverwalter
radakovits hausverwaltung gmbh,Radakovits Hausverwaltung GmbH,Radakovits Hausverwaltung GmbH,2,burgenland,2115f5c1-4af3-4c1b-b46d-6cbffb7cf821 | 5d9352c8-3934-49b0-b1d1-cb5154caa632,"Holzschlag 134 7435 Unterkohlstätten | Hauptplatz 11, Top 8 7400 Oberwart",,,,,https://firmen.wko.at/radakovits-hausverwaltung-gmbh/burgenland/?firmaid=2115f5c1-4af3-4c1b-b46d-6cbffb7cf821&standortid=9&standortname=burgenland%20%28bundesland%29&suchbegriff=immobilienverwalter
raiffeisen property international gmbh,Raiffeisen Property International GmbH,Raiffeisen Property International GmbH,1,wien,ff35460f-d41f-4063-8b42-b23ca262ba80,Anton-Kuh-Weg 7/601 1030 Wien,,,,,https://firmen.wko.at/raiffeisen-property-international-gmbh/wien/?firmaid=ff35460f-d41f-4063-8b42-b23ca262ba80&standortid=1&standortname=wien%20%28bundesland%29&suchbegriff=immobilienverwalter
raiffeisen realitäten betreuung tirol gmbh,Raiffeisen Realitäten Betreuung Tirol GmbH,Raiffeisen Realitäten Betreuung Tirol GmbH,1,tirol,58a6068a-c7cb-4d7d-8c99-54835331d4fa,Dr.-Glatz-Straße 12 6020 Innsbruck,,,raibau@rbt.at,0512/574%20656-0,https://firmen.wko.at/raiffeisen-realit%c3%a4ten-betreuung-tirol-gmbh/tirol/?firmaid=58a6068a-c7cb-4d7d-8c99-54835331d4fa&standortid=7&standortname=tirol%20%28bundesland%29&suchbegriff=immobilienverwalter
rainer realitätenvermittlungs hausverwaltungs und wirtschaftsgüter verwertungs gmbh,"Rainer Realitätenvermittlungs-, Hausverwaltungs- und Wirtschaftsgüter- verwertungs GmbH","Rainer Realitätenvermittlungs-, Hausverwaltungs- und Wirtschaftsgüter- verwertungs GmbH",1,wien,1a121a9e-18eb-4b90-9643-215eb00182ce,Wiedner Gürtel 3A 1040 Wien,,,office@rhw.co.at,01/607%2007%2007,https://firmen.wko.at/rainer-realit%c3%a4tenvermittlungs-hausverwaltungs-und-wirtschaftsg%c3%bcter-verwertungs-gmbh/wien/?firmaid=1a121a9e-18eb-4b90-9643-215eb00182ce&standortid=1&standortname=wien%20%28bundesland%29&suchbegriff=immobilienverwalter
ralph salzner immobilientreuhänder gmbh,Ralph Salzner Immobilientreuhänder GmbH,Ralph Salzner Immobilientreuhänder GmbH,1,wien,a3d680e0-cc86-4ef8-a405-1dcb223a3611,Mosergasse 14 1090 Wien,http://salzner.at/,http://salzner.at/,office@salzner.at,,https://firmen.wko.at/ralph-salzner-immobilientreuh%c3%a4nder-gmbh/wien/?firmaid=a3d680e0-cc86-4ef8-a405-1dcb223a3611&standortid=1&standortname=wien%20%28bundesland%29&suchbegriff=immobilienverwalter
rasalas e u,Rasalas e.U.,Rasalas e.U.,1,wien,3dfa9c9d-fde5-47a1-9a52-dea8a48fbb6a,Bäckerstraße 14/7 1010 Wien,,,,,https://firmen.wko.at/rasalas-eu/wien/?firmaid=3dfa9c9d-fde5-47a1-9a52-dea8a48fbb6a&standortid=1&standortname=wien%20%28bundesland%29&suchbegriff=immobilienverwalter
raumgut immobilien gmbh,Raumgut Immobilien GmbH,Raumgut Immobilien GmbH,1,vorarlberg,87c07c67-61ab-44a2-8105-33d6ae5c8330,"Harrachgasse 7, Top 3 6845 Hohenems",,,,,https://firmen.wko.at/raumgut-immobilien-gmbh/vorarlberg/?firmaid=87c07c67-61ab-44a2-8105-33d6ae5c8330&standortid=8&standortname=vorarlberg%20%28bundesland%29&suchbegriff=immobilienverwalter
rbo gmbh,RBO GmbH,RBO GmbH,1,vorarlberg,f567db5d-44ef-4e0f-b0a1-64a74debc6e6,Hauptstraße 47 6824 Schlins,,,,,https://firmen.wko.at/rbo-gmbh/vorarlberg/?firmaid=f567db5d-44ef-4e0f-b0a1-64a74debc6e6&standortid=8&standortname=vorarlberg%20%28bundesland%29&suchbegriff=immobilienverwalter
re immobilienverwaltung gmbh,RE Immobilienverwaltung GmbH,RE Immobilienverwaltung GmbH,1,steiermark,d6499ac2-7ebf-46f7-963b-cc84634e677e,Brockmanngasse 108 8010 Graz,https://www.real-est.at/,https://www.real-est.at/,office@real-est.at,+43%20664%20132%2080%2079,https://firmen.wko.at/re-immobilienverwaltung-gmbh-realest-immobilien/steiermark/?firmaid=d6499ac2-7ebf-46f7-963b-cc84634e677e&standortid=5&standortname=steiermark%20%28bundesland%29&suchbegriff=immobilienverwalter
real 2000 immobilienbeteiligungs gesellschaft m b h,Real 2000 Immobilienbeteiligungs- gesellschaft m.b.H.,Real 2000 Immobilienbeteiligungs- gesellschaft m.b.H.,1,burgenland,508cc20b-c01b-42b8-8975-2dd3d971912f,Hauptstraße 41 7000 Eisenstadt,,,office@real2000.at,02682/663%2062-0,https://firmen.wko.at/real-2000-immobilienbeteiligungs-gesellschaft-mbh/burgenland/?firmaid=508cc20b-c01b-42b8-8975-2dd3d971912f&standortid=9&standortname=burgenland%20%28bundesland%29&suchbegriff=immobilienverwalter
real estate partner realitäten und immobilien consulting services gmbh,REAL ESTATE PARTNER Realitäten & Immobilien Consulting Services GmbH,REAL ESTATE PARTNER Realitäten & Immobilien Consulting Services GmbH,1,wien,3879f6ac-3226-40a8-a07b-0fb57c6c59cb,Mohsgasse 1/3.2 1030 Wien,,,info@real-estate-partner.biz,01/218%2037%2032%20,https://firmen.wko.at/real-estate-partner-realit%c3%a4ten-und-immobilien-consulting-services-gmbh/wien/?firmaid=3879f6ac-3226-40a8-a07b-0fb57c6c59cb&standortid=1&standortname=wien%20%28bundesland%29&suchbegriff=immobilienverwalter
real immobilien e u,Real Immobilien e.U.,Real Immobilien e.U.,1,niederösterreich,0d5acef2-959e-48bd-8e65-bea90d1b0ae5,Schloßgasse 1B 2542 Kottingbrunn,,,,,https://firmen.wko.at/real-immobilien-eu/nieder%c3%b6sterreich/?firmaid=0d5acef2-959e-48bd-8e65-bea90d1b0ae5&standortid=2&standortname=nieder%c3%b6sterreich%20%28bundesland%29&suchbegriff=immobilienverwalter
real immobilien treuhand gmbh,Real Immobilien Treuhand GmbH,Real Immobilien Treuhand GmbH,1,niederösterreich,2daf00c2-7301-4041-86a1-4f74cf7aef68,Schloßgasse 1B 2542 Kottingbrunn,https://www.real-immobilien.at/,https://www.real-immobilien.at/,office@real-immobilien.at,+43%202252%2070%20700,https://firmen.wko.at/real-immobilien-treuhand-gmbh-immobilientreuhandgesellschaft/nieder%c3%b6sterreich/?firmaid=2daf00c2-7301-4041-86a1-4f74cf7aef68&standortid=2&standortname=nieder%c3%b6sterreich%20%28bundesland%29&suchbegriff=immobilienverwalter
real finanz gesellschaft m b h,Real-Finanz-Gesellschaft m.b.H.,Real-Finanz-Gesellschaft m.b.H.,1,salzburg,deab13de-5d4b-4871-ae1b-2db6ff5ac9a8,Scheiblgasse 6 5020 Salzburg,,,real-finanz@aon.at,0662/452222,https://firmen.wko.at/real-finanz-gesellschaft-mbh/salzburg/?firmaid=deab13de-5d4b-4871-ae1b-2db6ff5ac9a8&standortid=4&standortname=salzburg%20%28bundesland%29&suchbegriff=immobilienverwalter
real treuhandverwaltungs gesellschaft m b h,Real-Treuhandverwaltungs - Gesellschaft m.b.H.,Real-Treuhandverwaltungs - Gesellschaft m.b.H.,1,wien,ceb1f63f-afc9-47ee-bbe1-3587f40b7f55,Börsegasse 12 1010 Wien,,,,01/533%2001%2002,https://firmen.wko.at/real-treuhandverwaltungs-gesellschaft-mbh/wien/?firmaid=ceb1f63f-afc9-47ee-bbe1-3587f40b7f55&standortid=1&standortname=wien%20%28bundesland%29&suchbegriff=immobilienverwalter
real wohnbaugesellschaft m b h,REAL-WOHNBAUGESELLSCHAFT M.B.H.,REAL-WOHNBAUGESELLSCHAFT M.B.H.,1,kärnten,12d1088f-f0af-436c-9503-486334e3f55c,Mozartstraße 28 9020 Klagenfurt am Wörthersee,,,immobilien@real-wohnbau.at,+43%20463%2055555,https://firmen.wko.at/real-wohnbaugesellschaft-mbh/k%c3%a4rnten/?firmaid=12d1088f-f0af-436c-9503-486334e3f55c&standortid=6&standortname=k%c3%a4rnten%20%28bundesland%29&suchbegriff=immobilienverwalter
real3 immobilien gmbh,REAL3 Immobilien GmbH,REAL3 Immobilien GmbH,2,wien,106defab-a532-4e31-9969-09e4b7d8d88f | 4528b549-d875-41f6-8d14-72e26b0157e9,Bäckerstraße 3/10 1010 Wien | Brückengasse 8/6.2 1060 Wien,,,,,https://firmen.wko.at/real3-immobilien-gmbh/wien/?firmaid=106defab-a532-4e31-9969-09e4b7d8d88f&standortid=1&standortname=wien%20%28bundesland%29&suchbegriff=immobilienverwalter
realbesitz gesellschaft m b h und co verwaltungs kg,Realbesitz - Gesellschaft m.b.H. & Co. Verwaltungs - KG.,Realbesitz - Gesellschaft m.b.H. & Co. Verwaltungs - KG.,1,wien,7b356204-9148-4c29-8aa3-51deea14d3a4,Salesianergasse 3 1030 Wien,,,,01/715%2055%2085-0,https://firmen.wko.at/realbesitz-gesellschaft-mbh-und-co-verwaltungs-kg/wien/?firmaid=7b356204-9148-4c29-8aa3-51deea14d3a4&standortid=1&standortname=wien%20%28bundesland%29&suchbegriff=immobilienverwalter
realbüro dr schmid gesellschaft m b h,Realbüro Dr. Schmid Gesellschaft m.b.H.,Realbüro Dr. Schmid Gesellschaft m.b.H.,1,salzburg,72211bd4-694c-47cf-977f-a1c3b89544ec,Bergstraße 10 5020 Salzburg,http://www.realbuero.at/,http://www.realbuero.at/,office@realbuero.at,+43%20662%20824283,https://firmen.wko.at/realb%c3%bcro-dr-schmid-gesellschaft-mbh/salzburg/?firmaid=72211bd4-694c-47cf-977f-a1c3b89544ec&standortid=4&standortname=salzburg%20%28bundesland%29&suchbegriff=immobilienverwalter
realbüro knitl gesellschaft m b h,Realbüro Knitl Gesellschaft m.b.H.,Realbüro Knitl Gesellschaft m.b.H.,1,steiermark,931aad3b-8504-471c-aed2-697a68319f84,Landstraße 1 (Geschäftsgebäude) 8753 Fohnsdorf,,,,,https://firmen.wko.at/realb%c3%bcro-knitl-gesellschaft-mbh/steiermark/?firmaid=931aad3b-8504-471c-aed2-697a68319f84&standortid=5&standortname=steiermark%20%28bundesland%29&suchbegriff=immobilienverwalter
realia liegenschaftsservice gesellschaft m b h,REALIA Liegenschaftsservice Gesellschaft m.b.H.,REALIA Liegenschaftsservice Gesellschaft m.b.H.,1,oberösterreich,0f23c2c8-8beb-4e89-9b55-419fc3bd07a7,Krenglbacher Straße 73 4631 Krenglbach,,,,,https://firmen.wko.at/realia-liegenschaftsservice-gesellschaft-mbh/ober%c3%b6sterreich/?firmaid=0f23c2c8-8beb-4e89-9b55-419fc3bd07a7&standortid=3&standortname=ober%c3%b6sterreich%20%28bundesland%29&suchbegriff=immobilienverwalter
realintent immobilien gmbh,RealIntent Immobilien GmbH.,RealIntent Immobilien GmbH.,1,wien,b89e6626-9a69-4de6-b04f-27718fe23cdd,Richard-Neutra-Gasse 6 (Betrieb) 1210 Wien,http://www.realintent.at/,http://www.realintent.at/,verwaltung@realintent.at,01/89%2055%20299,https://firmen.wko.at/realintent-immobilien-gmbh-klassische-hausverwaltung/wien/?firmaid=b89e6626-9a69-4de6-b04f-27718fe23cdd&standortid=1&standortname=wien%20%28bundesland%29&suchbegriff=immobilienverwalter
realitas gmbh,Realitas GmbH,Realitas GmbH,1,niederösterreich,8a0ac1a6-5ece-4cd0-a797-1cfadf1d2249,Dr.-Franz-Wilhelm-Straße 2 3500 Krems an der Donau,http://www.realitas.at/,http://www.realitas.at/,reinigung@realitas.at,+43(2732)488-500,https://firmen.wko.at/realitas-gmbh-realitas-gmbh/nieder%c3%b6sterreich/?firmaid=8a0ac1a6-5ece-4cd0-a797-1cfadf1d2249&standortid=2&standortname=nieder%c3%b6sterreich%20%28bundesland%29&suchbegriff=immobilienverwalter
realitäten invest immobilientreuhand und wohnbaugesellschaft m b h,REALITÄTEN - INVEST Immobilientreuhand- und Wohnbaugesellschaft m.b.H,REALITÄTEN - INVEST Immobilientreuhand- und Wohnbaugesellschaft m.b.H,1,kärnten,d26add51-4448-41ba-9e77-0a5c9993f997,August-Jaksch-Straße 16 9020 Klagenfurt am Wörthersee,http://www.realitaeten-invest.at/,http://www.realitaeten-invest.at/,realitaeten-invest@chello.at,0463/51%2069%2055-0,https://firmen.wko.at/realit%c3%84ten-invest-immobilientreuhand-und-wohnbaugesellschaft-mbh/k%c3%a4rnten/?firmaid=d26add51-4448-41ba-9e77-0a5c9993f997&standortid=6&standortname=k%c3%a4rnten%20%28bundesland%29&suchbegriff=immobilienverwalter
realitäten gossy gmbh,Realitäten Gossy GmbH,Realitäten Gossy GmbH,1,burgenland,49192d06-95d7-4f08-823b-c25a73721384,Hauptplatz 14 7400 Oberwart,,,office@gossyreal.at,03352/38672,https://firmen.wko.at/realit%c3%a4ten-gossy-gmbh/burgenland/?firmaid=49192d06-95d7-4f08-823b-c25a73721384&standortid=9&standortname=burgenland%20%28bundesland%29&suchbegriff=immobilienverwalter
realitäten ofner gmbh,Realitäten Ofner GmbH,Realitäten Ofner GmbH,1,niederösterreich,60fd78ee-46d1-403f-9b23-87ed856d5b3b,Umseer Straße (Tausendblum) 8 3040 Tausendblum,http://www.realitaeten-ofner.at/,http://www.realitaeten-ofner.at/,,+43%202772%2052344 | +%2043%20664%203848798,https://firmen.wko.at/realit%c3%a4ten-ofner-gmbh/nieder%c3%b6sterreich/?firmaid=60fd78ee-46d1-403f-9b23-87ed856d5b3b&standortid=2&standortname=nieder%c3%b6sterreich%20%28bundesland%29&suchbegriff=immobilienverwalter
realitäten perkonig immobilientreuhand kg,Realitäten Perkonig Immobilientreuhand KG,Realitäten Perkonig Immobilientreuhand KG,1,kärnten,57ccecee-fdb2-4028-bc25-d410ad01a7ef,Realitäten pekronig Immobilientreuhand KG 0463 502060,http://www.realitaeten-perkonig.at/,http://www.realitaeten-perkonig.at/,office@realitaeten-perkonig.at,0463%20502060,https://firmen.wko.at/realit%c3%a4ten-perkonig-immobilientreuhand-kg-realit%c3%a4ten-pekronig-immobilientreuhand-kg/k%c3%a4rnten/?firmaid=57ccecee-fdb2-4028-bc25-d410ad01a7ef&standortid=6&standortname=k%c3%a4rnten%20%28bundesland%29&suchbegriff=immobilienverwalter
realitätenverwaltung kreutz gmbh,Realitätenverwaltung Kreutz GmbH,Realitätenverwaltung Kreutz GmbH,1,kärnten,f96dccbb-4661-45ee-9989-e5b53ca9f9f4,8.-Mai-Straße 34 9020 Klagenfurt am Wörthersee,,,,,https://firmen.wko.at/realit%c3%a4tenverwaltung-kreutz-gmbh/k%c3%a4rnten/?firmaid=f96dccbb-4661-45ee-9989-e5b53ca9f9f4&standortid=6&standortname=k%c3%a4rnten%20%28bundesland%29&suchbegriff=immobilienverwalter
realkanzlei edlauer immobilientreuhänder gmbh und co kg,Realkanzlei Edlauer Immobilientreuhänder GmbH & Co.KG,Realkanzlei Edlauer Immobilientreuhänder GmbH & Co.KG,1,niederösterreich,a90b4c34-4fd2-4954-8b5e-c3cf0f829d28,Josefstraße 19 3100 St. Pölten,,,,02742%20352438,https://firmen.wko.at/realkanzlei-edlauer-immobilientreuh%c3%a4nder-gmbh-und-cokg/nieder%c3%b6sterreich/?firmaid=a90b4c34-4fd2-4954-8b5e-c3cf0f829d28&standortid=2&standortname=nieder%c3%b6sterreich%20%28bundesland%29&suchbegriff=immobilienverwalter
realkanzlei ferdinand könig gesellschaft m b h,Realkanzlei Ferdinand König Gesellschaft m.b.H.,Realkanzlei Ferdinand König Gesellschaft m.b.H.,2,niederösterreich | wien,84347b3a-fda1-4606-8b9e-1dcb944bc8d3 | 46e25e82-96c1-4b51-9c7f-3f872bb081c1,Schneckgasse 24 3100 St.Pölten | Heinrichsgasse 2/1/6 1010 Wien,http://www.koenigimmobilien.at/,http://www.koenigimmobilien.at/,info@koenigimmobilien.at,+43/%201/%20523%2013%2067,https://firmen.wko.at/realkanzlei-ferdinand-k%c3%b6nig-gesellschaft-mbh/nieder%c3%b6sterreich/?firmaid=84347b3a-fda1-4606-8b9e-1dcb944bc8d3&standortid=2&standortname=nieder%c3%b6sterreich%20%28bundesland%29&suchbegriff=immobilienverwalter
realkanzlei leissner gmbh,Realkanzlei Leissner GmbH,Realkanzlei Leissner GmbH,1,wien,f88a46b7-bf6e-45a0-ae6d-40db42215ed9,Zieglergasse 12/17-18 1070 Wien,,,,,https://firmen.wko.at/realkanzlei-leissner-gmbh/wien/?firmaid=f88a46b7-bf6e-45a0-ae6d-40db42215ed9&standortid=1&standortname=wien%20%28bundesland%29&suchbegriff=immobilienverwalter
realkanzlei renate überbacher gmbh,Realkanzlei Renate Überbacher GmbH,Realkanzlei Renate Überbacher GmbH,1,wien,f775e014-394f-4b53-9b49-c8e199391352,Staudgasse 77 1180 Wien,,,,,https://firmen.wko.at/realkanzlei-renate-%c3%9cberbacher-gmbh/wien/?firmaid=f775e014-394f-4b53-9b49-c8e199391352&standortid=1&standortname=wien%20%28bundesland%29&suchbegriff=immobilienverwalter
realkanzlei sodoma e u,Realkanzlei Sodoma e.U.,Realkanzlei Sodoma e.U.,1,wien,120fa33b-5951-432e-97f7-048b1b0af49f,Mariahilfer Straße 57-59/15 1060 Wien,,,michael.franz@sodoma.at,+43%201%20587%2092%2096-0,https://firmen.wko.at/realkanzlei-sodoma-eu/wien/?firmaid=120fa33b-5951-432e-97f7-048b1b0af49f&standortid=1&standortname=wien%20%28bundesland%29&suchbegriff=immobilienverwalter
realkanzlei wutzl gmbh,Realkanzlei Wutzl GmbH,Realkanzlei Wutzl GmbH,1,niederösterreich,ab35ae16-a2fb-478e-bc65-2c3a63b8091d,Linzer Straße 15 3100 St. Pölten,http://www.realkanzlei-wutzl.at/,http://www.realkanzlei-wutzl.at/,office@realkanzlei-wutzl.at,+43-2742-70757,https://firmen.wko.at/realkanzlei-wutzl-gmbh-realkanzlei-wutzl-gmbh/nieder%c3%b6sterreich/?firmaid=ab35ae16-a2fb-478e-bc65-2c3a63b8091d&standortid=2&standortname=nieder%c3%b6sterreich%20%28bundesland%29&suchbegriff=immobilienverwalter
realset e u,Realset e.U.,Realset e.U.,1,wien,3fe75a29-1a3f-4cd6-b06c-1a2a3546d11e,Schiffmühlenstraße 55/2 1220 Wien,http://realset.at/,http://realset.at/,office@realset.at,+431305720976500 | +4369914860811,https://firmen.wko.at/realset-eu/wien/?firmaid=3fe75a29-1a3f-4cd6-b06c-1a2a3546d11e&standortid=1&standortname=wien%20%28bundesland%29&suchbegriff=immobilienverwalter
realty management dhss gmbh,Realty Management DHSS GmbH,Realty Management DHSS GmbH,2,steiermark,5e1560d4-4694-481e-ae07-06160d24f8cf | ed8112a8-5fd4-4981-9755-1be9e38e62d3,Ringsiedlung 91 8111 Judendorf | Triester Straße 8a 8020 Graz,,,,,https://firmen.wko.at/realty-management-dhss-gmbh/steiermark/?firmaid=5e1560d4-4694-481e-ae07-06160d24f8cf&standortid=5&standortname=steiermark%20%28bundesland%29&suchbegriff=immobilienverwalter
realverwaltung gmbh,Realverwaltung GmbH,Realverwaltung GmbH,1,kärnten,4f8bab4e-76b5-4c93-a9d7-3190d7d88a6f,Koschatstraße 129 9020 Klagenfurt am Wörthersee,http://stefan.rutter@rutter.at/,http://stefan.rutter@rutter.at/,office@rutter.at,+43%20463%2050%2035%2050-0,https://firmen.wko.at/realverwaltung-gmbh/k%c3%a4rnten/?firmaid=4f8bab4e-76b5-4c93-a9d7-3190d7d88a6f&standortid=6&standortname=k%c3%a4rnten%20%28bundesland%29&suchbegriff=immobilienverwalter
recondo retail real estate gmbh,RECONDO Retail Real Estate GmbH,RECONDO Retail Real Estate GmbH,1,wien,8ed977e6-a88b-4da5-ba97-092d47692b92,Schenkenstraße 2 1010 Wien,,,,,https://firmen.wko.at/recondo-retail-real-estate-gmbh/wien/?firmaid=8ed977e6-a88b-4da5-ba97-092d47692b92&standortid=1&standortname=wien%20%28bundesland%29&suchbegriff=immobilienverwalter
referenz immobilien gmbh,Referenz Immobilien GmbH,Referenz Immobilien GmbH,1,niederösterreich,087b56d7-4086-440c-a203-1995513394cd,Badner Straße 6 2540 Bad Vöslau,http://www.referenz-immobilien.at/,http://www.referenz-immobilien.at/,verwaltung@rig.at,+43%20664%208536658,https://firmen.wko.at/referenz-immobilien-gmbh-referenz-immobilien-gmbh/nieder%c3%b6sterreich/?firmaid=087b56d7-4086-440c-a203-1995513394cd&standortid=2&standortname=nieder%c3%b6sterreich%20%28bundesland%29&suchbegriff=immobilienverwalter
regelsberger liegenschaftsverwaltungs gmbh,Regelsberger Liegenschaftsverwaltungs GmbH,Regelsberger Liegenschaftsverwaltungs GmbH,1,wien,1d374c8c-fb7b-4f39-90fd-6262b56ec2a8,Hoher Markt 4/2A 1010 Wien,http://www.rlvg.at/,http://www.rlvg.at/,office@rlvg.at,533%2097%2077,https://firmen.wko.at/regelsberger-liegenschaftsverwaltungs-gmbh-regelsberger/wien/?firmaid=1d374c8c-fb7b-4f39-90fd-6262b56ec2a8&standortid=1&standortname=wien%20%28bundesland%29&suchbegriff=immobilienverwalter
regina stanger immobilienverwaltung gmbh,Regina Stanger Immobilienverwaltung GmbH,Regina Stanger Immobilienverwaltung GmbH,1,tirol,96a12b1a-b482-4ec1-9755-e73ed280405e,Andreas-Hofer-Straße 6/1 6020 Innsbruck,http://www.hv-stanger.at/,http://www.hv-stanger.at/,office@hv-stanger.at,+43%20(0)%20512%20562121,https://firmen.wko.at/regina-stanger-immobilienverwaltung-gmbh/tirol/?firmaid=96a12b1a-b482-4ec1-9755-e73ed280405e&standortid=7&standortname=tirol%20%28bundesland%29&suchbegriff=immobilienverwalter
reich und redl immobilien consulting gmbh,Reich & Redl Immobilien Consulting GmbH,Reich & Redl Immobilien Consulting GmbH,1,wien,2e974660-30c4-44e8-b15c-62afc6f9cc62,"Währinger Gürtel 9, Tür 4 1180 Wien",,,,,https://firmen.wko.at/reich-und-redl-immobilien-consulting-gmbh/wien/?firmaid=2e974660-30c4-44e8-b15c-62afc6f9cc62&standortid=1&standortname=wien%20%28bundesland%29&suchbegriff=immobilienverwalter
reif guttenbrunner immobilien gmbh,Reif-Guttenbrunner-Immobilien GmbH,Reif-Guttenbrunner-Immobilien GmbH,1,vorarlberg,56ad8f84-2a95-417e-bda1-342622e54908,Hofsteigstraße 136/30 6971 Hard,,,,,https://firmen.wko.at/reif-guttenbrunner-immobilien-gmbh/vorarlberg/?firmaid=56ad8f84-2a95-417e-bda1-342622e54908&standortid=8&standortname=vorarlberg%20%28bundesland%29&suchbegriff=immobilienverwalter
reikersdorfer hausverwaltung gmbh,Reikersdorfer Hausverwaltung GmbH,Reikersdorfer Hausverwaltung GmbH,2,niederösterreich | oberösterreich,c0b1a7d3-0117-4dfd-86d9-7b64fb89f0d0 | 34a52969-0368-414d-bc6a-b38d7c52c2b1,"Bahnhofstraße (Amstetten) 2 3300 Amstetten | Hubergutstraße 13, Tür 2 (Haus C) 4400 Steyr",http://www.reikersdorfer.at/,http://www.reikersdorfer.at/,office@reikersdorfer.at,+43%207472%2062516,https://firmen.wko.at/reikersdorfer-hausverwaltung-gmbh-hausverwaltung/nieder%c3%b6sterreich/?firmaid=c0b1a7d3-0117-4dfd-86d9-7b64fb89f0d0&standortid=2&standortname=nieder%c3%b6sterreich%20%28bundesland%29&suchbegriff=immobilienverwalter
reimann immobilien gmbh,Reimann Immobilien GmbH,Reimann Immobilien GmbH,1,vorarlberg,487c4d1d-ae64-4cc2-bcde-35e6716c7c74,Johann-Georg-Ulmer-Straße 21 6850 Dornbirn,,,,,https://firmen.wko.at/reimann-immobilien-gmbh/vorarlberg/?firmaid=487c4d1d-ae64-4cc2-bcde-35e6716c7c74&standortid=8&standortname=vorarlberg%20%28bundesland%29&suchbegriff=immobilienverwalter
reinberg und partner immobilienberatung gmbh,Reinberg & Partner Immobilienberatung GmbH,Reinberg & Partner Immobilienberatung GmbH,1,wien,cdf7ec63-df90-4341-b59a-074f3cc3032a,Schönbrunner Straße 108/1.05 1050 Wien,,,,,https://firmen.wko.at/reinberg-und-partner-immobilienberatung-gmbh/wien/?firmaid=cdf7ec63-df90-4341-b59a-074f3cc3032a&standortid=1&standortname=wien%20%28bundesland%29&suchbegriff=immobilienverwalter
reindl immobilien e u,Reindl Immobilien e.U.,Reindl Immobilien e.U.,1,oberösterreich,e5cd389a-b734-4a00-910d-223e96b437d9,Huemerstraße 6b 4020 Linz,http://www.remax-voecklabruck.at/,http://www.remax-voecklabruck.at/,office@remax-voecklabruck.at,+43%207672%2022%201%2022 | +43%20699%20107%20710%2071,https://firmen.wko.at/reindl-immobilien-eu-re-max-immobilien-andreas-reindl-re-max-v%c3%b6cklabruck-und-re/ober%c3%b6sterreich/?firmaid=e5cd389a-b734-4a00-910d-223e96b437d9&standortid=3&standortname=ober%c3%b6sterreich%20%28bundesland%29&suchbegriff=immobilienverwalter
reinhard gigler,Reinhard Gigler,Reinhard Gigler,1,vorarlberg,98404062-51ad-4107-961a-84c8aa5ad056,Wuhrwaldstraße 16 6971 Hard,,,,,https://firmen.wko.at/reinhard-gigler/vorarlberg/?firmaid=98404062-51ad-4107-961a-84c8aa5ad056&standortid=8&standortname=vorarlberg%20%28bundesland%29&suchbegriff=immobilienverwalter
reischauer consulting gmbh,Reischauer Consulting GmbH,Reischauer Consulting GmbH,1,oberösterreich,acd9c9ad-109b-4238-bc9d-0ad409607508,Durisolstr. 7 4600 Wels,https://www.reischauer.at/,https://www.reischauer.at/,office@reischauer.at,+43%207242%209001%2011 | +43%20676%2084%209003%2011,https://firmen.wko.at/reischauer-consulting-gmbh-unternehmensberatung-werbeagentur-immobilienentwicklung/ober%c3%b6sterreich/?firmaid=acd9c9ad-109b-4238-bc9d-0ad409607508&standortid=3&standortname=ober%c3%b6sterreich%20%28bundesland%29&suchbegriff=immobilienverwalter
reiwag facility services gmbh,REIWAG Facility Services GmbH,REIWAG Facility Services GmbH,1,wien,ccd49180-ebb3-460d-a3e1-c311d3b25cf9,Burggasse 60 1070 Wien,http://www.reiwag.com/,http://www.reiwag.com/,office@reiwag.at,+43%2001%205239300-451,https://firmen.wko.at/reiwag-facility-services-gmbh/wien/?firmaid=ccd49180-ebb3-460d-a3e1-c311d3b25cf9&standortid=1&standortname=wien%20%28bundesland%29&suchbegriff=immobilienverwalter
relesta immobilientreuhand gmbh,RELESTA Immobilientreuhand GmbH,RELESTA Immobilientreuhand GmbH,1,vorarlberg,59fc3919-0434-410d-8cb1-31a242f34e21,Am Garnmarkt 3 6840 Götzis,,,,,https://firmen.wko.at/relesta-immobilientreuhand-gmbh/vorarlberg/?firmaid=59fc3919-0434-410d-8cb1-31a242f34e21&standortid=8&standortname=vorarlberg%20%28bundesland%29&suchbegriff=immobilienverwalter
rella facility gmbh,Rella Facility GmbH,Rella Facility GmbH,1,wien,fe09ea7c-8975-478c-aa88-7a46ef352510,Fütterergasse 1/5 1010 Wien,,,,,https://firmen.wko.at/rella-facility-gmbh/wien/?firmaid=fe09ea7c-8975-478c-aa88-7a46ef352510&standortid=1&standortname=wien%20%28bundesland%29&suchbegriff=immobilienverwalter
remplus gmbh,REMplus GmbH,REMplus GmbH,1,salzburg,a96a8907-6033-429d-9686-3cfdebae3b20,Sonnberg 15/2 5733 Bramberg am Wildkogel,,,,,https://firmen.wko.at/remplus-gmbh/salzburg/?firmaid=a96a8907-6033-429d-9686-3cfdebae3b20&standortid=4&standortname=salzburg%20%28bundesland%29&suchbegriff=immobilienverwalter
renate anna krenn,Renate Anna Krenn,Renate Anna Krenn,1,wien,bbe9ed8d-dc30-43dc-a522-6f2d164247c8,Pohlgasse 2-4/DG/2 1120 Wien,,,,,https://firmen.wko.at/renate-anna-krenn/wien/?firmaid=bbe9ed8d-dc30-43dc-a522-6f2d164247c8&standortid=1&standortname=wien%20%28bundesland%29&suchbegriff=immobilienverwalter
renate rupp,Renate Rupp,Renate Rupp,1,wien,b75f55dc-d909-471f-8554-ecb2b6254746,Fockygasse 12/23 1120 Wien,,,,01/812%2012%2020 | 0664/415%2015%2031%20,https://firmen.wko.at/renate-rupp/wien/?firmaid=b75f55dc-d909-471f-8554-ecb2b6254746&standortid=1&standortname=wien%20%28bundesland%29&suchbegriff=immobilienverwalter
rene christoph fürntrath ba ma msc,"Rene Christoph Fürntrath, BA, MA, MSc","Rene Christoph Fürntrath, BA, MA, MSc",1,steiermark,5a710803-f231-4d39-ba43-8cbde7a77321,Großpesendorf 53 8211 Ilztal,,,,,https://firmen.wko.at/rene-christoph-f%c3%bcrntrath-ba-ma-msc/steiermark/?firmaid=5a710803-f231-4d39-ba43-8cbde7a77321&standortid=5&standortname=steiermark%20%28bundesland%29&suchbegriff=immobilienverwalter
reos gmbh,Reos GmbH,Reos GmbH,1,wien,7da31202-6701-4ea7-9738-ff8017d16662,Vorgartenstraße 204/Foyer/Erdgeschoss 1020 Wien,,,,,https://firmen.wko.at/reos-gmbh/wien/?firmaid=7da31202-6701-4ea7-9738-ff8017d16662&standortid=1&standortname=wien%20%28bundesland%29&suchbegriff=immobilienverwalter
res immobilienverwaltung gmbh,RES Immobilienverwaltung GmbH,RES Immobilienverwaltung GmbH,1,wien,65a232ee-baac-4ccf-a4fa-d120bd2ac7ec,Gaudenzdorfer Gürtel 47 1120 Wien,http://www.res.at/,http://www.res.at/,office@res.at,01817%2077%2040%200,https://firmen.wko.at/res-immobilienverwaltung-gmbh-res-immobilienverwaltung-gmbh/wien/?firmaid=65a232ee-baac-4ccf-a4fa-d120bd2ac7ec&standortid=1&standortname=wien%20%28bundesland%29&suchbegriff=immobilienverwalter
reset gruppe gmbh,Reset Gruppe GmbH,Reset Gruppe GmbH,1,salzburg,7f0504b9-2515-4b0b-b2ae-371077479128,Bundesstraße 12 5600 Sankt Johann im Pongau,http://www.reset-gruppe.at/,http://www.reset-gruppe.at/,office@reset-gruppe.at,06412%20%2020804,https://firmen.wko.at/reset-gruppe-gmbh-reset-gruppe-gmbh/salzburg/?firmaid=7f0504b9-2515-4b0b-b2ae-371077479128&standortid=4&standortname=salzburg%20%28bundesland%29&suchbegriff=immobilienverwalter
rev realitäten erhaltungs und verwaltungsgesellschaft m b h,REV Realitäten Erhaltungs- und Verwaltungsgesellschaft m.b.H.,REV Realitäten Erhaltungs- und Verwaltungsgesellschaft m.b.H.,1,wien,77a6cde9-3bf9-48fb-b478-52e1d63cd0b1,Seitenstettengasse 4 1010 Wien,,,,,https://firmen.wko.at/rev-realit%c3%a4ten-erhaltungs-und-verwaltungsgesellschaft-mbh/wien/?firmaid=77a6cde9-3bf9-48fb-b478-52e1d63cd0b1&standortid=1&standortname=wien%20%28bundesland%29&suchbegriff=immobilienverwalter
revital immobilien gmbh,Revital Immobilien GmbH,Revital Immobilien GmbH,1,vorarlberg,cd238533-420c-45a6-aba6-5e2b6ca31160,Lustenauerstraße 56 6850 Dornbirn,,,,,https://firmen.wko.at/revital-immobilien-gmbh/vorarlberg/?firmaid=cd238533-420c-45a6-aba6-5e2b6ca31160&standortid=8&standortname=vorarlberg%20%28bundesland%29&suchbegriff=immobilienverwalter
revival immobilien gmbh,Revival Immobilien GmbH,Revival Immobilien GmbH,1,wien,078c5dc9-280d-4c65-be30-4ddcaac3eb54,"Edi-Finger-Straße 4/4, Tür 400 1210 Wien",http://www.revival-immo.at/,http://www.revival-immo.at/,kontakt@revival-immo.at,+43%2001%20714%2022%2013,https://firmen.wko.at/revival-immobilien-gmbh-immobilienverwalter-und-immobilienmakler/wien/?firmaid=078c5dc9-280d-4c65-be30-4ddcaac3eb54&standortid=1&standortname=wien%20%28bundesland%29&suchbegriff=immobilienverwalter
rg beteiligungs gmbh,RG Beteiligungs GmbH,RG Beteiligungs GmbH,1,salzburg,763ec84f-961e-4020-aade-dfaf2d5a25fa,Dossenweg 21 5020 Salzburg,,,,,https://firmen.wko.at/rg-beteiligungs-gmbh/salzburg/?firmaid=763ec84f-961e-4020-aade-dfaf2d5a25fa&standortid=4&standortname=salzburg%20%28bundesland%29&suchbegriff=immobilienverwalter
rh1 immobilien gmbh,RH1 Immobilien GmbH,RH1 Immobilien GmbH,1,steiermark,0efde20f-8a6e-4812-ad97-0fc13d4bac4c,Kaiserfeldgasse 22/11 8010 Graz,,,,,https://firmen.wko.at/rh1-immobilien-gmbh/steiermark/?firmaid=0efde20f-8a6e-4812-ad97-0fc13d4bac4c&standortid=5&standortname=steiermark%20%28bundesland%29&suchbegriff=immobilienverwalter
riccabona immobilien gmbh,Riccabona Immobilien GmbH,Riccabona Immobilien GmbH,1,tirol,5dcc678f-9851-4bec-bf1d-301c1971b55a,Melans 3 6067 Absam,https://www.riccabona-immobilien.at/,https://www.riccabona-immobilien.at/,office@riccabona-immobilien.at,+436769129969,https://firmen.wko.at/riccabona-immobilien-gmbh-immobilientreuh%c3%a4nder/tirol/?firmaid=5dcc678f-9851-4bec-bf1d-301c1971b55a&standortid=7&standortname=tirol%20%28bundesland%29&suchbegriff=immobilienverwalter
richard kvasnicka,Richard Kvasnicka,Richard Kvasnicka,1,wien,d0f5df7d-e1f3-43f1-b1ff-8ff48954c7a2,"Mauerbachstraße 22, Tür 2 1140 Wien",http://www.kuk-immo.at/,http://www.kuk-immo.at/,office@kuk-immo.at,065055580496,https://firmen.wko.at/richard-kvasnicka-k-und-k-liegenschaftsverwaltung/wien/?firmaid=d0f5df7d-e1f3-43f1-b1ff-8ff48954c7a2&standortid=1&standortname=wien%20%28bundesland%29&suchbegriff=immobilienverwalter
richter immobilientreuhand gmbh,Richter Immobilientreuhand GmbH,Richter Immobilientreuhand GmbH,1,steiermark,191154b0-b4ec-474a-b8d4-7978acd21b61,Münzgrabenstraße 90 8010 Graz,,,,,https://firmen.wko.at/richter-immobilientreuhand-gmbh/steiermark/?firmaid=191154b0-b4ec-474a-b8d4-7978acd21b61&standortid=5&standortname=steiermark%20%28bundesland%29&suchbegriff=immobilienverwalter
rieder immobilien gesmbh,RIEDER Immobilien GesmbH,RIEDER Immobilien GesmbH,2,wien,4ca463a3-dd04-4f3a-9cbe-b10c10dbe1ab | ddc36546-50b0-4080-9604-70a7582c00b5,Vorgartenstraße 186 1020 Wien | Parkgasse (Landstraße) 5/7 1030 Wien,,,,,https://firmen.wko.at/rieder-immobilien-gesmbh/wien/?firmaid=4ca463a3-dd04-4f3a-9cbe-b10c10dbe1ab&standortid=1&standortname=wien%20%28bundesland%29&suchbegriff=immobilienverwalter
riedergarten immobilien management gmbh,Riedergarten Immobilien Management GmbH,Riedergarten Immobilien Management GmbH,1,kärnten,cbfc78f2-03c8-4b3b-ba0f-8903a2b4b13e,Schleppe-Platz 8 9020 Klagenfurt am Wörthersee,,,,,https://firmen.wko.at/riedergarten-immobilien-management-gmbh/k%c3%a4rnten/?firmaid=cbfc78f2-03c8-4b3b-ba0f-8903a2b4b13e&standortid=6&standortname=k%c3%a4rnten%20%28bundesland%29&suchbegriff=immobilienverwalter
riefenthaler gmbh,Riefenthaler GmbH,Riefenthaler GmbH,1,wien,3f92d924-0f9d-4b99-85f3-77f631479f57,Elisabethstraße 22/10 1010 Wien,,,,,https://firmen.wko.at/riefenthaler-gmbh/wien/?firmaid=3f92d924-0f9d-4b99-85f3-77f631479f57&standortid=1&standortname=wien%20%28bundesland%29&suchbegriff=immobilienverwalter
riepl pascal immobilien gmbh,Riepl Pascal Immobilien GmbH,Riepl Pascal Immobilien GmbH,1,wien,8ea2ada2-b3b9-451a-b08c-6696870c012f,Argentinierstraße 65/2/1 1040 Wien,,,,,https://firmen.wko.at/riepl-pascal-immobilien-gmbh/wien/?firmaid=8ea2ada2-b3b9-451a-b08c-6696870c012f&standortid=1&standortname=wien%20%28bundesland%29&suchbegriff=immobilienverwalter
riessbacher hausverwaltung gmbh,Riessbacher Hausverwaltung GmbH,Riessbacher Hausverwaltung GmbH,1,wien,c3a118df-e737-4aec-bd01-1ab384f4fdf8,01 96 77 495 0676 300 60 83,https://www.riessbacher-hausverwaltung.at/,https://www.riessbacher-hausverwaltung.at/,rp@riessbacher-hausverwaltung.at,01%2096%2077%20495 | 0676%20300%2060%2083,https://firmen.wko.at/riessbacher-hausverwaltung-gmbh/wien/?firmaid=c3a118df-e737-4aec-bd01-1ab384f4fdf8&standortid=1&standortname=wien%20%28bundesland%29&suchbegriff=immobilienverwalter
rihacek realitätenservice gmbh,Rihacek RealitätenService GmbH,Rihacek RealitätenService GmbH,2,wien,782a0f4c-901f-4562-bb1e-8795923e6daa | d3c16012-fa1e-4bd8-900d-a5af74844b7c,01 8901119 0650 577 43 18,http://www.rihacek.cc/,http://www.rihacek.cc/,oliver@rihacek.cc,01%208901119 | 0650%20577%2043%2018,https://firmen.wko.at/rihacek-realit%c3%a4tenservice-gmbh-realit%c3%a4tenservice-gmbh/wien/?firmaid=782a0f4c-901f-4562-bb1e-8795923e6daa&standortid=1&standortname=wien%20%28bundesland%29&suchbegriff=immobilienverwalter
rimmo immobilientreuhand mag sichra kg,Rimmo Immobilientreuhand Mag. Sichra KG,Rimmo Immobilientreuhand Mag. Sichra KG,2,wien,9aae8a9b-0b05-4ec5-bca1-ad58e1c8f2d9 | f40ed680-8445-4ef0-baa2-6333b083a99b,Weyringergasse 2A 1040 Wien | Spengergasse 5 1050 Wien,,,,,https://firmen.wko.at/rimmo-immobilientreuhand-mag-sichra-kg/wien/?firmaid=9aae8a9b-0b05-4ec5-bca1-ad58e1c8f2d9&standortid=1&standortname=wien%20%28bundesland%29&suchbegriff=immobilienverwalter
rimmo prime hausverwaltung nord gmbh,RIMMO Prime Hausverwaltung Nord GmbH,RIMMO Prime Hausverwaltung Nord GmbH,1,steiermark,960037a0-3ca5-4990-bb9b-9a7dd7a4dfba,DDr. Schachner-Platz 4 8680 Mürzzuschlag,,,,,https://firmen.wko.at/rimmo-prime-hausverwaltung-nord-gmbh/steiermark/?firmaid=960037a0-3ca5-4990-bb9b-9a7dd7a4dfba&standortid=5&standortname=steiermark%20%28bundesland%29&suchbegriff=immobilienverwalter
rimmo prime immobilienverwaltung gmbh,RIMMO Prime Immobilienverwaltung GmbH,RIMMO Prime Immobilienverwaltung GmbH,1,wien,1c2c09e9-f07d-4f30-944d-af4fe984bd50,Handelskai 94-96/44. OG 1200 Wien,https://www.prime-immobilien.at/,https://www.prime-immobilien.at/,hausverwaltung@prime-immobilien.at,+43%201%20810%2022%2030,https://firmen.wko.at/rimmo-prime-immobilienverwaltung-gmbh/wien/?firmaid=1c2c09e9-f07d-4f30-944d-af4fe984bd50&standortid=1&standortname=wien%20%28bundesland%29&suchbegriff=immobilienverwalter
rimmo prime real property gmbh,RIMMO Prime Real Property GmbH,RIMMO Prime Real Property GmbH,1,wien,03a1738a-fbe6-40b0-9f26-39e3cf724795,Handelskai 94-96/10. OG 1200 Wien,,,,,https://firmen.wko.at/rimmo-prime-real-property-gmbh/wien/?firmaid=03a1738a-fbe6-40b0-9f26-39e3cf724795&standortid=1&standortname=wien%20%28bundesland%29&suchbegriff=immobilienverwalter
rimo immobilien gmbh,Rimo Immobilien GmbH,Rimo Immobilien GmbH,1,vorarlberg,aa689a91-87ef-44fc-a674-a623e0fff406,Marktplatz 7 6800 Feldkirch,https://www.rimo.at/,https://www.rimo.at/,office@rimo.at,0552239303%2028,https://firmen.wko.at/rimo-immobilien-gmbh/vorarlberg/?firmaid=aa689a91-87ef-44fc-a674-a623e0fff406&standortid=8&standortname=vorarlberg%20%28bundesland%29&suchbegriff=immobilienverwalter
rita anna kohler,Rita Anna Kohler,Rita Anna Kohler,1,vorarlberg,afe3f223-9cbf-462f-b976-b48011ec0b4b,Am Stein 440 6883 Au,http://www.kohler-immobilien.at/,http://www.kohler-immobilien.at/,info@kohler-immobilien.at,+43%20664%2021%2044%20714,https://firmen.wko.at/rita-anna-kohler-kohler-immobilien/vorarlberg/?firmaid=afe3f223-9cbf-462f-b976-b48011ec0b4b&standortid=8&standortname=vorarlberg%20%28bundesland%29&suchbegriff=immobilienverwalter
rivola immobilienverwaltung und immobilienmakler gmbh,RIVOLA Immobilienverwaltung & Immobilienmakler GmbH,RIVOLA Immobilienverwaltung & Immobilienmakler GmbH,1,wien,f489e0de-09c6-41ba-8b5a-19e511bb2d51,Staudgasse 85 1180 Wien,,,verwaltung@rivola-immobilien.at,01/786%2018%2040,https://firmen.wko.at/rivola-immobilienverwaltung-und-immobilienmakler-gmbh/wien/?firmaid=f489e0de-09c6-41ba-8b5a-19e511bb2d51&standortid=1&standortname=wien%20%28bundesland%29&suchbegriff=immobilienverwalter
rksk holding gmbh,RKSK Holding GmbH,RKSK Holding GmbH,1,wien,17b7fe2f-bf33-426c-ad06-9dc937dfef4f,Georgsgasse 2 1230 Wien,,,,,https://firmen.wko.at/rksk-holding-gmbh/wien/?firmaid=17b7fe2f-bf33-426c-ad06-9dc937dfef4f&standortid=1&standortname=wien%20%28bundesland%29&suchbegriff=immobilienverwalter
robert anton friedrich waisocher,Robert Anton Friedrich Waisocher,Robert Anton Friedrich Waisocher,1,steiermark,78673394-93ba-46a3-a881-ab29ae5bbf47,Johann-Haiden-Straße 27 8020 Graz,,,,,https://firmen.wko.at/robert-anton-friedrich-waisocher/steiermark/?firmaid=78673394-93ba-46a3-a881-ab29ae5bbf47&standortid=5&standortname=steiermark%20%28bundesland%29&suchbegriff=immobilienverwalter
robert kalandra e u,Robert Kalandra e.U.,Robert Kalandra e.U.,3,wien,18af057d-47f1-476d-9e8e-db59e12c2cbc | c3b4d4c1-9f62-4ccd-9c3d-022938c77afb | f8266b8e-6828-4915-8b1f-6ba7b4fb503e,Franz-Josefs-Kai 33 1010 Wien | Franz-Josefs-Kai 31/1 1010 Wien | Franz-Josefs-Kai 33/6 1010 Wien,http://www.kalandra.at/,http://www.kalandra.at/,immobilien@kalandra.at,01/533%2032%2069,https://firmen.wko.at/robert-kalandra-eu/wien/?firmaid=18af057d-47f1-476d-9e8e-db59e12c2cbc&standortid=1&standortname=wien%20%28bundesland%29&suchbegriff=immobilienverwalter
robert kracmar,Robert Kracmar,Robert Kracmar,1,wien,46af299a-80c9-4bb3-8a59-fa9027a8c8fd,Kolbegasse 31 1230 Wien,,,,,https://firmen.wko.at/robert-kracmar/wien/?firmaid=46af299a-80c9-4bb3-8a59-fa9027a8c8fd&standortid=1&standortname=wien%20%28bundesland%29&suchbegriff=immobilienverwalter
robert riepl e u,Robert Riepl e.U.,Robert Riepl e.U.,1,wien,450026d0-cd2c-469e-8d3b-fe49d485c7ae,Onno-Klopp-Gasse 6/2 1140 Wien,,,,,https://firmen.wko.at/robert-riepl-eu/wien/?firmaid=450026d0-cd2c-469e-8d3b-fe49d485c7ae&standortid=1&standortname=wien%20%28bundesland%29&suchbegriff=immobilienverwalter
roegg holding gmbh,roegg holding gmbh,roegg holding gmbh,1,kärnten,f5f49180-d1ef-4139-9ebe-bf83279db20b,Werschling 11 9562 Himmelberg,,,,,https://firmen.wko.at/roegg-holding-gmbh/k%c3%a4rnten/?firmaid=f5f49180-d1ef-4139-9ebe-bf83279db20b&standortid=6&standortname=k%c3%a4rnten%20%28bundesland%29&suchbegriff=immobilienverwalter
roi immobilientreuhand gmbh,ROI Immobilientreuhand GmbH,ROI Immobilientreuhand GmbH,1,wien,ad2a7e71-6520-4bfd-a78c-1ca846b85575,Theobaldgasse 19/4.Stk 1060 Wien,,,koplinger@t-online.at,,https://firmen.wko.at/roi-immobilientreuhand-gmbh/wien/?firmaid=ad2a7e71-6520-4bfd-a78c-1ca846b85575&standortid=1&standortname=wien%20%28bundesland%29&suchbegriff=immobilienverwalter
roman alois jöchl,Roman Alois Jöchl,Roman Alois Jöchl,1,tirol,90b798a1-0389-4590-94c3-10a513ccd1f8,"Schießstandgasse 25, Top 1 6380 St.Johann/T",,,,,https://firmen.wko.at/roman-alois-j%c3%b6chl/tirol/?firmaid=90b798a1-0389-4590-94c3-10a513ccd1f8&standortid=7&standortname=tirol%20%28bundesland%29&suchbegriff=immobilienverwalter
rosemarie lammer,Rosemarie Lammer,Rosemarie Lammer,1,steiermark,d5b97b1e-8080-44a0-be28-ad9366b254d9,Höch 27 8442 St.Andrä-Höch,,,,,https://firmen.wko.at/rosemarie-lammer/steiermark/?firmaid=d5b97b1e-8080-44a0-be28-ad9366b254d9&standortid=5&standortname=steiermark%20%28bundesland%29&suchbegriff=immobilienverwalter
rossauer lände 47 49 liegenschaftsverwaltungs gmbh,Roßauer Lände 47-49 Liegenschaftsverwaltungs GmbH,Roßauer Lände 47-49 Liegenschaftsverwaltungs GmbH,1,wien,6c8bb66a-336b-49a7-add8-104c95c7f62a,Rathausstraße 1 1010 Wien,,,,,https://firmen.wko.at/ro%c3%9fauer-l%c3%a4nde-47-49-liegenschaftsverwaltungs-gmbh/wien/?firmaid=6c8bb66a-336b-49a7-add8-104c95c7f62a&standortid=1&standortname=wien%20%28bundesland%29&suchbegriff=immobilienverwalter
rossmann und radlspöck immobilienverwaltung gmbh,Rossmann & Radlspöck Immobilienverwaltung GmbH,Rossmann & Radlspöck Immobilienverwaltung GmbH,1,wien,54d59b50-5797-418d-a1df-7d8b78940041,Stolberggasse 23B/6 1050 Wien,,,,,https://firmen.wko.at/rossmann-und-radlsp%c3%b6ck-immobilienverwaltung-gmbh/wien/?firmaid=54d59b50-5797-418d-a1df-7d8b78940041&standortid=1&standortname=wien%20%28bundesland%29&suchbegriff=immobilienverwalter
rst realitäten service treuhand gmbh,RST Realitäten-Service-Treuhand GmbH,RST Realitäten-Service-Treuhand GmbH,1,steiermark,0e9ae284-108a-40be-967e-5336173fa66b,Ludwig-Binder-Straße 13 8200 Gleisdorf,,,,0664-307%2026%2050 | 0664-338%2029%2029,https://firmen.wko.at/rst-realit%c3%a4ten-service-treuhand-gmbh/steiermark/?firmaid=0e9ae284-108a-40be-967e-5336173fa66b&standortid=5&standortname=steiermark%20%28bundesland%29&suchbegriff=immobilienverwalter
rubinus immobilien management gmbh und co kg,RUBINUS Immobilien Management GmbH & Co KG,RUBINUS Immobilien Management GmbH & Co KG,1,wien,91206057-d5fb-462d-9551-83c27981f2c6,Fleischmarkt 16/K 1010 Wien,http://www.rubinus.com/,http://www.rubinus.com/,office@rubinus.com,+43%20(1)%20942%2069%2095,https://firmen.wko.at/rubinus-immobilien-management-gmbh-und-co-kg-rubinus-immobilien/wien/?firmaid=91206057-d5fb-462d-9551-83c27981f2c6&standortid=1&standortname=wien%20%28bundesland%29&suchbegriff=immobilienverwalter
rudolf legler,Rudolf Legler,Rudolf Legler,1,wien,3f35aef1-da44-4c3c-84f1-168797efd7e3,Flurschützstraße 16/3a 1120 Wien,,,office@leglerreal.com,+4369910790200,https://firmen.wko.at/rudolf-legler-legler-real/wien/?firmaid=3f35aef1-da44-4c3c-84f1-168797efd7e3&standortid=1&standortname=wien%20%28bundesland%29&suchbegriff=immobilienverwalter
rudolf spitzer immobilien gmbh,Rudolf Spitzer Immobilien GmbH,Rudolf Spitzer Immobilien GmbH,1,wien,d7a85d9c-a6bb-4598-9c77-81e980ec9a3d,Tuersgasse 5/EG 1130 Wien,,,,,https://firmen.wko.at/rudolf-spitzer-immobilien-gmbh/wien/?firmaid=d7a85d9c-a6bb-4598-9c77-81e980ec9a3d&standortid=1&standortname=wien%20%28bundesland%29&suchbegriff=immobilienverwalter
rudolf stefan brandstätter,Rudolf Stefan Brandstätter,Rudolf Stefan Brandstätter,1,kärnten,f932f602-c0ab-4093-a1d7-12036c6ae0e0,Neuer Platz 19 9800 Spittal/Drau,,,,,https://firmen.wko.at/rudolf-stefan-brandst%c3%a4tter/k%c3%a4rnten/?firmaid=f932f602-c0ab-4093-a1d7-12036c6ae0e0&standortid=6&standortname=k%c3%a4rnten%20%28bundesland%29&suchbegriff=immobilienverwalter
rudolf steiner,Rudolf Steiner,Rudolf Steiner,1,tirol,52381ad0-bb11-4c84-9418-ca58049c824f,Meraner Straße 1 6330 Kufstein,,,immo-stein@kufnet.at,05372/686%2060 | 0664/442%2099%2061,https://firmen.wko.at/rudolf-steiner/tirol/?firmaid=52381ad0-bb11-4c84-9418-ca58049c824f&standortid=7&standortname=tirol%20%28bundesland%29&suchbegriff=immobilienverwalter
rupertus vermögensverwaltungs und beteiligungsgesellschaft m b h,RUPERTUS Vermögensverwaltungs- und Beteiligungsgesellschaft m.b.H.,RUPERTUS Vermögensverwaltungs- und Beteiligungsgesellschaft m.b.H.,1,wien,a2426ba5-7467-4bf4-a7fd-4be6242963f9,Marokkanergasse 22/3 1030 Wien,,,,,https://firmen.wko.at/rupertus-verm%c3%b6gensverwaltungs-und-beteiligungsgesellschaft-mbh/wien/?firmaid=a2426ba5-7467-4bf4-a7fd-4be6242963f9&standortid=1&standortname=wien%20%28bundesland%29&suchbegriff=immobilienverwalter
rvw gmbh,RVW GmbH,RVW GmbH,1,steiermark,9413f060-a842-49c7-ac0a-290171225ad4,"St.-Peter-Hauptstraße 1, Tür 2 8042 Graz",,,,,https://firmen.wko.at/rvw-gmbh/steiermark/?firmaid=9413f060-a842-49c7-ac0a-290171225ad4&standortid=5&standortname=steiermark%20%28bundesland%29&suchbegriff=immobilienverwalter
s im immobilien management gmbh,s IM Immobilien Management GmbH,s IM Immobilien Management GmbH,1,steiermark,14ec942d-34e7-495d-8720-1f7b24cb08f6,Andreas-Hofer-Platz 17 8010 Graz,https://www.s-im.at/,https://www.s-im.at/,office@s-im.at,+43%20(0)%2050%20100%2035400,https://firmen.wko.at/s-im-immobilien-management-gmbh/steiermark/?firmaid=14ec942d-34e7-495d-8720-1f7b24cb08f6&standortid=5&standortname=steiermark%20%28bundesland%29&suchbegriff=immobilienverwalter
s und a immobilientreuhand gmbh,S&A Immobilientreuhand GmbH,S&A Immobilientreuhand GmbH,1,steiermark,146f72cf-f8a1-40b7-a2a8-5cdf3d6b1702,St. Georgen an der Stiefing 14 8413 St.Georgen/Stiefing,,,,,https://firmen.wko.at/sunda-immobilientreuhand-gmbh/steiermark/?firmaid=146f72cf-f8a1-40b7-a2a8-5cdf3d6b1702&standortid=5&standortname=steiermark%20%28bundesland%29&suchbegriff=immobilienverwalter
s commerz immobilienvermittlung gmbh,S-COMMERZ Immobilienvermittlung GmbH,S-COMMERZ Immobilienvermittlung GmbH,1,niederösterreich,8174ea0c-a359-4072-a215-888599992513,Hauptplatz 10 2620 Neunkirchen,http://www.s-commerz.at/,http://www.s-commerz.at/,immobilien@s-commerz.at,+43%2050100%2072790 | +43%2050100%20672%20790,https://firmen.wko.at/s-commerz-immobilienvermittlung-gmbh-s-commerz-immobilienvermittlung/nieder%c3%b6sterreich/?firmaid=8174ea0c-a359-4072-a215-888599992513&standortid=2&standortname=nieder%c3%b6sterreich%20%28bundesland%29&suchbegriff=immobilienverwalter
s real realitätenvermittlungs und verwaltungs gesellschaft m b h,"S-Real, Realitätenvermittlungs- und -verwaltungs Gesellschaft m.b.H.","S-Real, Realitätenvermittlungs- und -verwaltungs Gesellschaft m.b.H.",1,niederösterreich,8d6eb48b-a952-4e8b-bfc2-1fbc29f2a9db,Neunkirchner Straße 21 2700 Wiener Neustadt,http://www.s-real.at/,http://www.s-real.at/,immobilien@s-real.at,05010038500,https://firmen.wko.at/s-real-realit%c3%a4tenvermittlungs-und-verwaltungs-gesellschaft-mbh-s-real-wiener-neustadt/nieder%c3%b6sterreich/?firmaid=8d6eb48b-a952-4e8b-bfc2-1fbc29f2a9db&standortid=2&standortname=nieder%c3%b6sterreich%20%28bundesland%29&suchbegriff=immobilienverwalter
s o hausverwaltung gmbh,S.O. Hausverwaltung GmbH,S.O. Hausverwaltung GmbH,1,kärnten,1c1493d4-9675-4ce5-98be-6037d1100bae,Feldmarschall-Conrad-Platz 3 9020 Klagenfurt am Wörthersee,,,,,https://firmen.wko.at/so-hausverwaltung-gmbh/k%c3%a4rnten/?firmaid=1c1493d4-9675-4ce5-98be-6037d1100bae&standortid=6&standortname=k%c3%a4rnten%20%28bundesland%29&suchbegriff=immobilienverwalter
s u n b1300 zertifizierungs gmbh,S.U.N. B1300 Zertifizierungs GmbH,S.U.N. B1300 Zertifizierungs GmbH,1,niederösterreich,04e036c5-257f-4584-8d60-b0c5d5b8212b,Wiener Straße 3 3100 St.Pölten,,,,,https://firmen.wko.at/sun-b1300-zertifizierungs-gmbh/nieder%c3%b6sterreich/?firmaid=04e036c5-257f-4584-8d60-b0c5d5b8212b&standortid=2&standortname=nieder%c3%b6sterreich%20%28bundesland%29&suchbegriff=immobilienverwalter
s3g immobilienverwaltung og,S3G Immobilienverwaltung OG,S3G Immobilienverwaltung OG,1,niederösterreich,fa0aa03d-de98-4def-ac08-c22109e64b22,Dr. Figl-Straße 29 (Linkes Haus) 2521 Trumau,http://www.s3g.at/,http://www.s3g.at/,office@s3g.at,02252%20508%20733%20-%2013 | +43%20699%201183%205826%20,https://firmen.wko.at/s3g-immobilienverwaltung-og-s3g-die-immoverwaltung/nieder%c3%b6sterreich/?firmaid=fa0aa03d-de98-4def-ac08-c22109e64b22&standortid=2&standortname=nieder%c3%b6sterreich%20%28bundesland%29&suchbegriff=immobilienverwalter
saalfeldner bauträger gmbh,Saalfeldner Bauträger GmbH,Saalfeldner Bauträger GmbH,1,salzburg,0cb0425e-a8ab-4e50-96f0-5ea96291d97b,Almerstraße 2 5760 Saalfelden,,,,,https://firmen.wko.at/saalfeldner-bautr%c3%a4ger-gmbh/salzburg/?firmaid=0cb0425e-a8ab-4e50-96f0-5ea96291d97b&standortid=4&standortname=salzburg%20%28bundesland%29&suchbegriff=immobilienverwalter
sabo mandl und tomaschek immobilien gmbh,Sabo+Mandl & Tomaschek Immobilien GmbH,Sabo+Mandl & Tomaschek Immobilien GmbH,1,wien,2dc15e46-bd71-4b0c-9b35-5e3feaac897c,Puchsbaumgasse 1C/7/2.OG 1100 Wien,https://www.smt-immobilien.at/,https://www.smt-immobilien.at/,office@smt-immobilien.at,+43%201%20720%2002%2002,https://firmen.wko.at/sabomandl-und-tomaschek-immobilien-gmbh/wien/?firmaid=2dc15e46-bd71-4b0c-9b35-5e3feaac897c&standortid=1&standortname=wien%20%28bundesland%29&suchbegriff=immobilienverwalter
sabrina sacher,Sabrina Sacher,Sabrina Sacher,1,oberösterreich,4e1a5dbd-c5db-424c-87f4-43f13c96eecc,Pfarrfeld 12 4483 Hargelsberg,http://www.die-hausverwalterin.at/,http://www.die-hausverwalterin.at/,,+43%20699%2018110558,https://firmen.wko.at/sabrina-sacher/ober%c3%b6sterreich/?firmaid=4e1a5dbd-c5db-424c-87f4-43f13c96eecc&standortid=3&standortname=ober%c3%b6sterreich%20%28bundesland%29&suchbegriff=immobilienverwalter
salinen immobilien gesellschaft m b h,Salinen Immobilien Gesellschaft m.b.H.,Salinen Immobilien Gesellschaft m.b.H.,1,oberösterreich,965c52fa-7ffe-48a6-9d66-df144be7dff1,Salinenplatz 1 4820 Bad Ischl,http://www.salinen.com/,http://www.salinen.com/,office@salinen.com,06132/200-0,https://firmen.wko.at/salinen-immobilien-gesellschaft-mbh/ober%c3%b6sterreich/?firmaid=965c52fa-7ffe-48a6-9d66-df144be7dff1&standortid=3&standortname=ober%c3%b6sterreich%20%28bundesland%29&suchbegriff=immobilienverwalter
salzburg wohnbau gmbh,Salzburg Wohnbau GmbH,Salzburg Wohnbau GmbH,1,salzburg,73b2127c-dd25-4908-a82e-82bf680f9849,Bruno-Oberläuter-Platz 1 5020 Salzburg,http://www.salzburg-wohnbau.at/,http://www.salzburg-wohnbau.at/,office@salzburg-wohnbau.at,+43%20(662)%202066-0,https://firmen.wko.at/salzburg-wohnbau-gmbh-immobilientreuh%c3%a4nder-immobilienmakler-immobilienverwalter/salzburg/?firmaid=73b2127c-dd25-4908-a82e-82bf680f9849&standortid=4&standortname=salzburg%20%28bundesland%29&suchbegriff=immobilienverwalter
sargant immobilien e u,Sargant Immobilien e.U.,Sargant Immobilien e.U.,1,vorarlberg,1de4b6d6-d0f3-4c0d-8497-71c25c86df02,Im Werd 2 6830 Rankweil,,,,,https://firmen.wko.at/sargant-immobilien-eu/vorarlberg/?firmaid=1de4b6d6-d0f3-4c0d-8497-71c25c86df02&standortid=8&standortname=vorarlberg%20%28bundesland%29&suchbegriff=immobilienverwalter
satzer immobilientreuhand e u,Satzer Immobilientreuhand e.U.,Satzer Immobilientreuhand e.U.,1,niederösterreich,2e5a1c26-74f4-45a9-a998-9634d0a849bf,"Franz Josef-Straße 54, Top 7 2130 Mistelbach",http://www.satzer-immobilien.at/,http://www.satzer-immobilien.at/,verwaltung@satzer-immobilien.at,+43%202572%2034395,https://firmen.wko.at/satzer-immobilientreuhand-eu-immobilienmakler-und-immobilienverwalter/nieder%c3%b6sterreich/?firmaid=2e5a1c26-74f4-45a9-a998-9634d0a849bf&standortid=2&standortname=nieder%c3%b6sterreich%20%28bundesland%29&suchbegriff=immobilienverwalter
savonarola baumanagement gmbh,SAVONAROLA Baumanagement GmbH,SAVONAROLA Baumanagement GmbH,1,oberösterreich,14f3f9b9-017d-47d2-be56-08907bc1ef0f,Oberlandshaag 71 4101 Feldkirchen an der Donau,http://www.savonarola.at/,http://www.savonarola.at/,sekretariat@savonarola.at,,https://firmen.wko.at/savonarola-baumanagement-gmbh/ober%c3%b6sterreich/?firmaid=14f3f9b9-017d-47d2-be56-08907bc1ef0f&standortid=3&standortname=ober%c3%b6sterreich%20%28bundesland%29&suchbegriff=immobilienverwalter
schantl ith immobilientreuhand gmbh,Schantl ITH Immobilientreuhand GmbH,Schantl ITH Immobilientreuhand GmbH,1,steiermark,73a17c7d-58b2-4680-9152-ed57c88b9198,Messendorfer Straße 71a 8041 Graz,,,,,https://firmen.wko.at/schantl-ith-immobilientreuhand-gmbh/steiermark/?firmaid=73a17c7d-58b2-4680-9152-ed57c88b9198&standortid=5&standortname=steiermark%20%28bundesland%29&suchbegriff=immobilienverwalter
schibl immobilien gmbh,Schibl Immobilien GmbH,Schibl Immobilien GmbH,1,wien,297465d3-f4d1-4cc0-bac2-7d5304fdbc25,Edmund-Weiß-Gasse 19/2 1180 Wien,,,,,https://firmen.wko.at/schibl-immobilien-gmbh/wien/?firmaid=297465d3-f4d1-4cc0-bac2-7d5304fdbc25&standortid=1&standortname=wien%20%28bundesland%29&suchbegriff=immobilienverwalter
schlosser gesellschaft m b h,Schlosser Gesellschaft m.b.H.,Schlosser Gesellschaft m.b.H.,1,wien,8841affd-e664-4d9b-9e84-e191a810e3d5,Schüttelstraße 91 1020 Wien,,,gudrun.gaulhofer@aon.at,01/7281051 | 0664/3835558,https://firmen.wko.at/schlosser-gesellschaft-mbh/wien/?firmaid=8841affd-e664-4d9b-9e84-e191a810e3d5&standortid=1&standortname=wien%20%28bundesland%29&suchbegriff=immobilienverwalter
schmied immobilien kg,Schmied Immobilien KG,Schmied Immobilien KG,1,oberösterreich,12cc28f8-a510-4a02-881e-c89aeae516d4,Traunkai 29 4820 Bad Ischl,http://www.schmied-immobilien.at/,http://www.schmied-immobilien.at/,alexander@schmied-immobilien.at,+43613223698 | +436643909177,https://firmen.wko.at/schmied-immobilien-kg-schmied-immobilien-kg/ober%c3%b6sterreich/?firmaid=12cc28f8-a510-4a02-881e-c89aeae516d4&standortid=3&standortname=ober%c3%b6sterreich%20%28bundesland%29&suchbegriff=immobilienverwalter
schmied selina verwaltung gmbh,Schmied-SELINA Verwaltung GmbH,Schmied-SELINA Verwaltung GmbH,1,oberösterreich,67115313-7b0f-405d-a520-d297a202b757,Schulgasse 8 4820 Bad Ischl,,,,,https://firmen.wko.at/schmied-selina-verwaltung-gmbh/ober%c3%b6sterreich/?firmaid=67115313-7b0f-405d-a520-d297a202b757&standortid=3&standortname=ober%c3%b6sterreich%20%28bundesland%29&suchbegriff=immobilienverwalter
schnellinger immobilientreuhänder gmbh,SCHNELLINGER Immobilientreuhänder GmbH,SCHNELLINGER Immobilientreuhänder GmbH,1,salzburg,b336c210-f1a9-4d48-8e0d-2008835f357a,Innsbrucker Bundesstraße 67(2.OG) 5020 Salzburg,http://www.schnellinger.at/,http://www.schnellinger.at/,office@schnellinger.at,0662/%208255%20960,https://firmen.wko.at/schnellinger-immobilientreuh%c3%a4nder-gmbh/salzburg/?firmaid=b336c210-f1a9-4d48-8e0d-2008835f357a&standortid=4&standortname=salzburg%20%28bundesland%29&suchbegriff=immobilienverwalter
scholz immobilien management gmbh,Scholz Immobilien Management GmbH,Scholz Immobilien Management GmbH,1,wien,0bf1dd2f-2902-45cd-955d-f2036e87e1ae,Mollardgasse 2/9-10 1060 Wien,,,,,https://firmen.wko.at/scholz-immobilien-management-gmbh/wien/?firmaid=0bf1dd2f-2902-45cd-955d-f2036e87e1ae&standortid=1&standortname=wien%20%28bundesland%29&suchbegriff=immobilienverwalter
schrack immobilien projekt consulting ges m b h,SCHRACK Immobilien Projekt Consulting Ges.m.b.H.,SCHRACK Immobilien Projekt Consulting Ges.m.b.H.,1,wien,534663ac-2163-4837-9ff6-8bbfb5d0b47f,Schafberggasse 1A 1180 Wien,,,office@schrack-immobilien.at,,https://firmen.wko.at/schrack-immobilien-projekt-consulting-gesmbh/wien/?firmaid=534663ac-2163-4837-9ff6-8bbfb5d0b47f&standortid=1&standortname=wien%20%28bundesland%29&suchbegriff=immobilienverwalter
schreibeis immobilien gmbh,Schreibeis Immobilien GmbH,Schreibeis Immobilien GmbH,1,niederösterreich,132973b5-b5d2-42cb-8b1c-01433ef2a664,Wiener Neustädter Straße 32 2542 Kottingbrunn,,,,,https://firmen.wko.at/schreibeis-immobilien-gmbh/nieder%c3%b6sterreich/?firmaid=132973b5-b5d2-42cb-8b1c-01433ef2a664&standortid=2&standortname=nieder%c3%b6sterreich%20%28bundesland%29&suchbegriff=immobilienverwalter
schwaiger planungs gmbh,Schwaiger Planungs GmbH,Schwaiger Planungs GmbH,1,salzburg,1633f328-f1f9-4e1d-bc89-717d4fa302c3,Maxglaner Hauptstraße 34 5020 Salzburg,,,,,https://firmen.wko.at/schwaiger-planungs-gmbh/salzburg/?firmaid=1633f328-f1f9-4e1d-bc89-717d4fa302c3&standortid=4&standortname=salzburg%20%28bundesland%29&suchbegriff=immobilienverwalter
schwarz immobilientreuhand gmbh,Schwarz Immobilientreuhand GmbH,Schwarz Immobilientreuhand GmbH,1,salzburg,23ec42bb-a471-413c-8925-91569fd91753,Hauptstraße 56 5202 Neumarkt am Wallersee,,,,,https://firmen.wko.at/schwarz-immobilientreuhand-gmbh/salzburg/?firmaid=23ec42bb-a471-413c-8925-91569fd91753&standortid=4&standortname=salzburg%20%28bundesland%29&suchbegriff=immobilienverwalter
schwarzataler immobilien treuhandgesellschaft m b h,Schwarzataler Immobilien Treuhandgesellschaft m.b.H.,Schwarzataler Immobilien Treuhandgesellschaft m.b.H.,1,niederösterreich,3aef2f25-c51c-4c49-815f-d4ff5fffc84b,Wienerstraße 9 2620 Neunkirchen,http://www.schwarzataler-immobilien.at/,http://www.schwarzataler-immobilien.at/,info@schwarzataler-immobilien.at,+43(0)2635%20627%2082,https://firmen.wko.at/schwarzataler-immobilien-treuhandgesellschaft-mbh-schwarzataler-immobilien/nieder%c3%b6sterreich/?firmaid=3aef2f25-c51c-4c49-815f-d4ff5fffc84b&standortid=2&standortname=nieder%c3%b6sterreich%20%28bundesland%29&suchbegriff=immobilienverwalter
schwechater wohnbau gmbh,Schwechater Wohnbau GmbH,Schwechater Wohnbau GmbH,1,niederösterreich,b54d0812-fed9-412c-9e84-1b2ec8ab96e0,Himberger Straße 1 2320 Schwechat,,,leiner.office@baumeister.cc,,https://firmen.wko.at/schwechater-wohnbau-gmbh/nieder%c3%b6sterreich/?firmaid=b54d0812-fed9-412c-9e84-1b2ec8ab96e0&standortid=2&standortname=nieder%c3%b6sterreich%20%28bundesland%29&suchbegriff=immobilienverwalter
schwetz strategics gmbh,Schwetz Strategics GmbH,Schwetz Strategics GmbH,1,wien,26b0d61e-d4f1-4b21-a1ff-4aca5303739a,Rathausstraße 20/27 1010 Wien,,,,,https://firmen.wko.at/schwetz-strategics-gmbh/wien/?firmaid=26b0d61e-d4f1-4b21-a1ff-4aca5303739a&standortid=1&standortname=wien%20%28bundesland%29&suchbegriff=immobilienverwalter
schönberg hausverwaltung gmbh,Schönberg Hausverwaltung GmbH,Schönberg Hausverwaltung GmbH,1,kärnten,98e9ff37-8d72-4a38-99f2-386e12be5ea8,Karfreitstraße 4 9020 Klagenfurt am Wörthersee,,,,,https://firmen.wko.at/sch%c3%b6nberg-hausverwaltung-gmbh/k%c3%a4rnten/?firmaid=98e9ff37-8d72-4a38-99f2-386e12be5ea8&standortid=6&standortname=k%c3%a4rnten%20%28bundesland%29&suchbegriff=immobilienverwalter
schönberg immobilientreuhand gmbh,Schönberg Immobilientreuhand GmbH,Schönberg Immobilientreuhand GmbH,1,steiermark,f3c23cfb-ea12-41ca-bff5-568a219f1f0e,Grabenstraße 121 8010 Graz,http://www.schoenberg-immobilien.at/,http://www.schoenberg-immobilien.at/,schoenberg@schoenberg-immobilien.at,0316/5791370 | 0664/3200350,https://firmen.wko.at/sch%c3%b6nberg-immobilientreuhand-gmbh-sch%c3%b6nberg-immobilien/steiermark/?firmaid=f3c23cfb-ea12-41ca-bff5-568a219f1f0e&standortid=5&standortname=steiermark%20%28bundesland%29&suchbegriff=immobilienverwalter
schönhaus immobilien gmbh,SCHÖNHAUS Immobilien GmbH,SCHÖNHAUS Immobilien GmbH,1,wien,cd79eae6-8712-448f-9415-a016d88327f5,Rockhgasse 4/4 1010 Wien,http://www.schoenhaus.at/,http://www.schoenhaus.at/,office@schoenhaus.at,+43%201%20535%2034%2064-0,https://firmen.wko.at/sch%c3%96nhaus-immobilien-gmbh/wien/?firmaid=cd79eae6-8712-448f-9415-a016d88327f5&standortid=1&standortname=wien%20%28bundesland%29&suchbegriff=immobilienverwalter
scn management gmbh,SCN Management GmbH,SCN Management GmbH,1,wien,ca01e0df-a8c6-42c3-8d19-31c0fe437567,Ignaz-Köck-Straße 1 1210 Wien,,,,,https://firmen.wko.at/scn-management-gmbh/wien/?firmaid=ca01e0df-a8c6-42c3-8d19-31c0fe437567&standortid=1&standortname=wien%20%28bundesland%29&suchbegriff=immobilienverwalter
sdd gebäudemanagement gmbh,SDD Gebäudemanagement GmbH,SDD Gebäudemanagement GmbH,1,wien,25f89424-f583-4b36-97ed-517585b59d70,Johann-Strauß-Gasse 39/2 1040 Wien,,,,,https://firmen.wko.at/sdd-geb%c3%a4udemanagement-gmbh/wien/?firmaid=25f89424-f583-4b36-97ed-517585b59d70&standortid=1&standortname=wien%20%28bundesland%29&suchbegriff=immobilienverwalter
se facility management og,SE Facility Management OG,SE Facility Management OG,1,tirol,b175b15e-46cc-4bc2-9869-9e8631d2ff9d,Toblacher Straße 3 6330 Kufstein,http://www.se-facility.at/,http://www.se-facility.at/,mail@se-facility.at,+436603760459,https://firmen.wko.at/se-facility-management-og-kufstein/tirol/?firmaid=b175b15e-46cc-4bc2-9869-9e8631d2ff9d&standortid=7&standortname=tirol%20%28bundesland%29&suchbegriff=immobilienverwalter
securitas hausverwaltungs gmbh,SECURITAS Hausverwaltungs GmbH,SECURITAS Hausverwaltungs GmbH,1,tirol,f3b7f2d3-7d47-4926-8e6d-995c6f6e8a58,Schnablfeld 21 6353 Going/Wilden Kaiser,,,,,https://firmen.wko.at/securitas-hausverwaltungs-gmbh/tirol/?firmaid=f3b7f2d3-7d47-4926-8e6d-995c6f6e8a58&standortid=7&standortname=tirol%20%28bundesland%29&suchbegriff=immobilienverwalter
see haus weiden betriebs gmbh,SEE.HAUS Weiden Betriebs GmbH,SEE.HAUS Weiden Betriebs GmbH,1,burgenland,0a6241f8-a7a9-402e-8600-1b8a87cf1253,Triftstraße 12 7121 Weiden am See,,,,,https://firmen.wko.at/seehaus-weiden-betriebs-gmbh/burgenland/?firmaid=0a6241f8-a7a9-402e-8600-1b8a87cf1253&standortid=9&standortname=burgenland%20%28bundesland%29&suchbegriff=immobilienverwalter
seeligsolutions e u,seeligsolutions e.U.,seeligsolutions e.U.,1,tirol,a263d7f0-362f-41bd-ad5c-4cdc434cbe67,Hauptstraße 12a 6074 Rinn,http://www.seeligsolutions.at/,http://www.seeligsolutions.at/,office@seeligsolutions.at,00436641341483,https://firmen.wko.at/seeligsolutions-eu-hausverwaltungen-und-unternehmensberatungen/tirol/?firmaid=a263d7f0-362f-41bd-ad5c-4cdc434cbe67&standortid=7&standortname=tirol%20%28bundesland%29&suchbegriff=immobilienverwalter
seepark weiden verwaltungs und betriebsgesellschaft m b h,Seepark Weiden Verwaltungs- und Betriebsgesellschaft m.b.H.,Seepark Weiden Verwaltungs- und Betriebsgesellschaft m.b.H.,1,burgenland,b4d9989b-104e-4005-9785-7b72cb178cec,Seepark Weiden 10 7121 Weiden am See,http://www.seepark.at/,http://www.seepark.at/,welcome@seepark.at,2167/7322,https://firmen.wko.at/seepark-weiden-verwaltungs-und-betriebsgesellschaft-mbh-feriendorf-seepark-weiden/burgenland/?firmaid=b4d9989b-104e-4005-9785-7b72cb178cec&standortid=9&standortname=burgenland%20%28bundesland%29&suchbegriff=immobilienverwalter
seifert immobilien gmbh,Seifert Immobilien GmbH,Seifert Immobilien GmbH,1,steiermark,92a6586b-57f9-4f07-9769-77b60d88a5a1,Innerhoferstraße 39 8045 Graz,,,,,https://firmen.wko.at/seifert-immobilien-gmbh/steiermark/?firmaid=92a6586b-57f9-4f07-9769-77b60d88a5a1&standortid=5&standortname=steiermark%20%28bundesland%29&suchbegriff=immobilienverwalter
seiser gmbh,Seiser GmbH,Seiser GmbH,1,niederösterreich,a7b3f896-a944-45ac-ab61-33dc83b59cae,Placher Kellergasse 400 3491 Straß im Straßertale,,,,,https://firmen.wko.at/seiser-gmbh/nieder%c3%b6sterreich/?firmaid=a7b3f896-a944-45ac-ab61-33dc83b59cae&standortid=2&standortname=nieder%c3%b6sterreich%20%28bundesland%29&suchbegriff=immobilienverwalter
selina hausverwaltung u facility management gmbh,SELINA Hausverwaltung u. Facility-Management GmbH,SELINA Hausverwaltung u. Facility-Management GmbH,1,oberösterreich,e8721e18-5865-4785-8031-3924364e297c,Steinerbachstraße 12 5310 Mondsee,,,,06232/5577-0,https://firmen.wko.at/selina-hausverwaltung-u-facility-management-gmbh/ober%c3%b6sterreich/?firmaid=e8721e18-5865-4785-8031-3924364e297c&standortid=3&standortname=ober%c3%b6sterreich%20%28bundesland%29&suchbegriff=immobilienverwalter
selina verwaltung und gebäudemanagement gmbh,Selina Verwaltung und Gebäudemanagement GmbH,Selina Verwaltung und Gebäudemanagement GmbH,1,salzburg,198ccb10-822e-4539-b43a-68ac27cec563,Sterneckstraße 37 5020 Salzburg,,,,,https://firmen.wko.at/selina-verwaltung-und-geb%c3%a4udemanagement-gmbh/salzburg/?firmaid=198ccb10-822e-4539-b43a-68ac27cec563&standortid=4&standortname=salzburg%20%28bundesland%29&suchbegriff=immobilienverwalter
sell und stay vermarktungs gmbh,Sell&Stay Vermarktungs GmbH,Sell&Stay Vermarktungs GmbH,1,wien,da8e886c-a108-4bc7-b008-34c5635ff195,Wiedner Hauptstraße 61/6 1040 Wien,,,,,https://firmen.wko.at/sellundstay-vermarktungs-gmbh/wien/?firmaid=da8e886c-a108-4bc7-b008-34c5635ff195&standortid=1&standortname=wien%20%28bundesland%29&suchbegriff=immobilienverwalter
semag beratungs und beteiligungs ges m b h,SEMAG Beratungs- und Beteiligungs ges.m.b.H.,SEMAG Beratungs- und Beteiligungs ges.m.b.H.,1,wien,3022f566-ea84-4ca6-ba52-1ffecc64039a,Erndtgasse 29 1180 Wien,,,,,https://firmen.wko.at/semag-beratungs-und-beteiligungs-gesmbh/wien/?firmaid=3022f566-ea84-4ca6-ba52-1ffecc64039a&standortid=1&standortname=wien%20%28bundesland%29&suchbegriff=immobilienverwalter
semmernegg immobilien gmbh,Semmernegg Immobilien GmbH,Semmernegg Immobilien GmbH,1,steiermark,e50bd482-f689-4da0-8ec8-c732893aa549,"Unterer Markt 36, Tür 1 8551 Wies",https://www.immose.at/,https://www.immose.at/,immose@semmernegg.at,,https://firmen.wko.at/semmernegg-immobilien-gmbh/steiermark/?firmaid=e50bd482-f689-4da0-8ec8-c732893aa549&standortid=5&standortname=steiermark%20%28bundesland%29&suchbegriff=immobilienverwalter
semper immobilia gmbh,Semper Immobilia GmbH,Semper Immobilia GmbH,1,wien,f15b9ee7-3952-4808-8ce8-20e6d2c9c36f,Linzer Straße 377/1-2 1140 Wien,,,,,https://firmen.wko.at/semper-immobilia-gmbh/wien/?firmaid=f15b9ee7-3952-4808-8ce8-20e6d2c9c36f&standortid=1&standortname=wien%20%28bundesland%29&suchbegriff=immobilienverwalter
semper immobilia gmbh und co kg,Semper Immobilia GmbH & Co KG,Semper Immobilia GmbH & Co KG,1,wien,b2c9626f-eb77-4760-b8a1-83eecc9cd980,Linzer Straße 377/1-2 1140 Wien,,,,,https://firmen.wko.at/semper-immobilia-gmbh-und-co-kg/wien/?firmaid=b2c9626f-eb77-4760-b8a1-83eecc9cd980&standortid=1&standortname=wien%20%28bundesland%29&suchbegriff=immobilienverwalter
seria immobilien und treuhand gmbh,SERIA Immobilien & Treuhand GmbH,SERIA Immobilien & Treuhand GmbH,1,steiermark,0e2d9d35-5d13-4736-b993-a3a09946b0a6,Hartenaugasse 8 8010 Graz,http://www.seria.at/,http://www.seria.at/,wiltschnigg@seria.at,+43%20(0)316-811066,https://firmen.wko.at/seria-immobilien-und-treuhand-gmbh-hausverwaltung-vermittlung-verkauf/steiermark/?firmaid=0e2d9d35-5d13-4736-b993-a3a09946b0a6&standortid=5&standortname=steiermark%20%28bundesland%29&suchbegriff=immobilienverwalter
seriopro flexco,SerioPro FlexCo,SerioPro FlexCo,1,tirol,ca834623-2c04-47d1-8d1a-6d1981b3c70f,Marktgasse 2 6361 Hopfgarten/Brixental,https://www.seriopro.at/,https://www.seriopro.at/,office@seriopro.at,+43%20(0)%2050174,https://firmen.wko.at/seriopro-flexco-seriopro-hausverwaltung/tirol/?firmaid=ca834623-2c04-47d1-8d1a-6d1981b3c70f&standortid=7&standortname=tirol%20%28bundesland%29&suchbegriff=immobilienverwalter
ses center management gmbh,SES Center Management GmbH,SES Center Management GmbH,8,kärnten | niederösterreich | oberösterreich | salzburg | steiermark | tirol | wien,79f71352-b685-432e-bc8b-21f56895e524 | b9c7fe9a-a792-49a3-8df8-231312aa3186 | cdbdbe84-149e-4576-8ff1-0ec660f03ca5 | fcc9dfb3-82a2-460f-a41c-5dba43757d8e | 32f9e4a7-36b5-4b71-9511-32e150dee304 | 77d7eab6-87f4-4bba-992b-1ec2c25830fd | d6a641e3-f559-481a-973a-176b11168c75 | 24d7a194-daba-416f-85f1-03a3d6643d9a,Söllheimer Straße 4 5020 Salzburg | Ostbahnstraße 3 (Einkaufszentrum Murpark) 8041 Graz | Wiener Straße 91 3500 Krems an der Donau | Zehnergürtel 12-24 2700 Wiener Neustadt | Kärntner Straße 34 9500 Villach | Museumstraße 38 6020 Innsbruck | Weberzeile 1 4910 Ried im Innkreis | Grinzinger Straße 112 1190 Wien,,,,,https://firmen.wko.at/ses-center-management-gmbh/salzburg/?firmaid=79f71352-b685-432e-bc8b-21f56895e524&standortid=4&standortname=salzburg%20%28bundesland%29&suchbegriff=immobilienverwalter
sf bau kg,SF Bau KG,SF Bau KG,1,steiermark,59d74c6c-0a17-4b53-be3f-9fa22f3e4032,Hofgasse 8 8501 Spatenhof,,,,,https://firmen.wko.at/sf-bau-kg/steiermark/?firmaid=59d74c6c-0a17-4b53-be3f-9fa22f3e4032&standortid=5&standortname=steiermark%20%28bundesland%29&suchbegriff=immobilienverwalter
shopbörse immoconsulting gmbh,Shopbörse Immoconsulting GmbH,Shopbörse Immoconsulting GmbH,1,wien,2e08e14b-5f46-4477-ac36-34d52f9be122,Heiligenstädter Straße 31 1190 Wien,http://www.shopboerse.at/,http://www.shopboerse.at/,office@shopboerse.at,+436642639770,https://firmen.wko.at/shopb%c3%b6rse-immoconsulting-gmbh-centerprise-group/wien/?firmaid=2e08e14b-5f46-4477-ac36-34d52f9be122&standortid=1&standortname=wien%20%28bundesland%29&suchbegriff=immobilienverwalter
si schaflechner immobilienverwaltung e u,SI-Schaflechner Immobilienverwaltung e.U.,SI-Schaflechner Immobilienverwaltung e.U.,1,kärnten,a7c198ea-bee0-468b-b701-f441d02e5b0a,04212 47214 0676 848801,http://www.si-verwaltung.at/,http://www.si-verwaltung.at/,office@si-verwaltung.at,04212%2047214 | 0676%20848801,https://firmen.wko.at/si-schaflechner-immobilienverwaltung-eu-immobilienverwaltung/k%c3%a4rnten/?firmaid=a7c198ea-bee0-468b-b701-f441d02e5b0a&standortid=6&standortname=k%c3%a4rnten%20%28bundesland%29&suchbegriff=immobilienverwalter
side asset management gmbh,SIDE asset management GmbH,SIDE asset management GmbH,1,wien,4c0cf2cb-2e2d-4950-832b-b37831b2863e,Würffelgasse 4 1150 Wien,,,,,https://firmen.wko.at/side-asset-management-gmbh/wien/?firmaid=4c0cf2cb-2e2d-4950-832b-b37831b2863e&standortid=1&standortname=wien%20%28bundesland%29&suchbegriff=immobilienverwalter
sieglinde zarnhofer,Sieglinde Zarnhofer,Sieglinde Zarnhofer,1,salzburg,0b565d07-7aa1-4016-9cc3-531936972044,Am Göra 138 5580 Tamsweg,,,s.zarnhofer@sbg.at,+43%20664%202041473,https://firmen.wko.at/sieglinde-zarnhofer-immobilientreuh%c3%a4nder/salzburg/?firmaid=0b565d07-7aa1-4016-9cc3-531936972044&standortid=4&standortname=salzburg%20%28bundesland%29&suchbegriff=immobilienverwalter
siemens aktiengesellschaft österreich,Siemens Aktiengesellschaft Österreich,Siemens Aktiengesellschaft Österreich,1,wien,088db3f9-eb2a-442b-89ab-298051ea16b5,Siemensstraße 90 1210 Wien,,,,,https://firmen.wko.at/siemens-aktiengesellschaft-%c3%96sterreich/wien/?firmaid=088db3f9-eb2a-442b-89ab-298051ea16b5&standortid=1&standortname=wien%20%28bundesland%29&suchbegriff=immobilienverwalter
signitas immobilien gmbh,Signitas Immobilien GmbH,Signitas Immobilien GmbH,1,oberösterreich,a55fa2d4-4e96-4ac6-b2c5-0476c0406f8c,Stadtplatz 36 4840 Vöcklabruck,https://signitas-immobilien.at/,https://signitas-immobilien.at/,jw@signitas.at,06605280475,https://firmen.wko.at/signitas-immobilien-gmbh/ober%c3%b6sterreich/?firmaid=a55fa2d4-4e96-4ac6-b2c5-0476c0406f8c&standortid=3&standortname=ober%c3%b6sterreich%20%28bundesland%29&suchbegriff=immobilienverwalter
siller real estate holding gmbh,Siller Real Estate Holding GmbH,Siller Real Estate Holding GmbH,1,kärnten,421196f8-5006-450a-966c-7782377b89cd,St.-Sigmund-Straße 30b 9800 Spittal/Drau,,,,,https://firmen.wko.at/siller-real-estate-holding-gmbh/k%c3%a4rnten/?firmaid=421196f8-5006-450a-966c-7782377b89cd&standortid=6&standortname=k%c3%a4rnten%20%28bundesland%29&suchbegriff=immobilienverwalter
silver panther immo gmbh,Silver Panther Immo GmbH,Silver Panther Immo GmbH,1,steiermark,3115ce68-99dc-455e-ad25-a470064ea9be,"Gustav-Mahler-Weg 12, Tür 1 8753 Dietersdorf",,,,,https://firmen.wko.at/silver-panther-immo-gmbh/steiermark/?firmaid=3115ce68-99dc-455e-ad25-a470064ea9be&standortid=5&standortname=steiermark%20%28bundesland%29&suchbegriff=immobilienverwalter
silvia bischof,Silvia Bischof,Silvia Bischof,1,vorarlberg,fa4d6e60-5fc0-4e25-a246-b2a7289492dd,https://hausverwaltung-silvia-bischof.at/ 6800 Feldkirch,https://hausverwaltung-silvia-bischof.at/,https://hausverwaltung-silvia-bischof.at/,mail@hausverwaltung-silvia-bischof.at,+436606069637,https://firmen.wko.at/silvia-bischof-immo-existentia/vorarlberg/?firmaid=fa4d6e60-5fc0-4e25-a246-b2a7289492dd&standortid=8&standortname=vorarlberg%20%28bundesland%29&suchbegriff=immobilienverwalter
sima immobilien gmbh,SIMA Immobilien GmbH,SIMA Immobilien GmbH,1,vorarlberg,23582085-ac39-4f6c-8117-c9390f55a29d,Lindauer Straße 13/Top 2 6911 Lochau,,,,,https://firmen.wko.at/sima-immobilien-gmbh/vorarlberg/?firmaid=23582085-ac39-4f6c-8117-c9390f55a29d&standortid=8&standortname=vorarlberg%20%28bundesland%29&suchbegriff=immobilienverwalter
simmo real gmbh,Simmo Real GmbH,Simmo Real GmbH,1,niederösterreich,7133f94f-406f-43c4-928e-51f982382cec,Stockerauer Straße 106 2100 Leobendorf,,,office@simmo-real.at,,https://firmen.wko.at/simmo-real-gmbh/nieder%c3%b6sterreich/?firmaid=7133f94f-406f-43c4-928e-51f982382cec&standortid=2&standortname=nieder%c3%b6sterreich%20%28bundesland%29&suchbegriff=immobilienverwalter
simon kain kg,Simon Kain KG,Simon Kain KG,1,oberösterreich,aede043f-5ea1-4b1e-9018-5a1f7f9e9318,Scharitzerstraße 1a 4020 Linz,,,atteneder-kain@via.at,+43%20(0732)%20660%20040,https://firmen.wko.at/simon-kain-kg/ober%c3%b6sterreich/?firmaid=aede043f-5ea1-4b1e-9018-5a1f7f9e9318&standortid=3&standortname=ober%c3%b6sterreich%20%28bundesland%29&suchbegriff=immobilienverwalter
simplex immobilientreuhand gmbh,SIMPLEX Immobilientreuhand GmbH,SIMPLEX Immobilientreuhand GmbH,1,vorarlberg,3335d6c5-c188-49e8-aa5d-7a200ca0b39a,Mozartstraße 3a/26 6850 Dornbirn,https://www.simplex.at/,https://www.simplex.at/,office@simplex.at,+435572423333,https://firmen.wko.at/simplex-immobilientreuhand-gmbh-immobilienverwaltung/vorarlberg/?firmaid=3335d6c5-c188-49e8-aa5d-7a200ca0b39a&standortid=8&standortname=vorarlberg%20%28bundesland%29&suchbegriff=immobilienverwalter
sirius immobilien gmbh,Sirius Immobilien GmbH,Sirius Immobilien GmbH,1,oberösterreich,f576b145-2145-4c92-98d5-a42a5f1da12b,Blumauerstraße 46 4020 Linz,,,,,https://firmen.wko.at/sirius-immobilien-gmbh/ober%c3%b6sterreich/?firmaid=f576b145-2145-4c92-98d5-a42a5f1da12b&standortid=3&standortname=ober%c3%b6sterreich%20%28bundesland%29&suchbegriff=immobilienverwalter
sittler consulting gmbh,Sittler Consulting GmbH,Sittler Consulting GmbH,1,wien,bb7e0872-75f1-442a-a379-49023d42810a,Waldgasse 9 1100 Wien,http://www.sittler.at/,http://www.sittler.at/,office@sittler.at,+43%20664%203023557,https://firmen.wko.at/sittler-consulting-gmbh/wien/?firmaid=bb7e0872-75f1-442a-a379-49023d42810a&standortid=1&standortname=wien%20%28bundesland%29&suchbegriff=immobilienverwalter
situp management kg,SITUP Management KG,SITUP Management KG,1,salzburg,b2beca64-7332-4333-bf73-ad77d2db560d,Mayrwiesstraße 27 5300 Hallwang,,,,,https://firmen.wko.at/situp-management-kg/salzburg/?firmaid=b2beca64-7332-4333-bf73-ad77d2db560d&standortid=4&standortname=salzburg%20%28bundesland%29&suchbegriff=immobilienverwalter
siu liegenschaftsverwaltung gmbh,SIU Liegenschaftsverwaltung GmbH,SIU Liegenschaftsverwaltung GmbH,1,wien,262d9ef5-bd4a-49b2-9974-153f62af8452,D'Orsaygasse 11/14-16 1090 Wien,,,,,https://firmen.wko.at/siu-liegenschaftsverwaltung-gmbh/wien/?firmaid=262d9ef5-bd4a-49b2-9974-153f62af8452&standortid=1&standortname=wien%20%28bundesland%29&suchbegriff=immobilienverwalter
sk immobiliengesellschaft m b h,SK - Immobiliengesellschaft m.b.H.,SK - Immobiliengesellschaft m.b.H.,1,niederösterreich,79e57f26-bd22-450a-9a72-4c36d8668f89,Ringstraße 5-7 3500 Krems an der Donau,,,,,https://firmen.wko.at/sk-immobiliengesellschaft-mbh/nieder%c3%b6sterreich/?firmaid=79e57f26-bd22-450a-9a72-4c36d8668f89&standortid=2&standortname=nieder%c3%b6sterreich%20%28bundesland%29&suchbegriff=immobilienverwalter
skh hausverwaltung gmbh,SKH Hausverwaltung GmbH,SKH Hausverwaltung GmbH,1,oberösterreich,d43ad2f9-2e05-4a49-b423-7d8e1bf06b35,Betriebsstraße 13 4844 Regau,,,,,https://firmen.wko.at/skh-hausverwaltung-gmbh/ober%c3%b6sterreich/?firmaid=d43ad2f9-2e05-4a49-b423-7d8e1bf06b35&standortid=3&standortname=ober%c3%b6sterreich%20%28bundesland%29&suchbegriff=immobilienverwalter
skpr hausverwaltung gmbh und co kg,skpr Hausverwaltung GmbH & Co KG,skpr Hausverwaltung GmbH & Co KG,1,wien,8291902a-39d5-41c8-887c-cfdc6115ab5d,Seilerstätte 13/23 1010 Wien,,,,,https://firmen.wko.at/skpr-hausverwaltung-gmbh-und-co-kg/wien/?firmaid=8291902a-39d5-41c8-887c-cfdc6115ab5d&standortid=1&standortname=wien%20%28bundesland%29&suchbegriff=immobilienverwalter
smart immobilienmanagement gmbh,smart Immobilienmanagement GmbH,smart Immobilienmanagement GmbH,1,wien,43a3262d-0fe1-4295-92d5-cfabf4a838f9,Döblinger Hauptstraße 7/43 1190 Wien,,,,,https://firmen.wko.at/smart-immobilienmanagement-gmbh/wien/?firmaid=43a3262d-0fe1-4295-92d5-cfabf4a838f9&standortid=1&standortname=wien%20%28bundesland%29&suchbegriff=immobilienverwalter
smg facility management gmbh,SMG Facility Management GmbH,SMG Facility Management GmbH,1,steiermark,bb3c19e0-bdcb-4553-9c16-216e7ec252f2,Gadollaplatz 1 8010 Graz,,,,,https://firmen.wko.at/smg-facility-management-gmbh/steiermark/?firmaid=bb3c19e0-bdcb-4553-9c16-216e7ec252f2&standortid=5&standortname=steiermark%20%28bundesland%29&suchbegriff=immobilienverwalter
sob bauträger gmbh,SOB Bauträger GmbH,SOB Bauträger GmbH,1,steiermark,b30bd92b-51e1-4e54-abf0-650673c95ef1,Münzgrabenstraße 36/3. OG 8010 Graz,http://sob.co.at/,http://sob.co.at/,,,https://firmen.wko.at/sob-bautr%c3%a4ger-gmbh/steiermark/?firmaid=b30bd92b-51e1-4e54-abf0-650673c95ef1&standortid=5&standortname=steiermark%20%28bundesland%29&suchbegriff=immobilienverwalter
soller immobilienverwaltung gmbh,Soller Immobilienverwaltung GmbH,Soller Immobilienverwaltung GmbH,1,vorarlberg,d4c4545c-496d-4426-b5d2-b10c74901528,Frühlingstraße 10 6890 Lustenau,https://soller-immobilienverwaltung.at/,https://soller-immobilienverwaltung.at/,office@soller-immobilienverwaltung.at,+43557722820,https://firmen.wko.at/soller-immobilienverwaltung-gmbh/vorarlberg/?firmaid=d4c4545c-496d-4426-b5d2-b10c74901528&standortid=8&standortname=vorarlberg%20%28bundesland%29&suchbegriff=immobilienverwalter
spa und golf resort bad waltersdorf gmbh,SPA & GOLF RESORT Bad Waltersdorf GmbH,SPA & GOLF RESORT Bad Waltersdorf GmbH,1,steiermark,21241acf-3396-4482-ac09-0b998ec63dfb,Albrechtstraße 14 8344 Bad Gleichenberg,http://www.golftherme.com/,http://www.golftherme.com/,office@golftherme.com,0316/%20723847,https://firmen.wko.at/spa-und-golf-resort-bad-waltersdorf-gmbh/steiermark/?firmaid=21241acf-3396-4482-ac09-0b998ec63dfb&standortid=5&standortname=steiermark%20%28bundesland%29&suchbegriff=immobilienverwalter
spatz immobilien gmbh,Spatz Immobilien GmbH,Spatz Immobilien GmbH,1,wien,e7b74a8f-bef0-4882-9e80-55fcb9f23486,Gentzgasse 22-24/4 1180 Wien,,,,,https://firmen.wko.at/spatz-immobilien-gmbh/wien/?firmaid=e7b74a8f-bef0-4882-9e80-55fcb9f23486&standortid=1&standortname=wien%20%28bundesland%29&suchbegriff=immobilienverwalter
sperer immobilien gmbh,SPERER Immobilien GmbH,SPERER Immobilien GmbH,1,oberösterreich,27dd8931-aaeb-470d-82cf-4c94346282ac,Franz-Zola-Straße 3 4600 Wels,,,,,https://firmen.wko.at/sperer-immobilien-gmbh/ober%c3%b6sterreich/?firmaid=27dd8931-aaeb-470d-82cf-4c94346282ac&standortid=3&standortname=ober%c3%b6sterreich%20%28bundesland%29&suchbegriff=immobilienverwalter
spiegelfeld immobilien gmbh,Spiegelfeld Immobilien GmbH,Spiegelfeld Immobilien GmbH,1,wien,8d040ee8-5660-4c84-a68d-25a7ba0d5d76,Stubenring 20/2 1010 Wien,http://www.spiegelfeld.eu/,http://www.spiegelfeld.eu/,office@spiegelfeld.eu,01/513%2023%2013%200%20,https://firmen.wko.at/spiegelfeld-immobilien-gmbh-spiegelfeld-immobilien/wien/?firmaid=8d040ee8-5660-4c84-a68d-25a7ba0d5d76&standortid=1&standortname=wien%20%28bundesland%29&suchbegriff=immobilienverwalter
spiti immobilien gmbh,Spiti Immobilien GmbH,Spiti Immobilien GmbH,1,steiermark,a0ce20ee-5a35-4af6-9695-a0f7eb246a5d,Packerstraße 101 8561 Söding-St.Johann,,,,,https://firmen.wko.at/spiti-immobilien-gmbh/steiermark/?firmaid=a0ce20ee-5a35-4af6-9695-a0f7eb246a5d&standortid=5&standortname=steiermark%20%28bundesland%29&suchbegriff=immobilienverwalter
spk oö immobilien gmbh,SPK OÖ Immobilien GmbH,SPK OÖ Immobilien GmbH,1,oberösterreich,eee770e4-0e83-41f3-9752-3ed7d76ede43,Promenade 11-13 4020 Linz,,,,,https://firmen.wko.at/spk-o%c3%96-immobilien-gmbh/ober%c3%b6sterreich/?firmaid=eee770e4-0e83-41f3-9752-3ed7d76ede43&standortid=3&standortname=ober%c3%b6sterreich%20%28bundesland%29&suchbegriff=immobilienverwalter
spk oö m2 immobilien gmbh,SPK OÖ M2 Immobilien GmbH,SPK OÖ M2 Immobilien GmbH,1,oberösterreich,327b279c-efe8-4041-8e61-110c3e4c3a1e,Promenade 11-13 4020 Linz,,,,,https://firmen.wko.at/spk-o%c3%96-m2-immobilien-gmbh/ober%c3%b6sterreich/?firmaid=327b279c-efe8-4041-8e61-110c3e4c3a1e&standortid=3&standortname=ober%c3%b6sterreich%20%28bundesland%29&suchbegriff=immobilienverwalter
spree verwaltung gmbh,Spree Verwaltung GmbH,Spree Verwaltung GmbH,1,oberösterreich,345e5546-d3d2-4085-862d-07459c9a0d6d,Höllmühlstraße 67 4040 Linz,,,,0732/701051 | 0664/3410211,https://firmen.wko.at/spree-verwaltung-gmbh/ober%c3%b6sterreich/?firmaid=345e5546-d3d2-4085-862d-07459c9a0d6d&standortid=3&standortname=ober%c3%b6sterreich%20%28bundesland%29&suchbegriff=immobilienverwalter
stadt wien wiener wohnen kundenservice gmbh,Stadt Wien - Wiener Wohnen Kundenservice GmbH,Stadt Wien - Wiener Wohnen Kundenservice GmbH,3,wien,6d3a9567-4ce0-428f-8f49-1cf77a313b02 | 6d831ad8-107c-42df-9a17-7fe642187ecc | ea235872-fb4b-4760-88d4-0550059a2f0f,Medwedweg 14Obj. 5 1110 Wien | Rosa-Fischer-Gasse 2 1030 Wien | Medwedweg 16Obj. 4 1110 Wien,,,,,https://firmen.wko.at/stadt-wien-wiener-wohnen-kundenservice-gmbh/wien/?firmaid=6d3a9567-4ce0-428f-8f49-1cf77a313b02&standortid=1&standortname=wien%20%28bundesland%29&suchbegriff=immobilienverwalter
stadt immobilien gesellschaft st veit glan gmbh,Stadt-Immobilien-Gesellschaft St.Veit/Glan GmbH,Stadt-Immobilien-Gesellschaft St.Veit/Glan GmbH,1,kärnten,ce4e9bc9-e7d1-43a5-97e2-5213c4aa6bbc,Hauptplatz 1 9300 St.Veit an der Glan,,,petra.bachler@ktn.gde.at,+43%204212%2055%2055%2061%20od.%20119,https://firmen.wko.at/stadt-immobilien-gesellschaft-stveit-glan-gmbh/k%c3%a4rnten/?firmaid=ce4e9bc9-e7d1-43a5-97e2-5213c4aa6bbc&standortid=6&standortname=k%c3%a4rnten%20%28bundesland%29&suchbegriff=immobilienverwalter
stadtgemeinde gmünd,Stadtgemeinde Gmünd,Stadtgemeinde Gmünd,1,niederösterreich,1275d06b-d649-4d58-a555-1fa092bf932a,Schremser Straße 6 3950 Gmünd,,,,02852%2052506-0,https://firmen.wko.at/stadtgemeinde-gm%c3%bcnd/nieder%c3%b6sterreich/?firmaid=1275d06b-d649-4d58-a555-1fa092bf932a&standortid=2&standortname=nieder%c3%b6sterreich%20%28bundesland%29&suchbegriff=immobilienverwalter
stefan grach,Stefan Grach,Stefan Grach,1,steiermark,608de71d-8245-4566-8cbf-29804125d55b,Mariatroster Straße 152 8044 Graz,,,,,https://firmen.wko.at/stefan-grach/steiermark/?firmaid=608de71d-8245-4566-8cbf-29804125d55b&standortid=5&standortname=steiermark%20%28bundesland%29&suchbegriff=immobilienverwalter
stefan stocker,Stefan Stocker,Stefan Stocker,1,wien,024b0e5a-fa14-4a6a-95c6-3061c89686ae,Formanekgasse 66Haus D/1 1190 Wien,http://www.stefan-stocker.at/,http://www.stefan-stocker.at/,stefan.stocker@vpi.at,0720301600100,https://firmen.wko.at/stefan-stocker-immobilientreuh%c3%a4nder-finanzdienstleistung/wien/?firmaid=024b0e5a-fa14-4a6a-95c6-3061c89686ae&standortid=1&standortname=wien%20%28bundesland%29&suchbegriff=immobilienverwalter
steffan bruckner,Steffan Bruckner,Steffan Bruckner,1,niederösterreich,5b42d94d-b95f-4f84-89e5-9d833542e2b8,Heinrich Collin-Straße 15 2232 Deutsch-Wagram,,,,,https://firmen.wko.at/steffan-bruckner-immobilienverwaltung/nieder%c3%b6sterreich/?firmaid=5b42d94d-b95f-4f84-89e5-9d833542e2b8&standortid=2&standortname=nieder%c3%b6sterreich%20%28bundesland%29&suchbegriff=immobilienverwalter
stegbuchner hausverwaltung gmbh,Stegbuchner Hausverwaltung GmbH,Stegbuchner Hausverwaltung GmbH,1,oberösterreich,58da5a31-c176-4408-89ac-2ffb838fef7e,Dorfplatz 11 5124 Haigermoos,,,,,https://firmen.wko.at/stegbuchner-hausverwaltung-gmbh/ober%c3%b6sterreich/?firmaid=58da5a31-c176-4408-89ac-2ffb838fef7e&standortid=3&standortname=ober%c3%b6sterreich%20%28bundesland%29&suchbegriff=immobilienverwalter
steinbauer bau und immobilientreuhand gmbh,Steinbauer Bau- und Immobilientreuhand GmbH,Steinbauer Bau- und Immobilientreuhand GmbH,1,wien,e1b0e8a8-93ad-4dcc-959b-78fb067877db,Semperstraße 60/8 1180 Wien,http://www.steinbauer-bauimmo.at/,http://www.steinbauer-bauimmo.at/,w.steinbauer@steinbauer-bauimmo.at,+43%20(0)660%20525%204777,https://firmen.wko.at/steinbauer-bau-und-immobilientreuhand-gmbh-baumeister-bautr%c3%a4ger-immobilienmakler-immobilienverwalter/wien/?firmaid=e1b0e8a8-93ad-4dcc-959b-78fb067877db&standortid=1&standortname=wien%20%28bundesland%29&suchbegriff=immobilienverwalter
steinbock immobilien gmbh und cokg,Steinbock Immobilien GmbH & CoKG,Steinbock Immobilien GmbH & CoKG,1,tirol,dac01aa1-b62f-430c-9c39-f6ffdb1563b2,Steinbockallee 13 6063 Rum,https://www.steinbock-immo.at/unternehmen.html,https://www.steinbock-immo.at/unternehmen.html,office.immo@steinbock.at,+43%20512%2024651%2059,https://firmen.wko.at/steinbock-immobilien-gmbh-und-cokg/tirol/?firmaid=dac01aa1-b62f-430c-9c39-f6ffdb1563b2&standortid=7&standortname=tirol%20%28bundesland%29&suchbegriff=immobilienverwalter
steiner und wanner wohnbau gesellschaft mbh,Steiner & Wanner Wohnbau Gesellschaft mbH,Steiner & Wanner Wohnbau Gesellschaft mbH,1,salzburg,51b807e5-2854-4fc0-83ec-7e2aead60da6,Salzburger Straße 20 5550 Radstadt,http://steiner-wanner.at/,http://steiner-wanner.at/,info@steiner-wanner.at,+43%20(6452)%205860,https://firmen.wko.at/steiner-und-wanner-wohnbau-gesellschaft-mbh/salzburg/?firmaid=51b807e5-2854-4fc0-83ec-7e2aead60da6&standortid=4&standortname=salzburg%20%28bundesland%29&suchbegriff=immobilienverwalter
steinkogler immobilientreuhand gmbh,Steinkogler Immobilientreuhand GmbH,Steinkogler Immobilientreuhand GmbH,2,oberösterreich | tirol,73f0eccf-ccca-4d13-b87a-42afb825dda7 | f141677a-9093-4bdd-8918-610ced01c013,Jochberger Straße 129a 6370 Kitzbühel | Ebenzweierstraße 34 4813 Altmünster,http://www.steinkogler-verwaltungen.at/,http://www.steinkogler-verwaltungen.at/,office@steinkogler-verwaltungen.at,+43%207612%2088088 | +43%20664%2035%2084%20352,https://firmen.wko.at/steinkogler-immobilientreuhand-gmbh/tirol/?firmaid=73f0eccf-ccca-4d13-b87a-42afb825dda7&standortid=7&standortname=tirol%20%28bundesland%29&suchbegriff=immobilienverwalter
steinkogler projektentwicklungs gmbh,Steinkogler Projektentwicklungs GmbH,Steinkogler Projektentwicklungs GmbH,1,oberösterreich,abffe50e-1c04-4c53-9462-f6b330df9eec,Bahnhofstraße 48 4802 Ebensee,,,,,https://firmen.wko.at/steinkogler-projektentwicklungs-gmbh/ober%c3%b6sterreich/?firmaid=abffe50e-1c04-4c53-9462-f6b330df9eec&standortid=3&standortname=ober%c3%b6sterreich%20%28bundesland%29&suchbegriff=immobilienverwalter
steinkogler wohnbau und vermietungs gmbh,Steinkogler Wohnbau und Vermietungs GmbH,Steinkogler Wohnbau und Vermietungs GmbH,1,oberösterreich,f9e8c3ad-bce1-4320-90e0-68ce7adb7ba0,Bahnhofstraße 48 4802 Ebensee am Traunsee,,,,,https://firmen.wko.at/steinkogler-wohnbau-und-vermietungs-gmbh/ober%c3%b6sterreich/?firmaid=f9e8c3ad-bce1-4320-90e0-68ce7adb7ba0&standortid=3&standortname=ober%c3%b6sterreich%20%28bundesland%29&suchbegriff=immobilienverwalter
steirische wirtschaftsförderungsgesellschaft m b h,Steirische Wirtschaftsförderungsgesellschaft m.b.H.,Steirische Wirtschaftsförderungsgesellschaft m.b.H.,1,steiermark,cca256c3-4cbd-432a-bf9d-1277ba730c7f,Nikolaiplatz 2 8020 Graz,http://impulszentren.at/,http://impulszentren.at/,impuls@sfg.at,0316/70%2095,https://firmen.wko.at/steirische-wirtschaftsf%c3%b6rderungsgesellschaft-mbh/steiermark/?firmaid=cca256c3-4cbd-432a-bf9d-1277ba730c7f&standortid=5&standortname=steiermark%20%28bundesland%29&suchbegriff=immobilienverwalter
stia immo gmbh,STIA Immo GmbH,STIA Immo GmbH,1,steiermark,3e363b6c-43db-4478-b89c-0a4379ea52ba,Bischofplatz 1 8010 Graz,,,,,https://firmen.wko.at/stia-immo-gmbh/steiermark/?firmaid=3e363b6c-43db-4478-b89c-0a4379ea52ba&standortid=5&standortname=steiermark%20%28bundesland%29&suchbegriff=immobilienverwalter
stieglmayer gebäudeverwaltung e u,Stieglmayer Gebäudeverwaltung e.U.,Stieglmayer Gebäudeverwaltung e.U.,1,wien,2fc237c5-3bb9-4fd9-a16b-2c3f2593de9b,Rathausstraße 3 1010 Wien,http://www.stieglmayer.at/,http://www.stieglmayer.at/,office@stieglmayer.at,+43%20(0)1%20712%2014%2088,https://firmen.wko.at/stieglmayer-geb%c3%a4udeverwaltung-eu/wien/?firmaid=2fc237c5-3bb9-4fd9-a16b-2c3f2593de9b&standortid=1&standortname=wien%20%28bundesland%29&suchbegriff=immobilienverwalter
stiller und hohla immobilientreuhänder gmbh,Stiller & Hohla Immobilientreuhänder GmbH,Stiller & Hohla Immobilientreuhänder GmbH,1,salzburg,7a1bd960-03ae-4c71-a887-9adeda32eef0,Joseph-Messner-Straße 8-14 5020 Salzburg,http://www.stiller-hohla.at/,http://www.stiller-hohla.at/,office@stiller-hohla.at,0662/65%2085%200,https://firmen.wko.at/stiller-und-hohla-immobilientreuh%c3%a4nder-gmbh/salzburg/?firmaid=7a1bd960-03ae-4c71-a887-9adeda32eef0&standortid=4&standortname=salzburg%20%28bundesland%29&suchbegriff=immobilienverwalter
stingl immobilien gmbh,Stingl Immobilien GmbH,Stingl Immobilien GmbH,1,wien,a2307aee-c13d-4365-aa39-1ac330e76598,Laxenburger Straße 83 1100 Wien,,,,,https://firmen.wko.at/stingl-immobilien-gmbh/wien/?firmaid=a2307aee-c13d-4365-aa39-1ac330e76598&standortid=1&standortname=wien%20%28bundesland%29&suchbegriff=immobilienverwalter
strabag brvz gmbh,STRABAG BRVZ GmbH,STRABAG BRVZ GmbH,2,kärnten | wien,d1ccf6a0-65b3-496b-827d-072ba99a7852 | a2c6f688-05f7-4060-9839-1d52466077e9,Ortenburger Straße 27 9800 Spittal an der Drau | Donau-City-Straße 9 1220 Wien,,,pr@strabag.com,04762/620%200,https://firmen.wko.at/strabag-brvz-gmbh/k%c3%a4rnten/?firmaid=d1ccf6a0-65b3-496b-827d-072ba99a7852&standortid=6&standortname=k%c3%a4rnten%20%28bundesland%29&suchbegriff=immobilienverwalter
strabag property and facility services gmbh,STRABAG Property and Facility Services GmbH,STRABAG Property and Facility Services GmbH,1,wien,fbeabe35-12a5-4bf9-931b-0bfc5bb85e79,Dietrichgasse 25/E-Büro/6.OG 1030 Wien,http://www.strabag-pfs.at/,http://www.strabag-pfs.at/,kundenservice-pfs@strabag.com,+43%20(0)50599%200,https://firmen.wko.at/strabag-property-and-facility-services-gmbh/wien/?firmaid=fbeabe35-12a5-4bf9-931b-0bfc5bb85e79&standortid=1&standortname=wien%20%28bundesland%29&suchbegriff=immobilienverwalter
stricker beteiligungs gmbh,Stricker Beteiligungs GmbH,Stricker Beteiligungs GmbH,1,salzburg,e1bf3826-a11a-4e1d-966e-85906c37673f,Neutorstraße 21 5020 Salzburg,,,,,https://firmen.wko.at/stricker-beteiligungs-gmbh/salzburg/?firmaid=e1bf3826-a11a-4e1d-966e-85906c37673f&standortid=4&standortname=salzburg%20%28bundesland%29&suchbegriff=immobilienverwalter
strohmaier holding gmbh,Strohmaier Holding GmbH,Strohmaier Holding GmbH,1,steiermark,d7a18e0f-0d26-4bd1-b862-79b6797975b3,"Flurweg 5, Tür 1 8750 Judenburg",,,,,https://firmen.wko.at/strohmaier-holding-gmbh/steiermark/?firmaid=d7a18e0f-0d26-4bd1-b862-79b6797975b3&standortid=5&standortname=steiermark%20%28bundesland%29&suchbegriff=immobilienverwalter
stüger immobilientreuhänder e u,Stüger Immobilientreuhänder e.U.,Stüger Immobilientreuhänder e.U.,1,oberösterreich,985be17a-1c9a-4cef-9a40-28b404c76c5d,Kurhausstraße 4 4820 Bad Ischl,http://www.stueger.com/,http://www.stueger.com/,info@stueger.com,+43(0)6132-29426 | +43(0)664-2110433,https://firmen.wko.at/st%c3%bcger-immobilientreuh%c3%a4nder-eu-st%c3%bcger-immobilientreuh%c3%a4nder/ober%c3%b6sterreich/?firmaid=985be17a-1c9a-4cef-9a40-28b404c76c5d&standortid=3&standortname=ober%c3%b6sterreich%20%28bundesland%29&suchbegriff=immobilienverwalter
substantia gmbh,Substantia GmbH,Substantia GmbH,1,niederösterreich,dfaa5e1c-d79d-4006-9b1f-52e1d45758fc,Hollerweg 23 3430 Tulln an der Donau,,,,,https://firmen.wko.at/substantia-gmbh/nieder%c3%b6sterreich/?firmaid=dfaa5e1c-d79d-4006-9b1f-52e1d45758fc&standortid=2&standortname=nieder%c3%b6sterreich%20%28bundesland%29&suchbegriff=immobilienverwalter
supernova invest gmbh,Supernova Invest GmbH,Supernova Invest GmbH,1,steiermark,67cb3908-ab37-401e-bacf-b2226a9e2757,Conrad-von-Hötzendorf-Straße 99 8010 Graz,,,,,https://firmen.wko.at/supernova-invest-gmbh/steiermark/?firmaid=67cb3908-ab37-401e-bacf-b2226a9e2757&standortid=5&standortname=steiermark%20%28bundesland%29&suchbegriff=immobilienverwalter
susanna pichl patak e u,Susanna Pichl-Patak e.U.,Susanna Pichl-Patak e.U.,1,wien,c174955e-457f-4cf5-95bf-d2435896e6da,Stumpergasse 45/3/1 1060 Wien,http://www.immo-pichl.at/,http://www.immo-pichl.at/,buero@immo-pichl.at,+43(1)587%2009%2024%200 | +43(0)699%20104%20106%2026,https://firmen.wko.at/susanna-pichl-patak-eu-immobilien-pichl/wien/?firmaid=c174955e-457f-4cf5-95bf-d2435896e6da&standortid=1&standortname=wien%20%28bundesland%29&suchbegriff=immobilienverwalter
susanne pigel,Susanne Pigel,Susanne Pigel,1,wien,527fc2c2-add5-4202-8816-44ad641e81f0,Kirchengasse (Neubau) 43/6 1070 Wien,,,,,https://firmen.wko.at/susanne-pigel/wien/?firmaid=527fc2c2-add5-4202-8816-44ad641e81f0&standortid=1&standortname=wien%20%28bundesland%29&suchbegriff=immobilienverwalter
susnjara immobilientreuhand gmbh,SUSNJARA Immobilientreuhand GmbH,SUSNJARA Immobilientreuhand GmbH,1,niederösterreich,718e381c-ec92-4e91-8ca7-3ddca7a7fac5,"Grabengasse 21, Tür 3 2500 Baden",,,,,https://firmen.wko.at/susnjara-immobilientreuhand-gmbh/nieder%c3%b6sterreich/?firmaid=718e381c-ec92-4e91-8ca7-3ddca7a7fac5&standortid=2&standortname=nieder%c3%b6sterreich%20%28bundesland%29&suchbegriff=immobilienverwalter
sv dr heinz muhr gmbh,SV Dr. Heinz Muhr GmbH,SV Dr. Heinz Muhr GmbH,1,wien,3083b585-3f11-40c5-9ab5-99af4f4c188e,Am Hof 5/19 1010 Wien,,,office@contecimmo.at,01/5356940 | 0676/5124804,https://firmen.wko.at/sv-dr-heinz-muhr-gmbh/wien/?firmaid=3083b585-3f11-40c5-9ab5-99af4f4c188e&standortid=1&standortname=wien%20%28bundesland%29&suchbegriff=immobilienverwalter
swb real gmbh,SWB Real GmbH,SWB Real GmbH,1,salzburg,7144f75f-2006-4277-b6af-6d3b91e7d924,Postplatz 4 5580 Tamsweg,,,,,https://firmen.wko.at/swb-real-gmbh/salzburg/?firmaid=7144f75f-2006-4277-b6af-6d3b91e7d924&standortid=4&standortname=salzburg%20%28bundesland%29&suchbegriff=immobilienverwalter
szabina haiderer,Szabina Haiderer,Szabina Haiderer,1,niederösterreich,7222bd7a-1114-4563-8a4d-852aaf756cf9,Schloßsee II 2 2522 Oberwaltersdorf,,,,,https://firmen.wko.at/szabina-haiderer/nieder%c3%b6sterreich/?firmaid=7222bd7a-1114-4563-8a4d-852aaf756cf9&standortid=2&standortname=nieder%c3%b6sterreich%20%28bundesland%29&suchbegriff=immobilienverwalter
tabakfabrik linz entwicklungs und betriebsgesellschaft mbh,Tabakfabrik Linz Entwicklungs- und Betriebsgesellschaft mbH,Tabakfabrik Linz Entwicklungs- und Betriebsgesellschaft mbH,1,oberösterreich,df0251fa-a6a5-4fcd-8f45-53dcd9b8babf,Peter-Behrens-Platz 7 4020 Linz,,,,,https://firmen.wko.at/tabakfabrik-linz-entwicklungs-und-betriebsgesellschaft-mbh/ober%c3%b6sterreich/?firmaid=df0251fa-a6a5-4fcd-8f45-53dcd9b8babf&standortid=3&standortname=ober%c3%b6sterreich%20%28bundesland%29&suchbegriff=immobilienverwalter
team19 wohnservice gmbh,team19 Wohnservice GmbH,team19 Wohnservice GmbH,1,wien,f6c170f5-3589-4d84-a549-3e5725880fb6,Handelskai 94-96/44.OG 1200 Wien,,,,,https://firmen.wko.at/team19-wohnservice-gmbh/wien/?firmaid=f6c170f5-3589-4d84-a549-3e5725880fb6&standortid=1&standortname=wien%20%28bundesland%29&suchbegriff=immobilienverwalter
teamwork gebäudeservice gmbh,Teamwork Gebäudeservice GmbH,Teamwork Gebäudeservice GmbH,1,wien,b4add91e-1334-41a9-8a31-0c10654655e0,Hugogasse 4/5 1110 Wien,,,,,https://firmen.wko.at/teamwork-geb%c3%a4udeservice-gmbh/wien/?firmaid=b4add91e-1334-41a9-8a31-0c10654655e0&standortid=1&standortname=wien%20%28bundesland%29&suchbegriff=immobilienverwalter
technopark raaba projektentwicklung gmbh,Technopark Raaba Projektentwicklung GmbH,Technopark Raaba Projektentwicklung GmbH,1,steiermark,e5e35b96-7c14-4d28-8dc5-057bdd2499ef,Technopark Raaba Holding 0316 29 10 24,https://www.technopark-raaba.com/,https://www.technopark-raaba.com/,office@technopark-raaba.com,0316%2029%2010%2024,https://firmen.wko.at/technopark-raaba-projektentwicklung-gmbh-technopark-raaba-holding/steiermark/?firmaid=e5e35b96-7c14-4d28-8dc5-057bdd2499ef&standortid=5&standortname=steiermark%20%28bundesland%29&suchbegriff=immobilienverwalter
tellus realitäten gmbh,TELLUS Realitäten GmbH,TELLUS Realitäten GmbH,1,oberösterreich,5eaec339-c7b5-43bf-bb75-932aa8ffff6f,Lindenweg 8 4400 Sankt Ulrich bei Steyr,,,,,https://firmen.wko.at/tellus-realit%c3%a4ten-gmbh/ober%c3%b6sterreich/?firmaid=5eaec339-c7b5-43bf-bb75-932aa8ffff6f&standortid=3&standortname=ober%c3%b6sterreich%20%28bundesland%29&suchbegriff=immobilienverwalter
telser und treffer immobilienverwaltung og,Telser & Treffer Immobilienverwaltung OG,Telser & Treffer Immobilienverwaltung OG,1,tirol,97921c5d-860f-4422-9909-8f39a8b19528,Jägergasse 2/6a 6330 Kufstein,,,,,https://firmen.wko.at/telser-und-treffer-immobilienverwaltung-og/tirol/?firmaid=97921c5d-860f-4422-9909-8f39a8b19528&standortid=7&standortname=tirol%20%28bundesland%29&suchbegriff=immobilienverwalter
terra immobilien gesellschaft m b h,Terra Immobilien Gesellschaft m.b.H.,Terra Immobilien Gesellschaft m.b.H.,2,tirol | wien,7b8c6cff-7954-4b9d-8daa-5f01ed4aa320 | 134759de-ff85-4f71-9aea-3866a219ab35,Hammerschmiedstraße 6 6370 Kitzbühel | Mariahilfer Straße 84/7 1070 Wien,http://www.terrainternational.at/,http://www.terrainternational.at/,office@terraimmobilien.at,+43%20(0)1%20526%2011%2001,https://firmen.wko.at/terra-immobilien-gesellschaft-mbh/tirol/?firmaid=7b8c6cff-7954-4b9d-8daa-5f01ed4aa320&standortid=7&standortname=tirol%20%28bundesland%29&suchbegriff=immobilienverwalter
terra managementberatung und liegenschaftsverwaltung gmbh,Terra Managementberatung und Liegenschaftsverwaltung GmbH,Terra Managementberatung und Liegenschaftsverwaltung GmbH,1,wien,15648758-7d58-4806-8b05-47ddb4ea0a33,Hackhofergasse 17 1190 Wien,,,,,https://firmen.wko.at/terra-managementberatung-und-liegenschaftsverwaltung-gmbh/wien/?firmaid=15648758-7d58-4806-8b05-47ddb4ea0a33&standortid=1&standortname=wien%20%28bundesland%29&suchbegriff=immobilienverwalter
tfm bau gmbh,TFM Bau GmbH,TFM Bau GmbH,1,salzburg,a887f936-a868-4f30-94f1-286b64a59575,Egon-Schiele-Weg 3 5020 Salzburg,https://tfm-bau.at/,https://tfm-bau.at/,office@tfm-bau.at,,https://firmen.wko.at/tfm-bau-gmbh/salzburg/?firmaid=a887f936-a868-4f30-94f1-286b64a59575&standortid=4&standortname=salzburg%20%28bundesland%29&suchbegriff=immobilienverwalter
thomann und partner immobilienverwaltung kg,Thomann & Partner Immobilienverwaltung KG,Thomann & Partner Immobilienverwaltung KG,1,steiermark,4487db5b-7f68-433e-ac79-587513b1c382,Wielandgasse 22 8010 Graz,http://www.thp.co.at/,http://www.thp.co.at/,office@thp.co.at,+43%20(0)316%20915%20551,https://firmen.wko.at/thomann-und-partner-immobilienverwaltung-kg/steiermark/?firmaid=4487db5b-7f68-433e-ac79-587513b1c382&standortid=5&standortname=steiermark%20%28bundesland%29&suchbegriff=immobilienverwalter
thomas johannes hafner,Thomas Johannes Hafner,Thomas Johannes Hafner,1,steiermark,74a77af7-7337-457a-bca0-78d6bde97887,Leonhardstraße 104/4 8010 Graz,,,,,https://firmen.wko.at/thomas-johannes-hafner/steiermark/?firmaid=74a77af7-7337-457a-bca0-78d6bde97887&standortid=5&standortname=steiermark%20%28bundesland%29&suchbegriff=immobilienverwalter
thomas josef grasl,Thomas Josef Grasl,Thomas Josef Grasl,1,tirol,62f53fec-56a7-4472-874a-a681ddc69293,Münchner Straße 11 6130 Schwaz,http://www.grasl-immobilien.at/,http://www.grasl-immobilien.at/,office@grasl-immobilien.at,+43%205242%2066666 | +43%20699%2010507773,https://firmen.wko.at/thomas-josef-grasl-grasl-immobilien/tirol/?firmaid=62f53fec-56a7-4472-874a-a681ddc69293&standortid=7&standortname=tirol%20%28bundesland%29&suchbegriff=immobilienverwalter
thomas manfred posch,Thomas Manfred Posch,Thomas Manfred Posch,1,wien,6f9a9ece-0693-43cb-83a8-609eb9d6ef92,Wipplingerstraße 3/12A 1010 Wien,,,immobilien.posch@aon.at,+43%20(0)%201%205353255,https://firmen.wko.at/thomas-manfred-posch-immobilienverwaltung-und-immobilienvermittlung/wien/?firmaid=6f9a9ece-0693-43cb-83a8-609eb9d6ef92&standortid=1&standortname=wien%20%28bundesland%29&suchbegriff=immobilienverwalter
thomas priemayer,Thomas Priemayer,Thomas Priemayer,1,wien,12f1c526-a51e-4218-9364-0355dd211ec2,Zehenthofgasse 10 1190 Wien,http://www.radunsky.at/,http://www.radunsky.at/,office@radunsky.at,+43%20(1)%204056277,https://firmen.wko.at/thomas-priemayer/wien/?firmaid=12f1c526-a51e-4218-9364-0355dd211ec2&standortid=1&standortname=wien%20%28bundesland%29&suchbegriff=immobilienverwalter
thomas sassin,Thomas Sassin,Thomas Sassin,1,tirol,c9061478-4dde-47dc-9821-f7d6a696fcef,Jochberg 5 6335 Thiersee,,,,,https://firmen.wko.at/thomas-sassin/tirol/?firmaid=c9061478-4dde-47dc-9821-f7d6a696fcef&standortid=7&standortname=tirol%20%28bundesland%29&suchbegriff=immobilienverwalter
thomas schanda m a,"Thomas Schanda, M.A.","Thomas Schanda, M.A.",1,niederösterreich,9f3c8405-2eaf-43a7-8ddf-0bfedf06062f,Am Soßenhügel 12a 2380 Perchtoldsdorf,,,,,https://firmen.wko.at/thomas-schanda-ma/nieder%c3%b6sterreich/?firmaid=9f3c8405-2eaf-43a7-8ddf-0bfedf06062f&standortid=2&standortname=nieder%c3%b6sterreich%20%28bundesland%29&suchbegriff=immobilienverwalter
thomas schmaus,Thomas Schmaus,Thomas Schmaus,1,wien,44905bf1-4172-4a6e-9f48-8eae81f486d9,Chwallagasse 4/11 1060 Wien,,,,,https://firmen.wko.at/thomas-schmaus/wien/?firmaid=44905bf1-4172-4a6e-9f48-8eae81f486d9&standortid=1&standortname=wien%20%28bundesland%29&suchbegriff=immobilienverwalter
thomas stangl ba,"Thomas Stangl, BA","Thomas Stangl, BA",1,wien,4d8ad805-8954-40fe-8502-4cb40309d97e,Schrottgasse 9/21 1030 Wien,,,,,https://firmen.wko.at/thomas-stangl-ba/wien/?firmaid=4d8ad805-8954-40fe-8502-4cb40309d97e&standortid=1&standortname=wien%20%28bundesland%29&suchbegriff=immobilienverwalter
thomas weselsky gebäudeverwaltung gesellschaft m b h,"Thomas Weselsky, Gebäudeverwaltung Gesellschaft m.b.H.","Thomas Weselsky, Gebäudeverwaltung Gesellschaft m.b.H.",1,wien,cc0f5072-bb47-4b83-ab18-2b04c8b956db,Staudgasse 85 1180 Wien,,,th.weselsky@weselsky.at,01/478%2008%2048,https://firmen.wko.at/thomas-weselsky-geb%c3%a4udeverwaltung-gesellschaft-mbh/wien/?firmaid=cc0f5072-bb47-4b83-ab18-2b04c8b956db&standortid=1&standortname=wien%20%28bundesland%29&suchbegriff=immobilienverwalter
thurn und bauer hausverwaltung gmbh,Thurn & Bauer Hausverwaltung GmbH,Thurn & Bauer Hausverwaltung GmbH,1,wien,2ff1793f-e754-4c04-bad6-3913bba1aabd,Kopfgasse 8 1130 Wien,,,,,https://firmen.wko.at/thurn-und-bauer-hausverwaltung-gmbh/wien/?firmaid=2ff1793f-e754-4c04-bad6-3913bba1aabd&standortid=1&standortname=wien%20%28bundesland%29&suchbegriff=immobilienverwalter
thw i motion gmbh,THW I.MOTION GmbH,THW I.MOTION GmbH,1,tirol,e6763508-ac9e-4611-9685-fb374917c2ed,Mühlbichlstraße 3 6322 Kirchbichl,,,,,https://firmen.wko.at/thw-imotion-gmbh/tirol/?firmaid=e6763508-ac9e-4611-9685-fb374917c2ed&standortid=7&standortname=tirol%20%28bundesland%29&suchbegriff=immobilienverwalter
tieber immobilien gmbh,Tieber Immobilien GmbH,Tieber Immobilien GmbH,1,steiermark,b7f18eb5-df77-43be-a820-1730a8b8961b,"Kaiserfeldgasse 22, Tür 11 8010 Graz",http://tieberimmo.at/,http://tieberimmo.at/,office@tieberimmo.at,+43%20316%20671109,https://firmen.wko.at/tieber-immobilien-gmbh/steiermark/?firmaid=b7f18eb5-df77-43be-a820-1730a8b8961b&standortid=5&standortname=steiermark%20%28bundesland%29&suchbegriff=immobilienverwalter
tietze immobilien gmbh,Tietze Immobilien GmbH,Tietze Immobilien GmbH,1,wien,2f9e2cc7-9ad6-4753-8d42-2a18e391d6d9,Stachegasse 18/Obj. 2/5 1120 Wien,,,,,https://firmen.wko.at/tietze-immobilien-gmbh/wien/?firmaid=2f9e2cc7-9ad6-4753-8d42-2a18e391d6d9&standortid=1&standortname=wien%20%28bundesland%29&suchbegriff=immobilienverwalter
tiroler kommunalbau entwicklungs und errichtungs gmbh,Tiroler Kommunalbau Entwicklungs- und Errichtungs GmbH,Tiroler Kommunalbau Entwicklungs- und Errichtungs GmbH,1,tirol,33447c86-15b7-465f-8c6e-7052c438dd95,Fürstenweg 27 6020 Innsbruck,,,,,https://firmen.wko.at/tiroler-kommunalbau-entwicklungs-und-errichtungs-gmbh/tirol/?firmaid=33447c86-15b7-465f-8c6e-7052c438dd95&standortid=7&standortname=tirol%20%28bundesland%29&suchbegriff=immobilienverwalter
tiv tiroler immobilien und vertriebs gmbh,TIV Tiroler Immobilien und Vertriebs GmbH,TIV Tiroler Immobilien und Vertriebs GmbH,1,tirol,6af2aa29-d20f-4870-9a2a-564aaaf9e285,Riedelstraße 6 6330 Kufstein,,,,,https://firmen.wko.at/tiv-tiroler-immobilien-und-vertriebs-gmbh/tirol/?firmaid=6af2aa29-d20f-4870-9a2a-564aaaf9e285&standortid=7&standortname=tirol%20%28bundesland%29&suchbegriff=immobilienverwalter
tkkt hausverwaltung kg,TKKT Hausverwaltung KG,TKKT Hausverwaltung KG,1,wien,c14af2d1-7dbb-43c5-970b-2fafe5a2c451,Ratschkygasse 45/23 1120 Wien,,,,,https://firmen.wko.at/tkkt-hausverwaltung-kg/wien/?firmaid=c14af2d1-7dbb-43c5-970b-2fafe5a2c451&standortid=1&standortname=wien%20%28bundesland%29&suchbegriff=immobilienverwalter
tlv tiroler liegenschaftsverwaltung gesellschaft m b h,TLV Tiroler Liegenschaftsverwaltung Gesellschaft m.b.H.,TLV Tiroler Liegenschaftsverwaltung Gesellschaft m.b.H.,1,tirol,362cc8a3-3256-4df2-a1fa-32d1e60a0036,Stafflerstraße 17 6020 Innsbruck,http://www.tiroler-liegenschaftsverwaltung.at/,http://www.tiroler-liegenschaftsverwaltung.at/,office@tlvg.at,+43%20512%2025%2076%2040,https://firmen.wko.at/tlv-tiroler-liegenschaftsverwaltung-gesellschaft-mbh/tirol/?firmaid=362cc8a3-3256-4df2-a1fa-32d1e60a0036&standortid=7&standortname=tirol%20%28bundesland%29&suchbegriff=immobilienverwalter
tmt immobilien gmbh,TMT Immobilien GmbH,TMT Immobilien GmbH,1,wien,b7bef335-93a4-4163-8bf5-b3ff45802d3c,Mühlgasse 13/23 1040 Wien,,,,,https://firmen.wko.at/tmt-immobilien-gmbh/wien/?firmaid=b7bef335-93a4-4163-8bf5-b3ff45802d3c&standortid=1&standortname=wien%20%28bundesland%29&suchbegriff=immobilienverwalter
tobias josef griesshofer,Tobias Josef Griesshofer,Tobias Josef Griesshofer,1,steiermark,1c0b47a8-798d-4933-af91-b6ab96c43195,Chlumeckyplatz 3 8990 Bad Aussee,http://www.griesshofer.at/,http://www.griesshofer.at/,office@griesshofer.at,+43%20(3622)%2054477,https://firmen.wko.at/tobias-josef-griesshofer-liegenschaftsverwaltung-griesshofer/steiermark/?firmaid=1c0b47a8-798d-4933-af91-b6ab96c43195&standortid=5&standortname=steiermark%20%28bundesland%29&suchbegriff=immobilienverwalter
tooo immo immobilien ges m b h,Tooo-Immo Immobilien Ges.m.b.H.,Tooo-Immo Immobilien Ges.m.b.H.,1,steiermark,317785d2-1140-4264-84f4-d1267112e167,Piberstraße 1a 8572 Bärnbach,,,,,https://firmen.wko.at/tooo-immo-immobilien-gesmbh/steiermark/?firmaid=317785d2-1140-4264-84f4-d1267112e167&standortid=5&standortname=steiermark%20%28bundesland%29&suchbegriff=immobilienverwalter
top speed immobilien e u,TOP SPEED Immobilien e.U.,TOP SPEED Immobilien e.U.,1,steiermark,6f27655c-0eeb-4be7-b2fd-57246348835f,Pfarrgasse 23 8970 Schladming,http://www.top-speed.at/,http://www.top-speed.at/,office@top-speed.at,+43%203687%2024455,https://firmen.wko.at/top-speed-immobilien-eu/steiermark/?firmaid=6f27655c-0eeb-4be7-b2fd-57246348835f&standortid=5&standortname=steiermark%20%28bundesland%29&suchbegriff=immobilienverwalter
topos hausverwaltung gmbh,TOPOS Hausverwaltung GmbH,TOPOS Hausverwaltung GmbH,1,steiermark,d272e212-fe0b-4c45-82a9-3dbddb5fd8c0,Saaz 100 8341 Paldau,,,,,https://firmen.wko.at/topos-hausverwaltung-gmbh/steiermark/?firmaid=d272e212-fe0b-4c45-82a9-3dbddb5fd8c0&standortid=5&standortname=steiermark%20%28bundesland%29&suchbegriff=immobilienverwalter
tp besitz gmbh,TP Besitz GmbH,TP Besitz GmbH,1,wien,ca79cc5f-014a-4d07-912c-79307b2ac609,Rathausstraße 1 1010 Wien,,,,,https://firmen.wko.at/tp-besitz-gmbh/wien/?firmaid=ca79cc5f-014a-4d07-912c-79307b2ac609&standortid=1&standortname=wien%20%28bundesland%29&suchbegriff=immobilienverwalter
traisen gölsental regionalentwicklungs gmbh,Traisen-Gölsental Regionalentwicklungs GmbH,Traisen-Gölsental Regionalentwicklungs GmbH,1,niederösterreich,495cb2c8-5ca3-494b-bb0e-04310cde91b6,Dörflstraße 4 3180 Lilienfeld,,,,,https://firmen.wko.at/traisen-g%c3%b6lsental-regionalentwicklungs-gmbh/nieder%c3%b6sterreich/?firmaid=495cb2c8-5ca3-494b-bb0e-04310cde91b6&standortid=2&standortname=nieder%c3%b6sterreich%20%28bundesland%29&suchbegriff=immobilienverwalter
traunmüller realitäten gmbh,Traunmüller Realitäten GmbH,Traunmüller Realitäten GmbH,1,oberösterreich,d91bda2e-f31c-4ad2-be9f-871b8cd6aac9,0043 660 674 0 487,https://tr.immo/,https://tr.immo/,office@tr.immo,0043%20660%20674%200%20487,https://firmen.wko.at/traunm%c3%bcller-realit%c3%a4ten-gmbh/ober%c3%b6sterreich/?firmaid=d91bda2e-f31c-4ad2-be9f-871b8cd6aac9&standortid=3&standortname=ober%c3%b6sterreich%20%28bundesland%29&suchbegriff=immobilienverwalter
tremmo trend immobilien verwaltung gmbh,TREMMO Trend Immobilien Verwaltung GmbH,TREMMO Trend Immobilien Verwaltung GmbH,1,wien,ec4946a2-b2e6-451a-a833-9def89f5ddb0,Kolingasse 13/502 1090 Wien,,,,,https://firmen.wko.at/tremmo-trend-immobilien-verwaltung-gmbh/wien/?firmaid=ec4946a2-b2e6-451a-a833-9def89f5ddb0&standortid=1&standortname=wien%20%28bundesland%29&suchbegriff=immobilienverwalter
trenker real gmbh,Trenker REAL GmbH,Trenker REAL GmbH,2,niederösterreich | steiermark,c49ebdd2-1158-4822-b0bd-415aab6eda01 | 838c0c8b-8eac-4071-85a4-8c18fbac8b41,Dr.-Auner-Straße 22 8074 Raaba | Baumkirchnerring 8 2700 Wiener Neustadt,,,,,https://firmen.wko.at/trenker-real-gmbh/steiermark/?firmaid=c49ebdd2-1158-4822-b0bd-415aab6eda01&standortid=5&standortname=steiermark%20%28bundesland%29&suchbegriff=immobilienverwalter
trestler immobilien gmbh,Trestler Immobilien GmbH,Trestler Immobilien GmbH,1,wien,fe9b3ff1-10b1-45c2-ba30-66ceabaaddc2,Wollzeile 33/2 1010 Wien,,,,,https://firmen.wko.at/trestler-immobilien-gmbh/wien/?firmaid=fe9b3ff1-10b1-45c2-ba30-66ceabaaddc2&standortid=1&standortname=wien%20%28bundesland%29&suchbegriff=immobilienverwalter
treuhandreal e u,TREUHANDREAL e.U.,TREUHANDREAL e.U.,1,niederösterreich,a2799bed-d513-4705-a71a-bcd399c8b8cd,Hauptstraße 26/1 2551 Enzesfeld-Lindabrunn,,,,,https://firmen.wko.at/treuhandreal-eu-immobilienvermittlung-hausverwaltung/nieder%c3%b6sterreich/?firmaid=a2799bed-d513-4705-a71a-bcd399c8b8cd&standortid=2&standortname=nieder%c3%b6sterreich%20%28bundesland%29&suchbegriff=immobilienverwalter
tribera real estate management at gmbh,Tribera Real Estate Management AT GmbH,Tribera Real Estate Management AT GmbH,1,wien,4d5801c9-c20d-4a19-8dc3-221dc3557d9f,Schottenring 23/10 1010 Wien,,,,,https://firmen.wko.at/tribera-real-estate-management-at-gmbh/wien/?firmaid=4d5801c9-c20d-4a19-8dc3-221dc3557d9f&standortid=1&standortname=wien%20%28bundesland%29&suchbegriff=immobilienverwalter
tricore verwaltungsgesellschaft m b h,TRICORE Verwaltungsgesellschaft m.b.H.,TRICORE Verwaltungsgesellschaft m.b.H.,1,wien,3a0e61d6-3507-4373-968d-9c6f223cdd3a,Modecenterstraße 22 1030 Wien,,,,,https://firmen.wko.at/tricore-verwaltungsgesellschaft-mbh/wien/?firmaid=3a0e61d6-3507-4373-968d-9c6f223cdd3a&standortid=1&standortname=wien%20%28bundesland%29&suchbegriff=immobilienverwalter
trudomo gmbh,TRUDOMO GMBH,TRUDOMO GMBH,1,steiermark,982d2cec-fd46-4dae-8189-41187803ad6d,"Kärntner Straße 568a, Tür 1 8054 Seiersberg-Pirka",,,,,https://firmen.wko.at/trudomo-gmbh/steiermark/?firmaid=982d2cec-fd46-4dae-8189-41187803ad6d&standortid=5&standortname=steiermark%20%28bundesland%29&suchbegriff=immobilienverwalter
tula real service gmbh,TULA Real Service GmbH,TULA Real Service GmbH,1,wien,a45cf64f-0d54-4f09-bfb1-353eacf50406,"Heinestraße 8, Tür 6 1020 Wien",http://www.tula-real.at/,http://www.tula-real.at/,service@tula-real.at,+43%20(1)%208923869,https://firmen.wko.at/tula-real-service-gmbh/wien/?firmaid=a45cf64f-0d54-4f09-bfb1-353eacf50406&standortid=1&standortname=wien%20%28bundesland%29&suchbegriff=immobilienverwalter
u m bau ag,U.M. Bau AG,U.M. Bau AG,1,wien,ebdbb023-c8eb-4f08-bc6c-3f7da0e88a29,Khleslplatz 12 1120 Wien,,,,,https://firmen.wko.at/um-bau-ag/wien/?firmaid=ebdbb023-c8eb-4f08-bc6c-3f7da0e88a29&standortid=1&standortname=wien%20%28bundesland%29&suchbegriff=immobilienverwalter
u4 immobilien consulting gmbh,U4 Immobilien Consulting GmbH,U4 Immobilien Consulting GmbH,1,steiermark,ac28187b-b030-4883-aba3-2f79d25f37bf,Werkstraße 30 8940 Liezen,,,,,https://firmen.wko.at/u4-immobilien-consulting-gmbh/steiermark/?firmaid=ac28187b-b030-4883-aba3-2f79d25f37bf&standortid=5&standortname=steiermark%20%28bundesland%29&suchbegriff=immobilienverwalter
ubm development ag,UBM Development AG,UBM Development AG,2,tirol | wien,70ab9b7a-4d0c-4e55-8d1b-0e85d20788e3 | 35b000a9-a738-419c-b5a2-519a31d81060,Porrstraße 1 6175 Kematen in Tirol | Laaer-Berg-Straße 43 1100 Wien,http://www.ubm.at/,http://www.ubm.at/,peter.ellmerer@ubm.at,050626-3032,https://firmen.wko.at/ubm-development-ag/tirol/?firmaid=70ab9b7a-4d0c-4e55-8d1b-0e85d20788e3&standortid=7&standortname=tirol%20%28bundesland%29&suchbegriff=immobilienverwalter
ubm development österreich gmbh,UBM Development Österreich GmbH,UBM Development Österreich GmbH,1,wien,ed995734-1e33-4bad-b927-49375d6eea57,Laaer-Berg-Straße 43 1100 Wien,http://www.strauss-partner.com/,http://www.strauss-partner.com/,c.stadler@strauss-partner.com,+43%2050626%208600,https://firmen.wko.at/ubm-development-%c3%96sterreich-gmbh-projektentwicklung/wien/?firmaid=ed995734-1e33-4bad-b927-49375d6eea57&standortid=1&standortname=wien%20%28bundesland%29&suchbegriff=immobilienverwalter
uk immobilien gmbh,UK Immobilien GmbH,UK Immobilien GmbH,1,salzburg,fbee657d-5270-4e66-8eb4-453d9b833173,"Ernest-Thun-Straße 11, Top 6 5020 Salzburg",https://www.ukimmobilien.at/,https://www.ukimmobilien.at/,office@ukimmobilien.at,+43%20662%20877549,https://firmen.wko.at/uk-immobilien-gmbh-uk-immobilien-gmbh/salzburg/?firmaid=fbee657d-5270-4e66-8eb4-453d9b833173&standortid=4&standortname=salzburg%20%28bundesland%29&suchbegriff=immobilienverwalter
ulreich verwaltungsgmbh,Ulreich VerwaltungsGmbH,Ulreich VerwaltungsGmbH,1,wien,e0e7f760-3864-4381-884e-983d57c858c1,Obere Amtshausgasse 20 1050 Wien,,,,,https://firmen.wko.at/ulreich-verwaltungsgmbh/wien/?firmaid=e0e7f760-3864-4381-884e-983d57c858c1&standortid=1&standortname=wien%20%28bundesland%29&suchbegriff=immobilienverwalter
ulrike susanne güttl,Ulrike Susanne Güttl,Ulrike Susanne Güttl,1,steiermark,638d80f6-cd45-4c56-a12a-f9eb99db2db0,Karl Binder-Gasse 30 8047 Hart b.Graz,,,immo.paul@aon.at,,https://firmen.wko.at/ulrike-susanne-g%c3%bcttl/steiermark/?firmaid=638d80f6-cd45-4c56-a12a-f9eb99db2db0&standortid=5&standortname=steiermark%20%28bundesland%29&suchbegriff=immobilienverwalter
ulrike wister,Ulrike Wister,Ulrike Wister,2,steiermark,0afbbca1-136c-43c8-8efc-2d79ac29511c | c0cbea82-7582-4e42-8595-50eca7c7eff3,Conduzzigasse 10 8044 Graz | Volksgartenstraße 1 8020 Graz,,,,,https://firmen.wko.at/ulrike-wister/steiermark/?firmaid=0afbbca1-136c-43c8-8efc-2d79ac29511c&standortid=5&standortname=steiermark%20%28bundesland%29&suchbegriff=immobilienverwalter
uni real estate gmbh,UNI-Real Estate GmbH,UNI-Real Estate GmbH,1,niederösterreich,7c199dc5-9757-45e7-aa41-34ee5c71efa6,Riemerschmidgasse 5/3 2344 Maria Enzersdorf,https://www.uni-real.at/,https://www.uni-real.at/,gram@uni-real.at,+436801166846,https://firmen.wko.at/uni-real-estate-gmbh-uni-real/nieder%c3%b6sterreich/?firmaid=7c199dc5-9757-45e7-aa41-34ee5c71efa6&standortid=2&standortname=nieder%c3%b6sterreich%20%28bundesland%29&suchbegriff=immobilienverwalter
unibail rodamco austria verwaltungs gmbh,Unibail-Rodamco Austria Verwaltungs GmbH,Unibail-Rodamco Austria Verwaltungs GmbH,2,niederösterreich | wien,558419c0-dc6b-4c90-b866-81e136186aa6 | e1b2a7f4-1d0d-4d3d-a808-717c9c2ce03e,0222 693969 | Dr.-Adolf-Schärf-Platz 4/4/3 1220 Wien,,,scs-office@scs.at,0222%20%20693969,https://firmen.wko.at/unibail-rodamco-austria-verwaltungs-gmbh/nieder%c3%b6sterreich/?firmaid=558419c0-dc6b-4c90-b866-81e136186aa6&standortid=2&standortname=nieder%c3%b6sterreich%20%28bundesland%29&suchbegriff=immobilienverwalter
unicredit leasing austria gmbh,UniCredit Leasing (Austria) GmbH,UniCredit Leasing (Austria) GmbH,1,wien,a944b90c-6b95-4b96-8078-3914cf6d6b78,Rothschildplatz 1 1020 Wien,http://www.ba-ca-leasing.com/,http://www.ba-ca-leasing.com/,leasing@ba-ca-leasing.com,+43%201%2058808,https://firmen.wko.at/unicredit-leasing-austria-gmbh/wien/?firmaid=a944b90c-6b95-4b96-8078-3914cf6d6b78&standortid=1&standortname=wien%20%28bundesland%29&suchbegriff=immobilienverwalter
urban der hausverwalter gmbh,URBAN Der Hausverwalter GmbH,URBAN Der Hausverwalter GmbH,1,vorarlberg,db2443bc-9b40-4fd8-b670-e58ae81d2425,Thalbachgasse 3/Top 4 6900 Bregenz,,,,,https://firmen.wko.at/urban-der-hausverwalter-gmbh/vorarlberg/?firmaid=db2443bc-9b40-4fd8-b670-e58ae81d2425&standortid=8&standortname=vorarlberg%20%28bundesland%29&suchbegriff=immobilienverwalter
ursula zeller,Ursula Zeller,Ursula Zeller,1,niederösterreich,36447054-1fe5-4112-a2cb-658ad2c5d8b0,Heinrich Schneidmadl-Straße 15 3100 St. Pölten,http://www.immo-zeller.at/,http://www.immo-zeller.at/,office@immo-zeller.at,+43%20660%20654%202300,https://firmen.wko.at/ursula-zeller/nieder%c3%b6sterreich/?firmaid=36447054-1fe5-4112-a2cb-658ad2c5d8b0&standortid=2&standortname=nieder%c3%b6sterreich%20%28bundesland%29&suchbegriff=immobilienverwalter
urw invest gmbh,URW Invest GmbH,URW Invest GmbH,2,niederösterreich | wien,95c72e90-de39-4ea7-90c7-eaef9407ded1 | 477496fe-9991-4313-826a-26d3382e9e42,Westfield Shopping City Süd Bürocenter B 4 2334 Vösendorf | Donaustadtstraße 1/6 1220 Wien,,,,,https://firmen.wko.at/urw-invest-gmbh/nieder%c3%b6sterreich/?firmaid=95c72e90-de39-4ea7-90c7-eaef9407ded1&standortid=2&standortname=nieder%c3%b6sterreich%20%28bundesland%29&suchbegriff=immobilienverwalter
uta meyer,Uta Meyer,Uta Meyer,1,kärnten,9feab7db-21a6-4b81-9048-841e993da9d3,Pestalozzistraße 18 9500 Villach,,,,+43%204242%2028011 | +43%20664%20415%2015%2040,https://firmen.wko.at/uta-meyer/k%c3%a4rnten/?firmaid=9feab7db-21a6-4b81-9048-841e993da9d3&standortid=6&standortname=k%c3%a4rnten%20%28bundesland%29&suchbegriff=immobilienverwalter
v und g bauträger gmbh,V & G Bauträger GmbH,V & G Bauträger GmbH,1,niederösterreich,97a30f17-d54a-4ff0-b4e2-bf1c05bacd93,Dr.-Alfons-Gabriel-Gasse 30a 2100 Leobendorf,,,,,https://firmen.wko.at/v-und-g-bautr%c3%a4ger-gmbh/nieder%c3%b6sterreich/?firmaid=97a30f17-d54a-4ff0-b4e2-bf1c05bacd93&standortid=2&standortname=nieder%c3%b6sterreich%20%28bundesland%29&suchbegriff=immobilienverwalter
v2go liegenschaftsverwaltung 2 go flexco,V2GO - Liegenschaftsverwaltung 2 Go FlexCo,V2GO - Liegenschaftsverwaltung 2 Go FlexCo,1,wien,aff97118-bf2a-4106-9a50-b5a6fed5262e,Tuchlauben 12/15 1010 Wien,,,,,https://firmen.wko.at/v2go-liegenschaftsverwaltung-2-go-flexco/wien/?firmaid=aff97118-bf2a-4106-9a50-b5a6fed5262e&standortid=1&standortname=wien%20%28bundesland%29&suchbegriff=immobilienverwalter
vacuna immobilien gmbh,Vacuna Immobilien GmbH,Vacuna Immobilien GmbH,1,wien,eb27d9ce-9620-4e52-a9e9-846c266d07f6,Thaliastraße 32/1/22 1160 Wien,,,,,https://firmen.wko.at/vacuna-immobilien-gmbh/wien/?firmaid=eb27d9ce-9620-4e52-a9e9-846c266d07f6&standortid=1&standortname=wien%20%28bundesland%29&suchbegriff=immobilienverwalter
valena immobilien gmbh,VALENA Immobilien GmbH,VALENA Immobilien GmbH,1,niederösterreich,692a740c-0546-4b6a-8ba3-650cee1c9828,Strassergasse 1 2230 Gänserndorf,,,,,https://firmen.wko.at/valena-immobilien-gmbh/nieder%c3%b6sterreich/?firmaid=692a740c-0546-4b6a-8ba3-650cee1c9828&standortid=2&standortname=nieder%c3%b6sterreich%20%28bundesland%29&suchbegriff=immobilienverwalter
valence residential development gmbh,VALENCE Residential Development GmbH,VALENCE Residential Development GmbH,1,salzburg,e3e06fff-0354-4113-8edf-0b5e1290965b,Salzburger Straße 16 5163 Mattsee,,,,,https://firmen.wko.at/valence-residential-development-gmbh/salzburg/?firmaid=e3e06fff-0354-4113-8edf-0b5e1290965b&standortid=4&standortname=salzburg%20%28bundesland%29&suchbegriff=immobilienverwalter
valentina kahr,Valentina Kahr,Valentina Kahr,1,steiermark,850e9a09-9a5e-46eb-a741-fd38d50db610,Leechgasse 29 8010 Graz,,,,,https://firmen.wko.at/valentina-kahr/steiermark/?firmaid=850e9a09-9a5e-46eb-a741-fd38d50db610&standortid=5&standortname=steiermark%20%28bundesland%29&suchbegriff=immobilienverwalter
valores real estate management flexco,Valores Real Estate Management FlexCo,Valores Real Estate Management FlexCo,1,wien,9504f775-e466-41a7-b42a-851a20f1559d,Schottenbastei 4/7 1010 Wien,,,,,https://firmen.wko.at/valores-real-estate-management-flexco/wien/?firmaid=9504f775-e466-41a7-b42a-851a20f1559d&standortid=1&standortname=wien%20%28bundesland%29&suchbegriff=immobilienverwalter
valorous gmbh,Valorous GmbH,Valorous GmbH,1,wien,77c05240-0b14-4644-bbc4-57c83db37ef4,Schulhof 4 1010 Wien,,,,,https://firmen.wko.at/valorous-gmbh/wien/?firmaid=77c05240-0b14-4644-bbc4-57c83db37ef4&standortid=1&standortname=wien%20%28bundesland%29&suchbegriff=immobilienverwalter
vaxana immobilien und immobiliendienstleistungen gesellschaft m b h,VAXANA Immobilien und Immobiliendienstleistungen Gesellschaft m.b.H.,VAXANA Immobilien und Immobiliendienstleistungen Gesellschaft m.b.H.,1,steiermark,9e2937c5-28e1-4e47-b828-b59f1ae49bf6,Grazer Straße 146 8225 Pöllau,,,,,https://firmen.wko.at/vaxana-immobilien-und-immobiliendienstleistungen-gesellschaft-mbh/steiermark/?firmaid=9e2937c5-28e1-4e47-b828-b59f1ae49bf6&standortid=5&standortname=steiermark%20%28bundesland%29&suchbegriff=immobilienverwalter
vb real volksbank nö gmbh,VB - REAL Volksbank NÖ GmbH,VB - REAL Volksbank NÖ GmbH,1,niederösterreich,396b99ee-f0d0-47ee-b9b8-b6cc2358509c,Gartenaugasse 5 3500 Krems an der Donau,,,,,https://firmen.wko.at/vb-real-volksbank-n%c3%96-gmbh/nieder%c3%b6sterreich/?firmaid=396b99ee-f0d0-47ee-b9b8-b6cc2358509c&standortid=2&standortname=nieder%c3%b6sterreich%20%28bundesland%29&suchbegriff=immobilienverwalter
vb immobilien e u,VB Immobilien e.U.,VB Immobilien e.U.,1,tirol,2c572880-e62b-424e-946e-18ce524e8418,Andreas-Hofer-Straße 1 6020 Innsbruck,,,,,https://firmen.wko.at/vb-immobilien-eu/tirol/?firmaid=2c572880-e62b-424e-946e-18ce524e8418&standortid=7&standortname=tirol%20%28bundesland%29&suchbegriff=immobilienverwalter
vektorraum gmbh,Vektorraum GmbH,Vektorraum GmbH,1,burgenland,954363ca-39c4-4f32-8d38-763ee2d81197,Leithagasse 15 2473 Potzneusiedl,,,,,https://firmen.wko.at/vektorraum-gmbh/burgenland/?firmaid=954363ca-39c4-4f32-8d38-763ee2d81197&standortid=9&standortname=burgenland%20%28bundesland%29&suchbegriff=immobilienverwalter
venta immobilien service gmbh,Venta Immobilien Service GmbH,Venta Immobilien Service GmbH,1,steiermark,07639a24-aa67-4fa3-b85b-dcad9eeeb5b0,Jakominiplatz 12 8010 Graz,,,,,https://firmen.wko.at/venta-immobilien-service-gmbh/steiermark/?firmaid=07639a24-aa67-4fa3-b85b-dcad9eeeb5b0&standortid=5&standortname=steiermark%20%28bundesland%29&suchbegriff=immobilienverwalter
verband wiener arbeiterheime,"Verband ""Wiener Arbeiterheime""","Verband ""Wiener Arbeiterheime""",1,wien,e8b32a3b-e223-49cc-b7f0-097844899023,Lindengasse 55(BUEROGEBAEUDE) 1070 Wien,,,office@vwa-aphrodite.at,01/526%2002%2022-0,https://firmen.wko.at/verband-%22wiener-arbeiterheime%22/wien/?firmaid=e8b32a3b-e223-49cc-b7f0-097844899023&standortid=1&standortname=wien%20%28bundesland%29&suchbegriff=immobilienverwalter
verde immobilientreuhand gmbh und co kg,Verde Immobilientreuhand GmbH & Co KG,Verde Immobilientreuhand GmbH & Co KG,1,steiermark,c5dc452a-9f43-4894-b3ab-4410a03d55af,"Plüddemanngasse 46, Tür 20 8010 Graz",,,,,https://firmen.wko.at/verde-immobilientreuhand-gmbh-und-co-kg/steiermark/?firmaid=c5dc452a-9f43-4894-b3ab-4410a03d55af&standortid=5&standortname=steiermark%20%28bundesland%29&suchbegriff=immobilienverwalter
verein der hausbesitzer in st pölten,Verein der Hausbesitzer in St. Pölten,Verein der Hausbesitzer in St. Pölten,1,niederösterreich,61bf6fca-7400-4934-922a-1e1ed6f801e7,Rathausplatz 15 3100 St. Pölten,,,verein.d.hausbesitzer@inode.at,02742/353275,https://firmen.wko.at/verein-der-hausbesitzer-in-st-p%c3%b6lten/nieder%c3%b6sterreich/?firmaid=61bf6fca-7400-4934-922a-1e1ed6f801e7&standortid=2&standortname=nieder%c3%b6sterreich%20%28bundesland%29&suchbegriff=immobilienverwalter
verein zur förderung der expertis gruppe bbrz bfi fab,Verein zur Förderung der Expertis Gruppe - BBRZ BFI FAB,Verein zur Förderung der Expertis Gruppe - BBRZ BFI FAB,1,oberösterreich,83456714-c9e0-4a7f-add2-9ef87f83c09c,Raimundstraße 10 4020 Linz,http://www.expertis.at/,http://www.expertis.at/,office@expertis.at,+43%20732%206922-0,https://firmen.wko.at/verein-zur-f%c3%b6rderung-der-expertis-gruppe-bbrz-bfi-fab-verein-zur-f%c3%b6rderung-der-expertis-gruppe-bbrz-bfi-fab/ober%c3%b6sterreich/?firmaid=83456714-c9e0-4a7f-add2-9ef87f83c09c&standortid=3&standortname=ober%c3%b6sterreich%20%28bundesland%29&suchbegriff=immobilienverwalter
verena fischer,Verena Fischer,Verena Fischer,1,wien,00b7fb82-e89a-492b-8bd9-61be7d80043d,Sieveringer Straße 130 1190 Wien,,,hausverwaltung@inode.at,01/440%2016%2078,https://firmen.wko.at/verena-fischer/wien/?firmaid=00b7fb82-e89a-492b-8bd9-61be7d80043d&standortid=1&standortname=wien%20%28bundesland%29&suchbegriff=immobilienverwalter
vergeiner steuerberatung gmbh wirtschaftsprüfungs und steuerberatungsgesellschaft,Vergeiner Steuerberatung GmbH Wirtschaftsprüfungs- und Steuerberatungsgesellschaft,Vergeiner Steuerberatung GmbH Wirtschaftsprüfungs- und Steuerberatungsgesellschaft,1,tirol,78182518-c5c9-4504-8132-d6c412cda5c2,Tiroler Straße 30 9900 Lienz,,,,,https://firmen.wko.at/vergeiner-steuerberatung-gmbh-wirtschaftspr%c3%bcfungs-und-steuerberatungsgesellschaft/tirol/?firmaid=78182518-c5c9-4504-8132-d6c412cda5c2&standortid=7&standortname=tirol%20%28bundesland%29&suchbegriff=immobilienverwalter
verob vertriebs u organisationsberatungs gmbh,VEROB Vertriebs- u. Organisationsberatungs GmbH,VEROB Vertriebs- u. Organisationsberatungs GmbH,1,wien,ef969cf6-6d45-4cfe-804b-3f97b39f1d2a,Neulerchenfelder Straße 50 1160 Wien,,,office@allesyacht.at,01/522%2060%2064,https://firmen.wko.at/verob-vertriebs-u-organisationsberatungs-gmbh/wien/?firmaid=ef969cf6-6d45-4cfe-804b-3f97b39f1d2a&standortid=1&standortname=wien%20%28bundesland%29&suchbegriff=immobilienverwalter
veronika anna klauser,Veronika Anna Klauser,Veronika Anna Klauser,1,steiermark,7aa64d34-9a1f-4a5f-90b1-4893ef9c166e,Strassoldogasse 3 8010 Graz,,,office@imob.at,,https://firmen.wko.at/veronika-anna-klauser/steiermark/?firmaid=7aa64d34-9a1f-4a5f-90b1-4893ef9c166e&standortid=5&standortname=steiermark%20%28bundesland%29&suchbegriff=immobilienverwalter
verwaltungsgmbh pruckner,VerwaltungsGmbH Pruckner,VerwaltungsGmbH Pruckner,2,oberösterreich | salzburg,87ef6b61-e60c-466b-8723-64e9b3696bff | 5e23bf9a-3553-4b4f-9bef-15c09381b206,Moosstraße 60 5020 Salzburg | Im Landlgrund 28 4203 Altenberg bei Linz,http://www.verwaltungsgmbh.at/,http://www.verwaltungsgmbh.at/,hq@verwaltungsgmbh.at,+4366488234638,https://firmen.wko.at/verwaltungsgmbh-pruckner/salzburg/?firmaid=87ef6b61-e60c-466b-8723-64e9b3696bff&standortid=4&standortname=salzburg%20%28bundesland%29&suchbegriff=immobilienverwalter
verwaltungszone gmbh,Verwaltungszone GmbH,Verwaltungszone GmbH,1,oberösterreich,c7cb5b74-db12-4a8c-9702-931f45818aa1,03612 23351 0664 3402066,,,w.rinner@verwaltungszone.at,03612%2023351 | 0664%203402066,https://firmen.wko.at/verwaltungszone-gmbh/ober%c3%b6sterreich/?firmaid=c7cb5b74-db12-4a8c-9702-931f45818aa1&standortid=3&standortname=ober%c3%b6sterreich%20%28bundesland%29&suchbegriff=immobilienverwalter
vesta objektmanagement gmbh,VESTA OBJEKTMANAGEMENT GmbH,VESTA OBJEKTMANAGEMENT GmbH,1,tirol,925e0d90-b58f-4895-b9d0-3aad5aefc4ee,Spornbergerstraße 1/11.1 6130 Schwaz,,,,,https://firmen.wko.at/vesta-objektmanagement-gmbh/tirol/?firmaid=925e0d90-b58f-4895-b9d0-3aad5aefc4ee&standortid=7&standortname=tirol%20%28bundesland%29&suchbegriff=immobilienverwalter
vetter stuchly immo gmbh,Vetter-Stuchly Immo GmbH,Vetter-Stuchly Immo GmbH,1,vorarlberg,06c6d721-5c0c-4d4e-bfce-2d06ca53fc73,Lorettoweg 8 6890 Lustenau,,,,,https://firmen.wko.at/vetter-stuchly-immo-gmbh/vorarlberg/?firmaid=06c6d721-5c0c-4d4e-bfce-2d06ca53fc73&standortid=8&standortname=vorarlberg%20%28bundesland%29&suchbegriff=immobilienverwalter
victoria immobilien und verwaltungsgmbh,Victoria Immobilien- und VerwaltungsgmbH.,Victoria Immobilien- und VerwaltungsgmbH.,1,wien,63a2b894-b42f-44b8-a21a-7d6305ee755c,Breitenseer Straße 20-22/1 1140 Wien,,,,,https://firmen.wko.at/victoria-immobilien-und-verwaltungsgmbh/wien/?firmaid=63a2b894-b42f-44b8-a21a-7d6305ee755c&standortid=1&standortname=wien%20%28bundesland%29&suchbegriff=immobilienverwalter
victoria projektentwicklungs gmbh,Victoria Projektentwicklungs GmbH,Victoria Projektentwicklungs GmbH,1,steiermark,9e9b9512-1f97-4f5e-81df-18bc0d84dfc0,Grazer Straße 9 8120 Peggau,,,,,https://firmen.wko.at/victoria-projektentwicklungs-gmbh/steiermark/?firmaid=9e9b9512-1f97-4f5e-81df-18bc0d84dfc0&standortid=5&standortname=steiermark%20%28bundesland%29&suchbegriff=immobilienverwalter
viennaestate hausverwaltung gmbh,ViennaEstate Hausverwaltung GmbH,ViennaEstate Hausverwaltung GmbH,1,wien,975e3aff-d73e-4f0b-b3df-3544d8181098,Janis-Joplin-Promenade 26/OG 7 1220 Wien,,,,,https://firmen.wko.at/viennaestate-hausverwaltung-gmbh/wien/?firmaid=975e3aff-d73e-4f0b-b3df-3544d8181098&standortid=1&standortname=wien%20%28bundesland%29&suchbegriff=immobilienverwalter
viktor krautschneider gesellschaft m b h und co kg,Viktor Krautschneider Gesellschaft m.b.H. & Co KG,Viktor Krautschneider Gesellschaft m.b.H. & Co KG,1,wien,1cc564a4-6e68-417f-8d25-0e7120990d40,Schloßhofer Straße 60 1210 Wien,,,,,https://firmen.wko.at/viktor-krautschneider-gesellschaft-mbh-und-co-kg/wien/?firmaid=1cc564a4-6e68-417f-8d25-0e7120990d40&standortid=1&standortname=wien%20%28bundesland%29&suchbegriff=immobilienverwalter
viktor thurn und taxis,Viktor Thurn Und Taxis,Viktor Thurn Und Taxis,1,wien,185ac4db-a9ea-4bbb-b05e-bc2bf687d27e,Prinz-Eugen-Straße 16/1/3 1040 Wien,,,,,https://firmen.wko.at/viktor-thurn-und-taxis/wien/?firmaid=185ac4db-a9ea-4bbb-b05e-bc2bf687d27e&standortid=1&standortname=wien%20%28bundesland%29&suchbegriff=immobilienverwalter
viktoria frohner immobilien gmbh,Viktoria Frohner Immobilien GmbH,Viktoria Frohner Immobilien GmbH,1,wien,97356c54-87d1-4b71-be12-125326641b15,Auhofstraße 78C/1 1130 Wien,,,,,https://firmen.wko.at/viktoria-frohner-immobilien-gmbh/wien/?firmaid=97356c54-87d1-4b71-be12-125326641b15&standortid=1&standortname=wien%20%28bundesland%29&suchbegriff=immobilienverwalter
vilicus real gmbh,Vilicus Real GmbH,Vilicus Real GmbH,1,oberösterreich,07d2c78e-48d7-4eee-ac1e-fa56c140a200,Stelzhamerstraße 1a 4400 Steyr,,,,,https://firmen.wko.at/vilicus-real-gmbh/ober%c3%b6sterreich/?firmaid=07d2c78e-48d7-4eee-ac1e-fa56c140a200&standortid=3&standortname=ober%c3%b6sterreich%20%28bundesland%29&suchbegriff=immobilienverwalter
village hausverwaltung gesmbh,Village Hausverwaltung GesmbH,Village Hausverwaltung GesmbH,1,tirol,8738db37-45dd-485d-a6fb-05beeda23e24,Conradstraße 6 6020 Innsbruck,,,office@village-hausverwaltung-gesmbh.at,+43%20512%20209063%20,https://firmen.wko.at/village-hausverwaltung-gesmbh/tirol/?firmaid=8738db37-45dd-485d-a6fb-05beeda23e24&standortid=7&standortname=tirol%20%28bundesland%29&suchbegriff=immobilienverwalter
village mühlau immobilien gmbh,Village Mühlau Immobilien GmbH,Village Mühlau Immobilien GmbH,1,tirol,44b6a993-c076-4ab9-ba03-797ca1cfe972,Kirchgasse 10 6020 Innsbruck,,,,,https://firmen.wko.at/village-m%c3%bchlau-immobilien-gmbh/tirol/?firmaid=44b6a993-c076-4ab9-ba03-797ca1cfe972&standortid=7&standortname=tirol%20%28bundesland%29&suchbegriff=immobilienverwalter
vimmowo gmbh,vimmowo gmbh,vimmowo gmbh,1,tirol,dc4e3dbc-6bb5-4529-bbe6-976e2a0d1a71,"Kramergasse 11, Tür 1 6460 Imst",http://www.vimmowo.at/,http://www.vimmowo.at/,office@vimmowo.at,+43541221344,https://firmen.wko.at/vimmowo-gmbh/tirol/?firmaid=dc4e3dbc-6bb5-4529-bbe6-976e2a0d1a71&standortid=7&standortname=tirol%20%28bundesland%29&suchbegriff=immobilienverwalter
vindobona invest gmbh,VINDOBONA Invest GmbH,VINDOBONA Invest GmbH,1,niederösterreich,ea6acea4-990e-46a6-ba90-c5919d873d01,"Frauengasse 8, Tür 10 2500 Baden",,,,,https://firmen.wko.at/vindobona-invest-gmbh/nieder%c3%b6sterreich/?firmaid=ea6acea4-990e-46a6-ba90-c5919d873d01&standortid=2&standortname=nieder%c3%b6sterreich%20%28bundesland%29&suchbegriff=immobilienverwalter
vindobona max immobilien gmbh,VINDOBONA-MAX-Immobilien GmbH,VINDOBONA-MAX-Immobilien GmbH,1,wien,80d14313-2638-4c62-a585-52d5a5f3be7f,Heinrichsgasse 2/1/4/6 1010 Wien,,,,,https://firmen.wko.at/vindobona-max-immobilien-gmbh/wien/?firmaid=80d14313-2638-4c62-a585-52d5a5f3be7f&standortid=1&standortname=wien%20%28bundesland%29&suchbegriff=immobilienverwalter
vita liegenschaftsverwaltungs gmbh,Vita Liegenschaftsverwaltungs GmbH,Vita Liegenschaftsverwaltungs GmbH,1,oberösterreich,ee548c4b-f1f4-456d-9a0b-40a8372cb384,0732 66 04 24,http://www.vita-immobilien.at/,http://www.vita-immobilien.at/,office@vita-immobilien.at,0732%2066%2004%2024 | 0676%20666%2004%2024,https://firmen.wko.at/vita-liegenschaftsverwaltungs-gmbh/ober%c3%b6sterreich/?firmaid=ee548c4b-f1f4-456d-9a0b-40a8372cb384&standortid=3&standortname=ober%c3%b6sterreich%20%28bundesland%29&suchbegriff=immobilienverwalter
viv immobilien verwaltung und vermarktung gmbh,VIV Immobilien Verwaltung & Vermarktung GmbH,VIV Immobilien Verwaltung & Vermarktung GmbH,1,kärnten,17b1ddb7-a053-4e77-a934-f66b9692b75f,Villacher Straße 43 9020 Klagenfurt am Wörthersee,https://www.vivimmobilien.at/,https://www.vivimmobilien.at/,office@viv-immobilien.at,+43%20463%2021%2081%2083,https://firmen.wko.at/viv-immobilien-verwaltung-und-vermarktung-gmbh/k%c3%a4rnten/?firmaid=17b1ddb7-a053-4e77-a934-f66b9692b75f&standortid=6&standortname=k%c3%a4rnten%20%28bundesland%29&suchbegriff=immobilienverwalter
viva domus real estate gmbh,Viva Domus Real Estate GmbH,Viva Domus Real Estate GmbH,1,steiermark,97b45ed9-8dcf-4c1b-b43f-a8b26d4e7a7b,Weinbergweg 21 8045 Weinitzen,https://viva-domus.at/,https://viva-domus.at/,office@viva-domus.at,+43%20316%20207220,https://firmen.wko.at/viva-domus-real-estate-gmbh-immobilientreuh%c3%a4nder-hausverwaltung/steiermark/?firmaid=97b45ed9-8dcf-4c1b-b43f-a8b26d4e7a7b&standortid=5&standortname=steiermark%20%28bundesland%29&suchbegriff=immobilienverwalter
vivado immobilientreuhand gmbh,VIVADO Immobilientreuhand GmbH,VIVADO Immobilientreuhand GmbH,1,wien,0d3411ed-1d87-466d-8296-2a106ad10e19,Erdbergstraße 52-60/3/10 1030 Wien,https://www.vivado-immobilien.at/,https://www.vivado-immobilien.at/,,,https://firmen.wko.at/vivado-immobilientreuhand-gmbh/wien/?firmaid=0d3411ed-1d87-466d-8296-2a106ad10e19&standortid=1&standortname=wien%20%28bundesland%29&suchbegriff=immobilienverwalter
vivalife gmbh,Vivalife GmbH,Vivalife GmbH,1,kärnten,51eb76ef-4e19-456f-810e-79f979ab6bdd,Hoch-Liebenfels 20 9556 Liebenfels,,,,,https://firmen.wko.at/vivalife-gmbh/k%c3%a4rnten/?firmaid=51eb76ef-4e19-456f-810e-79f979ab6bdd&standortid=6&standortname=k%c3%a4rnten%20%28bundesland%29&suchbegriff=immobilienverwalter
vivatro gmbh,VIVATRO GmbH,VIVATRO GmbH,1,kärnten,c8b66042-6691-4175-b85e-20c5d649bbc2,Blintendorf 20 9300 St.Veit/Glan,https://vivatro.at/,https://vivatro.at/,office@vivatro.at,04212%2057600 | +436641029730,https://firmen.wko.at/vivatro-gmbh-photovoltaik-dachdeckerei-bauspenglerei-elektrotechnik/k%c3%a4rnten/?firmaid=c8b66042-6691-4175-b85e-20c5d649bbc2&standortid=6&standortname=k%c3%a4rnten%20%28bundesland%29&suchbegriff=immobilienverwalter
vivento immobilien gmbh,Vivento Immobilien GmbH,Vivento Immobilien GmbH,2,steiermark | wien,9103c06c-0b88-4f3a-b66d-014a3afc0d13 | fad912a2-c14d-47a1-9887-ec160285e7ea,Conrad-von-Hötzendorf-Straße 103a 8010 Graz | Untere Donaustraße 13-15 1020 Wien,,,,+,https://firmen.wko.at/vivento-immobilien-gmbh/steiermark/?firmaid=9103c06c-0b88-4f3a-b66d-014a3afc0d13&standortid=5&standortname=steiermark%20%28bundesland%29&suchbegriff=immobilienverwalter
viviamo immobilien gmbh,Viviamo Immobilien GmbH,Viviamo Immobilien GmbH,2,oberösterreich | wien,a0617eab-e32e-436a-8bcd-4c8476ba789e | a6d406b8-c039-4c5f-992b-fe409bbefc83,Griesmühlstraße 6 4600 Wels | Kaiserstraße 80/39 1070 Wien,http://www.viviamo.at/,http://www.viviamo.at/,office@viviamo.at,07242%20214071,https://firmen.wko.at/viviamo-immobilien-gmbh-immobilienvermittlung-und-immobilienverwaltung/ober%c3%b6sterreich/?firmaid=a0617eab-e32e-436a-8bcd-4c8476ba789e&standortid=3&standortname=ober%c3%b6sterreich%20%28bundesland%29&suchbegriff=immobilienverwalter
vivir holding gmbh,VIVIR Holding GmbH,VIVIR Holding GmbH,1,oberösterreich,26646e63-0c26-48b2-ae19-de1481beb92a,Landstraße 33 4020 Linz,http://www.vivir-holding.at/,http://www.vivir-holding.at/,office@vivir-holdign.at,+43%206643330844,https://firmen.wko.at/vivir-holding-gmbh-vivir-holdingat/ober%c3%b6sterreich/?firmaid=26646e63-0c26-48b2-ae19-de1481beb92a&standortid=3&standortname=ober%c3%b6sterreich%20%28bundesland%29&suchbegriff=immobilienverwalter
vivithv gmbh,VIVIThv GmbH,VIVIThv GmbH,3,niederösterreich,7241d525-2f59-48fa-9c80-cc1529ed1e9d | ceb03c30-a280-4767-b88d-6952ff01285f | cee79dbf-9d07-4d34-90d7-b4c09caf9a86,"Kremser Gasse 35 3100 St.Pölten | Hauptplatz 1/8 2100 Korneuburg | Dr. Karl Renner-Platz 2, Tür 1 2000 Stockerau",,,,,https://firmen.wko.at/vivithv-gmbh/nieder%c3%b6sterreich/?firmaid=7241d525-2f59-48fa-9c80-cc1529ed1e9d&standortid=2&standortname=nieder%c3%b6sterreich%20%28bundesland%29&suchbegriff=immobilienverwalter
vivoreal gmbh,vivoreal GmbH,vivoreal GmbH,1,wien,0434eadd-70d9-414b-a610-b455196d68a8,Trauttmansdorffgasse 21 1130 Wien,,,,,https://firmen.wko.at/vivoreal-gmbh/wien/?firmaid=0434eadd-70d9-414b-a610-b455196d68a8&standortid=1&standortname=wien%20%28bundesland%29&suchbegriff=immobilienverwalter
vivoreal hausverwaltung gmbh,vivoreal Hausverwaltung GmbH,vivoreal Hausverwaltung GmbH,1,wien,5fe293da-5ba3-416e-be88-b443954f2aad,Hietzinger Hauptstraße 61 1130 Wien,,,,,https://firmen.wko.at/vivoreal-hausverwaltung-gmbh/wien/?firmaid=5fe293da-5ba3-416e-be88-b443954f2aad&standortid=1&standortname=wien%20%28bundesland%29&suchbegriff=immobilienverwalter
vizuete immobilien gmbh,VIZUETE Immobilien GmbH,VIZUETE Immobilien GmbH,1,niederösterreich,953e4048-afc9-4935-9cda-a2ab2e3929e9,Hauptstraße 3 2371 Hinterbrühl,https://www.vizuete-immobilien.at/,https://www.vizuete-immobilien.at/,office@vizuete-immobilien.at,+43%20664%204709961,https://firmen.wko.at/vizuete-immobilien-gmbh-immobilientreuh%c3%a4nder/nieder%c3%b6sterreich/?firmaid=953e4048-afc9-4935-9cda-a2ab2e3929e9&standortid=2&standortname=nieder%c3%b6sterreich%20%28bundesland%29&suchbegriff=immobilienverwalter
vlk und partner immobilienverwaltung gmbh,Vlk & Partner Immobilienverwaltung GmbH,Vlk & Partner Immobilienverwaltung GmbH,1,wien,30cb8240-dd57-46db-9b67-fa10c3a3683f,Geyschlägergasse 14/2 1150 Wien,http://www.vlk-partner.at/,http://www.vlk-partner.at/,office@vlk-partner.at,+43%201%20982%2014%2055,https://firmen.wko.at/vlk-und-partner-immobilienverwaltung-gmbh/wien/?firmaid=30cb8240-dd57-46db-9b67-fa10c3a3683f&standortid=1&standortname=wien%20%28bundesland%29&suchbegriff=immobilienverwalter
vlow immobilienvermittlungs und verwaltungs gmbh,VLOW Immobilienvermittlungs und -verwaltungs GmbH,VLOW Immobilienvermittlungs und -verwaltungs GmbH,1,niederösterreich,b381ad46-7988-4cea-b04e-a741d94671d7,Hauptplatz 20 2100 Korneuburg,,,,,https://firmen.wko.at/vlow-immobilienvermittlungs-und-verwaltungs-gmbh/nieder%c3%b6sterreich/?firmaid=b381ad46-7988-4cea-b04e-a741d94671d7&standortid=2&standortname=nieder%c3%b6sterreich%20%28bundesland%29&suchbegriff=immobilienverwalter
vo und rmi immobilien gmbh,VO & RMI Immobilien GmbH,VO & RMI Immobilien GmbH,1,salzburg,0668d5f1-2de3-487f-90a3-39e1797f09e0,"Münchner Bundesstraße 110, B13 5020 Salzburg",https://www.vorderegger.org/,https://www.vorderegger.org/,office@vorderegger.org,+43%20662%20455500,https://firmen.wko.at/vo-und-rmi-immobilien-gmbh/salzburg/?firmaid=0668d5f1-2de3-487f-90a3-39e1797f09e0&standortid=4&standortname=salzburg%20%28bundesland%29&suchbegriff=immobilienverwalter
vobis kommunalbau gmbh,VOBIS KOMMUNALBAU GmbH,VOBIS KOMMUNALBAU GmbH,1,steiermark,f18bb727-4bee-4b74-8e6c-412581cb36fe,Grazerstraße 2 8580 Köflach,,,,,https://firmen.wko.at/vobis-kommunalbau-gmbh/steiermark/?firmaid=f18bb727-4bee-4b74-8e6c-412581cb36fe&standortid=5&standortname=steiermark%20%28bundesland%29&suchbegriff=immobilienverwalter
vodicka immobilien ges m b h,Vodicka Immobilien Ges.m.b.H.,Vodicka Immobilien Ges.m.b.H.,1,wien,d033d1bd-fd40-4806-91de-d19e4856779e,Garelligasse 3 1090 Wien,,,vodicka.immobilien@chello.at,,https://firmen.wko.at/vodicka-immobilien-gesmbh/wien/?firmaid=d033d1bd-fd40-4806-91de-d19e4856779e&standortid=1&standortname=wien%20%28bundesland%29&suchbegriff=immobilienverwalter
voggenberger immobilien gmbh,Voggenberger Immobilien GmbH,Voggenberger Immobilien GmbH,1,salzburg,93402d84-31d3-4386-8020-9ed221560bda,Schlosserstraße 8 5082 Grödig,https://voggenberger.cc/,https://voggenberger.cc/,office@voggenberger.cc,+43%206246%2075249,https://firmen.wko.at/voggenberger-immobilien-gmbh/salzburg/?firmaid=93402d84-31d3-4386-8020-9ed221560bda&standortid=4&standortname=salzburg%20%28bundesland%29&suchbegriff=immobilienverwalter
volksbank salzburg immobilien gmbh,Volksbank Salzburg Immobilien GmbH,Volksbank Salzburg Immobilien GmbH,1,steiermark,8968930b-c50e-4975-9379-d997b5d82f74,Kurhausplatz 298 8990 Bad Aussee,,,,,https://firmen.wko.at/volksbank-salzburg-immobilien-gmbh/steiermark/?firmaid=8968930b-c50e-4975-9379-d997b5d82f74&standortid=5&standortname=steiermark%20%28bundesland%29&suchbegriff=immobilienverwalter
vplus gmbh,vplus GmbH,vplus GmbH,1,vorarlberg,fda8d8c7-ff07-4dfd-93dc-4b7aafb749df,Färbergasse 15 6850 Dornbirn,http://www.vplus.at/,http://www.vplus.at/,office@vplus.at,+43%20(0)5572%2028220,https://firmen.wko.at/vplus-gmbh/vorarlberg/?firmaid=fda8d8c7-ff07-4dfd-93dc-4b7aafb749df&standortid=8&standortname=vorarlberg%20%28bundesland%29&suchbegriff=immobilienverwalter
vreal immobilienservice gmbh,Vreal Immobilienservice GmbH,Vreal Immobilienservice GmbH,1,vorarlberg,3b6d2f50-4f2f-4cef-a211-128a227c334c,Schwefel 87a 6850 Dornbirn,,,,,https://firmen.wko.at/vreal-immobilienservice-gmbh/vorarlberg/?firmaid=3b6d2f50-4f2f-4cef-a211-128a227c334c&standortid=8&standortname=vorarlberg%20%28bundesland%29&suchbegriff=immobilienverwalter
vreat asset management gmbh,VREAT Asset-Management GmbH,VREAT Asset-Management GmbH,1,wien,7e477e53-e390-41bc-8841-f0ad42d9e9b1,Landesgerichtsstraße 6/7-8 1010 Wien,,,,,https://firmen.wko.at/vreat-asset-management-gmbh/wien/?firmaid=7e477e53-e390-41bc-8841-f0ad42d9e9b1&standortid=1&standortname=wien%20%28bundesland%29&suchbegriff=immobilienverwalter
vsw immobilien gmbh,VSW Immobilien GmbH,VSW Immobilien GmbH,1,wien,97e56966-4066-46b7-9d6e-6aa1c91395ad,Maria-Theresien-Straße 11 1090 Wien,,,,,https://firmen.wko.at/vsw-immobilien-gmbh/wien/?firmaid=97e56966-4066-46b7-9d6e-6aa1c91395ad&standortid=1&standortname=wien%20%28bundesland%29&suchbegriff=immobilienverwalter
völkl immobilienverwaltung gmbh,Völkl Immobilienverwaltung GmbH,Völkl Immobilienverwaltung GmbH,1,niederösterreich,05920d4a-10f6-40e9-82ed-b5565d544e4e,"Hartlgasse 29, Tür 5A (Wohngebäude A) 2486 Pottendorf",,,,,https://firmen.wko.at/v%c3%b6lkl-immobilienverwaltung-gmbh/nieder%c3%b6sterreich/?firmaid=05920d4a-10f6-40e9-82ed-b5565d544e4e&standortid=2&standortname=nieder%c3%b6sterreich%20%28bundesland%29&suchbegriff=immobilienverwalter
w und n beteiligung immobilien besitz und verwertung gmbh,W & N Beteiligung-Immobilien-Besitz und Verwertung GmbH.,W & N Beteiligung-Immobilien-Besitz und Verwertung GmbH.,1,wien,de455710-6754-45e2-bb43-6db6cbf93c5c,Schönbrunner Straße 13 1050 Wien,,,,,https://firmen.wko.at/w-und-n-beteiligung-immobilien-besitz-und-verwertung-gmbh/wien/?firmaid=de455710-6754-45e2-bb43-6db6cbf93c5c&standortid=1&standortname=wien%20%28bundesland%29&suchbegriff=immobilienverwalter
w 8 verwaltung und projekt egen,W-8 Verwaltung & Projekt eGen,W-8 Verwaltung & Projekt eGen,1,tirol,9fa6f924-6459-4df5-aefb-d37a28c87c77,Kanzler-Biener-Straße 17 6300 Wörgl,,,office@w-8.eu,+436605056189,https://firmen.wko.at/w-8-verwaltung-und-projekt-egen/tirol/?firmaid=9fa6f924-6459-4df5-aefb-d37a28c87c77&standortid=7&standortname=tirol%20%28bundesland%29&suchbegriff=immobilienverwalter
w o m müller gesellschaft m b h,W. + O. + M. Müller Gesellschaft m.b.H.,W. + O. + M. Müller Gesellschaft m.b.H.,1,wien,247a7b1f-6b14-4689-9561-05f4e01396b5,Berggasse 17 1090 Wien,,,,,https://firmen.wko.at/w-o-m-m%c3%bcller-gesellschaft-mbh/wien/?firmaid=247a7b1f-6b14-4689-9561-05f4e01396b5&standortid=1&standortname=wien%20%28bundesland%29&suchbegriff=immobilienverwalter
w rest realitäten gesellschaft mit beschränkter haftung,W. Rest Realitäten Gesellschaft mit beschränkter Haftung,W. Rest Realitäten Gesellschaft mit beschränkter Haftung,1,wien,cbf967b2-09f5-4d5f-b31e-0df47dae64b9,Krotenthallergasse 6/12 1080 Wien,,,,,https://firmen.wko.at/w-rest-realit%c3%a4ten-gesellschaft-mit-beschr%c3%a4nkter-haftung/wien/?firmaid=cbf967b2-09f5-4d5f-b31e-0df47dae64b9&standortid=1&standortname=wien%20%28bundesland%29&suchbegriff=immobilienverwalter
w4 hausverwaltung gmbh,w4 hausverwaltung GmbH,w4 hausverwaltung GmbH,1,niederösterreich,0acb71b3-f171-445f-8fb9-0def0d85b1a6,Hauptplatz 16/1 3580 Horn,,,,,https://firmen.wko.at/w4-hausverwaltung-gmbh/nieder%c3%b6sterreich/?firmaid=0acb71b3-f171-445f-8fb9-0def0d85b1a6&standortid=2&standortname=nieder%c3%b6sterreich%20%28bundesland%29&suchbegriff=immobilienverwalter
wab beteiligungen und risikomanagement gmbh,WAB Beteiligungen und Risikomanagement GmbH,WAB Beteiligungen und Risikomanagement GmbH,1,burgenland,60c4f668-33a1-4264-8505-16873f53d4d9,Marktstraße 3 7000 Eisenstadt,,,,,https://firmen.wko.at/wab-beteiligungen-und-risikomanagement-gmbh/burgenland/?firmaid=60c4f668-33a1-4264-8505-16873f53d4d9&standortid=9&standortname=burgenland%20%28bundesland%29&suchbegriff=immobilienverwalter
wag wohnungsanlagen gesellschaft m b h,WAG Wohnungsanlagen Gesellschaft m.b.H.,WAG Wohnungsanlagen Gesellschaft m.b.H.,7,oberösterreich | salzburg | steiermark | wien,e42cf0aa-9bb1-4309-969b-1418bbc090e1 | 14dc75dd-7f9a-46d2-af81-7dcd1eb5bf3b | 5faa897e-6e5f-430c-9c34-dc5442d887c3 | 78487689-4419-4c36-b324-3774663bb3e0 | aa0a28ad-8a6c-4400-8ffb-b8f803989cd6 | 67f76e6f-c1f8-4143-9eb3-810e09613d95 | a261d854-b95c-49a9-8204-510550190afe,Fanny-v.-Lehnert-Straße 19 5020 Salzburg | Styriagasse 6 8750 Judenburg | Karlauerstraße 17 8020 Graz | Mozartgasse 4 8570 Voitsberg | Reichensteinstraße 24 8793 Trofaiach | Hans-Wagner-Straße 22 4400 Steyr | Sissy-Löwinger-Weg 7/1 1100 Wien,http://www.wag.at/,http://www.wag.at/,info@wag.at,0732/3338-0,https://firmen.wko.at/wag-wohnungsanlagen-gesellschaft-mbh/salzburg/?firmaid=e42cf0aa-9bb1-4309-969b-1418bbc090e1&standortid=4&standortname=salzburg%20%28bundesland%29&suchbegriff=immobilienverwalter
wagner immobilien management gmbh,Wagner Immobilien Management GmbH,Wagner Immobilien Management GmbH,1,steiermark,ca14703d-2689-4604-9df0-aa753ac7f68f,Haignitzhofweg 21 8043 Graz,,,,,https://firmen.wko.at/wagner-immobilien-management-gmbh/steiermark/?firmaid=ca14703d-2689-4604-9df0-aa753ac7f68f&standortid=5&standortname=steiermark%20%28bundesland%29&suchbegriff=immobilienverwalter
waldmühle rodaun betreuungsgesellschaft mbh,Waldmühle Rodaun Betreuungsgesellschaft mbH,Waldmühle Rodaun Betreuungsgesellschaft mbH,1,wien,341c893f-9b9c-4066-9b78-28b34287fa36,Kaltenleutgebner Straße 24/1 1230 Wien,,,,,https://firmen.wko.at/waldm%c3%bchle-rodaun-betreuungsgesellschaft-mbh/wien/?firmaid=341c893f-9b9c-4066-9b78-28b34287fa36&standortid=1&standortname=wien%20%28bundesland%29&suchbegriff=immobilienverwalter
waldviertel immobilien vermittlung gmbh,Waldviertel Immobilien-Vermittlung GmbH,Waldviertel Immobilien-Vermittlung GmbH,1,niederösterreich,1f63af00-7810-4743-9809-507e575bebca,Landstraße 26 3910 Zwettl,http://www.w-i-v.at/,http://www.w-i-v.at/,eva.hahn-schachinger@w-i-v.at,,https://firmen.wko.at/waldviertel-immobilien-vermittlung-gmbh/nieder%c3%b6sterreich/?firmaid=1f63af00-7810-4743-9809-507e575bebca&standortid=2&standortname=nieder%c3%b6sterreich%20%28bundesland%29&suchbegriff=immobilienverwalter
wallisch partner immobilien gmbh,Wallisch + Partner Immobilien GmbH,Wallisch + Partner Immobilien GmbH,1,wien,22f19e37-1e8c-4ac3-a1f5-ac75cbb7ff61,Kravoglgasse 48 1210 Wien,,,,,https://firmen.wko.at/wallisch-partner-immobilien-gmbh/wien/?firmaid=22f19e37-1e8c-4ac3-a1f5-ac75cbb7ff61&standortid=1&standortname=wien%20%28bundesland%29&suchbegriff=immobilienverwalter
waltraud polan,Waltraud Polan,Waltraud Polan,1,wien,55ae2b75-985d-41f9-b67c-098384614ebf,Währinger Straße 163 1180 Wien,,,hausverwaltungPolan@gmx.at,01/512%2088%2059,https://firmen.wko.at/waltraud-polan-hausverwaltung-polan/wien/?firmaid=55ae2b75-985d-41f9-b67c-098384614ebf&standortid=1&standortname=wien%20%28bundesland%29&suchbegriff=immobilienverwalter
waltraut dragaschnig,Waltraut Dragaschnig,Waltraut Dragaschnig,1,wien,a6f5e76c-72fa-48c2-9d9f-ae0565908a4f,Konrad-Duden-Gasse 55 1130 Wien,,,,01/713%2036%2071,https://firmen.wko.at/waltraut-dragaschnig/wien/?firmaid=a6f5e76c-72fa-48c2-9d9f-ae0565908a4f&standortid=1&standortname=wien%20%28bundesland%29&suchbegriff=immobilienverwalter
wam immobilien gmbh,WAM Immobilien GmbH,WAM Immobilien GmbH,1,vorarlberg,0acac7d7-7383-4450-808c-91acfc387b47,Bahnhofstraße 7b 6700 Bludenz,,,,,https://firmen.wko.at/wam-immobilien-gmbh/vorarlberg/?firmaid=0acac7d7-7383-4450-808c-91acfc387b47&standortid=8&standortname=vorarlberg%20%28bundesland%29&suchbegriff=immobilienverwalter
wariwoda und richter immobilientreuhandgesellschaft m b h,WARIWODA & RICHTER Immobilientreuhandgesellschaft m.b.H.,WARIWODA & RICHTER Immobilientreuhandgesellschaft m.b.H.,1,wien,559ebf25-eaf7-475b-9606-a01fda645de0,Spittelberggasse 3 1070 Wien,,,office@wari-immobilientreuhand.at,+4301%20596%2028%2020-0,https://firmen.wko.at/wariwoda-und-richter-immobilientreuhandgesellschaft-mbh/wien/?firmaid=559ebf25-eaf7-475b-9606-a01fda645de0&standortid=1&standortname=wien%20%28bundesland%29&suchbegriff=immobilienverwalter
wartecker immobilientreuhand og,Wartecker Immobilientreuhand OG,Wartecker Immobilientreuhand OG,1,oberösterreich,5026b81b-b6aa-4516-a4d3-01f0165130d7,Franz Josef-Platz 3 4810 Gmunden,,,,,https://firmen.wko.at/wartecker-immobilientreuhand-og/ober%c3%b6sterreich/?firmaid=5026b81b-b6aa-4516-a4d3-01f0165130d7&standortid=3&standortname=ober%c3%b6sterreich%20%28bundesland%29&suchbegriff=immobilienverwalter
weg verwaltungs gmbh,WEG Verwaltungs GmbH,WEG Verwaltungs GmbH,1,steiermark,c21681bc-d78b-4949-bffd-7d6269c5a5c5,Liebenauer Hauptstraße 89 8041 Graz,,,,,https://firmen.wko.at/weg-verwaltungs-gmbh/steiermark/?firmaid=c21681bc-d78b-4949-bffd-7d6269c5a5c5&standortid=5&standortname=steiermark%20%28bundesland%29&suchbegriff=immobilienverwalter
wegraz gesellschaft für stadterneuerung und assanierung m b h,WEGRAZ Gesellschaft für Stadterneuerung und Assanierung m.b.H.,WEGRAZ Gesellschaft für Stadterneuerung und Assanierung m.b.H.,1,steiermark,db063308-d103-49ba-92cc-638a37f2dc80,Leechgasse 29 8010 Graz,http://www.wegraz.at/,http://www.wegraz.at/,office@wegraz.at,+43%20(0)316-38%2049%2009 | 0664-13%2027%20111,https://firmen.wko.at/wegraz-gesellschaft-f%c3%bcr-stadterneuerung-und-assanierung-mbh/steiermark/?firmaid=db063308-d103-49ba-92cc-638a37f2dc80&standortid=5&standortname=steiermark%20%28bundesland%29&suchbegriff=immobilienverwalter
wegraz haring projektentwicklungs gmbh,WEGRAZ Haring Projektentwicklungs GmbH,WEGRAZ Haring Projektentwicklungs GmbH,1,steiermark,4e81e2f5-ea1e-4e75-95b9-cde866537a2d,Waagner-Biro-Straße 122-124 8020 Graz,,,,,https://firmen.wko.at/wegraz-haring-projektentwicklungs-gmbh/steiermark/?firmaid=4e81e2f5-ea1e-4e75-95b9-cde866537a2d&standortid=5&standortname=steiermark%20%28bundesland%29&suchbegriff=immobilienverwalter
weinberger biletti immobilien gmbh,Weinberger Biletti Immobilien GmbH,Weinberger Biletti Immobilien GmbH,1,wien,dae5cc36-561a-431f-b78c-43832158c004,Handelskai 94-96 1200 Wien,http://www.wbi.wien/,http://www.wbi.wien/,immobilien@wbi.wien,+43%201%20405%2081%2022,https://firmen.wko.at/weinberger-biletti-immobilien-gmbh-hausverwaltung/wien/?firmaid=dae5cc36-561a-431f-b78c-43832158c004&standortid=1&standortname=wien%20%28bundesland%29&suchbegriff=immobilienverwalter
weinberger biletti immobilien graz gmbh,Weinberger Biletti Immobilien Graz GmbH,Weinberger Biletti Immobilien Graz GmbH,1,steiermark,58454438-1735-4e38-9836-6164e061238a,Hans-Sachs-Gasse 14 8010 Graz,http://www.weinberger-biletti.at/,http://www.weinberger-biletti.at/,graz@weinberger-biletti.at,+43%20(316)%2071%2011%2016,https://firmen.wko.at/weinberger-biletti-immobilien-graz-gmbh-immobilienverwaltung/steiermark/?firmaid=58454438-1735-4e38-9836-6164e061238a&standortid=5&standortname=steiermark%20%28bundesland%29&suchbegriff=immobilienverwalter
weinberger immobilientreuhand kg,Weinberger Immobilientreuhand KG,Weinberger Immobilientreuhand KG,1,wien,1234461c-eee5-4999-9e4a-05246da2e733,"Viktorgasse 20/1, Tür 3 1040 Wien",,,,,https://firmen.wko.at/weinberger-immobilientreuhand-kg/wien/?firmaid=1234461c-eee5-4999-9e4a-05246da2e733&standortid=1&standortname=wien%20%28bundesland%29&suchbegriff=immobilienverwalter
weiretmair gesellschaft m b h,Weiretmair Gesellschaft m.b.H.,Weiretmair Gesellschaft m.b.H.,1,niederösterreich,0fcdd899-4e04-40ad-ac1a-56ffeb1bac1f,Linzer Straße 19 3100 St. Pölten,,,immo@weiretmair.at,02742%20352336,https://firmen.wko.at/weiretmair-gesellschaft-mbh-weiretmair-immobilien/nieder%c3%b6sterreich/?firmaid=0fcdd899-4e04-40ad-ac1a-56ffeb1bac1f&standortid=2&standortname=nieder%c3%b6sterreich%20%28bundesland%29&suchbegriff=immobilienverwalter
weislein und brauner gesmbh,Weislein & Brauner GesmbH,Weislein & Brauner GesmbH,1,niederösterreich,769ca6e8-c83d-4e3c-867e-5cf56980e91e,Wiener Neustädter Straße 111 2524 Teesdorf,,,,,https://firmen.wko.at/weislein-und-brauner-gesmbh/nieder%c3%b6sterreich/?firmaid=769ca6e8-c83d-4e3c-867e-5cf56980e91e&standortid=2&standortname=nieder%c3%b6sterreich%20%28bundesland%29&suchbegriff=immobilienverwalter
weiss tessbach hausverwaltung gmbh,WEISS-TESSBACH Hausverwaltung GmbH,WEISS-TESSBACH Hausverwaltung GmbH,1,wien,8cb81ff0-df1d-421d-8426-bef8fbf7ce3c,Rotenturmstraße 13 1010 Wien,,,,,https://firmen.wko.at/weiss-tessbach-hausverwaltung-gmbh/wien/?firmaid=8cb81ff0-df1d-421d-8426-bef8fbf7ce3c&standortid=1&standortname=wien%20%28bundesland%29&suchbegriff=immobilienverwalter
weplus immobilienmanagement gmbh,wePlus Immobilienmanagement GmbH,wePlus Immobilienmanagement GmbH,1,wien,86bef4a1-cc75-4548-8644-9ff549779656,"Glockengasse 4, Tür 105 1020 Wien",,,,,https://firmen.wko.at/weplus-immobilienmanagement-gmbh/wien/?firmaid=86bef4a1-cc75-4548-8644-9ff549779656&standortid=1&standortname=wien%20%28bundesland%29&suchbegriff=immobilienverwalter
werner bernhard,Werner Bernhard,Werner Bernhard,1,tirol,1b510970-e67f-4705-91ce-b8ab54e7f112,Finkenberg 19 6067 Absam,,,,05223/424%2014 | 0650/44015,https://firmen.wko.at/werner-bernhard/tirol/?firmaid=1b510970-e67f-4705-91ce-b8ab54e7f112&standortid=7&standortname=tirol%20%28bundesland%29&suchbegriff=immobilienverwalter
wernisch immobilientreuhand gmbh,Wernisch Immobilientreuhand GmbH,Wernisch Immobilientreuhand GmbH,1,kärnten,5e456ce2-a66a-43ad-814d-aa5920f98577,Italiener Straße 13 9500 Villach,,,,,https://firmen.wko.at/wernisch-immobilientreuhand-gmbh/k%c3%a4rnten/?firmaid=5e456ce2-a66a-43ad-814d-aa5920f98577&standortid=6&standortname=k%c3%a4rnten%20%28bundesland%29&suchbegriff=immobilienverwalter
wert und gut immobilien gmbh,Wert und Gut Immobilien GmbH,Wert und Gut Immobilien GmbH,1,wien,76935cb2-9659-4fde-b45f-571cba60fa47,Tullnertalgasse 82/1 1230 Wien,,,,,https://firmen.wko.at/wert-und-gut-immobilien-gmbh/wien/?firmaid=76935cb2-9659-4fde-b45f-571cba60fa47&standortid=1&standortname=wien%20%28bundesland%29&suchbegriff=immobilienverwalter
wert heim versicherungsservice gmbh und co kg,Wert-Heim Versicherungsservice GmbH & Co KG,Wert-Heim Versicherungsservice GmbH & Co KG,1,wien,c40bb738-88dd-4f02-82b2-05fd9cc86e5d,Peter-Jordan-Straße 8 1190 Wien,,,,,https://firmen.wko.at/wert-heim-versicherungsservice-gmbh-und-co-kg/wien/?firmaid=c40bb738-88dd-4f02-82b2-05fd9cc86e5d&standortid=1&standortname=wien%20%28bundesland%29&suchbegriff=immobilienverwalter
werte consulting gmbh,WERTE Consulting GmbH,WERTE Consulting GmbH,1,wien,63771ac9-404f-489b-be38-3aae203a3af8,Gudrunstraße 122 1100 Wien,http://www.werte-consulting.at/,http://www.werte-consulting.at/,office@werte-consulting.at,+43%20(664)%208234000,https://firmen.wko.at/werte-consulting-gmbh/wien/?firmaid=63771ac9-404f-489b-be38-3aae203a3af8&standortid=1&standortname=wien%20%28bundesland%29&suchbegriff=immobilienverwalter
wesiak gesellschaft m b h,WESIAK Gesellschaft m.b.H.,WESIAK Gesellschaft m.b.H.,1,steiermark,df2b5e51-b25e-4524-b0fc-20ab91bb85d1,Stubenberggasse 5 8010 Graz,http://www.wesiak.com/,http://www.wesiak.com/,office@wesiak.com,+43%20(0)316-82%2075%2001,https://firmen.wko.at/wesiak-gesellschaft-mbh-wwesiak-gesellschaft-mbh/steiermark/?firmaid=df2b5e51-b25e-4524-b0fc-20ab91bb85d1&standortid=5&standortname=steiermark%20%28bundesland%29&suchbegriff=immobilienverwalter
wesiak kärnten verwaltungs gmbh,Wesiak Kärnten Verwaltungs GmbH,Wesiak Kärnten Verwaltungs GmbH,1,kärnten,6a2b3391-0b11-40fa-81d1-0ac4d4885f02,Adolf-Tschabuschnigg-Straße 35 9020 Klagenfurt am Wörthersee,,,,,https://firmen.wko.at/wesiak-k%c3%a4rnten-verwaltungs-gmbh/k%c3%a4rnten/?firmaid=6a2b3391-0b11-40fa-81d1-0ac4d4885f02&standortid=6&standortname=k%c3%a4rnten%20%28bundesland%29&suchbegriff=immobilienverwalter
wesiak wien verwaltungs gmbh,Wesiak Wien Verwaltungs GmbH,Wesiak Wien Verwaltungs GmbH,1,wien,6752dd38-9c4a-4118-a996-3f44dbdc5c5f,Doningasse 12/1/5 1220 Wien,,,,,https://firmen.wko.at/wesiak-wien-verwaltungs-gmbh/wien/?firmaid=6752dd38-9c4a-4118-a996-3f44dbdc5c5f&standortid=1&standortname=wien%20%28bundesland%29&suchbegriff=immobilienverwalter
westpark immomanagement gmbh,Westpark Immomanagement GmbH,Westpark Immomanagement GmbH,1,oberösterreich,55d56fd7-3339-468e-9c4e-735bee351405,Bauernstraße 3 4600 Wels,,,,,https://firmen.wko.at/westpark-immomanagement-gmbh/ober%c3%b6sterreich/?firmaid=55d56fd7-3339-468e-9c4e-735bee351405&standortid=3&standortname=ober%c3%b6sterreich%20%28bundesland%29&suchbegriff=immobilienverwalter
wevig wohnungseigentumsverwaltungs und immobilientreuhand gesellschaft m b h,WEVIG Wohnungseigentumsverwaltungs- und Immobilientreuhand-Gesellschaft m.b.H.,WEVIG Wohnungseigentumsverwaltungs- und Immobilientreuhand- Gesellschaft m.b.H. | WEVIG Wohnungseigentumsverwaltungs- und Immobilientreuhand-Gesellschaft m.b.H.,4,niederösterreich | oberösterreich | wien,382f262c-0390-48ea-a925-d110875546f3 | dffd84cc-391e-4b99-bbef-c2a140d06151 | b26e4a73-16c9-4e51-93d0-54dd238368b2 | dcc02ea3-b8e2-4c6b-8963-12664c982f7f,Josefstraße 7 3100 St.Pölten | Drinkweldergasse 7/1 3500 Krems an der Donau | Ing. Ferdinand Porschestr. 9 4400 Steyr | Märzstraße 1 1150 Wien,https://wevig.at/,https://wevig.at/,office@wevig.at,02742%20351716,https://firmen.wko.at/wevig-wohnungseigentumsverwaltungs-und-immobilientreuhand-gesellschaft-mbh/nieder%c3%b6sterreich/?firmaid=382f262c-0390-48ea-a925-d110875546f3&standortid=2&standortname=nieder%c3%b6sterreich%20%28bundesland%29&suchbegriff=immobilienverwalter
wh immobilientreuhand gmbh,WH-Immobilientreuhand GmbH,WH-Immobilientreuhand GmbH,2,tirol,1761635d-eef8-426e-a997-b17dbf5d30ca | c458e347-f647-4a98-b5ae-709b87fe6332,Weisstraße 7 6112 Wattens | Haller Straße 43 6020 Innsbruck,,,,,https://firmen.wko.at/wh-immobilientreuhand-gmbh/tirol/?firmaid=1761635d-eef8-426e-a997-b17dbf5d30ca&standortid=7&standortname=tirol%20%28bundesland%29&suchbegriff=immobilienverwalter
wiedergut gesellschaft m b h und co kg,Wiedergut Gesellschaft m.b.H. & Co. KG.,Wiedergut Gesellschaft m.b.H. & Co. KG.,1,kärnten,01937509-509a-48ca-9176-8f4e06c56e24,Klagenfurter Straße 3 9500 Villach,http://www.wiedergut.com/,http://www.wiedergut.com/,eigentumswohnungen@wiedergut.com,+43%204242%20210220 | +43%20676%206029516,https://firmen.wko.at/wiedergut-gesellschaft-mbh-und-co-kg/k%c3%a4rnten/?firmaid=01937509-509a-48ca-9176-8f4e06c56e24&standortid=6&standortname=k%c3%a4rnten%20%28bundesland%29&suchbegriff=immobilienverwalter
wien süd projektmanagement gmbh,Wien-Süd Projektmanagement GmbH,Wien-Süd Projektmanagement GmbH,1,wien,36e37b56-4602-4443-a80c-01d2d8819ada,Untere Aquäduktgasse 7 1230 Wien,,,,,https://firmen.wko.at/wien-s%c3%bcd-projektmanagement-gmbh/wien/?firmaid=36e37b56-4602-4443-a80c-01d2d8819ada&standortid=1&standortname=wien%20%28bundesland%29&suchbegriff=immobilienverwalter
wiesinger immobilienmanagement gmbh,Wiesinger Immobilienmanagement GmbH,Wiesinger Immobilienmanagement GmbH,1,wien,d11479a1-0f46-421c-89d9-37adf096f2d9,Fütterergasse 1/5 1010 Wien,,,,,https://firmen.wko.at/wiesinger-immobilienmanagement-gmbh/wien/?firmaid=d11479a1-0f46-421c-89d9-37adf096f2d9&standortid=1&standortname=wien%20%28bundesland%29&suchbegriff=immobilienverwalter
willa immobilien gmbh,WILLA Immobilien GmbH,WILLA Immobilien GmbH,1,oberösterreich,8687a556-9307-44ad-aee2-11bfc3e2296e,Wöberweg 8 4060 Leonding,,,,,https://firmen.wko.at/willa-immobilien-gmbh/ober%c3%b6sterreich/?firmaid=8687a556-9307-44ad-aee2-11bfc3e2296e&standortid=3&standortname=ober%c3%b6sterreich%20%28bundesland%29&suchbegriff=immobilienverwalter
willibald preissl,Willibald Preissl,Willibald Preissl,1,wien,78d8e9d1-1b04-415a-9436-1463d810f2b3,"Böcklinstraße 106, Tür 12 1020 Wien",,,office@hv-preissl.at,01/%207280960,https://firmen.wko.at/willibald-preissl/wien/?firmaid=78d8e9d1-1b04-415a-9436-1463d810f2b3&standortid=1&standortname=wien%20%28bundesland%29&suchbegriff=immobilienverwalter
wilma grubmüller,Wilma Grubmüller,Wilma Grubmüller,1,niederösterreich,d5ff02a7-df3f-414a-bb61-ee4f932fda96,Am Kellerberg 59 3250 Wieselburg,,,,,https://firmen.wko.at/wilma-grubm%c3%bcller/nieder%c3%b6sterreich/?firmaid=d5ff02a7-df3f-414a-bb61-ee4f932fda96&standortid=2&standortname=nieder%c3%b6sterreich%20%28bundesland%29&suchbegriff=immobilienverwalter
wimmer hausverwaltung gmbh,Wimmer Hausverwaltung GmbH,Wimmer Hausverwaltung GmbH,1,oberösterreich,3b7f7fd4-c621-40c0-ba88-1727a66a9613,Kreuzplatz 15 4820 Bad Ischl,,,,,https://firmen.wko.at/wimmer-hausverwaltung-gmbh/ober%c3%b6sterreich/?firmaid=3b7f7fd4-c621-40c0-ba88-1727a66a9613&standortid=3&standortname=ober%c3%b6sterreich%20%28bundesland%29&suchbegriff=immobilienverwalter
wimmer immobilien gmbh,Wimmer Immobilien GmbH,Wimmer Immobilien GmbH,1,oberösterreich,053bf8cc-ce79-4d35-906a-6922a51dfa2f,Kreuzplatz 15 4820 Bad Ischl,http://www.hausverwaltung-wimmer.at/,http://www.hausverwaltung-wimmer.at/,office@hausverwaltung-wimmer.at,+43%206132%2098208 | +43%20699%2012702901,https://firmen.wko.at/wimmer-immobilien-gmbh/ober%c3%b6sterreich/?firmaid=053bf8cc-ce79-4d35-906a-6922a51dfa2f&standortid=3&standortname=ober%c3%b6sterreich%20%28bundesland%29&suchbegriff=immobilienverwalter
win4wien bauträger gmbh,win4wien Bauträger GmbH,win4wien Bauträger GmbH,1,wien,94e22238-1e42-4afe-9b1c-e4a9d9c33d70,Hernalser Gürtel 1 1170 Wien,,,,,https://firmen.wko.at/win4wien-bautr%c3%a4ger-gmbh/wien/?firmaid=94e22238-1e42-4afe-9b1c-e4a9d9c33d70&standortid=1&standortname=wien%20%28bundesland%29&suchbegriff=immobilienverwalter
wireco witzelsperger retail concepts e u,WIRECO Witzelsperger Retail Concepts e.U.,WIRECO Witzelsperger Retail Concepts e.U.,1,wien,c261f32a-63f3-4419-a2c5-8c7125c26e55,Karl-Beck-Gasse 3/PARZ. 25 1220 Wien,http://www.wireco.at/,http://www.wireco.at/,office@wireco.at,+4366488506117,https://firmen.wko.at/wireco-witzelsperger-retail-concepts-eu/wien/?firmaid=c261f32a-63f3-4419-a2c5-8c7125c26e55&standortid=1&standortname=wien%20%28bundesland%29&suchbegriff=immobilienverwalter
wirth immobilien gmbh,Wirth Immobilien GmbH,Wirth Immobilien GmbH,1,niederösterreich,c6ec1d79-45e3-4ee2-bcac-6d59d30a1b1d,Steinriegl 3/1 3451 Michelhausen,,,,,https://firmen.wko.at/wirth-immobilien-gmbh/nieder%c3%b6sterreich/?firmaid=c6ec1d79-45e3-4ee2-bcac-6d59d30a1b1d&standortid=2&standortname=nieder%c3%b6sterreich%20%28bundesland%29&suchbegriff=immobilienverwalter
wirtschaftsagentur burgenland gmbh,Wirtschaftsagentur Burgenland GmbH,Wirtschaftsagentur Burgenland GmbH,1,burgenland,a0902cb3-801f-4f7a-a001-0236f517e275,Marktstraße 3 7000 Eisenstadt,,,,,https://firmen.wko.at/wirtschaftsagentur-burgenland-gmbh/burgenland/?firmaid=a0902cb3-801f-4f7a-a001-0236f517e275&standortid=9&standortname=burgenland%20%28bundesland%29&suchbegriff=immobilienverwalter
wiwa immobilien e u,WIWA Immobilien e.U.,WIWA Immobilien e.U.,1,steiermark,d677df01-3acb-47a0-a172-7ed079dd2bbe,Ring 303 8230 Hartberg,,,,,https://firmen.wko.at/wiwa-immobilien-eu/steiermark/?firmaid=d677df01-3acb-47a0-a172-7ed079dd2bbe&standortid=5&standortname=steiermark%20%28bundesland%29&suchbegriff=immobilienverwalter
wki hausverwaltung gmbh,WKI Hausverwaltung GmbH,WKI Hausverwaltung GmbH,1,kärnten,5b5f3c93-ac3c-4ae8-925b-773453cee007,Ramsauerstraße 25 9020 Klagenfurt/Wörthersee,,,,,https://firmen.wko.at/wki-hausverwaltung-gmbh/k%c3%a4rnten/?firmaid=5b5f3c93-ac3c-4ae8-925b-773453cee007&standortid=6&standortname=k%c3%a4rnten%20%28bundesland%29&suchbegriff=immobilienverwalter
wmk immoinvest und beteiligungs gmbh,WMK Immoinvest und Beteiligungs GmbH,WMK Immoinvest und Beteiligungs GmbH,1,kärnten,40bcafae-e888-4a1b-86c9-10cd76ae2354,Georgistraße 1 9330 Althofen,,,,,https://firmen.wko.at/wmk-immoinvest-und-beteiligungs-gmbh/k%c3%a4rnten/?firmaid=40bcafae-e888-4a1b-86c9-10cd76ae2354&standortid=6&standortname=k%c3%a4rnten%20%28bundesland%29&suchbegriff=immobilienverwalter
wmkm opfermann e u,WMKM Opfermann e.U.,WMKM Opfermann e.U.,1,wien,0beea7f4-bbb4-4caf-9638-a646aaffcde0,Saarplatz 8 1190 Wien,,,,,https://firmen.wko.at/wmkm-opfermann-eu-juwelier-am-saarplatz/wien/?firmaid=0beea7f4-bbb4-4caf-9638-a646aaffcde0&standortid=1&standortname=wien%20%28bundesland%29&suchbegriff=immobilienverwalter
woge realitäten gesellschaft m b h,Woge Realitäten Gesellschaft m.b.H.,Woge Realitäten Gesellschaft m.b.H.,1,wien,b1f62a6e-5c47-4782-851a-112c0dab2456,Köstlergasse 7/2/14 1060 Wien,https://www.hausverwaltungwoge.at/,https://www.hausverwaltungwoge.at/,office@hausverwaltungwoge.at,+43%201%20586%2014%2035,https://firmen.wko.at/woge-realit%c3%a4ten-gesellschaft-mbh/wien/?firmaid=b1f62a6e-5c47-4782-851a-112c0dab2456&standortid=1&standortname=wien%20%28bundesland%29&suchbegriff=immobilienverwalter
woge treuhand und verwaltungsgesellschaft m b h und co kg,WOGE Treuhand- und Verwaltungsgesellschaft m.b.H. & Co. KG,WOGE Treuhand- und Verwaltungsgesellschaft m.b.H. & Co. KG,1,vorarlberg,ef94d444-f447-4e5a-b42c-3bc898ec684d,Römerstraße 30 6900 Bregenz,,,,,https://firmen.wko.at/woge-treuhand-und-verwaltungsgesellschaft-mbh-und-co-kg/vorarlberg/?firmaid=ef94d444-f447-4e5a-b42c-3bc898ec684d&standortid=8&standortname=vorarlberg%20%28bundesland%29&suchbegriff=immobilienverwalter
wohin immobilien gmbh,Wohin Immobilien GmbH,Wohin Immobilien GmbH,1,steiermark,914b33d7-3056-4d8e-8f62-4d0f1bc808eb,0664 244 01 67,http://www.wohinimmo.at/,http://www.wohinimmo.at/,office@wohinimmo.at,0664%20244%2001%2067 | 0664%2044%2035%20011,https://firmen.wko.at/wohin-immobilien-gmbh-wohin-immobilien-gmbh/steiermark/?firmaid=914b33d7-3056-4d8e-8f62-4d0f1bc808eb&standortid=5&standortname=steiermark%20%28bundesland%29&suchbegriff=immobilienverwalter
wohn3 management gmbh,wohn3 Management GmbH,wohn3 Management GmbH,1,wien,e96150d5-bade-4bc8-9f64-440bf00be523,Weyrgasse 8/3 1030 Wien,http://www.wohn3.at/,http://www.wohn3.at/,office@wohn3.at,012360703,https://firmen.wko.at/wohn3-management-gmbh-wohn3-immobiliengruppe/wien/?firmaid=e96150d5-bade-4bc8-9f64-440bf00be523&standortid=1&standortname=wien%20%28bundesland%29&suchbegriff=immobilienverwalter
wohnalp immobilien gmbh,WohnAlp Immobilien GmbH,WohnAlp Immobilien GmbH,1,tirol,1d715170-4f57-4494-9cd2-6231afc24601,Leopoldstraße 40 6020 Innsbruck,,,,,https://firmen.wko.at/wohnalp-immobilien-gmbh/tirol/?firmaid=1d715170-4f57-4494-9cd2-6231afc24601&standortid=7&standortname=tirol%20%28bundesland%29&suchbegriff=immobilienverwalter
wohnbau 2000 gesellschaft mbh,Wohnbau 2000 Gesellschaft mbH,Wohnbau 2000 Gesellschaft mbH,1,oberösterreich,0371acbe-5cc3-4c87-911b-496bbeed12b2,Weißenwolffstraße 1 4020 Linz,http://www.wohnbau2000.at/,http://www.wohnbau2000.at/,linz@wohnbau2000.at,+43%20(732)%2077%2091%2011,https://firmen.wko.at/wohnbau-2000-gesellschaft-mbh-immobilien-bautr%c3%84ger-makler-verwalter/ober%c3%b6sterreich/?firmaid=0371acbe-5cc3-4c87-911b-496bbeed12b2&standortid=3&standortname=ober%c3%b6sterreich%20%28bundesland%29&suchbegriff=immobilienverwalter
wohnbauservice immobiliengesellschaft mit beschränkter haftung,Wohnbauservice Immobiliengesellschaft mit beschränkter Haftung,Wohnbauservice Immobiliengesellschaft mit beschränkter Haftung,1,oberösterreich,eb43a592-ce90-4e18-98d9-b0df790ddb7e,Raiffeisenplatz 2 4111 Walding,http://www.wosig.at/,http://www.wosig.at/,office@wosig.at,+43%20(07234)%20842%2062 | +43%20(0664)%20415%2084%2068,https://firmen.wko.at/wohnbauservice-immobiliengesellschaft-mit-beschr%c3%a4nkter-haftung/ober%c3%b6sterreich/?firmaid=eb43a592-ce90-4e18-98d9-b0df790ddb7e&standortid=3&standortname=ober%c3%b6sterreich%20%28bundesland%29&suchbegriff=immobilienverwalter
wohnfit hausverwaltungs gmbh,Wohnfit Hausverwaltungs GmbH,Wohnfit Hausverwaltungs GmbH,1,wien,6589f8fb-70b0-49d0-8bf5-9938014d8527,Handelskai 94-96/10. OG 1200 Wien,,,,,https://firmen.wko.at/wohnfit-hausverwaltungs-gmbh/wien/?firmaid=6589f8fb-70b0-49d0-8bf5-9938014d8527&standortid=1&standortname=wien%20%28bundesland%29&suchbegriff=immobilienverwalter
wohnpark liefering gmbh,Wohnpark Liefering GmbH,Wohnpark Liefering GmbH,1,salzburg,c5f5c60e-53a5-4c18-b6a2-480de31a7dbc,Münchner Bundesstraße 107 a 5020 Salzburg,,,,,https://firmen.wko.at/wohnpark-liefering-gmbh/salzburg/?firmaid=c5f5c60e-53a5-4c18-b6a2-480de31a7dbc&standortid=4&standortname=salzburg%20%28bundesland%29&suchbegriff=immobilienverwalter
wohnraumwerk bauträger und projektentwicklungs gmbh,Wohnraumwerk Bauträger- und Projektentwicklungs GmbH,Wohnraumwerk Bauträger- und Projektentwicklungs GmbH,1,steiermark,f997c9b6-0bc8-49e0-8b84-474569a6973b,Marschallgasse 17/1 8020 Graz,,,,,https://firmen.wko.at/wohnraumwerk-bautr%c3%a4ger-und-projektentwicklungs-gmbh/steiermark/?firmaid=f997c9b6-0bc8-49e0-8b84-474569a6973b&standortid=5&standortname=steiermark%20%28bundesland%29&suchbegriff=immobilienverwalter
wolff und galen immobilientreuhänder gmbh,Wolff & Galen Immobilientreuhänder GmbH,Wolff & Galen Immobilientreuhänder GmbH,1,salzburg,96c80345-efd7-434f-8ba4-bc52e07df9a3,Aigner Straße 21 5026 Salzburg,,,wolff.galen@aon.at,,https://firmen.wko.at/wolff-und-galen-immobilientreuh%c3%a4nder-gmbh/salzburg/?firmaid=96c80345-efd7-434f-8ba4-bc52e07df9a3&standortid=4&standortname=salzburg%20%28bundesland%29&suchbegriff=immobilienverwalter
wolfgang bauerhansl,Wolfgang Bauerhansl,Wolfgang Bauerhansl,1,niederösterreich,ee883bca-f5fe-48ab-9a8f-6d4965efdfa7,Agnesstraße 10 3400 Klosterneuburg,,,w.bauerhansl@a1.net,,https://firmen.wko.at/wolfgang-bauerhansl/nieder%c3%b6sterreich/?firmaid=ee883bca-f5fe-48ab-9a8f-6d4965efdfa7&standortid=2&standortname=nieder%c3%b6sterreich%20%28bundesland%29&suchbegriff=immobilienverwalter
wolfgang strasser,Wolfgang Strasser,Wolfgang Strasser,1,salzburg,5dd0e7b9-595d-4d81-9882-c836723504a9,Kochgütlweg 1 5340 Sankt Gilgen,,,,,https://firmen.wko.at/wolfgang-strasser/salzburg/?firmaid=5dd0e7b9-595d-4d81-9882-c836723504a9&standortid=4&standortname=salzburg%20%28bundesland%29&suchbegriff=immobilienverwalter
woop e u,woop e.U.,woop e.U.,1,wien,60b51793-f9c8-42bb-a382-fd18df3a3d5c,Forstnergasse 9/1A/55 1220 Wien,http://www.woop.at/,http://www.woop.at/,office@woop.at,+43%201%202266330%20 | +43%20664%20100%2057%2006,https://firmen.wko.at/woop-eu-woop-immobilienmanagement/wien/?firmaid=60b51793-f9c8-42bb-a382-fd18df3a3d5c&standortid=1&standortname=wien%20%28bundesland%29&suchbegriff=immobilienverwalter
wpm wipfler prime management e u,WPM Wipfler Prime Management e.U.,WPM Wipfler Prime Management e.U.,1,wien,d42001b9-e557-42f3-973f-961db3bac856,Keylwerthgasse 15-17/E/09 1190 Wien,,,,,https://firmen.wko.at/wpm-wipfler-prime-management-eu/wien/?firmaid=d42001b9-e557-42f3-973f-961db3bac856&standortid=1&standortname=wien%20%28bundesland%29&suchbegriff=immobilienverwalter
wps consulting gmbh,WPS Consulting GmbH,WPS Consulting GmbH,1,oberösterreich,1c122cda-9d38-4774-b4ef-82ed7713cb87,Rudigierstraße 1 4020 Linz,,,,,https://firmen.wko.at/wps-consulting-gmbh/ober%c3%b6sterreich/?firmaid=1c122cda-9d38-4774-b4ef-82ed7713cb87&standortid=3&standortname=ober%c3%b6sterreich%20%28bundesland%29&suchbegriff=immobilienverwalter
wsb immobilien gmbh,WSB Immobilien GmbH,WSB Immobilien GmbH,1,steiermark,101a84ce-e241-4489-b563-18831b3fd03a,Dillachstraße 12 8072 Fernitz-Mellach,,,,,https://firmen.wko.at/wsb-immobilien-gmbh/steiermark/?firmaid=101a84ce-e241-4489-b563-18831b3fd03a&standortid=5&standortname=steiermark%20%28bundesland%29&suchbegriff=immobilienverwalter
wse wiener standortentwicklung gmbh,WSE Wiener Standortentwicklung GmbH,WSE Wiener Standortentwicklung GmbH,1,wien,9e4cd29e-fc6c-43c2-afca-24c24f3a43b3,Messeplatz 1 1020 Wien,,,,,https://firmen.wko.at/wse-wiener-standortentwicklung-gmbh/wien/?firmaid=9e4cd29e-fc6c-43c2-afca-24c24f3a43b3&standortid=1&standortname=wien%20%28bundesland%29&suchbegriff=immobilienverwalter
wt 80 immobilienentwicklung gmbh,WT 80 Immobilienentwicklung GmbH,WT 80 Immobilienentwicklung GmbH,1,wien,e0c66dc6-07d2-4606-822a-ef6ef54df34d,Oppolzergasse 6/6 1010 Wien,,,,,https://firmen.wko.at/wt-80-immobilienentwicklung-gmbh/wien/?firmaid=e0c66dc6-07d2-4606-822a-ef6ef54df34d&standortid=1&standortname=wien%20%28bundesland%29&suchbegriff=immobilienverwalter
wvv immobilien gmbh,WVV Immobilien GmbH,WVV Immobilien GmbH,1,wien,1bf41edd-bd6a-4d4d-8b68-0992934dfc0f,Tuchlauben 11/II/13-14 1010 Wien,http://www.wvvgmbh.at/,http://www.wvvgmbh.at/,immobilien@wvvgmbh.at,+43%20(01)%20533%2026%2019%20-%200 | +43%20(0664)%20530%2084%2032,https://firmen.wko.at/wvv-immobilien-gmbh-immobilien-und-verm%c3%b6genstreuhand-immobilienvermittlung-und/wien/?firmaid=1bf41edd-bd6a-4d4d-8b68-0992934dfc0f&standortid=1&standortname=wien%20%28bundesland%29&suchbegriff=immobilienverwalter
yp immobilien gmbh,YP Immobilien GmbH,YP Immobilien GmbH,1,steiermark,cb3d2964-fdeb-475e-9efa-fecb1f6335e6,Kapuzinerplatz 7 8720 Knittelfeld,,,,,https://firmen.wko.at/yp-immobilien-gmbh/steiermark/?firmaid=cb3d2964-fdeb-475e-9efa-fecb1f6335e6&standortid=5&standortname=steiermark%20%28bundesland%29&suchbegriff=immobilienverwalter
za immobilienverwaltung gmbh,ZA Immobilienverwaltung GmbH,ZA Immobilienverwaltung GmbH,1,niederösterreich,f1ca6e63-3264-4dc4-ab10-8ed06c607524,Staffweg 1 3161 St.Veit an der Gölsen,,,info@za-immo.at,+43%20664%203522102,https://firmen.wko.at/za-immobilienverwaltung-gmbh/nieder%c3%b6sterreich/?firmaid=f1ca6e63-3264-4dc4-ab10-8ed06c607524&standortid=2&standortname=nieder%c3%b6sterreich%20%28bundesland%29&suchbegriff=immobilienverwalter
zach und partner immobilientreuhand gmbh,ZACH & PARTNER - Immobilientreuhand GmbH,ZACH & PARTNER - Immobilientreuhand GmbH,1,steiermark,a6a822fa-2d4c-4088-8d38-ad2c6793a97a,"Andritzer Reichsstraße 15, Tür 6 8045 Graz",http://www.zach-partner.at/,http://www.zach-partner.at/,office@zach-partner.at,+43%20(0)316%2041%2099%2051,https://firmen.wko.at/zach-und-partner-immobilientreuhand-gmbh-immobilienverwaltung/steiermark/?firmaid=a6a822fa-2d4c-4088-8d38-ad2c6793a97a&standortid=5&standortname=steiermark%20%28bundesland%29&suchbegriff=immobilienverwalter
zalán lingurár,Zalán Lingurár,Zalán Lingurár,1,burgenland,fe64b748-af83-40cb-8ff5-42cd9ff84d6a,Quellengasse 84 7081 Schützen am Gebirge,,,,,https://firmen.wko.at/zaln-lingurr/burgenland/?firmaid=fe64b748-af83-40cb-8ff5-42cd9ff84d6a&standortid=9&standortname=burgenland%20%28bundesland%29&suchbegriff=immobilienverwalter
zauberhaus immobilienmanagement gmbh,Zauberhaus Immobilienmanagement GmbH,Zauberhaus Immobilienmanagement GmbH,1,wien,6164fc7e-0733-4ff0-a3b8-539b1bde3da2,Windmühlgasse 22/46 1060 Wien,,,,,https://firmen.wko.at/zauberhaus-immobilienmanagement-gmbh/wien/?firmaid=6164fc7e-0733-4ff0-a3b8-539b1bde3da2&standortid=1&standortname=wien%20%28bundesland%29&suchbegriff=immobilienverwalter
zelzer real estate gmbh,Zelzer Real Estate GmbH,Zelzer Real Estate GmbH,1,steiermark,49b117be-1fc8-4d35-961d-e971da03c6eb,Piccardigasse 23b 8055 Graz,,,,,https://firmen.wko.at/zelzer-real-estate-gmbh/steiermark/?firmaid=49b117be-1fc8-4d35-961d-e971da03c6eb&standortid=5&standortname=steiermark%20%28bundesland%29&suchbegriff=immobilienverwalter
zentreal immobilienverwaltung gmbh,Zentreal Immobilienverwaltung GmbH,Zentreal Immobilienverwaltung GmbH,1,wien,c47955d1-d84f-4c5f-bd1f-907b2eb44aeb,Berggasse 31 1090 Wien,http://www.zentreal.at/,http://www.zentreal.at/,office@zentreal.at,01%20216%2030%2072,https://firmen.wko.at/zentreal-immobilienverwaltung-gmbh-zentreal/wien/?firmaid=c47955d1-d84f-4c5f-bd1f-907b2eb44aeb&standortid=1&standortname=wien%20%28bundesland%29&suchbegriff=immobilienverwalter
zhs office und facilitymanagement gmbh,ZHS Office- & Facilitymanagement GmbH,ZHS Office- & Facilitymanagement GmbH,1,wien,56e16c83-ef6e-4cbc-b6be-30d929ab87fe,Am Stadtpark 9 1030 Wien,,,regina.nowak@rzb.at,01/717%2007-0,https://firmen.wko.at/zhs-office-und-facilitymanagement-gmbh/wien/?firmaid=56e16c83-ef6e-4cbc-b6be-30d929ab87fe&standortid=1&standortname=wien%20%28bundesland%29&suchbegriff=immobilienverwalter
zima objektmanagement gmbh,ZIMA Objektmanagement GmbH,ZIMA Objektmanagement GmbH,1,tirol,60fb6e73-f44f-43cb-8dba-67245bdf3881,Leopoldstraße 1/3 6020 Innsbruck,http://www.zima.at/,http://www.zima.at/,hausverwaltung@zima.at,+43%20(0)512%20348179-333,https://firmen.wko.at/zima-objektmanagement-gmbh/tirol/?firmaid=60fb6e73-f44f-43cb-8dba-67245bdf3881&standortid=7&standortname=tirol%20%28bundesland%29&suchbegriff=immobilienverwalter
zirm immobilien gmbh,Zirm Immobilien GmbH,Zirm Immobilien GmbH,2,steiermark | tirol,b268c8a0-198b-4d75-82c1-0db7fb01f981 | c4588710-c415-482d-90e5-f8077cce86a4,"Mandellstraße 31 8010 Graz | Speckweg 2b, Tür 2 6020 Innsbruck",https://www.zirm-immo.net/,https://www.zirm-immo.net/,office@zirm-immo.net,+436502510382,https://firmen.wko.at/zirm-immobilien-gmbh/steiermark/?firmaid=b268c8a0-198b-4d75-82c1-0db7fb01f981&standortid=5&standortname=steiermark%20%28bundesland%29&suchbegriff=immobilienverwalter
zkw austria immobilien gmbh,ZKW Austria Immobilien GmbH,ZKW Austria Immobilien GmbH,1,niederösterreich,135574a7-4b8b-4853-849b-6cc136aced61,Scheibbser Straße 17 3250 Wieselburg,,,,,https://firmen.wko.at/zkw-austria-immobilien-gmbh/nieder%c3%b6sterreich/?firmaid=135574a7-4b8b-4853-849b-6cc136aced61&standortid=2&standortname=nieder%c3%b6sterreich%20%28bundesland%29&suchbegriff=immobilienverwalter
zurich immobilien liegenschaftsverwaltungs gesmbh,Zurich Immobilien Liegenschaftsverwaltungs-GesmbH,Zurich Immobilien Liegenschaftsverwaltungs-GesmbH,1,wien,d8edbf56-e59f-44ef-9ac7-3ecc6e1d917a,Leopold-Ungar-Platz 2 1190 Wien,,,office@zurichimmobilien.at,+4301%20533%2049%2035-0,https://firmen.wko.at/zurich-immobilien-liegenschaftsverwaltungs-gesmbh/wien/?firmaid=d8edbf56-e59f-44ef-9ac7-3ecc6e1d917a&standortid=1&standortname=wien%20%28bundesland%29&suchbegriff=immobilienverwalter
öbb immobilienmanagement gesellschaft mbh,ÖBB-Immobilienmanagement Gesellschaft mbH,ÖBB-Immobilienmanagement Gesellschaft mbH,8,kärnten | niederösterreich | oberösterreich | salzburg | steiermark | tirol | wien,dbe320f6-197f-468e-a099-01772f442235 | 3c149fc3-0cd1-421a-9153-0708ac6a49b3 | aa9e2eee-9aaf-43e4-9e67-634baa396137 | fdea2ffa-b354-40b9-b8ce-1c9faada897d | 0b97d92c-0f4b-4f16-a0ee-15bc437589ac | 65cb3147-4662-464a-9b09-0d6d3e744792 | 8d58cd43-ec05-4967-b6a7-1ea51b75a73c | c7102eca-ea94-412d-87d2-1a768ae64ab9,Südtiroler Platz 1 5020 Salzburg | Waagner-Biro-Straße 48 8020 Graz | Ferdinand Porsche-Ring 20 2700 Wiener Neustadt | Bahnhofplatz 1a 3100 St.Pölten | 10. Oktober-Straße 20 9500 Villach | Claudiastraße 2 6020 Innsbruck | Bahnhofstraße 3 4020 Linz | Lassallestraße 5 1020 Wien,,,,,https://firmen.wko.at/%c3%96bb-immobilienmanagement-gesellschaft-mbh/salzburg/?firmaid=dbe320f6-197f-468e-a099-01772f442235&standortid=4&standortname=salzburg%20%28bundesland%29&suchbegriff=immobilienverwalter
öbv immobilien gesellschaft m b h,ÖBV-Immobilien Gesellschaft m.b.H.,ÖBV-Immobilien Gesellschaft m.b.H.,1,wien,b259c2ad-e8b0-4af1-b6e2-793c2c2bc780,Wickenburggasse 13/5+6 1080 Wien,,,immobilien@oebv.com%20,01/408%2088%2076-0,https://firmen.wko.at/%c3%96bv-immobilien-gesellschaft-mbh/wien/?firmaid=b259c2ad-e8b0-4af1-b6e2-793c2c2bc780&standortid=1&standortname=wien%20%28bundesland%29&suchbegriff=immobilienverwalter
örag österreichische realitäten aktiengesellschaft,ÖRAG Österreichische Realitäten-Aktiengesellschaft,ÖRAG Österreichische Realitäten-Aktiengesellschaft,1,wien,18fa62d4-4a08-4a9f-9ec2-250c705f8719,Herrengasse 17 1010 Wien,,,oerag@oerag.at,01/534%2073-0,https://firmen.wko.at/%c3%96rag-%c3%96sterreichische-realit%c3%a4ten-aktiengesellschaft/wien/?firmaid=18fa62d4-4a08-4a9f-9ec2-250c705f8719&standortid=1&standortname=wien%20%28bundesland%29&suchbegriff=immobilienverwalter
österreichische bundesforste ag,Österreichische Bundesforste AG,Österreichische Bundesforste AG,1,niederösterreich,27f64380-e165-4117-871d-0e4d0716b2e3,Pummergasse 10-12 3002 Purkersdorf,,,,02231/633%2041,https://firmen.wko.at/%c3%96sterreichische-bundesforste-ag/nieder%c3%b6sterreich/?firmaid=27f64380-e165-4117-871d-0e4d0716b2e3&standortid=2&standortname=nieder%c3%b6sterreich%20%28bundesland%29&suchbegriff=immobilienverwalter
župa immobilien gmbh,ŽUPA Immobilien GmbH,ŽUPA Immobilien GmbH,1,wien,384dad29-ac1a-43f1-9ad1-5df9e4dd19dd,Tenschertstraße 12/1. Stock 1230 Wien,,,,,https://firmen.wko.at/upa-immobilien-gmbh/wien/?firmaid=384dad29-ac1a-43f1-9ad1-5df9e4dd19dd&standortid=1&standortname=wien%20%28bundesland%29&suchbegriff=immobilienverwalter
