company_name,wko_rows,states,places,karriere_url,karriere_name,karriere_match_score,karriere_emp_min,karriere_emp_max,karriere_employee_evidence,karriere_jobs,karriere_location_hit
PRISMA Zentrum für Standort- und Regionalentwicklung GmbH,3,salzburg; tirol; vorarlberg,5020 Salzburg | 6020 Innsbruck | 6850 Dornbirn,https://www.karriere.at/f/prisma-zentrum-f%C3%BCr-standort-und-regionalentwicklung-salzburg,PRISMA Zentrum für Standort- und Regionalentwicklung GmbH,100.0,1,10,Anzahl der Mitarbeiter*innen 1 - 10,13,True
AHCM Immobilienmanagement KG,1,salzburg,5162 Obertrum am See,https://www.karriere.at/f/zum-immobilienmanagement,ZUM Immobilienmanagement GmbH,90.9,11,30,Anzahl der Mitarbeiter*innen 11 - 30,13,False
Allgemeine Unfallversicherungs- Betriebsgesellschaft m.b.H.(AUVB),2,oberösterreich; salzburg,4020 Linz | 5020 Salzburg,https://www.karriere.at/f/jet-erp-betriebsgesellschaft,JET ERP Betriebsgesellschaft m.b.H.,86.7,31,50,Anzahl der Mitarbeiter*innen 31 - 50,23,True
Alpen Real Immobilien GmbH,2,oberösterreich; salzburg,4400 Steyr | 5020 Salzburg,https://www.karriere.at/f/alpen-real-immobilien,Alpen Real Immobilien GmbH,100.0,11,30,Anzahl der Mitarbeiter*innen 11 - 30,13,True
Altmann + Partner Immobilientreuhand GmbH,2,salzburg,5751 Maishofen,https://www.karriere.at/f/altmann,Altmann GmbH,100.0,1,10,Anzahl der Mitarbeiter*innen 1 - 10,69,False
Andreas Reitsammer,2,salzburg,5081 Anif | 5400 Hallein,https://www.karriere.at/f/kammerer-andreas,Kammerer Andreas,76.5,1,10,Anzahl der Mitarbeiter*innen 1 - 10,23,False
Andreas Wetzer Immo-Consulting e.U.,1,salzburg,5162 Obertrum am See,https://www.karriere.at/f/wr-consulting,WR Consulting GmbH,87.0,1,10,Anzahl der Mitarbeiter*innen 1 - 10,5,False
ART Immobilien e.U.,2,salzburg,5020 Salzburg,https://www.karriere.at/f/uk-immobilien,UK Immobilien GmbH,87.0,,,,0,True
Arzböck Immobilien GmbH,1,salzburg,5500 Bischofshofen,https://www.karriere.at/f/uk-immobilien,UK Immobilien GmbH,87.0,,,,0,False
Aschbacher Immobilientreuhänder OG,1,salzburg,5110 Oberndorf bei Salzburg,https://www.karriere.at/f/jt-immobilientreuh%C3%A4nder,JT Immobilientreuhänder GmbH,93.0,1,10,Anzahl der Mitarbeiter*innen 1 - 10,13,False
benreal Infra GmbH,1,salzburg,5301 Eugendorf,,,,,,,,
Bergmann & Partner GmbH,1,salzburg,5600 St.Johann/Pongau,https://www.karriere.at/f/c-bergmann,C. Bergmann KG,88.9,,,,2,False
Black Point Hausverwaltung GmbH,1,salzburg,5600 St.Johann/Pongau,https://www.karriere.at/f/isw-hausverwaltung,ISW Hausverwaltung GmbH,87.5,1,10,Anzahl der Mitarbeiter*innen 1 - 10,13,False
BLP Immobilien GmbH,1,salzburg,5020 Salzburg,https://www.karriere.at/f/pr-immobilien,PR Immobilien GmbH,88.9,,,,0,True
Brummermann & Co. Gesellschaft m.b.H.,1,salzburg,5020 Salzburg,,,,,,,,
Bundesimmobiliengesellschaft m.b.H.,21,kärnten; niederösterreich; oberösterreich; salzburg; steiermark; tirol; vorarlberg; wien,1020 Wien | 1030 Wien | 1040 Wien | 1090 Wien | 1100 Wien | 1170 Wien | 1190 Wien | 1200 Wien | 1210 Wien | 2700 Wiener Neustadt | 3100 St. Pölten | 4020 Linz | 5020 Salzburg | 6020 Innsbruck | 6800 Feldkirch | 8010 Graz | 9020 Klagenfurt am Wörthersee,,,,,,,,
BUWOG - Bauen und Wohnen Gesellschaft mbH,4,kärnten; salzburg; steiermark; wien,1010 Wien | 5020 Salzburg | 8020 Graz | 9500 Villach,https://www.karriere.at/f/bauen-wohnen-wohnbau,Bauen & Wohnen-Wohnbau GmbH,80.0,11,30,Anzahl der Mitarbeiter*innen 11 - 30,13,True
BUX Hausverwaltung GmbH,1,salzburg,5550 Radstadt,https://www.karriere.at/f/weiss-tessbach-hausverwaltung,Weiss-Tessbach Hausverwaltung GmbH,87.5,1,10,Anzahl der Mitarbeiter*innen 1 - 10,14,False
CE Verwaltungs GmbH,1,salzburg,5162 Obertrum am See,https://www.karriere.at/f/wesiak-haring-verwaltungs-gmbh,Wesiak Wien Verwaltungs GmbH,88.0,1,10,Anzahl der Mitarbeiter*innen 1 - 10,13,False
Christian Heim,1,salzburg,5020 Salzburg,https://www.karriere.at/f/christian-dierig-gmbh,Christian Dierig GmbH,80.0,11,30,Anzahl der Mitarbeiter*innen 11 - 30,5,True
Claudia Maier,1,salzburg,5113 Sankt Georgen bei Salzburg,https://www.karriere.at/f/maier,Maier GmbH,100.0,11,30,Anzahl der Mitarbeiter*innen 11 - 30,5,False
Daniela Ebner,1,salzburg,5023 Salzburg,https://www.karriere.at/f/mag-iur-daniela-wachsmann,Immobilienverwaltung Mag. Daniela Wachsmann,70.0,,,,0,True
Danninger Transport GmbH,1,salzburg,5411 Oberalm,,,,,,,,
Dr.Gerlich + Co.Hausverwaltung & Facility Management GmbH,1,salzburg,5020 Salzburg,https://www.karriere.at/f/dr-gerlich-hausverwaltung-und-facility-management,Dr.Gerlich & Co Hausverwaltung und Facility-Management GmbH,100.0,31,50,Anzahl der Mitarbeiter*innen 31 - 50,13,True
Ebster Betriebsimmobilien Service GmbH,1,salzburg,5302 Henndorf am Wallersee,https://www.karriere.at/f/oe-service,OE Service GmbH,82.4,11,30,Anzahl der Mitarbeiter*innen 11 - 30,23,False
EL Immobilienverwaltung GmbH,1,salzburg,5600 St.Johann/Pongau,https://www.karriere.at/f/res-immobilienverwaltung,RES Immobilienverwaltung,93.6,,,,2,False
"Elisabeth Anna Drack, M.B.A.",1,salzburg,5620 Schwarzach im Pongau,,,,,,,,
EUREAL Realitäten-Gesellschaft m.b.H.,1,salzburg,5020 Salzburg,https://www.karriere.at/f/woge-realit%C3%A4ten,Woge Realitäten Gesellschaft m.b.H.,92.1,11,30,Anzahl der Mitarbeiter*innen 11 - 30,13,True
F & S Real Estate Solutions GmbH,4,niederösterreich; salzburg; wien,1110 Wien | 2401 Fischamend | 3382 Loosdorf | 5204 Straßwalchen,https://www.karriere.at/f/solutions,Solutions,100.0,,,,14,True
Feldstein Immobilien GmbH,1,salzburg,5020 Salzburg,https://www.karriere.at/f/uk-immobilien,UK Immobilien GmbH,87.0,,,,0,True
Fidelius Immobilien & Services GmbH,1,salzburg,5082 Grödig,https://www.karriere.at/f/uk-immobilien,UK Immobilien GmbH,87.0,,,,0,False
Franz Schnugg,1,salzburg,5020 Salzburg,https://www.karriere.at/f/franz-dax,Franz Dax GmbH,71.4,1,10,Anzahl der Mitarbeiter*innen 1 - 10,13,True
Frieda Rustler Gebäudeverwaltung GmbH & Co KG,6,kärnten; oberösterreich; salzburg; steiermark; tirol; wien,1150 Wien | 4020 Linz | 5020 Salzburg | 6065 Thaur | 8010 Graz | 9020 Klagenfurt am Wörthersee,https://www.karriere.at/f/geb%C3%A4udeverwaltung-kienzl,Gebäudeverwaltung Kienzl GmbH,82.9,1,10,Anzahl der Mitarbeiter*innen 1 - 10,13,True
Friedrich Zagler,1,salzburg,5162 Obertrum am See,https://www.karriere.at/f/sadleder-friedrich,Sadleder Friedrich KG,82.4,1,10,Anzahl der Mitarbeiter*innen 1 - 10,47,False
Friesacher Immobilien GmbH,1,salzburg,5081 Anif,https://www.karriere.at/f/uk-immobilien,UK Immobilien GmbH,87.0,,,,0,False
Gangl & Partner OG,1,salzburg,5081 Anif,https://www.karriere.at/f/s3-partner,S3+Partner KG,82.4,1,10,Anzahl der Mitarbeiter*innen 1 - 10,23,False
Gertraud Brigitte Ramerstorfer,1,salzburg,5023 Salzburg,,,,,,,,
GU Bauconsulting KG,1,salzburg,5020 Salzburg,https://www.karriere.at/f/hp-bauconsulting,HP Bauconsulting GmbH,89.7,1,10,Anzahl der Mitarbeiter*innen 1 - 10,13,True
Ha-Part Immobilien GmbH,1,salzburg,5151 Nußdorf am Haunsberg,https://www.karriere.at/f/uk-immobilien,UK Immobilien GmbH,87.0,,,,0,False
Happy Homes Plus GmbH,1,salzburg,5020 Salzburg,https://www.karriere.at/f/bi-plus,BI plus GmbH,72.7,11,30,Anzahl der Mitarbeiter*innen 11 - 30,23,True
Hartl & Partner Immobilientreuhand GmbH,1,salzburg,5020 Salzburg,https://www.karriere.at/f/hartl-kg,Hartl & Co KG,100.0,11,30,Anzahl der Mitarbeiter*innen 11 - 30,16,False
Haus & Grund Immobilien Management GmbH,2,oberösterreich; salzburg,4020 Linz | 5020 Salzburg,https://www.karriere.at/f/haus-grund-immobilien-management,Haus & Grund Immobilien Management GmbH,100.0,11,30,Anzahl der Mitarbeiter*innen 11 - 30,13,True
Hechenberger GmbH,1,salzburg,5020 Salzburg,https://www.karriere.at/f/hechenberger-g%C3%BCnter,Hechenberger Günter OG,100.0,1,10,Anzahl der Mitarbeiter*innen 1 - 10,13,True
Helmut Berger Immobilien u. Hausverwaltungen GmbH,1,salzburg,5743 Krimml,https://www.karriere.at/f/uk-immobilien,UK Immobilien GmbH,87.0,,,,0,False
Herbert Sampl,2,salzburg,0662 231096 | 5582 St.Michael/Lungau,https://www.karriere.at/f/herbert-baldia,Herbert Baldia KG,74.1,101,500,Anzahl der Mitarbeiter*innen 101 - 500,15,False
Hermann Rieß GmbH,1,salzburg,0664 44 25 368,https://www.karriere.at/f/regger-hermann,Regger Hermann,80.0,,,,0,False
HGB Immobilien GmbH,1,salzburg,5721 Piesendorf,https://www.karriere.at/f/b3-immobilien,B3 Immobilien GmbH,88.9,11,30,Anzahl der Mitarbeiter*innen 11 - 30,13,False
"HGI Handels-, Gewerbe- und Industrieplanungsgesellschaft m.b.H.",1,salzburg,5101 Bergheim,https://www.karriere.at/f/h-b-handels-gmbh,h & b handels gmbh,100.0,1,10,Anzahl der Mitarbeiter*innen 1 - 10,69,False
HLV Immobilien GmbH,1,salzburg,5020 Salzburg,https://www.karriere.at/f/uhl-immobilien,Uhl Immobilien GmbH,92.9,1,10,Anzahl der Mitarbeiter*innen 1 - 10,15,False
HVKA Hausverwaltung Kammerer GmbH,1,salzburg,5020 Salzburg,https://www.karriere.at/f/isw-hausverwaltung,ISW Hausverwaltung GmbH,87.5,1,10,Anzahl der Mitarbeiter*innen 1 - 10,13,True
HVKA Home Value Kammerer GmbH,1,salzburg,5020 Salzburg,https://www.karriere.at/f/home-36,HOME 36 GmbH,72.7,1,10,Anzahl der Mitarbeiter*innen 1 - 10,69,True
HÖS Heimat Österreich Service GesmbH,1,salzburg,5102 Anthering,https://www.karriere.at/f/h%C3%B6s-heimat-%C3%B6sterreich-service,HÖS - Heimat Österreich Service GesmbH,100.0,31,50,Anzahl der Mitarbeiter*innen 31 - 50,13,False
I & Brand Immobilien OG,1,salzburg,5020 Salzburg,https://www.karriere.at/f/uk-immobilien,UK Immobilien GmbH,87.0,,,,0,True
IBT Verwaltung GmbH,1,salzburg,0662 882392 12,https://www.karriere.at/f/ibt-verwaltung-salzburg,IBT Verwaltung GmbH,100.0,11,30,Anzahl der Mitarbeiter*innen 11 - 30,13,False
IMMO - CONSULT Treuhand und Beratung GmbH,1,salzburg,5081 Anif,https://www.karriere.at/f/wl-consult,WL CONSULT GMBH,82.4,1,10,Anzahl der Mitarbeiter*innen 1 - 10,5,False
IMMO Oberndorfer Fazlali GmbH,1,salzburg,5020 Salzburg,https://www.karriere.at/f/oberndorfer,Oberndorfer GmbH,100.0,1,10,Anzahl der Mitarbeiter*innen 1 - 10,13,True
IMMO Schieferer GmbH,1,salzburg,5020 Salzburg,https://www.karriere.at/f/immo-oberndorfer-fazlali-schieferer,IMMO Oberndorfer Fazlali Schieferer GmbH,100.0,1,10,Anzahl der Mitarbeiter*innen 1 - 10,13,True
Immo-Pro Immobilien GmbH,7,kärnten; salzburg; steiermark; tirol; wien,1010 Wien | 5020 Salzburg | 6020 Innsbruck | 6322 Kirchbichl | 8010 Graz | 8700 Leoben | 9500 Villach,https://www.karriere.at/f/immo-pro-immobilien-gmbh,ImmoPro Immobilien GmbH,97.3,51,100,Anzahl der Mitarbeiter*innen 51 - 100,13,True
Immobilien Kroy OG,1,salzburg,5020 Salzburg,https://www.karriere.at/f/kmr-immobilien,KMR Immobilien GmbH,89.7,,,,13,True
Immobilien Ortner KG,1,salzburg,0662 641 645,https://www.karriere.at/f/ortner,ORTNER GmbH,100.0,51,100,Anzahl der Mitarbeiter*innen 51 - 100,62,False
Immobilienbüro Franz F. Hofmann Gesellschaft m.b.H.,1,salzburg,5020 Salzburg,https://www.karriere.at/f/franz-l%C3%B6schnig-gesellschaft,Franz Löschnig Gesellschaft m.b.H.,84.2,1,10,Anzahl der Mitarbeiter*innen 1 - 10,5,True
Immobilientreuhand Max Medig & Partner Gesellschaft m.b.H.,1,salzburg,5020 Salzburg,https://www.karriere.at/f/s-a-immobilientreuhand,S&A Immobilientreuhand GmbH,91.7,1,10,Anzahl der Mitarbeiter*innen 1 - 10,13,True
Immobilienverwaltung Schobesberger GmbH,1,salzburg,0043 (0)662 630093,https://www.karriere.at/f/iv-immobilienverwaltung,IV Immobilienverwaltung GmbH,93.0,11,30,Anzahl der Mitarbeiter*innen 11 - 30,13,False
IMMOVEWA GmbH,1,salzburg,5450 Werfen,,,,,,,,
Ingrid Ursula Kammerer,1,salzburg,5020 Salzburg,https://www.karriere.at/f/kammerer-andreas,Kammerer Andreas,68.4,1,10,Anzahl der Mitarbeiter*innen 1 - 10,23,True
IPC Project Consulting Gesellschaft m.b.H.,1,salzburg,5020 Salzburg,https://www.karriere.at/f/wr-consulting,WR Consulting GmbH,87.0,1,10,Anzahl der Mitarbeiter*innen 1 - 10,5,True
IVM Immobilien Verwaltung & Management GmbH,1,salzburg,5204 Straßwalchen,https://www.karriere.at/f/ig-immobilien-management,IG Immobilien Management GmbH,93.3,51,100,Anzahl der Mitarbeiter*innen 51 - 100,13,False
Johann Grubinger Consulting e.U.,1,salzburg,5303 Thalgau,https://www.karriere.at/f/wr-consulting,WR Consulting GmbH,87.0,1,10,Anzahl der Mitarbeiter*innen 1 - 10,5,False
KAPPACHER-SELINA Hausverwaltung GmbH,1,salzburg,5600 St.Johann/Pongau,https://www.karriere.at/f/kappacher-selina-hausverwaltung-gmbh,KAPPACHER-SELINA Hausverwaltung GmbH,100.0,31,50,Anzahl der Mitarbeiter*innen 31 - 50,13,False
Klaus Josef Angerer,1,salzburg,5020 Salzburg,,,,,,,,
Klebl Immobilien GmbH,3,niederösterreich; salzburg; wien,1010 Wien | 2345 Brunn am Gebirge | 5020 Salzburg,https://www.karriere.at/f/k%C3%B6ll-immobilien,KÖLL Immobilien GmbH,90.3,1,10,Anzahl der Mitarbeiter*innen 1 - 10,13,True
KOHLFÜRST Consulting Ges.m.b.H.,1,salzburg,5400 Hallein,https://www.karriere.at/f/wr-consulting,WR Consulting GmbH,87.0,1,10,Anzahl der Mitarbeiter*innen 1 - 10,5,False
Leitgöb Hausverwaltung GmbH,2,salzburg,5020 Salzburg | 5760 Saalfelden,https://www.karriere.at/f/leitg%C3%B6b-hausverwaltung,Leitgöb Hausverwaltung GmbH,100.0,1,10,Anzahl der Mitarbeiter*innen 1 - 10,13,True
Leopold Peer,1,salzburg,5020 Salzburg,https://www.karriere.at/f/tr%C3%BCnkel-leopold,Trünkel Leopold GmbH,73.7,101,500,Anzahl der Mitarbeiter*innen 101 - 500,5,False
Ludwig Haigermoser,1,salzburg,5400 Hallein,,,,,,,,
Mag. Eva Kaserer Immobilien und Hausverwaltung GmbH & Co. KG,1,salzburg,5020 Salzburg,https://www.karriere.at/f/mag-eva-kaserer-immobilien-hausverwaltung,Mag Eva Kaserer Immobilien & Hausverwaltung GmbH,100.0,1,10,Anzahl der Mitarbeiter*innen 1 - 10,10,True
Mag. Gerald Scharler,1,salzburg,5500 Bischofshofen,https://www.karriere.at/f/mag-harald-schuster,Mag. Harald Schuster,73.7,1,10,Anzahl der Mitarbeiter*innen 1 - 10,47,False
Mag. Klaus Winter,1,salzburg,5020 Salzburg,https://www.karriere.at/f/mag-klaus-berger-notar,Mag. Klaus Berger Notar,72.0,,,,47,True
Mag. Pia Christine Jacoby,1,salzburg,5020 Salzburg,,,,,,,,
Margret Maria Bergmann,1,salzburg,5630 Bad Hofgastein,https://www.karriere.at/f/c-bergmann,C. Bergmann KG,88.9,,,,2,False
Marlies Reitstätter,1,salzburg,5751 Maishofen,,,,,,,,
McArthurGlen Management Gesellschaft m.b.H.,2,burgenland; salzburg,5071 Wals-Siezenheim | 7111 Parndorf,https://www.karriere.at/f/mcarthurglen-management-parndorf,McArthurGlen Management Gesellschaft m.b.H.,100.0,31,50,Anzahl der Mitarbeiter*innen 31 - 50,13,True
mehr:wert Hausverwaltung GmbH,1,salzburg,5760 Saalfelden,https://www.karriere.at/f/isw-hausverwaltung,ISW Hausverwaltung GmbH,87.5,1,10,Anzahl der Mitarbeiter*innen 1 - 10,13,False
MERWEDE GmbH,1,salzburg,5743 Krimml,,,,,,,,
Niki Immobilien KG,1,salzburg,5061 Elsbethen,https://www.karriere.at/f/kir-immobilien,KIR Immobilien GmbH,89.7,1,10,Anzahl der Mitarbeiter*innen 1 - 10,13,False
"Norbert Sendlhofer, BA MSc MBA",1,salzburg,5452 Pfarrwerfen,https://www.karriere.at/f/sendlhofer-design,Sendlhofer Design GmbH,74.1,1,10,Anzahl der Mitarbeiter*innen 1 - 10,14,False
OM Objektmanagement GmbH,2,salzburg; wien,1100 Wien | 5020 Salzburg,https://www.karriere.at/f/om-objektmanagement,OM Objektmanagement GmbH,100.0,101,500,Anzahl der Mitarbeiter*innen 101 - 500,13,True
Optimus-Beteiligungsgesellschaft m.b.H.,1,salzburg,5020 Salzburg,https://www.karriere.at/f/hawle-beteiligungsgesellschaft,Hawle Beteiligungsgesellschaft m.b.H.,90.9,,,,1,True
Paul Josef Herzog,1,salzburg,5760 Saalfelden,https://www.karriere.at/f/herzog-bau,Herzog Bau GesmbH,75.0,51,100,Anzahl der Mitarbeiter*innen 51 - 100,13,False
PFG Liegenschaftsbewirtschaftungs GmbH &Co KG,2,salzburg; wien,1010 Wien | 5071 Wals-Siezenheim,,,,,,,,
PM 8 GmbH,1,salzburg,5302 Henndorf am Wallersee,,,,,,,,
Poetsch Immobilien GmbH,3,oberösterreich; salzburg,4950 Altheim | 5020 Salzburg | 5321 Koppl,https://www.karriere.at/f/poetsch-immobilien,Poetsch Immobilien GmbH,100.0,31,50,Anzahl der Mitarbeiter*innen 31 - 50,13,True
Porsche Immobilien Gesellschaft m.b.H.,1,salzburg,5020 Salzburg,https://www.karriere.at/f/porsche-immobilien,Porsche Immobilien Gesellschaft m.b.H.,100.0,51,100,Anzahl der Mitarbeiter*innen 51 - 100,13,True
PR Immobilien GmbH,1,salzburg,5020 Salzburg,https://www.karriere.at/f/pr-immobilien,PR Immobilien GmbH,100.0,,,,0,True
PRIMO IMMOBILIEN HAUSVERWALTUNG GESELLSCHAFT M.B.H.,1,salzburg,5081 Anif,https://www.karriere.at/f/primo,Primo GmbH,100.0,51,100,Anzahl der Mitarbeiter*innen 51 - 100,5,False
Real-Finanz-Gesellschaft m.b.H.,1,salzburg,5020 Salzburg,https://www.karriere.at/f/ka-finanz,KA Finanz AG,80.0,101,500,Anzahl der Mitarbeiter*innen 101 - 500,10,True
Realbüro Dr. Schmid Gesellschaft m.b.H.,1,salzburg,5020 Salzburg,https://www.karriere.at/f/schmid-1913,Schmid 1913 GmbH,70.6,1,10,Anzahl der Mitarbeiter*innen 1 - 10,14,True
REMplus GmbH,1,salzburg,5733 Bramberg am Wildkogel,,,,,,,,
Reset Gruppe GmbH,1,salzburg,5600 Sankt Johann im Pongau,https://www.karriere.at/f/mf-gruppe,MF GRUPPE,80.0,1,10,Anzahl der Mitarbeiter*innen 1 - 10,69,False
RG Beteiligungs GmbH,1,salzburg,5020 Salzburg,https://www.karriere.at/f/zellulosed%C3%A4mmstoffproduktion-cph-beteiligungs-gmbh-co-kg,Zellulosedämmstoffproduktion CPH Beteiligungs GmbH & Co KG,88.9,1,10,Anzahl der Mitarbeiter*innen 1 - 10,15,False
Saalfeldner Bauträger GmbH,1,salzburg,5760 Saalfelden,https://www.karriere.at/f/s1-bautr%C3%A4ger,S1 Bauträger GmbH,85.7,31,50,Anzahl der Mitarbeiter*innen 31 - 50,13,False
Salzburg Wohnbau GmbH,1,salzburg,5020 Salzburg,https://www.karriere.at/f/salzburg-wohnbau,Salzburg Wohnbau GmbH,100.0,101,500,Anzahl der Mitarbeiter*innen 101 - 500,13,True
SCHNELLINGER Immobilientreuhänder GmbH,1,salzburg,5020 Salzburg,https://www.karriere.at/f/schnellinger-immobilientreuh%C3%A4nder-salzburg,SCHNELLINGER Immobilientreuhänder GmbH,100.0,1,10,Anzahl der Mitarbeiter*innen 1 - 10,13,True
Schwaiger Planungs GmbH,1,salzburg,5020 Salzburg,https://www.karriere.at/f/p-p-planungs-gmbh-co-kg,P & P Planungs GmbH,72.7,1,10,Anzahl der Mitarbeiter*innen 1 - 10,13,True
Schwarz Immobilientreuhand GmbH,1,salzburg,5202 Neumarkt am Wallersee,https://www.karriere.at/f/gmk-immobilientreuhand,GMK Immobilientreuhand GmbH,90.0,1,10,Anzahl der Mitarbeiter*innen 1 - 10,13,False
Selina Verwaltung und Gebäudemanagement GmbH,1,salzburg,5020 Salzburg,https://www.karriere.at/f/mc-geb%C3%A4udemanagement,MC Gebäudemanagement GmbH,91.9,31,50,Anzahl der Mitarbeiter*innen 31 - 50,13,True
SES Center Management GmbH,8,kärnten; niederösterreich; oberösterreich; salzburg; steiermark; tirol; wien,1190 Wien | 2700 Wiener Neustadt | 3500 Krems an der Donau | 4910 Ried im Innkreis | 5020 Salzburg | 6020 Innsbruck | 8041 Graz | 9500 Villach,https://www.karriere.at/f/ses-center-management-wiener-neustadt,SES Center Management GmbH,100.0,31,50,Anzahl der Mitarbeiter*innen 31 - 50,69,True
Sieglinde Zarnhofer,1,salzburg,5580 Tamsweg,,,,,,,,
SITUP Management KG,1,salzburg,5300 Hallwang,https://www.karriere.at/f/rk-management,rk-management GmbH,87.0,1,10,Anzahl der Mitarbeiter*innen 1 - 10,5,False
Steiner & Wanner Wohnbau Gesellschaft mbH,1,salzburg,5550 Radstadt,https://www.karriere.at/f/%C3%B6wg-wohnbau,ÖWG Wohnbau,77.8,101,500,Anzahl der Mitarbeiter*innen 101 - 500,13,False
Stiller & Hohla Immobilientreuhänder GmbH,1,salzburg,5020 Salzburg,https://www.karriere.at/f/stiller-hohla-immobilientreuh%C3%A4nder,Stiller & Hohla Immobilientreuhänder GmbH,100.0,101,500,Anzahl der Mitarbeiter*innen 101 - 500,13,True
Stricker Beteiligungs GmbH,1,salzburg,5020 Salzburg,https://www.karriere.at/f/shi-beteiligungs-gmbh,SHI Beteiligungs GmbH,85.7,,,,0,True
SWB Real GmbH,1,salzburg,5580 Tamsweg,https://www.karriere.at/f/sb-real,SB REAL GmbH,93.3,,,,1,False
TFM Bau GmbH,1,salzburg,5020 Salzburg,https://www.karriere.at/f/tfm-bau,TFM Bau GmbH,100.0,31,50,Anzahl der Mitarbeiter*innen 31 - 50,13,True
UK Immobilien GmbH,1,salzburg,5020 Salzburg,https://www.karriere.at/f/uk-immobilien,UK Immobilien GmbH,100.0,,,,0,True
VALENCE Residential Development GmbH,1,salzburg,5163 Mattsee,https://www.karriere.at/f/wk-development,WK Development GmbH,88.0,1,10,Anzahl der Mitarbeiter*innen 1 - 10,13,False
VerwaltungsGmbH Pruckner,2,oberösterreich; salzburg,4203 Altenberg bei Linz | 5020 Salzburg,https://www.karriere.at/f/felbermair-errichungs-verwaltungsgmbh,Felbermair Errichungs- & VerwaltungsgmbH,76.9,70,70,über 70 Mitarbeiter,69,True
VO & RMI Immobilien GmbH,1,salzburg,5020 Salzburg,https://www.karriere.at/f/uk-immobilien,UK Immobilien GmbH,87.0,,,,0,True
Voggenberger Immobilien GmbH,1,salzburg,5082 Grödig,https://www.karriere.at/f/voggenberger-immobilien,VOGGENBERGER Immobilien GmbH,100.0,1,10,Anzahl der Mitarbeiter*innen 1 - 10,13,True
WAG Wohnungsanlagen Gesellschaft m.b.H.,7,oberösterreich; salzburg; steiermark; wien,1100 Wien | 4400 Steyr | 5020 Salzburg | 8020 Graz | 8570 Voitsberg | 8750 Judenburg | 8793 Trofaiach,https://www.karriere.at/f/wag-wohnungsanlagen,WAG Wohnungsanlagen Gesellschaft m.b.H.,100.0,,,,9,True
Wohnpark Liefering GmbH,1,salzburg,5020 Salzburg,https://www.karriere.at/f/fc-liefering,FC Liefering GmbH,85.7,1,10,Anzahl der Mitarbeiter*innen 1 - 10,23,True
Wolff & Galen Immobilientreuhänder GmbH,1,salzburg,5026 Salzburg,https://www.karriere.at/f/jt-immobilientreuh%C3%A4nder,JT Immobilientreuhänder GmbH,93.0,1,10,Anzahl der Mitarbeiter*innen 1 - 10,13,True
Wolfgang Strasser,1,salzburg,5340 Sankt Gilgen,https://www.karriere.at/f/strasser-co,Strasser GmbH & Co. KG,80.0,11,30,Anzahl der Mitarbeiter*innen 11 - 30,69,False
ÖBB-Immobilienmanagement Gesellschaft mbH,8,kärnten; niederösterreich; oberösterreich; salzburg; steiermark; tirol; wien,1020 Wien | 2700 Wiener Neustadt | 3100 St.Pölten | 4020 Linz | 5020 Salzburg | 6020 Innsbruck | 8020 Graz | 9500 Villach,https://www.karriere.at/f/zum-immobilienmanagement,ZUM Immobilienmanagement GmbH,90.9,11,30,Anzahl der Mitarbeiter*innen 11 - 30,13,True
"""Rottenmanner Bauträgergesellschaft"" Gesellschaft m.b.H.",1,steiermark,8786 Rottenmann,https://www.karriere.at/f/alt-neu-bautr%C3%A4gergesellschaft,Alt & Neu Bauträgergesellschaft mbH,77.8,1,10,Anzahl der Mitarbeiter*innen 1 - 10,13,False
111 gröbl wohnpark gösting entwicklungs gmbh,1,steiermark,8051 Graz,https://www.karriere.at/f/111-gr%C3%B6bl-wohnpark-g%C3%B6sting-entwicklungs-gmbh,111 gröbl wohnpark gösting entwicklungs gmbh,100.0,,,,13,True
ABM Real Estate GmbH,1,steiermark,8010 Graz,https://www.karriere.at/f/ivam-real-estate,IVAM Real Estate,90.3,1,10,Anzahl der Mitarbeiter*innen 1 - 10,13,True
Albin Schwarz,1,steiermark,8010 Graz,https://www.karriere.at/f/w-schwarz,W. Schwarz Gesellschaft m.b.H.,70.0,11,30,Anzahl der Mitarbeiter*innen 11 - 30,15,True
Alwog-Allgemeine Wohnbaugesellschaft m.b.H.,1,steiermark,8010 Graz,https://www.karriere.at/f/gemeinn%C3%BCtzige-wohnbaugesellschaft-villach-villach,Gemeinnützige Wohnbaugesellschaft mbH Villach,72.3,51,100,Anzahl der Mitarbeiter*innen 51 - 100,13,True
AMON GmbH,1,steiermark,8020 Graz,https://www.karriere.at/f/wilhelm-amon,AMON'S DELICIOUS CATERING GmbH,100.0,1,10,Anzahl der Mitarbeiter*innen 1 - 10,2,True
Anna Isabella Hoffmann-Gudehus,1,steiermark,8042 Graz,https://www.karriere.at/f/hoffmann-group,Hoffmann Group,72.7,1,10,Anzahl der Mitarbeiter*innen 1 - 10,69,True
Anton Wolfgang Habersack,1,steiermark,8670 Krieglach,,,,,,,,
APIS Immobilienservice e.U.,1,steiermark,8062 Kumberg,https://www.karriere.at/f/p17-immobilienservice,P17 Immobilienservice GmbH,89.5,,,,0,False
ARCTOS Immobilien Services GmbH & Co KG,1,steiermark,8280 Fürstenfeld,https://www.karriere.at/f/uk-immobilien,UK Immobilien GmbH,87.0,,,,0,False
ARIS Immobilientreuhand GmbH,1,steiermark,8010 Graz,https://www.karriere.at/f/gmk-immobilientreuhand,GMK Immobilientreuhand GmbH,90.0,1,10,Anzahl der Mitarbeiter*innen 1 - 10,13,True
Astoria RE GmbH,1,steiermark,8045 Graz,https://www.karriere.at/f/astoria-steuerberatung,Astoria Steuerberatung GmbH & Co KG,82.4,31,50,Anzahl der Mitarbeiter*innen 31 - 50,47,True
AT WiGa Investment und Beteiligungs GmbH,1,steiermark,8010 Graz,https://www.karriere.at/f/shi-beteiligungs-gmbh,SHI Beteiligungs GmbH,85.7,,,,0,True
Bauland Immobilienhandels & Verwaltungsgesellschaft m.b.H.,1,steiermark,8055 Graz,https://www.karriere.at/f/tricore-verwaltungsgesellschaft,TRICORE Verwaltungsgesellschaft m.b.H.,87.9,1,10,Anzahl der Mitarbeiter*innen 1 - 10,14,True
Bischof Immobilien Ges.m.b.H.,2,steiermark; wien,1010 Wien | 8750 Judenburg,https://www.karriere.at/f/uk-immobilien,UK Immobilien GmbH,87.0,,,,0,True
BUWOG Süd GmbH,2,kärnten; steiermark,8020 Graz | 9500 Villach,,,,,,,,
Böchzelt Immobilien GmbH,1,steiermark,8720 Knittelfeld,https://www.karriere.at/f/uk-immobilien,UK Immobilien GmbH,87.0,,,,0,False
Carolin Catharina Schmidt,1,steiermark,8047 Kainbach b.Graz,,,,,,,,
Christian Peter Hammerl,1,steiermark,8010 Graz,https://www.karriere.at/f/christian-pieler,Christian Pieler GmbH,72.0,1,10,Anzahl der Mitarbeiter*innen 1 - 10,10,True
Christine Josefa Schlacher,1,steiermark,8700 Leoben,,,,,,,,
CITYPARK GmbH,1,steiermark,8020 Graz,https://www.karriere.at/f/elithera-gesundheitszentrum-graz-citypark,Elithera Gesundheitszentrum Graz Citypark,100.0,,,,34,True
"Civ.ing. Harald Andreas Hainzl, MSc",1,steiermark,8530 Deutschlandsberg,https://www.karriere.at/f/andreas-auer,Andreas Auer GmbH,73.7,11,30,Anzahl der Mitarbeiter*innen 11 - 30,23,False
Concept Immobilientreuhand GmbH,1,steiermark,8020 Graz,https://www.karriere.at/f/gmk-immobilientreuhand,GMK Immobilientreuhand GmbH,90.0,1,10,Anzahl der Mitarbeiter*innen 1 - 10,13,True
CorPore Management Support GmbH,1,steiermark,8010 Graz,https://www.karriere.at/f/corpore,CorPore GmbH,100.0,1,10,Anzahl der Mitarbeiter*innen 1 - 10,153,True
dahir gmbh - Sozioökonomisches Immobilien Management,1,steiermark,8010 Graz,https://www.karriere.at/f/ig-immobilien-management,IG Immobilien Management GmbH,93.3,51,100,Anzahl der Mitarbeiter*innen 51 - 100,13,True
Degen Immobilien GmbH,2,steiermark,8010 Graz | 8302 Laßnitzhöhe,https://www.karriere.at/f/uk-immobilien,UK Immobilien GmbH,87.0,,,,0,True
Dieter Stefan Grach,1,steiermark,8044 Graz,https://www.karriere.at/f/stefan,Stefan GmbH & Co KG,75.0,31,50,Anzahl der Mitarbeiter*innen 31 - 50,13,True
Domizil Immobilientreuhänder GmbH,1,steiermark,8020 Graz,https://www.karriere.at/f/jt-immobilientreuh%C3%A4nder,JT Immobilientreuhänder GmbH,93.0,1,10,Anzahl der Mitarbeiter*innen 1 - 10,13,True
Dr. Andrea Hinteregger,1,steiermark,8076 Vasoldsberg,https://www.karriere.at/f/dr-andrea-rejzek,Dr. Andrea Rejzek,72.0,,,,34,False
Dr. Frowin Kaar,1,steiermark,8160 Weiz,,,,,,,,
Dr. Klaus Rainer,1,steiermark,8045 Graz,https://www.karriere.at/f/mag-dr-rainer-w-b%C3%B6hm,Mag. Dr. Rainer W. Böhm,75.0,1,10,Anzahl der Mitarbeiter*innen 1 - 10,47,True
Dr. Regina Maria Schedlberger,1,steiermark,8045 Graz,,,,,,,,
"Dr. Rudolf Galler, Immobilientreuhand GmbH",1,steiermark,8010 Graz,https://www.karriere.at/f/gmk-immobilientreuhand,GMK Immobilientreuhand GmbH,90.0,1,10,Anzahl der Mitarbeiter*innen 1 - 10,13,True
Dr. Ulrich Objektverwaltung GmbH,1,steiermark,8010 Graz,,,,,,,,
"Eva Bretterklieber, MSc",1,steiermark,8046 Stattegg,,,,,,,,
F.A.M. Realitäten Gesellschaft m.b.H.,1,steiermark,8020 Graz,https://www.karriere.at/f/woge-realit%C3%A4ten,Woge Realitäten Gesellschaft m.b.H.,93.5,11,30,Anzahl der Mitarbeiter*innen 11 - 30,13,True
FAIR Immobilientreuhand GmbH & Co KG,1,steiermark,8600 Bruck/Mur,https://www.karriere.at/f/s-a-immobilientreuhand,S&A Immobilientreuhand GmbH,91.7,1,10,Anzahl der Mitarbeiter*innen 1 - 10,13,False
FENOMEN Immobilien e.U.,1,steiermark,8430 Leibnitz,https://www.karriere.at/f/uk-immobilien,UK Immobilien GmbH,87.0,,,,0,False
Florian Franz Helmut Apfelbeck,1,steiermark,8010 Graz,https://www.karriere.at/f/franz-dax,Franz Dax GmbH,71.4,1,10,Anzahl der Mitarbeiter*innen 1 - 10,13,True
Franz Josef Holler GmbH,1,steiermark,8431 Gralla,https://www.karriere.at/f/josef-h%C3%B6ller,Josef Höller GmbH,100.0,1,10,Anzahl der Mitarbeiter*innen 1 - 10,69,False
Franz Menhart,1,steiermark,0699 11399884,https://www.karriere.at/f/franz-barta,Franz Barta GmbH,75.0,101,500,Anzahl der Mitarbeiter*innen 101 - 500,14,False
FREIRAUM Immobilien GmbH,1,steiermark,8582 Rosental/Kainach,https://www.karriere.at/f/uk-immobilien,UK Immobilien GmbH,87.0,,,,0,False
FRIPAL - Immobilienverwaltung GmbH,1,steiermark,8010 Graz,https://www.karriere.at/f/iv-immobilienverwaltung,IV Immobilienverwaltung GmbH,93.0,11,30,Anzahl der Mitarbeiter*innen 11 - 30,13,True
GBG Gebäude- und Baumanagement Graz GmbH,1,steiermark,8010 Graz,https://www.karriere.at/f/gbg-geb%C3%A4ude-und-baumanagement-graz,GBG Gebäude- und Baumanagement Graz GmbH,100.0,11,30,Anzahl der Mitarbeiter*innen 11 - 30,13,True
Gebäudeverwaltung Kienzl GmbH,1,steiermark,8010 Graz,https://www.karriere.at/f/geb%C3%A4udeverwaltung-kienzl,Gebäudeverwaltung Kienzl GmbH,100.0,1,10,Anzahl der Mitarbeiter*innen 1 - 10,13,True
"Gerhard Scheucher, MBA",1,steiermark,8010 Graz,https://www.karriere.at/f/ing-mag-dr-gerhard-schafelner,Ing. Mag. Dr. Gerhard Schafelner,68.0,1,10,Anzahl der Mitarbeiter*innen 1 - 10,5,True
Gertrude Truschnegg,1,steiermark,8041 Graz,,,,,,,,
Granit Immobilien GmbH,1,steiermark,8020 Graz,https://www.karriere.at/f/grand-immobilien,Grand Immobilien,90.9,1,10,Anzahl der Mitarbeiter*innen 1 - 10,13,True
GRAWE Immo AG,1,steiermark,8010 Graz,https://www.karriere.at/f/fawe-immo,FAWE Immo GmbH,84.2,11,30,Anzahl der Mitarbeiter*innen 11 - 30,13,True
Grill Immobilienverwaltung GmbH,1,steiermark,8983 Bad Mitterndorf,https://www.karriere.at/f/iv-immobilienverwaltung,IV Immobilienverwaltung GmbH,93.0,11,30,Anzahl der Mitarbeiter*innen 11 - 30,13,False
Grössing Wiese Bauträger GmbH,1,steiermark,8967 Haus,https://www.karriere.at/f/s1-bautr%C3%A4ger,S1 Bauträger GmbH,85.7,31,50,Anzahl der Mitarbeiter*innen 31 - 50,13,True
GWS Bau- und Verwaltungsgesellschaft m.b.H.,1,steiermark,8042 Graz,https://www.karriere.at/f/stadion-graz-liebenau-verm%C3%B6gensverwertungs-und-verwaltungsgesellschaft,Stadion Graz-Liebenau Vermögensverwertungs- und Verwaltungsgesellschaft m.b.H.,89.2,11,30,Anzahl der Mitarbeiter*innen 11 - 30,13,True
Günther Albert Theissl,1,steiermark,8530 Deutschlandsberg,https://www.karriere.at/f/g%C3%BCnther-lang,Günther Lang GmbH,73.7,,,,69,False
Hannes Herbst,1,steiermark,8077 Gössendorf,,,,,,,,
Hannes Stephan Parmetler,1,steiermark,8063 Eggersdorf bei Graz,,,,,,,,
Hausverwaltung Eder GmbH,1,steiermark,8010 Graz,https://www.karriere.at/f/isw-hausverwaltung,ISW Hausverwaltung GmbH,87.5,1,10,Anzahl der Mitarbeiter*innen 1 - 10,13,True
"Hausverwaltung J. Gombocz & Sohn ""Eigentum"" Gesellschaft m.b.H.",1,steiermark,8020 Graz,https://www.karriere.at/f/isw-hausverwaltung,ISW Hausverwaltung GmbH,87.5,1,10,Anzahl der Mitarbeiter*innen 1 - 10,13,True
Hausverwaltung Suppan GmbH,1,steiermark,8741 Weißkirchen/Stmk.,https://www.karriere.at/f/isw-hausverwaltung,ISW Hausverwaltung GmbH,87.5,1,10,Anzahl der Mitarbeiter*innen 1 - 10,13,False
Hausverwaltung und Immobilienmakler Purkarthofer Ges.m.b.H.,1,steiermark,8010 Graz,https://www.karriere.at/f/isw-hausverwaltung,ISW Hausverwaltung GmbH,87.5,1,10,Anzahl der Mitarbeiter*innen 1 - 10,13,True
Helmut Vucsina,1,steiermark,8793 Trofaiach,https://www.karriere.at/f/bein-helmut,Bein Helmut GmbH,72.0,11,30,Anzahl der Mitarbeiter*innen 11 - 30,69,False
Heureka Development & Consulting GmbH,1,steiermark,8160 Weiz,https://www.karriere.at/f/wk-development,WK Development GmbH,88.0,1,10,Anzahl der Mitarbeiter*innen 1 - 10,13,False
HIB Immobilien GmbH,1,steiermark,8020 Graz,https://www.karriere.at/f/kibb-immobilien,KIBB Immobilien GmbH,89.7,11,30,Anzahl der Mitarbeiter*innen 11 - 30,13,True
HKP fairwaltungsgmbh,1,steiermark,8010 Graz,,,,,,,,
HOELLER IMMOBILIEN GmbH,1,steiermark,8072 Fernitz-Mellach,https://www.karriere.at/f/uk-immobilien,UK Immobilien GmbH,87.0,,,,0,False
HSK Immobilien GmbH,1,steiermark,8041 Graz,https://www.karriere.at/f/uk-immobilien,UK Immobilien GmbH,88.9,,,,0,True
HV Hausverwaltung GmbH,1,steiermark,8850 Murau,https://www.karriere.at/f/weiss-tessbach-hausverwaltung,Weiss-Tessbach Hausverwaltung GmbH,90.3,1,10,Anzahl der Mitarbeiter*innen 1 - 10,14,False
HZ-Liegenschaftsverwaltungs GmbH & Co KG,1,steiermark,8273 Ebersdorf,https://www.karriere.at/f/domus-liegenschaftsverwaltungs-gesellschaft-m-b-h,DOMUS Liegenschaftsverwaltungs Gesellschaft m.b.H.,87.3,1,10,Anzahl der Mitarbeiter*innen 1 - 10,16,False
I&U Immobilientreuhand und Unternehmensberatung GmbH,1,steiermark,8042 Graz,https://www.karriere.at/f/ku-unternehmensberatung,KU Unternehmensberatung GmbH,93.0,1,10,Anzahl der Mitarbeiter*innen 1 - 10,47,True
I.G.W. Immobilien GmbH,1,steiermark,8054 Graz,https://www.karriere.at/f/uk-immobilien,UK Immobilien GmbH,87.0,,,,0,True
I.V.A. Immobilien Verwaltung Treuhand GmbH,1,steiermark,8010 Graz,https://www.karriere.at/f/ps-immobilien-treuhand,PS Immobilien Treuhand GmbH,92.7,1,10,Anzahl der Mitarbeiter*innen 1 - 10,13,True
IBM Stelzer GmbH,1,steiermark,8230 Hartberg,https://www.karriere.at/f/r-stelzer-b%C3%BCromaschinen-handelsgesmbh,R. Stelzer Büromaschinen Handelsges.m.b.H. & Co KG,77.8,11,30,Anzahl der Mitarbeiter*innen 11 - 30,69,False
Idest Group OG,1,steiermark,8321 St.Margarethen/Raab,https://www.karriere.at/f/ews-group,EWS Group,80.0,101,500,Anzahl der Mitarbeiter*innen 101 - 500,6,False
IHW Immobilientreuhand GmbH,1,steiermark,8230 Hartberg,https://www.karriere.at/f/cci-immobilientreuhand,CCI Immobilientreuhand GmbH,90.9,1,10,Anzahl der Mitarbeiter*innen 1 - 10,10,False
IMHA Management GmbH,1,steiermark,8010 Graz,https://www.karriere.at/f/lim-management-gmbh,LIM-MANAGEMENT GmbH,89.7,11,30,Anzahl der Mitarbeiter*innen 11 - 30,13,True
Immobilien Musker Gesellschaft m.b.H.,1,steiermark,8010 Graz,https://www.karriere.at/f/%C3%B6bv-immobilien-gesellschaft,ÖBV - IMMOBILIEN Gesellschaft m.b.H.,93.5,1,10,Anzahl der Mitarbeiter*innen 1 - 10,13,True
Immobilien Ogris KG,1,steiermark,8053 Graz,https://www.karriere.at/f/rs-immobilien,RS Immobilien GmbH,89.7,1,10,Anzahl der Mitarbeiter*innen 1 - 10,13,True
Immobilien Rothbart GmbH,1,steiermark,8600 Bruck/Mur,https://www.karriere.at/f/uk-immobilien,UK Immobilien GmbH,87.0,,,,0,False
Immobilien Tazl GmbH,1,steiermark,8160 Weiz,https://www.karriere.at/f/uk-immobilien,UK Immobilien GmbH,87.0,,,,0,False
Immobilien Weiz Treuhand GmbH,1,steiermark,8160 Weiz,https://www.karriere.at/f/ps-immobilien-treuhand,PS Immobilien Treuhand GmbH,92.7,1,10,Anzahl der Mitarbeiter*innen 1 - 10,13,False
Immobilienkrake e.U.,1,steiermark,8793 Trofaiach,,,,,,,,
Immobilientreuhand Färber-Lang e.U.,1,steiermark,8211 Albersdorf-Prebuch,https://www.karriere.at/f/gmk-immobilientreuhand,GMK Immobilientreuhand GmbH,90.0,1,10,Anzahl der Mitarbeiter*innen 1 - 10,13,False
Immobilientreuhand Geidorf GmbH & Co KG,1,steiermark,8010 Graz,https://www.karriere.at/f/s-a-immobilientreuhand,S&A Immobilientreuhand GmbH,91.7,1,10,Anzahl der Mitarbeiter*innen 1 - 10,13,True
Immobilientreuhand Mag. Stefan Jaklitsch GmbH,1,steiermark,8010 Graz,https://www.karriere.at/f/gmk-immobilientreuhand,GMK Immobilientreuhand GmbH,90.0,1,10,Anzahl der Mitarbeiter*innen 1 - 10,13,True
ImmobilienVerwaltung ALMAK Gesellschaft m.b.H.,1,steiermark,8551 Wies,https://www.karriere.at/f/iv-immobilienverwaltung,IV Immobilienverwaltung GmbH,93.0,11,30,Anzahl der Mitarbeiter*innen 11 - 30,13,False
Immobilienverwaltung Mag. Wölfl GmbH,1,steiermark,8700 Leoben,https://www.karriere.at/f/immobilienverwaltung-mag-manolito-w%C3%B6lfl,Immobilienverwaltung Mag. Wölfl GmbH,100.0,1,10,Anzahl der Mitarbeiter*innen 1 - 10,13,True
Immobilienverwaltung Schnepfleitner GmbH,1,steiermark,8962 Gröbming,https://www.karriere.at/f/iv-immobilienverwaltung,IV Immobilienverwaltung GmbH,93.0,11,30,Anzahl der Mitarbeiter*innen 11 - 30,13,False
Immobilienverwaltung Wieser KG,1,steiermark,8010 Graz,https://www.karriere.at/f/iv-immobilienverwaltung,IV Immobilienverwaltung GmbH,93.0,11,30,Anzahl der Mitarbeiter*innen 11 - 30,13,True
IMMOBILIX e.U.,2,niederösterreich; steiermark,3683 Yspertal | 8600 Bruck/Mur,,,,,,,,
IMMOCON Immobilien Consulting GmbH,1,steiermark,8020 Graz,https://www.karriere.at/f/wr-consulting,WR Consulting GmbH,87.0,1,10,Anzahl der Mitarbeiter*innen 1 - 10,5,True
IMMOcontract Real Estate Management GmbH,6,kärnten; niederösterreich; oberösterreich; steiermark; wien,1020 Wien | 1030 Wien | 2500 Baden | 4020 Linz | 8041 Graz | 9020 Klagenfurt am Wörthersee,https://www.karriere.at/f/immocontract-real-estate-management,IMMOcontract Real Estate Management GmbH,100.0,,,,0,True
ImmoSun Hausverwaltungs GmbH,1,steiermark,8073 Feldkirchen b.Graz,https://www.karriere.at/f/hv-24-hausverwaltungs-gmbh,HV 24 Hausverwaltungs GmbH,83.3,1,10,Anzahl der Mitarbeiter*innen 1 - 10,13,False
IMMOTAURUS Living & Management GmbH,1,steiermark,8010 Graz,https://www.karriere.at/f/rk-management,rk-management GmbH,87.0,1,10,Anzahl der Mitarbeiter*innen 1 - 10,69,False
IMOINVESTIC GmbH,1,steiermark,8960 Öblarn,,,,,,,,
IMS Immobilien Gesellschaft m.b.H.,1,steiermark,8020 Graz,https://www.karriere.at/f/%C3%B6bv-immobilien-gesellschaft,ÖBV - IMMOBILIEN Gesellschaft m.b.H.,93.5,1,10,Anzahl der Mitarbeiter*innen 1 - 10,13,True
IMS Kollegger GmbH,1,steiermark,0664 8317669,https://www.karriere.at/f/ims-h%C3%B6llinger,IMS Höllinger GmbH,76.9,,,,0,False
IMV Immobilien Management GmbH,4,niederösterreich; steiermark; wien,0316 90 303 | 1040 Wien | 2380 Perchtoldsdorf,https://www.karriere.at/f/imv-immobilien-management,IMV Immobilien Management GmbH,100.0,101,500,Anzahl der Mitarbeiter*innen 101 - 500,13,True
Increment Real Estate Management GmbH,1,steiermark,8055 Graz,https://www.karriere.at/f/web-estate-management,WEB Estate Management GmbH,89.5,1,10,Anzahl der Mitarbeiter*innen 1 - 10,47,True
Ing. Alfred Helmuth Pehserl,1,steiermark,8010 Graz,https://www.karriere.at/f/sterzer-alfred-dipl-ing,Sterzer Alfred Dipl-Ing GesmbH,65.3,1,10,Anzahl der Mitarbeiter*innen 1 - 10,10,True
Ing. Angelika Theresia Kulmer,1,steiermark,8181 St.Ruprecht/Raab,,,,,,,,
Ing. Claudia Zöberer,1,steiermark,8580 Kleinwöllmiß,,,,,,,,
Ing. Hermann Ferdinand Freitag,1,steiermark,8046 Graz,https://www.karriere.at/f/hermann-otto,Hermann Otto GmbH,73.7,,,,69,False
Ing. Johann Hirsch,1,steiermark,8665 Langenwang,https://www.karriere.at/f/ing-johann-schiessel,Ing. Johann Schiessel e.U.,74.1,1,10,Anzahl der Mitarbeiter*innen 1 - 10,23,False
Ing. Josef Schmuck,1,steiermark,8010 Graz,https://www.karriere.at/f/dipl-ing-josef-weichenberger-ziviltechniker,Dipl.-Ing. Josef Weichenberger Ziviltechniker GmbH,69.2,11,30,Anzahl der Mitarbeiter*innen 11 - 30,13,True
Ing. Mag. Schubert Immobilientreuhand GmbH,1,steiermark,8010 Graz,https://www.karriere.at/f/gmk-immobilientreuhand,GMK Immobilientreuhand GmbH,90.0,1,10,Anzahl der Mitarbeiter*innen 1 - 10,13,True
Ing. Peter Pleschberger,1,steiermark,8010 Graz,https://www.karriere.at/f/ing-klaus-peter-schuhmeier,Ing. Klaus Peter Schuhmeier,70.8,1,10,Anzahl der Mitarbeiter*innen 1 - 10,13,True
Ing. Simon Jurić,1,steiermark,8435 Leitring,,,,,,,,
Ing. Thomas Maier,1,steiermark,8472 Obervogau,https://www.karriere.at/f/maier,Maier GmbH,100.0,11,30,Anzahl der Mitarbeiter*innen 11 - 30,69,False
Innex Immobilien Treuhand GmbH,1,steiermark,8670 Krieglach,https://www.karriere.at/f/innex-immobilien-treuhand,InneX Immobilien Treuhand GmbH,100.0,1,10,Anzahl der Mitarbeiter*innen 1 - 10,13,False
IPG - Immobilien Partner GmbH,1,steiermark,8435 Leitring,https://www.karriere.at/f/ins-partner-immobilien,INS Partner Immobilien GmbH,90.9,1,10,Anzahl der Mitarbeiter*innen 1 - 10,13,False
IS Immo-Service GmbH,1,steiermark,8970 Schladming,https://www.karriere.at/f/oe-service,OE Service GmbH,82.4,11,30,Anzahl der Mitarbeiter*innen 11 - 30,23,False
IVN Immo GmbH,1,steiermark,8112 Gratwein,https://www.karriere.at/f/ve-immo,VE Immo GmbH,80.0,1,10,Anzahl der Mitarbeiter*innen 1 - 10,13,False
JCS Accounting & Estate OG,2,steiermark,8020 Graz | 8111 Judendorf,https://www.karriere.at/f/schmidt-partner-accounting-and-real-estate,Schmidt & Partner Accounting and Real Estate GmbH,91.3,,,,0,True
Joham Immobilien GmbH,1,steiermark,8072 Mellach,https://www.karriere.at/f/uk-immobilien,UK Immobilien GmbH,87.0,,,,0,False
JR Leistbares Wohnen Immobilienverwaltungs GmbH,1,steiermark,8200 Ludersdorf-Wilfersdorf,https://www.karriere.at/f/homebase-immobilienverwaltungs-gmbh,Homebase Immobilienverwaltungs GmbH,82.4,1,10,Anzahl der Mitarbeiter*innen 1 - 10,13,False
K100 Projektmanagement und Beteiligungs GmbH,1,steiermark,8010 Graz,https://www.karriere.at/f/nv-projektmanagement,NV Projektmanagement GmbH,91.9,1,10,Anzahl der Mitarbeiter*innen 1 - 10,13,True
KANNON Immobilienmanagement GmbH,1,steiermark,0316 930 23 03,https://www.karriere.at/f/zum-immobilienmanagement,ZUM Immobilienmanagement GmbH,90.9,11,30,Anzahl der Mitarbeiter*innen 11 - 30,13,False
Kanzlei Harald Altenbacher e.U.,1,steiermark,8041 Graz,https://www.karriere.at/f/kanzlei-zips,Kanzlei ZIPS,73.7,1,10,Anzahl der Mitarbeiter*innen 1 - 10,47,True
Karl Schwarzl Immobilien GmbH,1,steiermark,8301 Laßnitzhöhe,https://www.karriere.at/f/karl-schwarzl-immobilien,Karl Schwarzl Immobilien GmbH,100.0,1,10,Anzahl der Mitarbeiter*innen 1 - 10,13,True
Katja Lerchbacher,1,steiermark,8435 Wagna,,,,,,,,
Klaus Sommerauer,1,steiermark,8605 Kapfenberg,https://www.karriere.at/f/sommerauer-sl-technik,Sommerauer SL - Technik GmbH,76.9,31,50,Anzahl der Mitarbeiter*innen 31 - 50,15,False
KMP Immobilien GmbH,1,steiermark,8010 Graz,https://www.karriere.at/f/pmp-immobilien,PMP Immobilien GmbH,92.9,1,10,Anzahl der Mitarbeiter*innen 1 - 10,13,True
Kompetent Immobilien GmbH,1,steiermark,8141 Oberpremstätten,https://www.karriere.at/f/uk-immobilien,UK Immobilien GmbH,87.0,,,,0,False
Kovac Management GmbH,1,steiermark,8051 Graz,https://www.karriere.at/f/kovac-management,Kovac Management GmbH,100.0,1,10,Anzahl der Mitarbeiter*innen 1 - 10,10,True
Krenn Wohnbauservice KG,1,steiermark,8141 Premstätten,https://www.karriere.at/f/wohnbauservice-immobilien-bautr%C3%A4ger,Wohnbauservice Immobilien & Bauträger Ges.m.b.H.,82.4,1,10,Anzahl der Mitarbeiter*innen 1 - 10,13,False
Lackner & Lackner GmbH & Co. KG.,1,steiermark,0316 817088,https://www.karriere.at/f/dr-kaisergruber-dr-lackner-fach%C3%A4rztliche-ordination-f%C3%BCr-hauterkrankungen-und-venerologie,Dr. Kaisergruber & Dr. Lackner - Fachärztliche Ordination für Hauterkrankungen und Venerologie OG,100.0,1,10,Anzahl der Mitarbeiter*innen 1 - 10,34,False
Landeshauptstadt Graz,1,steiermark,0316 872-54 36,https://www.karriere.at/f/magistrat-der-landeshauptstadt-freistadt-eisenstadt,Magistrat der Landeshauptstadt Freistadt Eisenstadt,86.5,1,10,Anzahl der Mitarbeiter*innen 1 - 10,13,False
Lang & Partner Financial Advisory GmbH,1,steiermark,8010 Graz,https://www.karriere.at/f/s3-partner,S3+Partner KG,82.4,1,10,Anzahl der Mitarbeiter*innen 1 - 10,23,False
Lanzer Immobilien Gmbh,1,steiermark,8010 Graz,https://www.karriere.at/f/auer-immobilien,Auer Immobilien,87.5,1,10,Anzahl der Mitarbeiter*innen 1 - 10,13,True
Lasserus Immobilienverwaltungs GmbH,1,steiermark,8010 Graz,https://www.karriere.at/f/homebase-immobilienverwaltungs-gmbh,Homebase Immobilienverwaltungs GmbH,83.3,1,10,Anzahl der Mitarbeiter*innen 1 - 10,13,True
LOVT Immobilien GmbH,1,steiermark,8054 Graz,https://www.karriere.at/f/uk-immobilien,UK Immobilien GmbH,87.0,,,,0,True
LSH Facility GmbH,1,steiermark,8431 Gralla,https://www.karriere.at/f/top-facility-technology,Top Facility Technology GmbH,80.0,,,,0,False
LUC Facility- und Brandschutzmanagement e.U.,1,steiermark,8503 St. Josef/Wstmk.,https://www.karriere.at/f/fbg-facility-und-baumanagement,FBG Facility- und Baumanagement GmbH,75.0,11,30,Anzahl der Mitarbeiter*innen 11 - 30,13,False
Lukas Berthold Sutter,1,steiermark,8044 Graz,,,,,,,,
Länderrealitäten Hammerl GmbH & Co.KG.,1,steiermark,8010 Graz,https://www.karriere.at/f/l%C3%A4nderrealit%C3%A4ten-hammerl-gmbh-kg,Länderrealitäten Hammerl GmbH & Co KG,100.0,11,30,Anzahl der Mitarbeiter*innen 11 - 30,13,True
Mag. Christian Auer,1,steiermark,8010 Graz,https://www.karriere.at/f/ttc-training-beratung-mag-christian-jachs,TTC Training & Beratung e.U. Mag. Christian Jachs,83.9,1,10,Anzahl der Mitarbeiter*innen 1 - 10,23,True
Mag. Felix Reinhard Hohenberg,1,steiermark,8010 Graz,https://www.karriere.at/f/reinhard-fritz,Reinhard Fritz,72.7,1,10,Anzahl der Mitarbeiter*innen 1 - 10,5,True
Mag. Ferdinand Gaugeler,1,steiermark,8010 Graz,https://www.karriere.at/f/ferdinand-menrad-co,Ferdinand Menrad GmbH + Co. KG,72.0,,,,69,True
Mag. Harald Köppl,1,steiermark,8580 Köflach,https://www.karriere.at/f/k%C3%B6ppl,Köppl OG,100.0,1,10,Anzahl der Mitarbeiter*innen 1 - 10,69,False
Mag. Heidelinde Weissofner-Goriup,1,steiermark,0676 75 356 75,,,,,,,,
Mag. Humitsch Immobilien Verwaltungs GmbH,1,steiermark,8010 Graz,https://www.karriere.at/f/uk-immobilien,UK Immobilien GmbH,87.0,,,,0,True
Mag. Jasmine Glaser,1,steiermark,8051 Graz,,,,,,,,
Mag. Karin Irmgard Philipp,1,steiermark,8010 Graz,https://www.karriere.at/f/philipp-gady,Philipp Gady GmbH,73.7,,,,0,True
Mag. Karl Stessl,1,steiermark,8010 Graz,https://www.karriere.at/f/strasser-karl-mag-%C3%B6ffentlicher-notar,Strasser Karl Mag Öffentlicher Notar,69.6,1,10,Anzahl der Mitarbeiter*innen 1 - 10,47,True
Mag. Klaus Strohmeier e.U.,1,steiermark,8051 Graz,https://www.karriere.at/f/mag-klaus-berger-notar,Mag. Klaus Berger Notar,65.2,,,,47,True
Mag. Konstantin Florian Lasserus,1,steiermark,8010 Graz,https://www.karriere.at/f/notar-mag-florian-m%C3%BCller,Notar Mag. Florian Müller,62.9,1,10,Anzahl der Mitarbeiter*innen 1 - 10,47,True
Mag. Lesser Immobilienverwaltungs GmbH,2,steiermark,8020 Graz | 8750 Judenburg,https://www.karriere.at/f/homebase-immobilienverwaltungs-gmbh,Homebase Immobilienverwaltungs GmbH,83.9,1,10,Anzahl der Mitarbeiter*innen 1 - 10,13,True
"Mag. Michael Kres, LL.M.",1,steiermark,8462 Gamlitz,,,,,,,,
Mag. Oliver Felix Geissler,1,steiermark,8043 Graz,,,,,,,,
Mag. Patrizia Fellner,1,steiermark,8010 Graz,,,,,,,,
Mag. Peter Lichtenegger,1,steiermark,8051 Graz,https://www.karriere.at/f/mag-peter-hellmann,Mag. Peter Hellmann,66.7,1,10,Anzahl der Mitarbeiter*innen 1 - 10,47,True
Mag. Petra Maria Reisner,2,steiermark,8010 Graz | 8511 Stainz,,,,,,,,
Mag. Schneidhofer Immobilien e.U.,1,steiermark,8641 St.Marein/Mürztal,https://www.karriere.at/f/uk-immobilien,UK Immobilien GmbH,87.0,,,,0,False
Mag. Ursula Kölbl-Kasper,1,steiermark,8141 Unterpremstätten,,,,,,,,
Mag. Wolfgang Bachler,1,steiermark,8010 Graz,https://www.karriere.at/f/notariat-mag-wolfgang-glatz,Notariat Mag. Wolfgang Glatz,75.0,1,10,Anzahl der Mitarbeiter*innen 1 - 10,47,True
Maja Isabella Steinwender-Schmuck,1,steiermark,8010 Graz,https://www.karriere.at/f/viktor-steinwender,Viktor Steinwender Gesellschaft m.b.H.,60.0,11,30,Anzahl der Mitarbeiter*innen 11 - 30,69,True
Manuela Fasching,1,steiermark,8073 Feldkirchen b.Graz,https://www.karriere.at/f/fasching,Fasching OG,100.0,1,10,Anzahl der Mitarbeiter*innen 1 - 10,15,False
Marianne Strasser,1,steiermark,0043 (0)664 25 36 630,https://www.karriere.at/f/strasser-co,Strasser GmbH & Co. KG,80.0,11,30,Anzahl der Mitarbeiter*innen 11 - 30,69,False
Marsalek Immobilien GmbH,1,steiermark,8043 Graz,https://www.karriere.at/f/marschall-immobilien,Marschall Immobilien GmbH,87.2,1,10,Anzahl der Mitarbeiter*innen 1 - 10,13,True
Martha Schwab,1,steiermark,8164 Gutenberg,,,,,,,,
MAWIN Immobilien GmbH,1,steiermark,8010 Graz,https://www.karriere.at/f/uk-immobilien,UK Immobilien GmbH,87.0,,,,0,True
Max Mario Jäger,1,steiermark,8010 Graz,https://www.karriere.at/f/jager-pr,Jager PR,76.9,1,10,Anzahl der Mitarbeiter*innen 1 - 10,69,False
Mehrwert Liegenschaftsverwaltung GmbH,1,steiermark,8330 Feldbach,https://www.karriere.at/f/e-real-liegenschaftsverwaltung,E - REAL Liegenschaftsverwaltung GmbH,87.1,1,10,Anzahl der Mitarbeiter*innen 1 - 10,13,False
MEILAND Management GmbH,1,steiermark,8020 Graz,https://www.karriere.at/f/meiland-management,MEILAND Management GmbH,100.0,1,10,Anzahl der Mitarbeiter*innen 1 - 10,13,True
"Michael Siegfried Blažić, Dipl. IM",1,steiermark,8010 Graz,https://www.karriere.at/f/architekt-dipl-ing-obermair-michael,Architekt Dipl. Ing. Obermair Michael,62.7,1,10,Anzahl der Mitarbeiter*innen 1 - 10,13,True
Michaela Arbesleitner,1,steiermark,8600 Bruck an der Mur,,,,,,,,
Michaela Dorfer,1,steiermark,0316 83 18 69,,,,,,,,
MIVOG Immobilienverwertungs- und Verwaltungsgesellschaft m.b.H.,1,steiermark,8010 Graz,https://www.karriere.at/f/k%C3%B6z-immobilienverwertungs-gmbh,KÖZ Immobilienverwertungs GmbH,91.3,,,,13,True
MKI Moser Immobilien GmbH,1,steiermark,8850 Murau,https://www.karriere.at/f/uk-immobilien,UK Immobilien GmbH,87.0,,,,0,False
MSc Oliver Thalhamer,1,steiermark,8010 Graz,,,,,,,,
MyPropz Bauträger GmbH,1,steiermark,8054 Graz,https://www.karriere.at/f/s1-bautr%C3%A4ger,S1 Bauträger GmbH,85.7,31,50,Anzahl der Mitarbeiter*innen 31 - 50,13,True
oekopark Errichtungs GmbH,1,steiermark,8230 Hartberg,https://www.karriere.at/f/%C3%B6kopark-errichtungs-gmbh,Ökopark Errichtungs GmbH,97.4,11,30,Anzahl der Mitarbeiter*innen 11 - 30,23,True
OLBRICH Immobilientreuhand GmbH,1,steiermark,8700 Leoben,https://www.karriere.at/f/gmk-immobilientreuhand,GMK Immobilientreuhand GmbH,90.0,1,10,Anzahl der Mitarbeiter*innen 1 - 10,13,False
"Olga Schellenberger, BSc",1,steiermark,8280 Fürstenfeld,,,,,,,,
PAUSCHENWEIN immobilien GmbH & Co KG,1,steiermark,8511 St.Stefan o.Stainz,https://www.karriere.at/f/uk-immobilien,UK Immobilien GmbH,87.0,,,,0,False
Petra Friedrich,1,steiermark,8054 Graz,https://www.karriere.at/f/friedrich-lettner,Friedrich Lettner GmbH,81.2,1,10,Anzahl der Mitarbeiter*innen 1 - 10,13,True
Petzenhauser GmbH,1,steiermark,8295 St.Johann/Haide,,,,,,,,
Pilger Facility Management GmbH,1,steiermark,8010 Graz,https://www.karriere.at/f/smg-facility-management,SMG Facility Management GmbH,90.5,1,10,Anzahl der Mitarbeiter*innen 1 - 10,13,True
PUHV GmbH,1,steiermark,8010 Graz,,,,,,,,
Pures Bauen Immobilientreuhand GmbH,1,steiermark,8010 Graz,https://www.karriere.at/f/pures-bauen-immobilientreuhand,Pures Bauen Immobilientreuhand GmbH,100.0,1,10,Anzahl der Mitarbeiter*innen 1 - 10,13,True
RE Immobilienverwaltung GmbH,1,steiermark,8010 Graz,https://www.karriere.at/f/res-immobilienverwaltung,RES Immobilienverwaltung,97.9,,,,2,True
Realbüro Knitl Gesellschaft m.b.H.,1,steiermark,8753 Fohnsdorf,,,,,,,,
Realty Management DHSS GmbH,2,steiermark,8020 Graz | 8111 Judendorf,https://www.karriere.at/f/rk-management,rk-management GmbH,87.0,1,10,Anzahl der Mitarbeiter*innen 1 - 10,69,False
"Rene Christoph Fürntrath, BA, MA, MSc",1,steiermark,8211 Ilztal,,,,,,,,
RH1 Immobilien GmbH,1,steiermark,8010 Graz,https://www.karriere.at/f/rh1-immobilien,RH1 Immobilien GmbH,100.0,11,30,Anzahl der Mitarbeiter*innen 11 - 30,13,True
Richter Immobilientreuhand GmbH,1,steiermark,8010 Graz,https://www.karriere.at/f/richter-immobilientreuhand,Richter Immobilientreuhand GmbH,100.0,1,10,Anzahl der Mitarbeiter*innen 1 - 10,13,True
RIMMO Prime Hausverwaltung Nord GmbH,1,steiermark,8680 Mürzzuschlag,https://www.karriere.at/f/isw-hausverwaltung,ISW Hausverwaltung GmbH,87.5,1,10,Anzahl der Mitarbeiter*innen 1 - 10,13,False
Robert Anton Friedrich Waisocher,1,steiermark,8020 Graz,https://www.karriere.at/f/fritz-friedrich,Fritz Friedrich GesmbH,75.0,11,30,Anzahl der Mitarbeiter*innen 11 - 30,15,False
Rosemarie Lammer,1,steiermark,8442 St.Andrä-Höch,https://www.karriere.at/f/lammer-tec,LAMMER TEC GmbH,75.0,1,10,Anzahl der Mitarbeiter*innen 1 - 10,15,False
RST Realitäten-Service-Treuhand GmbH,1,steiermark,8200 Gleisdorf,https://www.karriere.at/f/dk-realit%C3%A4ten,DK Realitäten GmbH,87.0,1,10,Anzahl der Mitarbeiter*innen 1 - 10,13,False
RVW GmbH,1,steiermark,8042 Graz,,,,,,,,
s IM Immobilien Management GmbH,1,steiermark,8010 Graz,https://www.karriere.at/f/imv-immobilien-management,IMV Immobilien Management GmbH,94.1,101,500,Anzahl der Mitarbeiter*innen 101 - 500,13,True
S&A Immobilientreuhand GmbH,1,steiermark,8413 St.Georgen/Stiefing,https://www.karriere.at/f/s-a-immobilientreuhand,S&A Immobilientreuhand GmbH,100.0,1,10,Anzahl der Mitarbeiter*innen 1 - 10,13,False
Schantl ITH Immobilientreuhand GmbH,1,steiermark,8041 Graz,https://www.karriere.at/f/schantl-ith-immobilientreuhand-wien,Schantl ITH Immobilientreuhand GmbH,100.0,1,10,Anzahl der Mitarbeiter*innen 1 - 10,5,True
Schönberg Immobilientreuhand GmbH,1,steiermark,8010 Graz,https://www.karriere.at/f/sch%C3%B6nberg-immobilientreuhand,Schönberg Immobilientreuhand GmbH,100.0,11,30,Anzahl der Mitarbeiter*innen 11 - 30,13,True
Seifert Immobilien GmbH,1,steiermark,8045 Graz,https://www.karriere.at/f/uk-immobilien,UK Immobilien GmbH,87.0,,,,0,True
Semmernegg Immobilien GmbH,1,steiermark,8551 Wies,https://www.karriere.at/f/uk-immobilien,UK Immobilien GmbH,87.0,,,,0,False
SERIA Immobilien & Treuhand GmbH,1,steiermark,8010 Graz,https://www.karriere.at/f/ps-immobilien-treuhand,PS Immobilien Treuhand GmbH,92.7,1,10,Anzahl der Mitarbeiter*innen 1 - 10,13,True
SF Bau KG,1,steiermark,8501 Spatenhof,https://www.karriere.at/f/tfm-bau,TFM Bau GmbH,76.9,31,50,Anzahl der Mitarbeiter*innen 31 - 50,13,False
Silver Panther Immo GmbH,1,steiermark,8753 Dietersdorf,https://www.karriere.at/f/ve-immo,VE Immo GmbH,72.7,1,10,Anzahl der Mitarbeiter*innen 1 - 10,13,False
SMG Facility Management GmbH,1,steiermark,8010 Graz,https://www.karriere.at/f/smg-facility-management,SMG Facility Management GmbH,100.0,1,10,Anzahl der Mitarbeiter*innen 1 - 10,13,True
SOB Bauträger GmbH,1,steiermark,8010 Graz,https://www.karriere.at/f/s1-bautr%C3%A4ger,S1 Bauträger GmbH,88.0,31,50,Anzahl der Mitarbeiter*innen 31 - 50,13,True
SPA & GOLF RESORT Bad Waltersdorf GmbH,1,steiermark,8344 Bad Gleichenberg,https://www.karriere.at/f/fe-resort,FE Resort GmbH,80.0,,,,0,False
Spiti Immobilien GmbH,1,steiermark,8561 Söding-St.Johann,https://www.karriere.at/f/uk-immobilien,UK Immobilien GmbH,87.0,,,,0,False
Stefan Grach,1,steiermark,8044 Graz,https://www.karriere.at/f/stefan,Stefan GmbH & Co KG,75.0,31,50,Anzahl der Mitarbeiter*innen 31 - 50,13,True
Steirische Wirtschaftsförderungsgesellschaft m.b.H.,1,steiermark,8020 Graz,https://www.karriere.at/f/steirische-wirtschaftsf%C3%B6rderungsgesellschaft-sfg,Steirische Wirtschaftsförderungs­gesellschaft m.b.H. SFG,100.0,51,100,Anzahl der Mitarbeiter*innen 51 - 100,153,True
STIA Immo GmbH,1,steiermark,8010 Graz,https://www.karriere.at/f/stia-immo,STIA Immo GmbH,100.0,1,10,Anzahl der Mitarbeiter*innen 1 - 10,13,True
Strohmaier Holding GmbH,1,steiermark,8750 Judenburg,https://www.karriere.at/f/vh-holding,VH Holding GmbH,82.4,,,,69,False
Supernova Invest GmbH,1,steiermark,8010 Graz,https://www.karriere.at/f/supernova-invest,Supernova Invest GmbH,100.0,51,100,Anzahl der Mitarbeiter*innen 51 - 100,13,True
Technopark Raaba Projektentwicklung GmbH,1,steiermark,0316 29 10 24,https://www.karriere.at/f/rp-projektentwicklung,RP Projektentwicklung GmbH,92.3,1,10,Anzahl der Mitarbeiter*innen 1 - 10,13,False
Thomann & Partner Immobilienverwaltung KG,1,steiermark,8010 Graz,https://www.karriere.at/f/vlk-partner-immobilienverwaltung,Vlk & Partner Immobilienverwaltung GmbH,94.1,1,10,Anzahl der Mitarbeiter*innen 1 - 10,13,True
Thomas Johannes Hafner,1,steiermark,8010 Graz,https://www.karriere.at/f/mag-steinhuber-thomas-johannes,Mag. Steinhuber Thomas Johannes,81.1,1,10,Anzahl der Mitarbeiter*innen 1 - 10,47,True
Tieber Immobilien GmbH,1,steiermark,8010 Graz,https://www.karriere.at/f/seeber-immobilien,Seeber Immobilien,88.2,,,,13,True
Tobias Josef Griesshofer,1,steiermark,8990 Bad Aussee,,,,,,,,
Tooo-Immo Immobilien Ges.m.b.H.,1,steiermark,8572 Bärnbach,https://www.karriere.at/f/uk-immobilien,UK Immobilien GmbH,87.0,,,,0,False
TOP SPEED Immobilien e.U.,1,steiermark,8970 Schladming,https://www.karriere.at/f/uk-immobilien,UK Immobilien GmbH,87.0,,,,0,False
TOPOS Hausverwaltung GmbH,1,steiermark,8341 Paldau,https://www.karriere.at/f/isw-hausverwaltung,ISW Hausverwaltung GmbH,87.5,1,10,Anzahl der Mitarbeiter*innen 1 - 10,13,False
Trenker REAL GmbH,2,niederösterreich; steiermark,2700 Wiener Neustadt | 8074 Raaba,https://www.karriere.at/f/trenker-real,Trenker REAL GmbH,100.0,1,10,Anzahl der Mitarbeiter*innen 1 - 10,13,True
TRUDOMO GMBH,1,steiermark,8054 Seiersberg-Pirka,,,,,,,,
U4 Immobilien Consulting GmbH,1,steiermark,8940 Liezen,https://www.karriere.at/f/4m-immobilien-consulting-co,4M Immobilien&Consulting GmbH & CO KG,93.3,1,10,Anzahl der Mitarbeiter*innen 1 - 10,13,False
Ulrike Susanne Güttl,1,steiermark,8047 Hart b.Graz,,,,,,,,
Ulrike Wister,2,steiermark,8020 Graz | 8044 Graz,,,,,,,,
Valentina Kahr,1,steiermark,8010 Graz,https://www.karriere.at/f/kahr,Kahr GmbH,100.0,1,10,Anzahl der Mitarbeiter*innen 1 - 10,15,False
VAXANA Immobilien und Immobiliendienstleistungen Gesellschaft m.b.H.,1,steiermark,8225 Pöllau,https://www.karriere.at/f/%C3%B6bv-immobilien-gesellschaft,ÖBV - IMMOBILIEN Gesellschaft m.b.H.,93.5,1,10,Anzahl der Mitarbeiter*innen 1 - 10,13,False
Venta Immobilien Service GmbH,1,steiermark,8010 Graz,https://www.karriere.at/f/venta-immobilien-service,Venta Immobilien Service GmbH,100.0,11,30,Anzahl der Mitarbeiter*innen 11 - 30,13,True
Verde Immobilientreuhand GmbH & Co KG,1,steiermark,8010 Graz,https://www.karriere.at/f/s-a-immobilientreuhand,S&A Immobilientreuhand GmbH,91.7,1,10,Anzahl der Mitarbeiter*innen 1 - 10,13,True
Veronika Anna Klauser,1,steiermark,8010 Graz,,,,,,,,
Victoria Projektentwicklungs GmbH,1,steiermark,8120 Peggau,https://www.karriere.at/f/compact-projektentwicklungs-gmbh,Compact Projektentwicklungs GmbH,83.6,1,10,Anzahl der Mitarbeiter*innen 1 - 10,13,False
Viva Domus Real Estate GmbH,1,steiermark,8045 Weinitzen,https://www.karriere.at/f/mg-real-estate,MG Real Estate GmbH,88.0,1,10,Anzahl der Mitarbeiter*innen 1 - 10,13,False
Vivento Immobilien GmbH,2,steiermark; wien,1020 Wien | 8010 Graz,https://www.karriere.at/f/uk-immobilien,UK Immobilien GmbH,87.0,,,,0,True
VOBIS KOMMUNALBAU GmbH,1,steiermark,8580 Köflach,,,,,,,,
Volksbank Salzburg Immobilien GmbH,1,steiermark,8990 Bad Aussee,https://www.karriere.at/f/volksbank-salzburg-eg,Volksbank Salzburg eG,92.3,,,,3,False
Wagner Immobilien Management GmbH,1,steiermark,8043 Graz,https://www.karriere.at/f/wagner-immobilien-management,Wagner Immobilien Management GmbH,100.0,1,10,Anzahl der Mitarbeiter*innen 1 - 10,13,True
WEG Verwaltungs GmbH,1,steiermark,8041 Graz,https://www.karriere.at/f/aga-verwaltungs-gmbh,AGA Verwaltungs-GmbH,86.7,31,50,Anzahl der Mitarbeiter*innen 31 - 50,23,True
WEGRAZ Gesellschaft für Stadterneuerung und Assanierung m.b.H.,1,steiermark,8010 Graz,https://www.karriere.at/f/wegraz-gesellschaft-f%C3%BCr-stadterneuerung-und-assanierung,WEGRAZ Gesellschaft für Stadterneuerung und Assanierung m.b.H.,100.0,11,30,Anzahl der Mitarbeiter*innen 11 - 30,13,True
WEGRAZ Haring Projektentwicklungs GmbH,1,steiermark,8020 Graz,https://www.karriere.at/f/compact-projektentwicklungs-gmbh,Compact Projektentwicklungs GmbH,82.6,1,10,Anzahl der Mitarbeiter*innen 1 - 10,13,True
Weinberger Biletti Immobilien Graz GmbH,1,steiermark,8010 Graz,https://www.karriere.at/f/weinberger-biletti-immobilien-graz,Weinberger Biletti Immobilien Graz GmbH,100.0,11,30,Anzahl der Mitarbeiter*innen 11 - 30,13,True
WESIAK Gesellschaft m.b.H.,1,steiermark,8010 Graz,https://www.karriere.at/f/wesiak,Wesiak Gesellschaft m.b.H.,100.0,11,30,Anzahl der Mitarbeiter*innen 11 - 30,13,True
WIWA Immobilien e.U.,1,steiermark,8230 Hartberg,https://www.karriere.at/f/uk-immobilien,UK Immobilien GmbH,87.0,,,,0,False
Wohin Immobilien GmbH,1,steiermark,0664 244 01 67,https://www.karriere.at/f/uk-immobilien,UK Immobilien GmbH,87.0,,,,0,False
Wohnraumwerk Bauträger- und Projektentwicklungs GmbH,1,steiermark,8020 Graz,https://www.karriere.at/f/wohnraumwerk-bautr%C3%A4ger-und-projektentwicklungs-gmbh,Wohnraumwerk Bauträger und Projektentwicklungs GmbH,100.0,11,30,Anzahl der Mitarbeiter*innen 11 - 30,13,True
WSB Immobilien GmbH,1,steiermark,8072 Fernitz-Mellach,https://www.karriere.at/f/wob-immobilien,wob Immobilien GmbH,92.9,11,30,Anzahl der Mitarbeiter*innen 11 - 30,13,False
YP Immobilien GmbH,1,steiermark,8720 Knittelfeld,https://www.karriere.at/f/pr-immobilien,PR Immobilien GmbH,92.3,,,,0,False
ZACH & PARTNER - Immobilientreuhand GmbH,1,steiermark,8045 Graz,https://www.karriere.at/f/s-a-immobilientreuhand,S&A Immobilientreuhand GmbH,91.7,1,10,Anzahl der Mitarbeiter*innen 1 - 10,13,True
Zelzer Real Estate GmbH,1,steiermark,8055 Graz,https://www.karriere.at/f/mg-real-estate,MG Real Estate GmbH,88.0,1,10,Anzahl der Mitarbeiter*innen 1 - 10,13,True
Zirm Immobilien GmbH,2,steiermark; tirol,6020 Innsbruck | 8010 Graz,https://www.karriere.at/f/kir-immobilien,KIR Immobilien GmbH,89.7,1,10,Anzahl der Mitarbeiter*innen 1 - 10,13,True
'STADTENTWICKLUNGSFONDS KORNEUBURG',1,niederösterreich,2100 Korneuburg,https://www.karriere.at/f/mondi-korneuburg,MONDI KORNEUBURG GMBH,76.9,101,500,Anzahl der Mitarbeiter*innen 101 - 500,69,True
1140 Wien Grundstücks- und Vermögensverwaltung GmbH,1,niederösterreich,1140 Wien Grundstücks- und Vermögensverwaltung GmbH,https://www.karriere.at/f/lotos-verm%C3%B6gensverwaltung,LOTOS Vermögensverwaltung GmbH,86.4,1,10,Anzahl der Mitarbeiter*innen 1 - 10,13,False
AGImmobilien GmbH,1,niederösterreich,2340 Mödling,,,,,,,,
Andreas Forster,1,niederösterreich,2384 Breitenfurt bei Wien,https://www.karriere.at/f/andreas-auer,Andreas Auer GmbH,74.1,11,30,Anzahl der Mitarbeiter*innen 11 - 30,23,False
Andreas Macheiner,1,niederösterreich,2722 Weikersdorf am Steinfelde,https://www.karriere.at/f/mag-andreas-raffeiner,Mag. Andreas Raffeiner GmbH,78.9,11,30,Anzahl der Mitarbeiter*innen 11 - 30,2,False
APL Immobilientreuhand GmbH,1,niederösterreich,2380 Perchtoldsdorf,https://www.karriere.at/f/s-a-immobilientreuhand,S&A Immobilientreuhand GmbH,90.0,1,10,Anzahl der Mitarbeiter*innen 1 - 10,13,False
APPL-IMPULS Verwaltungs & Handels GmbH.,1,niederösterreich,3400 Klosterneuburg,https://www.karriere.at/f/lsu-verwaltungs-gmbh,LSU Verwaltungs GmbH,84.6,1,10,Anzahl der Mitarbeiter*innen 1 - 10,2,False
AREVIT Immobilien-Development GmbH,1,niederösterreich,3400 Klosterneuburg,https://www.karriere.at/f/noe-immobilien-development,NOE Immobilien Development GmbH,91.7,1,10,Anzahl der Mitarbeiter*innen 1 - 10,13,False
Artner Immobilienmanagement GmbH,1,niederösterreich,2435 Ebergassing,https://www.karriere.at/f/zum-immobilienmanagement,ZUM Immobilienmanagement GmbH,90.9,11,30,Anzahl der Mitarbeiter*innen 11 - 30,13,False
at home Immobilien-GmbH,2,niederösterreich; wien,1170 Wien | 2700 Wiener Neustadt,https://www.karriere.at/f/at-home-immobilien-gmbh,at home Immobilien-GmbH,100.0,1,10,Anzahl der Mitarbeiter*innen 1 - 10,13,True
AUREA Hausverwaltung KG,2,niederösterreich; wien,1040 Wien | 3400 Klosterneuburg,https://www.karriere.at/f/aurea-hausverwaltung,aurea Hausverwaltung KG,100.0,1,10,Anzahl der Mitarbeiter*innen 1 - 10,13,True
AV-Holding Beteiligungs GmbH,1,niederösterreich,3100 St.Pölten,https://www.karriere.at/f/shi-beteiligungs-gmbh,SHI Beteiligungs GmbH,85.7,,,,0,False
Banner Hausverwaltung e.U.,1,niederösterreich,2263 Waidendorf,https://www.karriere.at/f/isw-hausverwaltung,ISW Hausverwaltung GmbH,87.5,1,10,Anzahl der Mitarbeiter*innen 1 - 10,13,False
BAUMEGGER UND PARTNER OG,1,niederösterreich,2700 Wiener Neustadt,https://www.karriere.at/f/maj-partner,Maj & Partner KG,84.6,1,10,Anzahl der Mitarbeiter*innen 1 - 10,16,False
BIT Immobilienverwaltung GmbH,1,niederösterreich,2460 Bruck an der Leitha,https://www.karriere.at/f/iv-immobilienverwaltung,IV Immobilienverwaltung GmbH,93.6,11,30,Anzahl der Mitarbeiter*innen 11 - 30,13,False
Bittermann Immobilien GmbH,1,niederösterreich,3110 Neidling,https://www.karriere.at/f/e-mittermann-immobilien,E. Mittermann Immobilien GmbH,90.9,1,10,Anzahl der Mitarbeiter*innen 1 - 10,13,False
Brigitte Pfleger,1,niederösterreich,2512 Traiskirchen,https://www.karriere.at/f/alex-pfleger,Alex Pfleger GmbH,73.7,1,10,Anzahl der Mitarbeiter*innen 1 - 10,69,False
Brugger & Brugger ImmoConsulting GmbH,1,niederösterreich,2700 Wiener Neustadt,,,,,,,,
CCI Immobilienentwicklung GmbH,1,niederösterreich,2380 Perchtoldsdorf,https://www.karriere.at/f/technologiezentren-und-immobilienentwicklung-burgenland,Technologiezentren und Immobilienentwicklung Burgenland GmbH,91.3,11,30,Anzahl der Mitarbeiter*innen 11 - 30,47,False
CEE/China Trade and Brokerage Consulting GmbH,1,niederösterreich,2734 Puchberg am Schneeberg,https://www.karriere.at/f/wr-consulting,WR Consulting GmbH,87.0,1,10,Anzahl der Mitarbeiter*innen 1 - 10,5,False
Christiana Meixner,1,niederösterreich,2500 Baden,,,,,,,,
Christine Cäcilia Zeilner,2,niederösterreich; wien,1060 Wien | 3400 Weidling,,,,,,,,
Claudia Zinner-Hinterwallner,1,niederösterreich,3100 St.Pölten,,,,,,,,
CPL GmbH,1,niederösterreich,3644 Emmersdorf an der Donau,,,,,,,,
Das Neue Wohnen GmbH,1,niederösterreich,2351 Wiener Neudorf,https://www.karriere.at/f/bam-wohnen,BAM.wohnen GmbH,75.0,11,30,Anzahl der Mitarbeiter*innen 11 - 30,69,True
delop GmbH,1,niederösterreich,3013 Tullnerbach,,,,,,,,
Die Hausverwalter Pro Immo GesmbH,1,niederösterreich,3300 Amstetten,https://www.karriere.at/f/ve-immo,VE Immo GmbH,72.7,1,10,Anzahl der Mitarbeiter*innen 1 - 10,13,True
Die VERWALTER Immobilien Treuhand GmbH,1,niederösterreich,2533 Klausen-Leopoldsdorf,https://www.karriere.at/f/ps-immobilien-treuhand,PS Immobilien Treuhand GmbH,92.7,1,10,Anzahl der Mitarbeiter*innen 1 - 10,13,False
DIGI Real Holding GmbH,1,niederösterreich,3244 Ruprechtshofen,https://www.karriere.at/f/corag-real-estate-holding,CORAG Real Estate Holding GmbH,82.8,1,10,Anzahl der Mitarbeiter*innen 1 - 10,13,False
Dipl.-Ing. Werner Weißensteiner,1,niederösterreich,3400 Klosterneuburg,,,,,,,,
DMK Immobilien GmbH,1,niederösterreich,3451 Pixendorf,https://www.karriere.at/f/uk-immobilien,UK Immobilien GmbH,88.9,,,,0,False
DPL Verwaltungs GmbH,1,niederösterreich,3601 Dürnstein,https://www.karriere.at/f/lsu-verwaltungs-gmbh,LSU Verwaltungs GmbH,86.7,1,10,Anzahl der Mitarbeiter*innen 1 - 10,2,False
Dr. Böck Immobilien Treuhand GmbH,1,niederösterreich,2500 Baden,https://www.karriere.at/f/ps-immobilien-treuhand,PS Immobilien Treuhand GmbH,92.7,1,10,Anzahl der Mitarbeiter*innen 1 - 10,13,False
Dr. Friedrich Noszek GmbH,2,niederösterreich; wien,1030 Wien | 2651 Reichenau an der Rax,https://www.karriere.at/f/immobilienverwaltung-dr-friedrich-noszek,Immobilienverwaltung Dr. Friedrich Noszek GmbH,100.0,1,10,Anzahl der Mitarbeiter*innen 1 - 10,13,True
Dr. Konrad Bergen Immobilien GmbH,1,niederösterreich,3422 Altenberg,https://www.karriere.at/f/konrad,Konrad GmbH,100.0,1,10,Anzahl der Mitarbeiter*innen 1 - 10,16,False
Dr. Langeder Immobilien Nfg GmbH,1,niederösterreich,2340 Mödling,https://www.karriere.at/f/dr-langeder-immobilien-nfg,Dr. Langeder Immobilien Nfg OG,100.0,1,10,Anzahl der Mitarbeiter*innen 1 - 10,10,True
Dr. Martin Schober Immobilienverwaltung GmbH,1,niederösterreich,2700 Wiener Neustadt,https://www.karriere.at/f/iv-immobilienverwaltung,IV Immobilienverwaltung GmbH,93.0,11,30,Anzahl der Mitarbeiter*innen 11 - 30,13,False
Dr. Ursula Pfaffenbichler,1,niederösterreich,3107 St. Pölten,https://www.karriere.at/f/architekt-dipl-ing-paul-pfaffenbichler-ziviltechniker-gesellschaft-mbh,Architekt Dipl. Ing. Paul Pfaffenbichler Ziviltechniker- gesellschaft mbH.,73.7,31,50,Anzahl der Mitarbeiter*innen 31 - 50,13,True
DS Realtreuhand GmbH,1,niederösterreich,2340 Mödling,,,,,,,,
EKZ Immobilienmanagement GmbH,1,niederösterreich,3580 St. Bernhard-Frauenhofen,https://www.karriere.at/f/ekz-immobilienmanagement,EKZ Immobilienmanagement GmbH,100.0,1,10,Anzahl der Mitarbeiter*innen 1 - 10,10,False
Ernst Kirchweger,1,niederösterreich,0222 8692250,https://www.karriere.at/f/ernst-schweizer,Ernst Schweizer GmbH,77.4,11,30,Anzahl der Mitarbeiter*innen 11 - 30,62,False
EVD Asset Management GmbH,1,niederösterreich,2344 Maria Enzersdorf,https://www.karriere.at/f/24-asset-management,24 Asset Management GmbH,91.4,1,10,Anzahl der Mitarbeiter*innen 1 - 10,13,False
EWD Management GmbH,1,niederösterreich,2351 Wiener Neudorf,https://www.karriere.at/f/rk-management,rk-management GmbH,87.0,1,10,Anzahl der Mitarbeiter*innen 1 - 10,69,False
Fellmann Liegenschaftsverwaltungs GmbH,1,niederösterreich,3151 St. Pölten,https://www.karriere.at/f/domus-liegenschaftsverwaltungs-gesellschaft-m-b-h,DOMUS Liegenschaftsverwaltungs Gesellschaft m.b.H.,84.2,1,10,Anzahl der Mitarbeiter*innen 1 - 10,16,True
FILIA KG,1,niederösterreich,2380 Perchtoldsdorf,,,,,,,,
FM-Plus Facility Management GmbH für Wissenschaft + Kultur in NOE,1,niederösterreich,3500 Krems an der Donau,https://www.karriere.at/f/fm-plus-facility-management,FM-Plus Facility Management GmbH,100.0,11,30,Anzahl der Mitarbeiter*innen 11 - 30,15,True
forum.koup gmbh,1,niederösterreich,2700 Wiener Neustadt,,,,,,,,
Franz Pum Immobilienverwaltungs GmbH,1,niederösterreich,2104 Spillern,https://www.karriere.at/f/homebase-immobilienverwaltungs-gmbh,Homebase Immobilienverwaltungs GmbH,82.4,1,10,Anzahl der Mitarbeiter*innen 1 - 10,13,False
Franz Zöchmeister,1,niederösterreich,3481 Fels am Wagram,,,,,,,,
FÜRST Immobilien GmbH,1,niederösterreich,3134 Nußdorf o.d.Traisen,https://www.karriere.at/f/rs-immobilien,RS Immobilien GmbH,89.7,1,10,Anzahl der Mitarbeiter*innen 1 - 10,13,False
"Gaalhofer Immobilien, Vermittlung & Verwaltung e.U.",1,niederösterreich,2372 Gießhübl bei Wien,https://www.karriere.at/f/uk-immobilien,UK Immobilien GmbH,87.0,,,,0,False
Gabriele Margarete Neskodny,1,niederösterreich,3062 Kirchstetten,,,,,,,,
GIA Real GmbH,1,niederösterreich,2102 Bisamberg,https://www.karriere.at/f/sb-real,SB REAL GmbH,72.7,,,,1,False
GOLDBECK Parking GmbH,1,niederösterreich,2345 Brunn/Gebirge,https://www.karriere.at/f/goldbeck-parking,GOLDBECK Parking GmbH,100.0,11,30,Anzahl der Mitarbeiter*innen 11 - 30,13,False
Green-Point 62 GmbH,1,niederösterreich,2700 Wiener Neustadt,https://www.karriere.at/f/q-point,Q Point GmbH,83.3,51,100,Anzahl der Mitarbeiter*innen 51 - 100,13,False
Gregor Waltner GmbH,1,niederösterreich,2000 Stockerau,,,,,,,,
Grundwerk GmbH,1,niederösterreich,3042 Würmla,,,,,,,,
Gunther Thiel Immobilien Treuhand GmbH,1,niederösterreich,2435 Ebergassing,https://www.karriere.at/f/ps-immobilien-treuhand,PS Immobilien Treuhand GmbH,92.7,1,10,Anzahl der Mitarbeiter*innen 1 - 10,13,False
Gutmann Realinvest GmbH,1,niederösterreich,3400 Klosterneuburg,https://www.karriere.at/f/gutmann,GUTMANN AG,100.0,,,,16,False
GUTWEIL Immobilienmanagement GmbH,1,niederösterreich,3100 St.Pölten,https://www.karriere.at/f/zum-immobilienmanagement,ZUM Immobilienmanagement GmbH,90.9,11,30,Anzahl der Mitarbeiter*innen 11 - 30,13,False
"GWS NEUNKIRCHEN KOMMUNAL Planungs-, Errichtungs- und Servicegesellschaft m.b.H.",1,niederösterreich,2620 Neunkirchen,https://www.karriere.at/f/p-p-planungs-gmbh-co-kg,P & P Planungs GmbH,92.3,1,10,Anzahl der Mitarbeiter*innen 1 - 10,13,False
Günter Hanko,1,niederösterreich,3874 Litschau,,,,,,,,
H2H Asset Management Partners GmbH,1,niederösterreich,2560 Berndorf,https://www.karriere.at/f/h2h-asset-management-partners,H2H Asset Management Partners GmbH,100.0,,,,0,True
HAT Immobilien e.U.,1,niederösterreich,2631 Ternitz,https://www.karriere.at/f/uk-immobilien,UK Immobilien GmbH,87.0,,,,0,False
Hausverwaltung GWP GmbH,1,niederösterreich,2130 Mistelbach,https://www.karriere.at/f/hausverwaltung-gwp,Hausverwaltung GWP GmbH,100.0,1,10,Anzahl der Mitarbeiter*innen 1 - 10,13,True
Hausverwaltung Handschur GmbH,1,niederösterreich,2340 Mödling,https://www.karriere.at/f/isw-hausverwaltung,ISW Hausverwaltung GmbH,87.5,1,10,Anzahl der Mitarbeiter*innen 1 - 10,13,False
Hausverwaltung Nigg e.U.,1,niederösterreich,3400 Klosterneuburg,https://www.karriere.at/f/isw-hausverwaltung,ISW Hausverwaltung GmbH,87.5,1,10,Anzahl der Mitarbeiter*innen 1 - 10,13,False
HF Immobilien GmbH,1,niederösterreich,3151 St.Pölten,https://www.karriere.at/f/uhl-immobilien,Uhl Immobilien GmbH,88.9,1,10,Anzahl der Mitarbeiter*innen 1 - 10,15,False
HHPL Immobilienverwaltung GmbH,1,niederösterreich,2352 Gumpoldskirchen,https://www.karriere.at/f/iv-immobilienverwaltung,IV Immobilienverwaltung GmbH,93.0,11,30,Anzahl der Mitarbeiter*innen 11 - 30,13,False
Hubert Kuen,1,niederösterreich,2564 Weissenbach a. d. Triesting,,,,,,,,
IDEE Bau und Immobilientreuhand KG,1,niederösterreich,3423 St.Andrä-Wördern,https://www.karriere.at/f/s-a-immobilientreuhand,S&A Immobilientreuhand GmbH,91.7,1,10,Anzahl der Mitarbeiter*innen 1 - 10,13,False
IMMO AGENTUR BURCHARTZ & KRENN GMBH,1,niederösterreich,3300 Amstetten,https://www.karriere.at/f/b%C3%B8a-agentur,bøa! Agentur gmbh,82.4,1,10,Anzahl der Mitarbeiter*innen 1 - 10,23,False
Immobilia Obergruber GmbH,1,niederösterreich,3300 Amstetten,https://www.karriere.at/f/semper-immobilia,Semper Immobilia GmbH,72.2,1,10,Anzahl der Mitarbeiter*innen 1 - 10,13,True
Immobilien Baden GesmbH,1,niederösterreich,2500 Baden,https://www.karriere.at/f/uk-immobilien,UK Immobilien GmbH,87.0,,,,0,False
Immobilien Beratung und Service GmbH,1,niederösterreich,2540 Bad Vöslau,https://www.karriere.at/f/uk-immobilien,UK Immobilien GmbH,87.0,,,,0,False
IMMOBILIEN MAG. WAITZ GmbH,1,niederösterreich,2020 Hollabrunn,https://www.karriere.at/f/uk-immobilien,UK Immobilien GmbH,87.0,,,,0,False
Immobilien Ott GmbH,1,niederösterreich,3300 Amstetten,https://www.karriere.at/f/otto-immobilien,OTTO Immobilien GmbH,96.6,,,,1,True
Immobilien St. Pölten GesmbH,1,niederösterreich,3100 St. Pölten,https://www.karriere.at/f/uk-immobilien,UK Immobilien GmbH,87.0,,,,0,False
Immobilienring GmbH,1,niederösterreich,2340 Mödling,,,,,,,,
Immobilienverwaltung Manninger KG,1,niederösterreich,2345 Brunn am Gebirge,https://www.karriere.at/f/immobilienverwaltung-manninger,Immobilienverwaltung Manninger KG,100.0,1,10,Anzahl der Mitarbeiter*innen 1 - 10,13,True
IMMOCENTRAL Immobilientreuhand GmbH,2,niederösterreich; wien,1010 Wien | 3100 St.Pölten,https://www.karriere.at/f/immocentral-immobilientreuhand,IMMOCENTRAL Immobilientreuhand GmbH,100.0,,,,0,True
IMMOTOTAL Immobilientreuhand GmbH,3,niederösterreich; wien,1010 Wien | 1130 Wien | 2340 Mödling,https://www.karriere.at/f/gmk-immobilientreuhand,GMK Immobilientreuhand GmbH,90.0,1,10,Anzahl der Mitarbeiter*innen 1 - 10,13,True
Immovium Hausverwaltung e.U.,1,niederösterreich,2326 Maria-Lanzendorf,https://www.karriere.at/f/isw-hausverwaltung,ISW Hausverwaltung GmbH,87.5,1,10,Anzahl der Mitarbeiter*innen 1 - 10,13,False
Ing. Andreas Pristusek,1,niederösterreich,2320 Schwechat,https://www.karriere.at/f/andreas-auer,Andreas Auer GmbH,73.7,11,30,Anzahl der Mitarbeiter*innen 11 - 30,153,False
Ing. Christine Friederike Weber,1,niederösterreich,3400 Kierling,,,,,,,,
"Ing. Clemens Hirtl, MBA",1,niederösterreich,2551 Enzesfeld-Lindabrunn,,,,,,,,
Ing. Rupert Franz Leberzipf,1,niederösterreich,3620 Spitz,,,,,,,,
"Ing. Thomas Franz Wahl, MPA MBA",1,niederösterreich,4482 Ennsdorf,,,,,,,,
Ingrid Faust,1,niederösterreich,2460 Bruck an der Leitha,,,,,,,,
INNEXIS Orth GmbH,1,niederösterreich,2304 Orth an der Donau,,,,,,,,
INVEST- REAL Immobilientreuhänder Ges.m.b.H.,1,niederösterreich,2551 Enzesfeld-Lindabrunn,https://www.karriere.at/f/jt-immobilientreuh%C3%A4nder,JT Immobilientreuhänder GmbH,93.0,1,10,Anzahl der Mitarbeiter*innen 1 - 10,13,False
IPML GmbH,1,niederösterreich,2630 Ternitz,,,,,,,,
Isabelle Peneder,1,niederösterreich,3500 Krems an der Donau,,,,,,,,
ITK Immobilienverwaltung GmbH,1,niederösterreich,3011 Tullnerbach,https://www.karriere.at/f/iv-immobilienverwaltung,IV Immobilienverwaltung GmbH,93.6,11,30,Anzahl der Mitarbeiter*innen 11 - 30,13,False
IVVS GmbH Immobilienverwaltung- und Vermittlung Steiger,1,niederösterreich,2493 Lichtenwörth,https://www.karriere.at/f/iv-immobilienverwaltung,IV Immobilienverwaltung GmbH,93.0,11,30,Anzahl der Mitarbeiter*innen 11 - 30,13,False
Johann Georg Lindner,1,niederösterreich,2512 Traiskirchen,https://www.karriere.at/f/lindner-baden,Lindner GmbH,100.0,101,500,Anzahl der Mitarbeiter*innen 101 - 500,13,False
JT Immobilientreuhänder GmbH,1,niederösterreich,2100 Korneuburg,https://www.karriere.at/f/jt-immobilientreuh%C3%A4nder,JT Immobilientreuhänder GmbH,100.0,1,10,Anzahl der Mitarbeiter*innen 1 - 10,13,True
Juniperus GmbH,1,niederösterreich,3032 Eichgraben,,,,,,,,
Jurai Immobilien Gesellschaft mit beschränkter Haftung,1,niederösterreich,2500 Baden,https://www.karriere.at/f/uk-immobilien,UK Immobilien GmbH,87.0,,,,0,False
Karin Ladler,1,niederösterreich,3040 Tausendblum,,,,,,,,
Karin Schuster KG Immobilienverwaltung,2,niederösterreich; wien,1160 Wien | 2100 Korneuburg,https://www.karriere.at/f/iv-immobilienverwaltung,IV Immobilienverwaltung GmbH,93.0,11,30,Anzahl der Mitarbeiter*innen 11 - 30,13,True
Kerschbaumer Immobilien GmbH.,1,niederösterreich,2700 Wiener Neustadt,https://www.karriere.at/f/kerschbaumer-immobilien-gmbh,Kerschbaumer Immobilien GmbH.,100.0,1,10,Anzahl der Mitarbeiter*innen 1 - 10,13,True
KIEGLER Immobilien GmbH,1,niederösterreich,3032 Eichgraben,https://www.karriere.at/f/kir-immobilien,KIR Immobilien GmbH,87.5,1,10,Anzahl der Mitarbeiter*innen 1 - 10,13,False
Kirchhofer Immobilien GmbH,1,niederösterreich,3500 Krems an der Donau,https://www.karriere.at/f/uk-immobilien,UK Immobilien GmbH,87.0,,,,0,False
Klein & Co Immobilienmanagement GmbH,1,niederösterreich,2371 Hinterbrühl,https://www.karriere.at/f/klein-immobilienmanagement-gmbh,Klein & Co Immobilienmanagement GmbH,100.0,,,,0,False
Koch & Partner Immobilien GmbH,1,niederösterreich,2351 Laxenburg,https://www.karriere.at/f/ins-partner-immobilien,INS Partner Immobilien GmbH,90.0,1,10,Anzahl der Mitarbeiter*innen 1 - 10,13,False
Kristian Zimmermann,3,niederösterreich; wien,1010 Wien | 1220 Wien | 2232 Deutsch-Wagram,https://www.karriere.at/f/zimmermann-mattersburg,Zimmermann GmbH,100.0,31,50,Anzahl der Mitarbeiter*innen 31 - 50,15,True
LIFING Gebäudetechnik & Verwaltung GmbH,2,niederösterreich; wien,1130 Wien | 3061 Ollersbach,https://www.karriere.at/f/gc-geb%C3%A4udetechnik,GC Gebäudetechnik KG,90.3,,,,0,True
Lindner Real Immobilientreuhand e.U.,1,niederösterreich,2340 Mödling,https://www.karriere.at/f/fap-real-immobilientreuhand,FAP.real Immobilientreuhand GmbH,92.0,1,10,Anzahl der Mitarbeiter*innen 1 - 10,13,False
Lininger Immobilienmanagement GmbH & Co KG,1,niederösterreich,3300 Amstetten,https://www.karriere.at/f/zum-immobilienmanagement,ZUM Immobilienmanagement GmbH,90.9,11,30,Anzahl der Mitarbeiter*innen 11 - 30,13,True
LP Immobilientreuhand GmbH,1,niederösterreich,3495 Rohrendorf bei Krems,https://www.karriere.at/f/weinberger-immobilientreuhand,Weinberger Immobilientreuhand KG,92.3,,,,0,False
LPZ Verwaltung GmbH,1,niederösterreich,3100 St.Pölten,https://www.karriere.at/f/vo-verwaltung-salzburg-stadt,VO Verwaltung GmbH,87.0,1,10,Anzahl der Mitarbeiter*innen 1 - 10,13,False
LV Bau GmbH,1,niederösterreich,3400 Klosterneuburg,https://www.karriere.at/f/len-bau,LEN-BAU GmbH,76.9,31,50,Anzahl der Mitarbeiter*innen 31 - 50,13,False
Mag. (FH) Gerald Schmidt,1,niederösterreich,2604 Theresienfeld,,,,,,,,
Mag. (FH) Wilhelm Hager,1,niederösterreich,2320 Rauchenwarth,,,,,,,,
Mag. Andreas Karl Hamerle,1,niederösterreich,3400 Klosterneuburg,https://www.karriere.at/f/andreas-auer,Andreas Auer GmbH,73.7,11,30,Anzahl der Mitarbeiter*innen 11 - 30,153,False
Mag. Angela Maria Lackinger,2,niederösterreich,2325 Himberg | 2662 Schwarzau im Gebirge,,,,,,,,
Mag. Christoph Leonhard Korosec,1,niederösterreich,3040 Neulengbach,https://www.karriere.at/f/leonhard-lang,Leonhard Lang GmbH,76.2,101,500,Anzahl der Mitarbeiter*innen 101 - 500,14,False
Mag. Dr. Claudia Maria Müllner,1,niederösterreich,2340 Mödling,,,,,,,,
Mag. Dr. Vanessa Rosina Pöttinger-Semm,1,niederösterreich,3331 Sonntagberg,,,,,,,,
Mag. Klaus-Dieter Stingl,1,niederösterreich,2340 Mödling,,,,,,,,
Mag. Michael Moser,1,niederösterreich,3100 St. Pölten,https://www.karriere.at/f/patentanwalt-di-mag-michael-babeluk,Patentanwalt DI Mag. Michael Babeluk,78.6,1,10,Anzahl der Mitarbeiter*innen 1 - 10,47,False
Mag. Michaela Dorothee Beznaus,2,niederösterreich; tirol,3001 Mauerbach | 6365 Kirchberg in Tirol,,,,,,,,
"Mag. Roland Alfred Manseder, MBA",1,niederösterreich,3062 Kirchstetten,,,,,,,,
Mag.(FH) Sonja Maria Liedermann,1,niederösterreich,2100 Korneuburg,https://www.karriere.at/f/notariat-mag-sonja-altmann,Notariat Mag. Sonja Altmann,72.7,1,10,Anzahl der Mitarbeiter*innen 1 - 10,47,False
Mag.Dr. August Karl Reschreiter,2,niederösterreich; wien,1010 Wien | 2620 Neunkirchen,,,,,,,,
Maria Hummer Ges.m.b.H.,1,niederösterreich,3435 Zwentendorf an der Donau,,,,,,,,
Marktgemeinde Perchtoldsdorf,1,niederösterreich,2380 Perchtoldsdorf,https://www.karriere.at/f/marktgemeinde-perchtoldsdorf,Marktgemeinde Perchtoldsdorf,100.0,101,500,Anzahl der Mitarbeiter*innen 101 - 500,69,True
Markus Christian Leitner,1,niederösterreich,3340 Waidhofen an der Ybbs,https://www.karriere.at/f/leitner,Leitner GmbH,100.0,101,500,Anzahl der Mitarbeiter*innen 101 - 500,69,False
MARO Immobilienmanagement GmbH,1,niederösterreich,2700 Wiener Neustadt,https://www.karriere.at/f/maro,Maro GmbH,100.0,31,50,Anzahl der Mitarbeiter*innen 31 - 50,69,False
Meister & Pilgram GmbH,1,niederösterreich,2410 Hainburg a.d. Donau,,,,,,,,
Mersich Immobilien GmbH,1,niederösterreich,2380 Perchtoldsdorf,https://www.karriere.at/f/uk-immobilien,UK Immobilien GmbH,87.0,,,,0,False
Michaela Hofer,1,niederösterreich,0676 6913904,https://www.karriere.at/f/sch%C3%BClerhilfe-dipl-kff-michaela-valian,Schülerhilfe - Dipl.-Kff. Michaela Valian,72.7,11,30,Anzahl der Mitarbeiter*innen 11 - 30,9,False
Michaela Schultz,1,niederösterreich,3034 Maria Anzbach,,,,,,,,
MIETWERT Gebäude und Maschinenvermietung GmbH,1,niederösterreich,2620 Neunkirchen,,,,,,,,
Mirvete Ismaili-Miftari,1,niederösterreich,2700 Katzelsdorf,,,,,,,,
MMag. Dr. Matthias Eduard Gass,1,niederösterreich,3032 Eichgraben,,,,,,,,
MMI Holding GmbH,1,niederösterreich,3100 St.Pölten,https://www.karriere.at/f/fmms-holding,FMMS Holding GmbH,87.0,501,2500,Anzahl der Mitarbeiter*innen 501 - 2500,69,False
Monika Auguste Gröbl-Jurai,2,niederösterreich,2500 Baden | 2680 Semmering,,,,,,,,
MW Immobilienberatungs- und -beteiligungs GmbH,1,niederösterreich,3100 St.Pölten,https://www.karriere.at/f/shi-beteiligungs-gmbh,SHI Beteiligungs GmbH,85.7,,,,0,False
Müller & Trampitsch OHG Nachfolger Mag.(FH) Grammanitsch Philipp e.U.,1,niederösterreich,2700 Wiener Neustadt,https://www.karriere.at/f/philipp-gady,Philipp Gady GmbH,73.7,,,,0,False
Neni-Immobilien GmbH,1,niederösterreich,2380 Perchtoldsdorf,https://www.karriere.at/f/uk-immobilien,UK Immobilien GmbH,87.0,,,,0,False
NEUREAL GmbH,1,niederösterreich,2620 Neunkirchen,,,,,,,,
Nicole Eichinger,1,niederösterreich,3910 Zwettl,https://www.karriere.at/f/nicole-kirschner,Nicole Kirschner,81.2,1,10,Anzahl der Mitarbeiter*innen 1 - 10,5,False
Niederösterreichischer Haus- und Wohnungseigentümerverband,1,niederösterreich,3500 Krems an der Donau,https://www.karriere.at/f/nieder%C3%B6sterreichischer-bauernbund-verein,Niederösterreichischer Bauernbund,80.0,11,30,Anzahl der Mitarbeiter*innen 11 - 30,14,False
NLVG GmbH,1,niederösterreich,2620 Neunkirchen,,,,,,,,
NV Immobilien GmbH,3,niederösterreich; wien,1090 Wien | 2344 Maria Enzersdorf | 3100 St.Pölten,https://www.karriere.at/f/nv-immobilien,NV Immobilien GmbH,100.0,31,50,Anzahl der Mitarbeiter*innen 31 - 50,13,True
Oswald H. Borger Gesellschaft m.b.H.,1,niederösterreich,3100 St. Pölten,https://www.karriere.at/f/oswald-graz,OSWALD Ges.m.b.H.,85.7,1,10,Anzahl der Mitarbeiter*innen 1 - 10,69,False
P4R management e.U.,1,niederösterreich,2632 St.Valentin-Landschach,https://www.karriere.at/f/rk-management,rk-management GmbH,87.0,1,10,Anzahl der Mitarbeiter*innen 1 - 10,69,False
"Patricia Alice Malloth, M.A.",1,niederösterreich,2333 Leopoldsdorf,,,,,,,,
Pehn & Partner GmbH,1,niederösterreich,2500 Baden,https://www.karriere.at/f/s3-partner,S3+Partner KG,82.4,1,10,Anzahl der Mitarbeiter*innen 1 - 10,2,False
Peschak Immobilien GmbH,1,niederösterreich,2522 Oberwaltersdorf,https://www.karriere.at/f/poetsch-immobilien,Poetsch Immobilien GmbH,88.9,31,50,Anzahl der Mitarbeiter*innen 31 - 50,13,False
Peter Rudolf Lang,1,niederösterreich,2222 Bad Pirawarth,,,,,,,,
Petra Lackner,1,niederösterreich,2500 Baden,https://www.karriere.at/f/r-lackner,R. Lackner GmbH,87.5,11,30,Anzahl der Mitarbeiter*innen 11 - 30,69,False
PF Holding FlexCo,1,niederösterreich,3200 Ober-Grafendorf,https://www.karriere.at/f/vh-holding,VH Holding GmbH,82.4,,,,69,False
PKomm - Pressbaumer Kommunal GmbH,1,niederösterreich,3021 Pressbaum,https://www.karriere.at/f/pkomm-pressbaumer-kommunal,PKomm - Pressbaumer Kommunal GmbH,100.0,1,10,Anzahl der Mitarbeiter*innen 1 - 10,13,True
PMV Immobilien Management GmbH,4,kärnten; niederösterreich; wien,1030 Wien | 1040 Wien | 2345 Brunn am Gebirge | 9800 Spittal/Drau,https://www.karriere.at/f/pmv-immobilien-management,PMV Immobilien Management GmbH,100.0,101,500,Anzahl der Mitarbeiter*innen 101 - 500,13,True
Pottensteiner Kommunalbetriebs GmbH,1,niederösterreich,2563 Pottenstein,,,,,,,,
Pristusek & Partner Immobilienverwaltung GmbH,1,niederösterreich,2320 Schwechat,https://www.karriere.at/f/vlk-partner-immobilienverwaltung,Vlk & Partner Immobilienverwaltung GmbH,94.1,1,10,Anzahl der Mitarbeiter*innen 1 - 10,13,False
PROFUNDUS Verwaltung und Vermittlung von Immobilien GmbH,1,niederösterreich,3002 Purkersdorf,https://www.karriere.at/f/uk-immobilien,UK Immobilien GmbH,87.0,,,,0,False
r.m-s consulting gmbh,1,niederösterreich,2700 Wiener Neustadt,https://www.karriere.at/f/rs-consulting,RS-Consulting,89.7,1,10,Anzahl der Mitarbeiter*innen 1 - 10,13,False
Racoon Property GmbH,1,niederösterreich,3012 Wolfsgraben,,,,,,,,
Real Immobilien e.U.,1,niederösterreich,2542 Kottingbrunn,https://www.karriere.at/f/real-home-immobilien-e-k,Real Home Immobilien E&K GmbH,94.4,1,10,Anzahl der Mitarbeiter*innen 1 - 10,13,False
Real Immobilien Treuhand GmbH,1,niederösterreich,2542 Kottingbrunn,https://www.karriere.at/f/ps-immobilien-treuhand,PS Immobilien Treuhand GmbH,92.7,1,10,Anzahl der Mitarbeiter*innen 1 - 10,13,False
Realitas GmbH,1,niederösterreich,3500 Krems an der Donau,,,,,,,,
Realitäten Ofner GmbH,1,niederösterreich,3040 Tausendblum,https://www.karriere.at/f/dk-realit%C3%A4ten,DK Realitäten GmbH,87.0,1,10,Anzahl der Mitarbeiter*innen 1 - 10,13,False
Realkanzlei Edlauer Immobilientreuhänder GmbH & Co.KG,1,niederösterreich,3100 St. Pölten,https://www.karriere.at/f/jt-immobilientreuh%C3%A4nder,JT Immobilientreuhänder GmbH,93.0,1,10,Anzahl der Mitarbeiter*innen 1 - 10,13,False
Realkanzlei Ferdinand König Gesellschaft m.b.H.,2,niederösterreich; wien,1010 Wien | 3100 St.Pölten,https://www.karriere.at/f/realkanzlei-ferdinand-k%C3%B6nig-gesellschaft-m-b-h,Realkanzlei Ferdinand König Gesellschaft m. b. H.,100.0,11,30,Anzahl der Mitarbeiter*innen 11 - 30,10,True
Realkanzlei Wutzl GmbH,1,niederösterreich,3100 St. Pölten,https://www.karriere.at/f/realkanzlei-ferdinand-k%C3%B6nig-gesellschaft-m-b-h,Realkanzlei Ferdinand König Gesellschaft m. b. H.,78.6,11,30,Anzahl der Mitarbeiter*innen 11 - 30,10,False
Referenz Immobilien GmbH,1,niederösterreich,2540 Bad Vöslau,https://www.karriere.at/f/uk-immobilien,UK Immobilien GmbH,87.0,,,,0,False
Reikersdorfer Hausverwaltung GmbH,2,niederösterreich; oberösterreich,3300 Amstetten | 4400 Steyr,https://www.karriere.at/f/isw-hausverwaltung,ISW Hausverwaltung GmbH,87.5,1,10,Anzahl der Mitarbeiter*innen 1 - 10,13,True
S-COMMERZ Immobilienvermittlung GmbH,1,niederösterreich,2620 Neunkirchen,https://www.karriere.at/f/s-real-immobilienvermittlung,s REAL Immobilienvermittlung GmbH,90.2,,,,0,False
"S-Real, Realitätenvermittlungs- und -verwaltungs Gesellschaft m.b.H.",1,niederösterreich,2700 Wiener Neustadt,https://www.karriere.at/f/lsu-verwaltungs-gmbh,LSU Verwaltungs GmbH,84.6,1,10,Anzahl der Mitarbeiter*innen 1 - 10,2,False
S.U.N. B1300 Zertifizierungs GmbH,1,niederösterreich,3100 St.Pölten,https://www.karriere.at/f/%C3%B6qa-zertifizierungs-gmbh,ÖQA Zertifizierungs-GmbH,88.2,1,10,Anzahl der Mitarbeiter*innen 1 - 10,9,False
S3G Immobilienverwaltung OG,1,niederösterreich,2521 Trumau,https://www.karriere.at/f/iv-immobilienverwaltung,IV Immobilienverwaltung GmbH,93.0,11,30,Anzahl der Mitarbeiter*innen 11 - 30,13,False
Satzer Immobilientreuhand e.U.,1,niederösterreich,2130 Mistelbach,https://www.karriere.at/f/gmk-immobilientreuhand,GMK Immobilientreuhand GmbH,90.0,1,10,Anzahl der Mitarbeiter*innen 1 - 10,13,False
Schreibeis Immobilien GmbH,1,niederösterreich,2542 Kottingbrunn,https://www.karriere.at/f/uk-immobilien,UK Immobilien GmbH,87.0,,,,0,False
Schwarzataler Immobilien Treuhandgesellschaft m.b.H.,1,niederösterreich,2620 Neunkirchen,https://www.karriere.at/f/schwarzataler-immobilien-treuhandgesellschaft,Schwarzataler Immobilien Treuhandgesellschaft m.b.H.,100.0,1,10,Anzahl der Mitarbeiter*innen 1 - 10,47,True
Schwechater Wohnbau GmbH,1,niederösterreich,2320 Schwechat,https://www.karriere.at/f/%C3%B6wg-wohnbau,ÖWG Wohnbau,77.8,101,500,Anzahl der Mitarbeiter*innen 101 - 500,13,False
Seiser GmbH,1,niederösterreich,3491 Straß im Straßertale,,,,,,,,
Simmo Real GmbH,1,niederösterreich,2100 Leobendorf,https://www.karriere.at/f/real-immo-wien,Real Immo Wien,75.0,1,10,Anzahl der Mitarbeiter*innen 1 - 10,13,False
SK - Immobiliengesellschaft m.b.H.,1,niederösterreich,3500 Krems an der Donau,https://www.karriere.at/f/kremser-immobiliengesellschaft,Kremser Immobiliengesellschaft mbH,84.6,,,,13,True
Stadtgemeinde Gmünd,1,niederösterreich,3950 Gmünd,https://www.karriere.at/f/stadtgemeinde-weiz,Stadtgemeinde Weiz,83.9,101,500,Anzahl der Mitarbeiter*innen 101 - 500,6,False
Steffan Bruckner,1,niederösterreich,2232 Deutsch-Wagram,,,,,,,,
Substantia GmbH,1,niederösterreich,3430 Tulln an der Donau,,,,,,,,
SUSNJARA Immobilientreuhand GmbH,1,niederösterreich,2500 Baden,https://www.karriere.at/f/gmk-immobilientreuhand,GMK Immobilientreuhand GmbH,90.0,1,10,Anzahl der Mitarbeiter*innen 1 - 10,13,False
Szabina Haiderer,1,niederösterreich,2522 Oberwaltersdorf,https://www.karriere.at/f/diplbw-sabine-haiderer,DiplBW Sabine Haiderer,73.7,1,10,Anzahl der Mitarbeiter*innen 1 - 10,5,False
"Thomas Schanda, M.A.",1,niederösterreich,2380 Perchtoldsdorf,https://www.karriere.at/f/dr-thomas-douschan,Dr. Thomas Douschan,72.2,1,10,Anzahl der Mitarbeiter*innen 1 - 10,34,False
Traisen-Gölsental Regionalentwicklungs GmbH,1,niederösterreich,3180 Lilienfeld,https://www.karriere.at/f/raiffeisenbank-traisen-g%C3%B6lsental-egen,Raiffeisenbank Traisen-Gölsental eGen,66.7,51,100,Anzahl der Mitarbeiter*innen 51 - 100,10,True
TREUHANDREAL e.U.,1,niederösterreich,2551 Enzesfeld-Lindabrunn,,,,,,,,
UNI-Real Estate GmbH,1,niederösterreich,2344 Maria Enzersdorf,https://www.karriere.at/f/mg-real-estate,MG Real Estate GmbH,88.0,1,10,Anzahl der Mitarbeiter*innen 1 - 10,13,False
Unibail-Rodamco Austria Verwaltungs GmbH,2,niederösterreich; wien,0222 693969 | 1220 Wien,https://www.karriere.at/f/lsu-verwaltungs-gmbh,LSU Verwaltungs GmbH,84.6,1,10,Anzahl der Mitarbeiter*innen 1 - 10,2,True
Ursula Zeller,1,niederösterreich,3100 St. Pölten,https://www.karriere.at/f/zeller-zt,Zeller ZT GmbH,80.0,1,10,Anzahl der Mitarbeiter*innen 1 - 10,13,False
URW Invest GmbH,2,niederösterreich; wien,1220 Wien | 2334 Vösendorf,https://www.karriere.at/f/tcr-invest,TCR Invest GmbH,80.0,,,,69,True
V & G Bauträger GmbH,1,niederösterreich,2100 Leobendorf,https://www.karriere.at/f/wohnraumwerk-bautr%C3%A4ger-und-projektentwicklungs-gmbh,Wohnraumwerk Bauträger und Projektentwicklungs GmbH,86.7,11,30,Anzahl der Mitarbeiter*innen 11 - 30,13,False
VALENA Immobilien GmbH,1,niederösterreich,2230 Gänserndorf,https://www.karriere.at/f/uk-immobilien,UK Immobilien GmbH,87.0,,,,0,False
VB - REAL Volksbank NÖ GmbH,1,niederösterreich,3500 Krems an der Donau,https://www.karriere.at/f/volksbank-wien,VOLKSBANK WIEN AG,78.3,101,500,Anzahl der Mitarbeiter*innen 101 - 500,10,False
Verein der Hausbesitzer in St. Pölten,1,niederösterreich,3100 St. Pölten,https://www.karriere.at/f/skn-st-p%C3%B6lten-st-p%C3%B6lten,SKN St. Pölten GmbH,81.8,31,50,Anzahl der Mitarbeiter*innen 31 - 50,14,True
VINDOBONA Invest GmbH,1,niederösterreich,2500 Baden,https://www.karriere.at/f/pv-invest,PV - Invest GmbH,80.0,11,30,Anzahl der Mitarbeiter*innen 11 - 30,15,False
VIVIThv GmbH,3,niederösterreich,2000 Stockerau | 2100 Korneuburg | 3100 St.Pölten,,,,,,,,
VIZUETE Immobilien GmbH,1,niederösterreich,2371 Hinterbrühl,https://www.karriere.at/f/uk-immobilien,UK Immobilien GmbH,87.0,,,,0,False
VLOW Immobilienvermittlungs und -verwaltungs GmbH,1,niederösterreich,2100 Korneuburg,https://www.karriere.at/f/lsu-verwaltungs-gmbh,LSU Verwaltungs GmbH,84.6,1,10,Anzahl der Mitarbeiter*innen 1 - 10,2,False
Völkl Immobilienverwaltung GmbH,1,niederösterreich,2486 Pottendorf,https://www.karriere.at/f/iv-immobilienverwaltung,IV Immobilienverwaltung GmbH,93.0,11,30,Anzahl der Mitarbeiter*innen 11 - 30,13,False
w4 hausverwaltung GmbH,1,niederösterreich,3580 Horn,https://www.karriere.at/f/isw-hausverwaltung,ISW Hausverwaltung GmbH,91.4,1,10,Anzahl der Mitarbeiter*innen 1 - 10,13,False
Waldviertel Immobilien-Vermittlung GmbH,1,niederösterreich,3910 Zwettl,https://www.karriere.at/f/uk-immobilien,UK Immobilien GmbH,87.0,,,,0,False
Weiretmair Gesellschaft m.b.H.,1,niederösterreich,3100 St. Pölten,,,,,,,,
Weislein & Brauner GesmbH,1,niederösterreich,2524 Teesdorf,,,,,,,,
WEVIG Wohnungseigentumsverwaltungs- und Immobilientreuhand-Gesellschaft m.b.H.,4,niederösterreich; oberösterreich; wien,1150 Wien | 3100 St.Pölten | 3500 Krems an der Donau | 4400 Steyr,https://www.karriere.at/f/wevig,WEVIG,100.0,11,30,Anzahl der Mitarbeiter*innen 11 - 30,13,True
Wilma Grubmüller,1,niederösterreich,3250 Wieselburg,,,,,,,,
Wirth Immobilien GmbH,1,niederösterreich,3451 Michelhausen,https://www.karriere.at/f/uk-immobilien,UK Immobilien GmbH,87.0,,,,0,False
Wolfgang Bauerhansl,1,niederösterreich,3400 Klosterneuburg,,,,,,,,
ZA Immobilienverwaltung GmbH,1,niederösterreich,3161 St.Veit an der Gölsen,https://www.karriere.at/f/zentreal-immobilienverwaltung,Zentreal Immobilienverwaltung GmbH,93.0,11,30,Anzahl der Mitarbeiter*innen 11 - 30,13,False
ZKW Austria Immobilien GmbH,1,niederösterreich,3250 Wieselburg,https://www.karriere.at/f/remax-austria-if-immobilien-franchising,REMAX Austria IF Immobilien Franchising GmbH,90.0,501,2500,Anzahl der Mitarbeiter*innen 501 - 2500,13,False
Österreichische Bundesforste AG,1,niederösterreich,3002 Purkersdorf,https://www.karriere.at/f/%C3%B6sterreichische-bundesforste-unternehmensleitung,Österreichische Bundesforste AG,100.0,,,,4,True
"""smart home"" bauconsulting GmbH",1,vorarlberg,6923 Lauterach,https://www.karriere.at/f/hp-bauconsulting,HP Bauconsulting GmbH,89.7,1,10,Anzahl der Mitarbeiter*innen 1 - 10,13,False
AJAS - Immo GmbH,1,vorarlberg,6840 Götzis,https://www.karriere.at/f/ve-immo,VE Immo GmbH,72.7,1,10,Anzahl der Mitarbeiter*innen 1 - 10,13,False
Beto Immobilien GmbH,1,vorarlberg,6837 Weiler,https://www.karriere.at/f/uk-immobilien,UK Immobilien GmbH,87.0,,,,0,False
Biljana Antonijevic,1,vorarlberg,6700 Bludenz,,,,,,,,
Bischof Immobilien GmbH,1,vorarlberg,6850 Dornbirn,https://www.karriere.at/f/bischof-immobilien-judenburg,Bischof Immobilien Ges.m.b.H.,100.0,1,10,Anzahl der Mitarbeiter*innen 1 - 10,13,True
bokasa Immobilien GmbH,1,vorarlberg,6922 Wolfurt,https://www.karriere.at/f/boss-immobilien,BOSS Immobilien GmbH,87.5,11,30,Anzahl der Mitarbeiter*innen 11 - 30,69,False
build & solve GmbH,1,vorarlberg,6850 Dornbirn,,,,,,,,
Christiane Höscheler,1,vorarlberg,6845 Hohenems,,,,,,,,
CMTY Service GmbH,1,vorarlberg,0676 888 73 354,https://www.karriere.at/f/mst-service,MST-Service GmbH,87.0,1,10,Anzahl der Mitarbeiter*innen 1 - 10,2,False
CURA Immobilien OG,1,vorarlberg,6850 Dornbirn,https://www.karriere.at/f/cuore-immobilien,CUORE Immobilien GmbH,90.3,11,30,Anzahl der Mitarbeiter*innen 11 - 30,13,True
Daria Marlene Sieber,1,vorarlberg,6971 Hard,,,,,,,,
"Dipl.-Ing. (FH) Christian Wilhelm Konzett, MSc",1,vorarlberg,6833 Klaus,https://www.karriere.at/f/sedlak-wilhelm-dipl-ing,Dipl-Ing Wilhelm Sedlak GesmbH,82.1,,,,1,False
"Dipl.-Ök.in Doris Margarete Ingrid Ramspeck-Wirths, MA",1,vorarlberg,6800 Feldkirch,,,,,,,,
DOMUS IMMOBILIEN KG,1,vorarlberg,6890 Lustenau,https://www.karriere.at/f/decus-immobilien,Decus Immobilien GmbH,87.5,1,10,Anzahl der Mitarbeiter*innen 1 - 10,13,False
Doris Kohout,1,vorarlberg,6850 Dornbirn,,,,,,,,
F.M. Hämmerle Holding AG,1,vorarlberg,6850 Dornbirn,https://www.karriere.at/f/vh-holding,VH Holding GmbH,82.4,,,,69,True
Fetz Immobilien Gmbh,1,vorarlberg,6870 Reuthe,https://www.karriere.at/f/uk-immobilien,UK Immobilien GmbH,87.0,,,,0,False
GDR Admin GmbH,1,vorarlberg,6830 Rankweil,,,,,,,,
Germann Immobilien GmbH,1,vorarlberg,6900 Bregenz,https://www.karriere.at/f/grossmann-immobilien,Grossmann Immobilien GmbH,89.5,1,10,Anzahl der Mitarbeiter*innen 1 - 10,13,False
Gesellschaft zur Betreuung und Verwaltung von Wohnungseigentum m.b.H.,1,vorarlberg,6900 Bregenz,https://www.karriere.at/f/zbd-verwaltung,ZBD Verwaltung GmbH & Co KG,87.5,1,10,Anzahl der Mitarbeiter*innen 1 - 10,2,False
Günther Gaßner,1,vorarlberg,6973 Höchst,https://www.karriere.at/f/g%C3%BCnther-lang,Günther Lang GmbH,80.0,,,,69,False
Heike Claudia Dieber,1,vorarlberg,6700 Bludenz,,,,,,,,
Heimbach OG,1,vorarlberg,6911 Lochau,,,,,,,,
IB Fink GmbH,1,vorarlberg,6830 Rankweil,https://www.karriere.at/f/fink-co,Fink GmbH & Co. KG,72.7,,,,69,False
IMG Hausverwaltungs GmbH & Co KG,1,vorarlberg,6972 Fußach,https://www.karriere.at/f/hv-24-hausverwaltungs-gmbh,HV 24 Hausverwaltungs GmbH,83.3,1,10,Anzahl der Mitarbeiter*innen 1 - 10,13,False
Immoplus Immobilienverwaltungs GmbH,1,vorarlberg,6900 Bregenz,https://www.karriere.at/f/homebase-immobilienverwaltungs-gmbh,Homebase Immobilienverwaltungs GmbH,82.4,1,10,Anzahl der Mitarbeiter*innen 1 - 10,13,False
IMOVA Immobilientreuhand GmbH,1,vorarlberg,6700 Bludenz,https://www.karriere.at/f/gmk-immobilientreuhand,GMK Immobilientreuhand GmbH,90.0,1,10,Anzahl der Mitarbeiter*innen 1 - 10,13,False
Ing. Jerome-Dominique Büchel,1,vorarlberg,6911 Lochau,,,,,,,,
Ingrid Sonja Thaler,1,vorarlberg,6900 Bregenz,,,,,,,,
Invest-Baubetreuungs GmbH & Co KG,1,vorarlberg,6900 Bregenz,https://www.karriere.at/f/pv-invest,PV - Invest GmbH,80.0,11,30,Anzahl der Mitarbeiter*innen 11 - 30,15,False
iPunkt-Immobilien GmbH,1,vorarlberg,6719 Bludesch,https://www.karriere.at/f/uk-immobilien,UK Immobilien GmbH,87.0,,,,0,False
"ISK Institut für Standort-, Regional- und Kommunalentwicklung Dr. Mathis & Partner GmbH",1,vorarlberg,6850 Dornbirn,https://www.karriere.at/f/maj-partner,Maj & Partner KG,84.6,1,10,Anzahl der Mitarbeiter*innen 1 - 10,16,False
Jochen Egger,1,vorarlberg,6841 Mäder,,,,,,,,
Johann Böhler Handelsgesellschaft mbH & Co KG,1,vorarlberg,6922 Wolfurt,https://www.karriere.at/f/rag-handelsgesellschaft,RAG Handelsgesellschaft m.b.H.,79.2,51,100,Anzahl der Mitarbeiter*innen 51 - 100,69,False
Karrenblick Immobilien GmbH,1,vorarlberg,6850 Dornbirn,https://www.karriere.at/f/uk-immobilien,UK Immobilien GmbH,87.0,,,,0,True
Kiene Immobilienverwaltung GmbH,1,vorarlberg,6850 Dornbirn,https://www.karriere.at/f/iv-immobilienverwaltung,IV Immobilienverwaltung GmbH,93.0,11,30,Anzahl der Mitarbeiter*innen 11 - 30,13,True
Lick & Partner GmbH,1,vorarlberg,6850 Dornbirn,https://www.karriere.at/f/s3-partner,S3+Partner KG,82.4,1,10,Anzahl der Mitarbeiter*innen 1 - 10,2,False
LOGOS IMMOBILIEN e.U.,1,vorarlberg,6822 Satteins,https://www.karriere.at/f/uk-immobilien,UK Immobilien GmbH,87.0,,,,0,False
M-Immobilien Verwaltungs GmbH & Co KG,1,vorarlberg,6850 Dornbirn,https://www.karriere.at/f/delta-immobilien-verwaltungs-verwertungs-u-vermittlungsgesmbh,Delta Immobilien Verwaltungs- Verwertungs- u VermittlungsgesmbH,88.0,1,10,Anzahl der Mitarbeiter*innen 1 - 10,10,False
Mag Inge Maria Brändle,1,vorarlberg,6850 Dornbirn,,,,,,,,
Mag. (FH) Alexandra Bischof,1,vorarlberg,6850 Dornbirn,,,,,,,,
Mag. Kofler Vermögenstreuhand GmbH,1,vorarlberg,6840 Götzis,https://www.karriere.at/f/schinner-verm%C3%B6genstreuhand-und-versicherungsberatungsgesellschaft,"Schinner, Vermögenstreuhand- und Versicherungsberatungsgesellschaft m.b.H.",75.6,11,30,Anzahl der Mitarbeiter*innen 11 - 30,10,False
Markus Alfons Längle,1,vorarlberg,6822 Satteins,,,,,,,,
Martin Gigler Immobilienverwaltung e.U.,1,vorarlberg,6922 Wolfurt,https://www.karriere.at/f/iv-immobilienverwaltung,IV Immobilienverwaltung GmbH,93.0,11,30,Anzahl der Mitarbeiter*innen 11 - 30,13,False
MARTIN Vermögenstreuhand e.U.,1,vorarlberg,6800 Feldkirch,https://www.karriere.at/f/schinner-verm%C3%B6genstreuhand-und-versicherungsberatungsgesellschaft,"Schinner, Vermögenstreuhand- und Versicherungsberatungsgesellschaft m.b.H.",75.6,11,30,Anzahl der Mitarbeiter*innen 11 - 30,10,True
maxiimmo GmbH,1,vorarlberg,6830 Rankweil,,,,,,,,
mietplus GmbH,1,vorarlberg,6890 Lustenau,,,,,,,,
Mohren Immo GmbH & Co KG,1,vorarlberg,6850 Dornbirn,https://www.karriere.at/f/ve-immo,VE Immo GmbH,72.7,1,10,Anzahl der Mitarbeiter*innen 1 - 10,13,True
MONTFORT Immobilien Treuhand GmbH,1,vorarlberg,6800 Feldkirch,https://www.karriere.at/f/ps-immobilien-treuhand,PS Immobilien Treuhand GmbH,92.7,1,10,Anzahl der Mitarbeiter*innen 1 - 10,13,False
P&M Immobilien GmbH,1,vorarlberg,6714 Nüziders,https://www.karriere.at/f/c-p-immobilien,C&P Immobilien AG,94.4,101,500,Anzahl der Mitarbeiter*innen 101 - 500,13,False
primus IMMOBILIEN GmbH,1,vorarlberg,6700 Bludenz,https://www.karriere.at/f/uk-immobilien,UK Immobilien GmbH,87.0,,,,0,False
PRISMA Finanzmanagement GmbH,1,vorarlberg,6850 Dornbirn,https://www.karriere.at/f/auritas-finanzmanagement,auritas finanzmanagement gmbh,85.1,1,10,Anzahl der Mitarbeiter*innen 1 - 10,10,False
Projektum GmbH,1,vorarlberg,6837 Weiler,,,,,,,,
Raumgut Immobilien GmbH,1,vorarlberg,6845 Hohenems,https://www.karriere.at/f/uk-immobilien,UK Immobilien GmbH,87.0,,,,0,False
RBO GmbH,1,vorarlberg,6824 Schlins,,,,,,,,
Reif-Guttenbrunner-Immobilien GmbH,1,vorarlberg,6971 Hard,https://www.karriere.at/f/uk-immobilien,UK Immobilien GmbH,87.0,,,,0,False
Reimann Immobilien GmbH,1,vorarlberg,6850 Dornbirn,https://www.karriere.at/f/uk-immobilien,UK Immobilien GmbH,87.0,,,,0,True
Reinhard Gigler,1,vorarlberg,6971 Hard,https://www.karriere.at/f/reinhard-di-lena,Reinhard Di Lena GmbH,77.4,11,30,Anzahl der Mitarbeiter*innen 11 - 30,69,True
RELESTA Immobilientreuhand GmbH,1,vorarlberg,6840 Götzis,https://www.karriere.at/f/realwert-immobilientreuhand,Realwert Immobilientreuhand GmbH,90.6,1,10,Anzahl der Mitarbeiter*innen 1 - 10,13,False
Revital Immobilien GmbH,1,vorarlberg,6850 Dornbirn,https://www.karriere.at/f/uk-immobilien,UK Immobilien GmbH,87.0,,,,0,True
Rimo Immobilien GmbH,1,vorarlberg,6800 Feldkirch,https://www.karriere.at/f/uk-immobilien,UK Immobilien GmbH,87.0,,,,0,False
Rita Anna Kohler,1,vorarlberg,6883 Au,,,,,,,,
Sargant Immobilien e.U.,1,vorarlberg,6830 Rankweil,https://www.karriere.at/f/uk-immobilien,UK Immobilien GmbH,87.0,,,,0,False
Silvia Bischof,1,vorarlberg,6800 Feldkirch,,,,,,,,
SIMA Immobilien GmbH,1,vorarlberg,6911 Lochau,https://www.karriere.at/f/hima-immobilien,HIMA Immobilien GmbH,93.3,1,10,Anzahl der Mitarbeiter*innen 1 - 10,13,False
SIMPLEX Immobilientreuhand GmbH,1,vorarlberg,6850 Dornbirn,https://www.karriere.at/f/gmk-immobilientreuhand,GMK Immobilientreuhand GmbH,90.0,1,10,Anzahl der Mitarbeiter*innen 1 - 10,13,True
Soller Immobilienverwaltung GmbH,1,vorarlberg,6890 Lustenau,https://www.karriere.at/f/iv-immobilienverwaltung,IV Immobilienverwaltung GmbH,93.0,11,30,Anzahl der Mitarbeiter*innen 11 - 30,13,False
URBAN Der Hausverwalter GmbH,1,vorarlberg,6900 Bregenz,,,,,,,,
Vetter-Stuchly Immo GmbH,1,vorarlberg,6890 Lustenau,https://www.karriere.at/f/ve-immo,VE Immo GmbH,72.7,1,10,Anzahl der Mitarbeiter*innen 1 - 10,13,False
vplus GmbH,1,vorarlberg,6850 Dornbirn,,,,,,,,
Vreal Immobilienservice GmbH,1,vorarlberg,6850 Dornbirn,https://www.karriere.at/f/p17-immobilienservice,P17 Immobilienservice GmbH,89.5,,,,0,True
WAM Immobilien GmbH,1,vorarlberg,6700 Bludenz,https://www.karriere.at/f/amb-immobilien,amb immobilien GmbH,92.9,1,10,Anzahl der Mitarbeiter*innen 1 - 10,13,False
WOGE Treuhand- und Verwaltungsgesellschaft m.b.H. & Co. KG,1,vorarlberg,6900 Bregenz,https://www.karriere.at/f/tricore-verwaltungsgesellschaft,TRICORE Verwaltungsgesellschaft m.b.H.,87.9,1,10,Anzahl der Mitarbeiter*innen 1 - 10,14,False
"""Die Kärntner""-Wohnbau und Hausverwaltungsgesellschaft m.b.H.",1,kärnten,9500 Villach,https://www.karriere.at/f/die-k%C3%A4rntner-wohnbau-und-hausverwaltungsgesmbh,"""Die Kärntner""-Wohnbau- und Hausverwaltungsgesellschaft m.b.H.",100.0,11,30,Anzahl der Mitarbeiter*innen 11 - 30,13,True
"""Trend"" Bauträger GesmbH",1,kärnten,9500 Villach,https://www.karriere.at/f/s1-bautr%C3%A4ger,S1 Bauträger GmbH,85.7,31,50,Anzahl der Mitarbeiter*innen 31 - 50,13,True
9022 Projektmanagement GmbH,1,kärnten,9022 Projektmanagement GmbH,https://www.karriere.at/f/9022-projektmanagement,9022 Projektmanagement GmbH,100.0,1,10,Anzahl der Mitarbeiter*innen 1 - 10,13,True
A-Quadrat Immobilien GmbH,1,kärnten,9500 Villach,https://www.karriere.at/f/uk-immobilien,UK Immobilien GmbH,87.0,,,,0,True
ACASA Immobilienmanagement GmbH,1,kärnten,9020 Klagenfurt am Wörthersee,https://www.karriere.at/f/zum-immobilienmanagement,ZUM Immobilienmanagement GmbH,90.9,11,30,Anzahl der Mitarbeiter*innen 11 - 30,13,False
AICO Service GmbH,1,kärnten,9400 Wolfsberg,https://www.karriere.at/f/inicom-service,INICOM Service GmbH,84.6,101,500,Anzahl der Mitarbeiter*innen 101 - 500,15,False
Astrid Maria Čas,1,kärnten,9020 Klagenfurt am Wörthersee,,,,,,,,
at-MO-sphere Immobilienverwaltung e.U.,1,kärnten,9020 Klagenfurt am Wörthersee,https://www.karriere.at/f/iv-immobilienverwaltung,IV Immobilienverwaltung GmbH,93.0,11,30,Anzahl der Mitarbeiter*innen 11 - 30,13,False
AundP Hausverwaltung GmbH,1,kärnten,9210 Pörtschach/Wörther See,https://www.karriere.at/f/isw-hausverwaltung,ISW Hausverwaltung GmbH,87.5,1,10,Anzahl der Mitarbeiter*innen 1 - 10,13,False
Avon Immobilien GmbH,1,kärnten,9422 St.Andrä,https://www.karriere.at/f/uk-immobilien,UK Immobilien GmbH,87.0,,,,0,False
Barbara Rappitsch,1,kärnten,9400 Wolfsberg,,,,,,,,
Barta Immobilientreuhand GmbH,1,kärnten,9500 Villach,https://www.karriere.at/f/arwag-immobilientreuhand,ARWAG Immobilientreuhand GmbH,91.7,51,100,Anzahl der Mitarbeiter*innen 51 - 100,13,True
"Bernd Maier, MSc",1,kärnten,9020 Klagenfurt am Wörthersee,https://www.karriere.at/f/maier,Maier GmbH,100.0,11,30,Anzahl der Mitarbeiter*innen 11 - 30,69,False
Beslinda Kryeziu,1,kärnten,9560 Waiern,,,,,,,,
BKS Immobilien-Service Gesellschaft m.b.H.,1,kärnten,9020 Klagenfurt am Wörthersee,https://www.karriere.at/f/%C3%B6bv-immobilien-gesellschaft,ÖBV - IMMOBILIEN Gesellschaft m.b.H.,93.5,1,10,Anzahl der Mitarbeiter*innen 1 - 10,13,False
BUWOG Group GmbH,2,kärnten; wien,1010 Wien | 9500 Villach,https://www.karriere.at/f/boa-group,BOA Group GmbH,80.0,31,50,Anzahl der Mitarbeiter*innen 31 - 50,16,True
BWF Wohnbau GmbH,1,kärnten,9521 Treffen am Ossiacher See,https://www.karriere.at/f/%C3%B6wg-wohnbau,ÖWG Wohnbau,81.8,101,500,Anzahl der Mitarbeiter*innen 101 - 500,13,False
Casavia Immobilien GmbH,1,kärnten,9020 Klagenfurt am Wörthersee,https://www.karriere.at/f/uk-immobilien,UK Immobilien GmbH,87.0,,,,0,False
"Cindy Fahlböck, BA MA",1,kärnten,9521 Treffen/Ossiacher See-Seespitz,,,,,,,,
Daniel Hausverwaltung GmbH,1,kärnten,9020 Klagenfurt am Wörthersee,https://www.karriere.at/f/isw-hausverwaltung,ISW Hausverwaltung GmbH,87.5,1,10,Anzahl der Mitarbeiter*innen 1 - 10,13,False
DANIEL IMMOBILIEN e.U.,1,kärnten,9020 Klagenfurt/Wörthersee,https://www.karriere.at/f/uk-immobilien,UK Immobilien GmbH,87.0,,,,0,False
DeZt Immobilien Real Estate Management GmbH,1,kärnten,9020 Klagenfurt am Wörthersee,https://www.karriere.at/f/ig-immobilien-management,IG Immobilien Management GmbH,93.3,51,100,Anzahl der Mitarbeiter*innen 51 - 100,13,False
Dieter Ernfried Pretis,1,kärnten,9020 Klagenfurt am Wörthersee,,,,,,,,
DIM Hausverwaltung GmbH,1,kärnten,9020 Klagenfurt/Wörthersee,https://www.karriere.at/f/dim-hausverwaltung,DIM Hausverwaltung GmbH,100.0,,,,13,False
Dr. Fuchsberger Immobilienmanagement GmbH,1,kärnten,9130 Poggersdorf-Rain,https://www.karriere.at/f/zum-immobilienmanagement,ZUM Immobilienmanagement GmbH,90.9,11,30,Anzahl der Mitarbeiter*innen 11 - 30,13,False
Dörfler Hausverwaltung GmbH,1,kärnten,9560 Feldkirchen/Ktn.,https://www.karriere.at/f/isw-hausverwaltung,ISW Hausverwaltung GmbH,87.5,1,10,Anzahl der Mitarbeiter*innen 1 - 10,13,False
ECO INVEST Vermögensverwaltungs- und Beteiligungs GmbH,1,kärnten,9020 Klagenfurt am Wörthersee,https://www.karriere.at/f/leu-verm%C3%B6gensverwaltungs-gmbh,LEU Vermögensverwaltungs GmbH,90.9,,,,47,False
ERGOTEC Entwicklungs- & Anlagenberatungs G.m.b.H.,1,kärnten,9020 Klagenfurt am Wörthersee,https://www.karriere.at/f/rg-entwicklungs-gmbh,RG-Entwicklungs GmbH,88.9,1,10,Anzahl der Mitarbeiter*innen 1 - 10,13,False
Finanz- und Bauconsult Ges.m.b.H.,1,kärnten,9020 Klagenfurt am Wörthersee,https://www.karriere.at/f/s-s-bauconsult,S&S Bauconsult GmbH,93.3,,,,13,False
FOHN Immobilienverwaltung GmbH,1,kärnten,9500 Villach,https://www.karriere.at/f/iv-immobilienverwaltung,IV Immobilienverwaltung GmbH,93.0,11,30,Anzahl der Mitarbeiter*innen 11 - 30,13,True
Franz Brunner GmbH,1,kärnten,9400 Wolfsberg,https://www.karriere.at/f/br%C3%BCnner-zt,Brünner ZT GmbH,82.4,1,10,Anzahl der Mitarbeiter*innen 1 - 10,13,False
Friedrich Michael Höbart,1,kärnten,9020 Klagenfurt am Wörthersee,https://www.karriere.at/f/fritz-friedrich,Fritz Friedrich GesmbH,75.0,11,30,Anzahl der Mitarbeiter*innen 11 - 30,15,False
Gabriela Hildegard Forsthuber,1,kärnten,9220 Velden am Wörther See,,,,,,,,
Glan Real und Hausverwaltung Ges.m.b.H.,1,kärnten,9300 St. Veit an der Glan,https://www.karriere.at/f/isw-hausverwaltung,ISW Hausverwaltung GmbH,87.5,1,10,Anzahl der Mitarbeiter*innen 1 - 10,13,False
GMG Immobilien Invest GmbH,3,kärnten; wien,1010 Wien | 1110 Wien | 9112 Griffen,https://www.karriere.at/f/liv-living-invest-immobilien,LIV-Living Invest Immobilien GmbH,89.5,,,,13,True
Hagg VISA Hausverwaltung GmbH,1,kärnten,9020 Klagenfurt am Wörthersee,https://www.karriere.at/f/isw-hausverwaltung,ISW Hausverwaltung GmbH,87.5,1,10,Anzahl der Mitarbeiter*innen 1 - 10,13,False
Hartwig Siegfried Siutz,1,kärnten,9500 Villach,,,,,,,,
Hartwig Warmuth Gesellschaft m.b.H.,1,kärnten,9500 Villach,,,,,,,,
Hausverwaltung Con.Ti KG,1,kärnten,9020 Klagenfurt/Wörthersee,https://www.karriere.at/f/isw-hausverwaltung,ISW Hausverwaltung GmbH,87.5,1,10,Anzahl der Mitarbeiter*innen 1 - 10,13,False
Hausverwaltung Schimmel & Partner GmbH,1,kärnten,0676 3872205,https://www.karriere.at/f/isw-hausverwaltung,ISW Hausverwaltung GmbH,87.5,1,10,Anzahl der Mitarbeiter*innen 1 - 10,13,False
I&P GmbH,1,kärnten,9400 Wolfsberg,https://www.karriere.at/f/s-i-b-mag-stefan-gruber-steuerberatungs-und-wirtschaftspr%C3%BCfungs-gmbh,S.I.B. Mag. Stefan Gruber Steuerberatungs- und -Wirtschaftsprüfungs GmbH,83.3,1,10,Anzahl der Mitarbeiter*innen 1 - 10,47,True
IMK-Hausverwaltung GmbH,1,kärnten,9020 Klagenfurt am Wörthersee,https://www.karriere.at/f/dim-hausverwaltung,DIM Hausverwaltung GmbH,94.4,,,,13,False
Immobilien Dr. Jonach GmbH,1,kärnten,9500 Villach,https://www.karriere.at/f/uk-immobilien,UK Immobilien GmbH,87.0,,,,0,True
Immobilien Treuhand Hanke & Bodner KG,1,kärnten,9800 Spittal/Drau,https://www.karriere.at/f/ps-immobilien-treuhand,PS Immobilien Treuhand GmbH,92.7,1,10,Anzahl der Mitarbeiter*innen 1 - 10,13,False
Immobilien Verwaltung Klagenfurt GmbH,1,kärnten,9020 Klagenfurt am Wörthersee,https://www.karriere.at/f/immobilien-verwaltung-klagenfurt-klagenfurt-am-w%C3%B6rthersee,Immobilien Verwaltung Klagenfurt GmbH,100.0,11,30,Anzahl der Mitarbeiter*innen 11 - 30,13,True
Ing. Johannes Juri,1,kärnten,9400 Wolfsberg,https://www.karriere.at/f/juri,Juri GmbH,100.0,51,100,Anzahl der Mitarbeiter*innen 51 - 100,69,False
ING. MESSNER GmbH,1,kärnten,9800 Spittal/Drau,https://www.karriere.at/f/w%C3%B6rndl-messner-metallbau-tore,"Wörndl & Messner, Metallbau & Tore GmbH",77.8,1,10,Anzahl der Mitarbeiter*innen 1 - 10,16,False
ISSUK Projektentwicklungs GmbH,1,kärnten,9061 Klagenfurt/Wörthersee,https://www.karriere.at/f/wohnraumwerk-bautr%C3%A4ger-und-projektentwicklungs-gmbh,Wohnraumwerk Bauträger und Projektentwicklungs GmbH,86.4,11,30,Anzahl der Mitarbeiter*innen 11 - 30,13,False
Kaiserburg Hotel-Betriebsgesellschaft m.b.H.,1,kärnten,9546 Bad Kleinkirchheim,https://www.karriere.at/f/jet-erp-betriebsgesellschaft,JET ERP Betriebsgesellschaft m.b.H.,86.7,31,50,Anzahl der Mitarbeiter*innen 31 - 50,2,False
KIM Kärntner Immobilienmanagement GmbH,1,kärnten,9020 Klagenfurt am Wörthersee,https://www.karriere.at/f/kim-k%C3%A4rntner-immobilienmanagement,KIM Kärntner Immobilienmanagement GmbH,100.0,1,10,Anzahl der Mitarbeiter*innen 1 - 10,13,False
KKG & KAT Immobilien GmbH,1,kärnten,9521 Treffen/Ossiacher See,https://www.karriere.at/f/uk-immobilien,UK Immobilien GmbH,87.0,,,,0,False
Kommunalgesellschaft Völkermarkt GmbH,1,kärnten,9100 Völkermarkt,https://www.karriere.at/f/kommunalgesellschaft-v%C3%B6lkermarkt,Kommunalgesellschaft Völkermarkt GmbH,100.0,1,10,Anzahl der Mitarbeiter*innen 1 - 10,13,True
KP Real GmbH,1,kärnten,9330 Althofen,https://www.karriere.at/f/wtc-real-estate,WTC Real Estate GmbH,72.7,,,,13,False
Kraftfeld Immobilien e.U.,1,kärnten,9300 St.Veit/Glan,https://www.karriere.at/f/uk-immobilien,UK Immobilien GmbH,87.0,,,,0,False
Lisa Martina Moser,1,kärnten,9521 Treffen/Ossiacher See,https://www.karriere.at/f/wk-moser,WK Moser GmbH,76.9,,,,0,False
Mag. Andreas Christian Baumgartner,1,kärnten,9500 Villach,https://www.karriere.at/f/andreas-auer,Andreas Auer GmbH,73.7,11,30,Anzahl der Mitarbeiter*innen 11 - 30,153,True
Mag. Barbara Gabriele Waltersdorfer,1,kärnten,9431 St. Stefan,,,,,,,,
Mag. Dr. KommR Raimund Engelbert Neuwirther,1,kärnten,0664 1601355,,,,,,,,
Mag. Hirschler & Partner Immobilien-Ges.m.b.H.,2,kärnten; wien,1110 Wien | 9020 Klagenfurt am Wörthersee,https://www.karriere.at/f/ins-partner-immobilien,INS Partner Immobilien GmbH,90.0,1,10,Anzahl der Mitarbeiter*innen 1 - 10,13,True
Mag. Iris Germ,1,kärnten,9020 Klagenfurt am Wörthersee,,,,,,,,
Mag. Susanne Ogris,1,kärnten,9020 Klagenfurt am Wörthersee,https://www.karriere.at/f/rechtsanwaltskanzlei-mag-susanne-p%C3%B6ltenstein-rosenegger,Rechtsanwaltskanzlei Mag. Susanne Pöltenstein-Rosenegger,78.6,,,,47,False
Manfred Michael Patterer,1,kärnten,9020 Klagenfurt am Wörthersee,,,,,,,,
"Manuel Walter Roscher, MSc BSc",1,kärnten,9400 Wolfsberg,https://www.karriere.at/f/walter,Walter GmbH,100.0,1,10,Anzahl der Mitarbeiter*innen 1 - 10,23,False
Manuela Gabriel,1,kärnten,9601 Arnoldstein,https://www.karriere.at/f/kroi%C3%9F-manuela,Kroiß Manuela,74.1,1,10,Anzahl der Mitarbeiter*innen 1 - 10,2,False
Mari Immobilien & Hausverwaltung OG,1,kärnten,9210 Pörtschach am Wörther See,https://www.karriere.at/f/isw-hausverwaltung,ISW Hausverwaltung GmbH,87.5,1,10,Anzahl der Mitarbeiter*innen 1 - 10,13,False
MATRA GmbH,1,kärnten,9546 Bad Kleinkirchheim,,,,,,,,
Melamar GmbH,1,kärnten,9130 Poggersdorf,,,,,,,,
MID Realverwaltung GmbH,1,kärnten,9020 Klagenfurt am Wörthersee,https://www.karriere.at/f/realverwaltung,Realverwaltung GmbH,100.0,,,,1,True
MK Immobilienverwaltung GmbH,1,kärnten,9073 Klagenfurt am Wörthersee,https://www.karriere.at/f/zentreal-immobilienverwaltung,Zentreal Immobilienverwaltung GmbH,93.0,11,30,Anzahl der Mitarbeiter*innen 11 - 30,13,False
Moderna.immo Real Estate GmbH,1,kärnten,9020 Klagenfurt am Wörthersee,https://www.karriere.at/f/mg-real-estate,MG Real Estate GmbH,88.0,1,10,Anzahl der Mitarbeiter*innen 1 - 10,13,False
Ogris & Kamber Immobilien GmbH,1,kärnten,9020 Klagenfurt am Wörthersee,https://www.karriere.at/f/uk-immobilien,UK Immobilien GmbH,87.0,,,,0,False
Qualitas Immobilien GmbH,1,kärnten,9065 Ebenthal,https://www.karriere.at/f/uk-immobilien,UK Immobilien GmbH,87.0,,,,0,False
REAL-WOHNBAUGESELLSCHAFT M.B.H.,1,kärnten,9020 Klagenfurt am Wörthersee,https://www.karriere.at/f/gemeinn%C3%BCtzige-wohnbaugesellschaft-villach-villach,Gemeinnützige Wohnbaugesellschaft mbH Villach,77.6,51,100,Anzahl der Mitarbeiter*innen 51 - 100,13,False
REALITÄTEN - INVEST Immobilientreuhand- und Wohnbaugesellschaft m.b.H,1,kärnten,9020 Klagenfurt am Wörthersee,https://www.karriere.at/f/s-a-immobilientreuhand,S&A Immobilientreuhand GmbH,91.7,1,10,Anzahl der Mitarbeiter*innen 1 - 10,13,False
Realitäten Perkonig Immobilientreuhand KG,1,kärnten,0463 502060,https://www.karriere.at/f/gmk-immobilientreuhand,GMK Immobilientreuhand GmbH,90.0,1,10,Anzahl der Mitarbeiter*innen 1 - 10,13,False
Realitätenverwaltung Kreutz GmbH,1,kärnten,9020 Klagenfurt am Wörthersee,,,,,,,,
Realverwaltung GmbH,1,kärnten,9020 Klagenfurt am Wörthersee,https://www.karriere.at/f/realverwaltung,Realverwaltung GmbH,100.0,,,,1,True
Riedergarten Immobilien Management GmbH,1,kärnten,9020 Klagenfurt am Wörthersee,https://www.karriere.at/f/ig-immobilien-management,IG Immobilien Management GmbH,93.3,51,100,Anzahl der Mitarbeiter*innen 51 - 100,13,False
roegg holding gmbh,1,kärnten,9562 Himmelberg,https://www.karriere.at/f/rgf-holding,RGF Holding GmbH,83.3,51,100,Anzahl der Mitarbeiter*innen 51 - 100,13,False
Rudolf Stefan Brandstätter,1,kärnten,9800 Spittal/Drau,https://www.karriere.at/f/%C3%B6ffentliche-notare-mag-rudolf-brandst%C3%A4tter-dr-thomas-mayerhofer-partnerschaft,Öffentliche Notare Mag. Rudolf Brandstätter & Dr. Thomas Mayerhofer Partnerschaft OEG,84.4,1,10,Anzahl der Mitarbeiter*innen 1 - 10,47,False
S.O. Hausverwaltung GmbH,1,kärnten,9020 Klagenfurt am Wörthersee,https://www.karriere.at/f/isw-hausverwaltung,ISW Hausverwaltung GmbH,88.9,1,10,Anzahl der Mitarbeiter*innen 1 - 10,13,False
Schönberg Hausverwaltung GmbH,1,kärnten,9020 Klagenfurt am Wörthersee,https://www.karriere.at/f/isw-hausverwaltung,ISW Hausverwaltung GmbH,87.5,1,10,Anzahl der Mitarbeiter*innen 1 - 10,13,False
SI-Schaflechner Immobilienverwaltung e.U.,1,kärnten,0676 848801,https://www.karriere.at/f/iv-immobilienverwaltung,IV Immobilienverwaltung GmbH,93.0,11,30,Anzahl der Mitarbeiter*innen 11 - 30,13,False
Siller Real Estate Holding GmbH,1,kärnten,9800 Spittal/Drau,https://www.karriere.at/f/mg-real-estate,MG Real Estate GmbH,88.0,1,10,Anzahl der Mitarbeiter*innen 1 - 10,13,False
Stadt-Immobilien-Gesellschaft St.Veit/Glan GmbH,1,kärnten,9300 St.Veit an der Glan,https://www.karriere.at/f/stadt-immobilien-gesellschaft-st-veit-glan,Stadt-Immobilien-Gesellschaft St.Veit/Glan GmbH,100.0,31,50,Anzahl der Mitarbeiter*innen 31 - 50,13,False
STRABAG BRVZ GmbH,2,kärnten; wien,1220 Wien | 9800 Spittal an der Drau,https://www.karriere.at/f/strabag-se,STRABAG SE,82.4,,,,111,True
Uta Meyer,1,kärnten,9500 Villach,https://www.karriere.at/f/meyer-logistik,Meyer Logistik GmbH & Co KG,71.4,51,100,Anzahl der Mitarbeiter*innen 51 - 100,153,True
VIV Immobilien Verwaltung & Vermarktung GmbH,1,kärnten,9020 Klagenfurt am Wörthersee,https://www.karriere.at/f/uk-immobilien,UK Immobilien GmbH,87.0,,,,0,False
Vivalife GmbH,1,kärnten,9556 Liebenfels,,,,,,,,
VIVATRO GmbH,1,kärnten,9300 St.Veit/Glan,,,,,,,,
Wernisch Immobilientreuhand GmbH,1,kärnten,9500 Villach,https://www.karriere.at/f/gmk-immobilientreuhand,GMK Immobilientreuhand GmbH,90.0,1,10,Anzahl der Mitarbeiter*innen 1 - 10,13,True
Wesiak Kärnten Verwaltungs GmbH,1,kärnten,9020 Klagenfurt am Wörthersee,https://www.karriere.at/f/wesiak-haring-verwaltungs-gmbh,Wesiak Wien Verwaltungs GmbH,87.8,1,10,Anzahl der Mitarbeiter*innen 1 - 10,13,False
Wiedergut Gesellschaft m.b.H. & Co. KG.,1,kärnten,9500 Villach,,,,,,,,
WKI Hausverwaltung GmbH,1,kärnten,9020 Klagenfurt/Wörthersee,https://www.karriere.at/f/isw-hausverwaltung,ISW Hausverwaltung GmbH,88.9,1,10,Anzahl der Mitarbeiter*innen 1 - 10,13,False
WMK Immoinvest und Beteiligungs GmbH,1,kärnten,9330 Althofen,https://www.karriere.at/f/shi-beteiligungs-gmbh,SHI Beteiligungs GmbH,85.7,,,,0,False
AI Alpenraum Immobilien GmbH,1,tirol,6122 Fritzens,https://www.karriere.at/f/uk-immobilien,UK Immobilien GmbH,87.0,,,,0,False
All-Suite Resorts - Österreich GmbH,1,tirol,6433 Oetz,,,,,,,,
Andreas Brunner,1,tirol,6365 Kirchberg in Tirol,https://www.karriere.at/f/br%C3%BCnner-zt,Brünner ZT GmbH,82.4,1,10,Anzahl der Mitarbeiter*innen 1 - 10,13,False
Angela Edeltraut Staneck,1,tirol,6352 Ellmau,,,,,,,,
Angelika Dengel-Holzer,1,tirol,6352 Ellmau,,,,,,,,
AP Immobilienberatung GmbH,1,tirol,6134 Vomp,https://www.karriere.at/f/santner-immobilienberatung,Santner Immobilienberatung GmbH,92.3,11,30,Anzahl der Mitarbeiter*innen 11 - 30,13,False
AR Immobilien GmbH,1,tirol,6300 Wörgl,https://www.karriere.at/f/auer-immobilien,Auer Immobilien,92.9,1,10,Anzahl der Mitarbeiter*innen 1 - 10,13,False
Arealita Immobilientreuhand und Sachverständigen GmbH,1,tirol,6020 Innsbruck,https://www.karriere.at/f/s-a-immobilientreuhand,S&A Immobilientreuhand GmbH,91.7,1,10,Anzahl der Mitarbeiter*innen 1 - 10,13,True
Atrium Immobilien Treuhand KG,1,tirol,6020 Innsbruck,https://www.karriere.at/f/ps-immobilien-treuhand,PS Immobilien Treuhand GmbH,92.7,1,10,Anzahl der Mitarbeiter*innen 1 - 10,13,True
auk-Immobilien e.U.,1,tirol,6094 Axams,https://www.karriere.at/f/uk-immobilien,UK Immobilien GmbH,87.0,,,,0,False
Austria Alpin Immobilienservice GmbH,1,tirol,6300 Wörgl,https://www.karriere.at/f/p17-immobilienservice,P17 Immobilienservice GmbH,89.5,,,,0,False
B2 Immobilien e.U.,1,tirol,6170 Zirl,https://www.karriere.at/f/uk-immobilien,UK Immobilien GmbH,87.0,,,,0,False
BavariaReal Hausverwaltung GmbH,1,tirol,6391 Fieberbrunn,https://www.karriere.at/f/isw-hausverwaltung,ISW Hausverwaltung GmbH,87.5,1,10,Anzahl der Mitarbeiter*innen 1 - 10,13,False
Bernhard & Töchter Immobilien GmbH,1,tirol,6020 Innsbruck,https://www.karriere.at/f/uk-immobilien,UK Immobilien GmbH,87.0,,,,0,True
Bettina Thurner,1,tirol,6460 Imst,https://www.karriere.at/f/thurner-edv,Thurner EDV GmbH,77.8,1,10,Anzahl der Mitarbeiter*innen 1 - 10,2,False
BFM Facility Management GmbH,1,tirol,6330 Kufstein,https://www.karriere.at/f/bfm,bfm,100.0,101,500,Anzahl der Mitarbeiter*innen 101 - 500,16,False
BILANZPRO GmbH,1,tirol,6600 Lechaschau,,,,,,,,
Birgit Waibel,1,tirol,6123 Terfens,,,,,,,,
BOE Baumanagement Gesellschaft m.b.H.,1,tirol,6020 Innsbruck,https://www.karriere.at/f/boe-baumanagement,BOE Baumanagement Gesellschaft m.b.H.,100.0,,,,1,True
BOE Gebäudemanagement Gesellschaft m.b.H.,2,tirol; wien,0512 55 17 00 | 1010 Wien,https://www.karriere.at/f/boe-geb%C3%A4udemanagement,BOE Gebäudemanagement Gesellschaft m.b.H.,100.0,101,500,Anzahl der Mitarbeiter*innen 101 - 500,13,True
Bressan Immobilien GmbH,1,tirol,6020 Innsbruck,https://www.karriere.at/f/uk-immobilien,UK Immobilien GmbH,87.0,,,,0,True
Carolin Lener,1,tirol,6020 Innsbruck,,,,,,,,
CBRE GWS Austria GmbH,2,tirol; wien,1100 Wien | 6250 Kundl,,,,,,,,
Christian Helmut Schniersmeyer,1,tirol,6380 St. Johann in Tirol,https://www.karriere.at/f/christian-pieler,Christian Pieler GmbH,72.0,1,10,Anzahl der Mitarbeiter*innen 1 - 10,10,False
Christian Solms GmbH,1,tirol,6371 Aurach b.Kitzbühel,https://www.karriere.at/f/xcits-christian-cigler-it-solutions,xcITs - Christian Cigler IT Solutions,75.0,1,10,Anzahl der Mitarbeiter*innen 1 - 10,2,False
Christina Eva-Maria Knoll-Prantl,1,tirol,6130 Schwaz,,,,,,,,
City Real Immobilien Vermittlungs- und Verwaltungsgesellschaft m.b.H.,1,tirol,6020 Innsbruck,https://www.karriere.at/f/uk-immobilien,UK Immobilien GmbH,87.0,,,,0,True
Daum Immobilien GmbH,1,tirol,6020 Innsbruck,https://www.karriere.at/f/amb-immobilien,amb immobilien GmbH,89.7,1,10,Anzahl der Mitarbeiter*innen 1 - 10,13,True
DHS Immobilien GmbH,1,tirol,0512 263569,https://www.karriere.at/f/rs-immobilien,RS Immobilien GmbH,88.9,1,10,Anzahl der Mitarbeiter*innen 1 - 10,13,False
Die Maklerei Immobilien GmbH,1,tirol,6330 Kufstein,https://www.karriere.at/f/uk-immobilien,UK Immobilien GmbH,87.0,,,,0,False
Dr. Friedrich Weinstabel,1,tirol,6410 Telfs,https://www.karriere.at/f/pinterits-friedrich-dr,Pinterits Friedrich Dr GmbH,75.6,1,10,Anzahl der Mitarbeiter*innen 1 - 10,34,False
Dr. Helmuth Schönbichler,1,tirol,6020 Innsbruck,https://www.karriere.at/f/helmuth-schiller,Helmuth Schiller GmbH,76.9,11,30,Anzahl der Mitarbeiter*innen 11 - 30,13,True
"Dr. Moll & Punt OHG,Immobilienverwaltung OHG",1,tirol,6020 Innsbruck,https://www.karriere.at/f/iv-immobilienverwaltung,IV Immobilienverwaltung GmbH,93.0,11,30,Anzahl der Mitarbeiter*innen 11 - 30,13,True
Fachhochschul Errichtungs- und Betriebs GmbH,1,tirol,6330 Kufstein,https://www.karriere.at/f/csk-betriebs-gmbh-kg,CSK Betriebs GmbH & Co KG,85.7,1,10,Anzahl der Mitarbeiter*innen 1 - 10,2,False
Facima Immobilien Management GmbH,1,tirol,6020 Innsbruck,https://www.karriere.at/f/ig-immobilien-management,IG Immobilien Management GmbH,93.3,51,100,Anzahl der Mitarbeiter*innen 51 - 100,13,True
Falkner & Payr Immobilien OG,1,tirol,6162 Mutters,https://www.karriere.at/f/uk-immobilien,UK Immobilien GmbH,87.0,,,,0,False
Familie Kathrein KG,1,tirol,6020 Innsbruck,,,,,,,,
Findler & Span Immobilientreuhand GmbH,1,tirol,6020 Innsbruck,https://www.karriere.at/f/s-a-immobilientreuhand,S&A Immobilientreuhand GmbH,91.7,1,10,Anzahl der Mitarbeiter*innen 1 - 10,13,True
FMD Immo-Management e.U.,1,tirol,6142 Mieders,https://www.karriere.at/f/rk-management,rk-management GmbH,87.0,1,10,Anzahl der Mitarbeiter*innen 1 - 10,69,False
"Franz Voglsanger, Kommanditgesellschaft",1,tirol,6020 Innsbruck,https://www.karriere.at/f/franz-dax,Franz Dax GmbH,71.4,1,10,Anzahl der Mitarbeiter*innen 1 - 10,13,True
Fröschl Management GmbH & CoKG,1,tirol,6060 Hall in Tirol,https://www.karriere.at/f/fr%C3%B6schl,Fröschl AG & Co KG,100.0,501,2500,Anzahl der Mitarbeiter*innen 501 - 2500,13,True
G. Kager - Mag. P. Grißmann Gesellschaft m.b.H.,1,tirol,6370 Kitzbühel,https://www.karriere.at/f/g-kager-mag-p-gri%C3%9Fmann,G. Kager - Mag. P. Grißmann Gesellschaft m.b.H.,100.0,11,30,Anzahl der Mitarbeiter*innen 11 - 30,13,True
Globale Baugesellschaft m.b.H. & Co. KG.,1,tirol,6020 Innsbruck,https://www.karriere.at/f/anza-baugesellschaft,ANZA Baugesellschaft m.b.H.,89.4,11,30,Anzahl der Mitarbeiter*innen 11 - 30,13,True
"Graf Immobilien Besitz-, Entwicklungs- und Verwaltungsgesellschaft m.b.H.",1,tirol,9971 Matrei/Ostt.,https://www.karriere.at/f/rg-entwicklungs-gmbh,RG-Entwicklungs GmbH,88.9,1,10,Anzahl der Mitarbeiter*innen 1 - 10,13,False
Gärtner Immobilienverwaltungs- gesellschaft m.b.H.,1,tirol,6020 Innsbruck,https://www.karriere.at/f/homebase-immobilienverwaltungs-gmbh,Homebase Immobilienverwaltungs GmbH,82.4,1,10,Anzahl der Mitarbeiter*innen 1 - 10,13,True
H & R Wohnbau GmbH,1,tirol,6130 Schwaz,https://www.karriere.at/f/brucker-wohnbau-und-siedlungsvereinigung-e-gemeinn-gen-m-b-h,Brucker Wohnbau- und Siedlungsvereinigung e. gemeinn. Gen.m.b.H.,92.9,11,30,Anzahl der Mitarbeiter*innen 11 - 30,13,False
HAGA Wohnbau GmbH,1,tirol,6371 Aurach b.Kitzbühel,https://www.karriere.at/f/%C3%B6wg-wohnbau,ÖWG Wohnbau,78.3,101,500,Anzahl der Mitarbeiter*innen 101 - 500,13,False
HALLAG Kommunal GmbH,1,tirol,6060 Hall in Tirol,https://www.karriere.at/f/it-kommunal,IT-Kommunal GmbH,84.2,1,10,Anzahl der Mitarbeiter*innen 1 - 10,2,False
Haus & Co Immobilientreuhand GmbH,1,tirol,6600 Reutte,https://www.karriere.at/f/s-a-immobilientreuhand,S&A Immobilientreuhand GmbH,94.3,1,10,Anzahl der Mitarbeiter*innen 1 - 10,13,False
Haus- und Objektverwaltung 2020 GmbH,1,tirol,6300 Wörgl,,,,,,,,
Hausverwaltung Hackl GmbH,1,tirol,6433 Oetz,https://www.karriere.at/f/isw-hausverwaltung,ISW Hausverwaltung GmbH,87.5,1,10,Anzahl der Mitarbeiter*innen 1 - 10,13,False
Hausverwaltung Reisch GmbH,1,tirol,6370 Kitzbühel,https://www.karriere.at/f/isw-hausverwaltung,ISW Hausverwaltung GmbH,87.5,1,10,Anzahl der Mitarbeiter*innen 1 - 10,13,False
Hochstaffl Immobilien Verwaltung GmbH,1,tirol,6300 Wörgl,https://www.karriere.at/f/hochstaffl-immobilien,Hochstaffl Immobilien GmbH,100.0,11,30,Anzahl der Mitarbeiter*innen 11 - 30,13,True
Holzer & Partner GmbH,1,tirol,6370 Kitzbühel,https://www.karriere.at/f/maj-partner,Maj & Partner KG,84.6,1,10,Anzahl der Mitarbeiter*innen 1 - 10,16,False
Housebook GmbH,1,tirol,6380 St. Johann in Tirol,,,,,,,,
I.V.T. Immobilien Treuhand- und Verwaltungsgesellschaft m.b.H.,2,tirol; wien,1190 Wien | 6100 Seefeld/T,https://www.karriere.at/f/ps-immobilien-treuhand,PS Immobilien Treuhand GmbH,92.7,1,10,Anzahl der Mitarbeiter*innen 1 - 10,13,True
IB Immobilienbüro Gertrud Lugger OG,1,tirol,6020 Innsbruck,,,,,,,,
IBW Immobilien GmbH,1,tirol,6380 St.Johann/T,https://www.karriere.at/f/kibb-immobilien,KIBB Immobilien GmbH,89.7,11,30,Anzahl der Mitarbeiter*innen 11 - 30,13,False
immo Kössler KG,1,tirol,6020 Innsbruck,https://www.karriere.at/f/%C3%B6ffentlicher-notar-mag-gert-k%C3%B6ssler-partner,Öffentlicher Notar Mag. Gert Kössler & Partner,73.7,1,10,Anzahl der Mitarbeiter*innen 1 - 10,47,True
IMMO-TEAM Hausverwaltung KG,1,tirol,6020 Innsbruck,https://www.karriere.at/f/isw-hausverwaltung,ISW Hausverwaltung GmbH,87.5,1,10,Anzahl der Mitarbeiter*innen 1 - 10,13,True
IMMOBILIDEA LWR GmbH,1,tirol,6130 Schwaz,,,,,,,,
Immobilien & Hausverwaltung Braun GmbH,1,tirol,6020 Innsbruck,https://www.karriere.at/f/braun-braun-gmbh,Braun & Braun GmbH,100.0,11,30,Anzahl der Mitarbeiter*innen 11 - 30,69,False
Immobilien Dr. Rhomberg & Partner KG,1,tirol,6020 Innsbruck,https://www.karriere.at/f/ins-partner-immobilien,INS Partner Immobilien GmbH,90.0,1,10,Anzahl der Mitarbeiter*innen 1 - 10,13,True
Immobilien Gürtler GmbH,1,tirol,6020 Innsbruck,https://www.karriere.at/f/uk-immobilien,UK Immobilien GmbH,87.0,,,,0,True
immobilien hoch 3 gmbh,1,tirol,6123 Terfens,https://www.karriere.at/f/uk-immobilien,UK Immobilien GmbH,87.0,,,,0,False
Immobilien Scheffauer GmbH,1,tirol,6273 Ried im Zillertal,https://www.karriere.at/f/uk-immobilien,UK Immobilien GmbH,87.0,,,,0,False
Immobilienkanzlei Dr. Roman Wagner GmbH,1,tirol,6365 Kirchberg in Tirol,https://www.karriere.at/f/immobilienkanzlei-dr-roman-wagner,Immobilienkanzlei Dr. Roman Wagner GmbH,100.0,11,30,Anzahl der Mitarbeiter*innen 11 - 30,13,False
ImmobilienService West GmbH,1,tirol,6020 Innsbruck,https://www.karriere.at/f/p17-immobilienservice,P17 Immobilienservice GmbH,89.5,,,,0,True
Immobilienverwaltung Foidl KG,1,tirol,6365 Kirchberg in Tirol,https://www.karriere.at/f/iv-immobilienverwaltung,IV Immobilienverwaltung GmbH,93.0,11,30,Anzahl der Mitarbeiter*innen 11 - 30,13,False
Immobilienverwaltung Nagele GmbH,1,tirol,6020 Innsbruck,https://www.karriere.at/f/iv-immobilienverwaltung,IV Immobilienverwaltung GmbH,93.0,11,30,Anzahl der Mitarbeiter*innen 11 - 30,13,True
Immobilienverwaltung Sterzinger KG,1,tirol,0043 512 585827,https://www.karriere.at/f/iv-immobilienverwaltung,IV Immobilienverwaltung GmbH,93.0,11,30,Anzahl der Mitarbeiter*innen 11 - 30,13,False
ImmoBuchhaltung GmbH,1,tirol,6342 Niederndorf,,,,,,,,
Immokorrekt Hausverwaltung GmbH,1,tirol,6020 Innsbruck,https://www.karriere.at/f/isw-hausverwaltung,ISW Hausverwaltung GmbH,87.5,1,10,Anzahl der Mitarbeiter*innen 1 - 10,13,True
ImmoPure e.U.,1,tirol,6114 Kolsass,,,,,,,,
Ing. Karl-Otto Georg Joachim Oberreiter,1,tirol,6330 Kufstein,,,,,,,,
Ing. Thomas Josef Dietmar Lechthaler,1,tirol,6111 Volders,https://www.karriere.at/f/ing-dietmar-waser,Ing. Dietmar Waser GmbH,78.6,51,100,Anzahl der Mitarbeiter*innen 51 - 100,13,False
InnReal Immobilienverwaltung GmbH,1,tirol,6020 Innsbruck,https://www.karriere.at/f/iv-immobilienverwaltung,IV Immobilienverwaltung GmbH,93.0,11,30,Anzahl der Mitarbeiter*innen 11 - 30,13,True
Innsbrucker Immobilien GmbH & Co KG,1,tirol,6020 Innsbruck,https://www.karriere.at/f/innsbrucker-immobilien,Innsbrucker Immobilien GmbH & Co KEG,100.0,101,500,Anzahl der Mitarbeiter*innen 101 - 500,13,True
Innsbrucker Immobilien Service GmbH,1,tirol,6020 Innsbruck,https://www.karriere.at/f/uk-immobilien,UK Immobilien GmbH,87.0,,,,0,True
Innsbrucker Markthallen-Betriebs-gesellschaft m.b.H.,1,tirol,6020 Innsbruck,https://www.karriere.at/f/innsbrucker-markthallen-betriebs-gesmbh,Innsbrucker Markthallen-Betriebs Ges.m.b.H.,95.0,1,10,Anzahl der Mitarbeiter*innen 1 - 10,2,True
ISW Hausverwaltung GmbH,1,tirol,6020 Innsbruck,https://www.karriere.at/f/isw-hausverwaltung,ISW Hausverwaltung GmbH,100.0,1,10,Anzahl der Mitarbeiter*innen 1 - 10,13,True
Johann Vigl,1,tirol,6460 Imst,https://www.karriere.at/f/johann-wernig,Johann Wernig KG,75.0,51,100,Anzahl der Mitarbeiter*innen 51 - 100,69,False
Kaindl Immobilienmanagement GmbH,1,tirol,6335 Thiersee,https://www.karriere.at/f/kala-immobilienmanagement-gmbh,KALA Immobilienmanagement GmbH,92.3,11,30,Anzahl der Mitarbeiter*innen 11 - 30,13,False
Kainz Immobilien GmbH,1,tirol,6414 Mieming,https://www.karriere.at/f/uk-immobilien,UK Immobilien GmbH,87.0,,,,0,False
Kaiserer Immobilien und Hausverwaltungs GmbH,1,tirol,6210 Wiesing,https://www.karriere.at/f/uk-immobilien,UK Immobilien GmbH,87.0,,,,0,False
Karl Hausmeister,1,tirol,6020 Innsbruck,,,,,,,,
Katrin Elisabeth Pechtl-Haring,1,tirol,6460 Imst,,,,,,,,
"Kitzpichl, Realitäten Gesellschaft m.b.H.",1,tirol,6370 Kitzbühel,https://www.karriere.at/f/woge-realit%C3%A4ten,Woge Realitäten Gesellschaft m.b.H.,92.1,11,30,Anzahl der Mitarbeiter*innen 11 - 30,13,False
km2 verwaltungs & vermittlungs GmbH,1,tirol,6414 Mieming,https://www.karriere.at/f/lsu-verwaltungs-gmbh,LSU Verwaltungs GmbH,84.6,1,10,Anzahl der Mitarbeiter*innen 1 - 10,2,False
kte Immobilienverwaltung FlexCo,1,tirol,6370 Kitzbühel,https://www.karriere.at/f/iv-immobilienverwaltung,IV Immobilienverwaltung GmbH,93.0,11,30,Anzahl der Mitarbeiter*innen 11 - 30,13,False
Laura Isabella Oberhueber,1,tirol,9900 Lienz,,,,,,,,
LMH Immobilienmanagement GmbH,1,tirol,6370 Kitzbühel,https://www.karriere.at/f/zum-immobilienmanagement,ZUM Immobilienmanagement GmbH,91.7,11,30,Anzahl der Mitarbeiter*innen 11 - 30,13,False
Maddalena Monika Steinbacher,1,tirol,6020 Innsbruck,https://www.karriere.at/f/steinbacher-steinbacher-zt,STEINBACHER + STEINBACHER ZT GMBH,88.0,11,30,Anzahl der Mitarbeiter*innen 11 - 30,13,False
Mag. (FH) Armin Hilpold,1,tirol,6020 Innsbruck,,,,,,,,
Mag. (FH) Gertrud Rieder,1,tirol,6020 Innsbruck,https://www.karriere.at/f/mag-alexander-rieder-schuh-kaiser,Mag. Alexander Rieder e.U. - Schuh Kaiser,64.5,1,10,Anzahl der Mitarbeiter*innen 1 - 10,69,True
Mag. (FH) Thomas Hermann Trenkwalder,1,tirol,6020 Innsbruck,https://www.karriere.at/f/hermann-otto,Hermann Otto GmbH,73.7,,,,16,False
Mag. Armin Vuketich e.U.,1,tirol,6020 Innsbruck,,,,,,,,
Mag. Claudia Johanna Buchanan,1,tirol,6370 Kitzbühel,,,,,,,,
Mag. Dr. Edith Mann,1,tirol,9900 Lienz,,,,,,,,
Mag. Dr. Markus Günter Köck,1,tirol,6500 Landeck,https://www.karriere.at/f/dr-sedlak-markus,Dr. Sedlak Markus,72.0,1,10,Anzahl der Mitarbeiter*innen 1 - 10,34,False
Mag. Ellen Christina Moll,1,tirol,6020 Innsbruck,,,,,,,,
Mag. Franz Josef Pfeifenberger,1,tirol,6410 Telfs,https://www.karriere.at/f/mag-riss-josef,Mag. Riss Josef,78.3,1,10,Anzahl der Mitarbeiter*innen 1 - 10,34,False
Mag. Gregor Johannes Marberger,1,tirol,6430 Ötztal-Bahnhof,https://www.karriere.at/f/mag-johannes-riha,Mag. Johannes Riha e.U.,72.7,1,10,Anzahl der Mitarbeiter*innen 1 - 10,69,False
Mag. Harald Lajlar,1,tirol,6020 Innsbruck,https://www.karriere.at/f/notariatskanzlei-mag-harald-stockinger,Notariatskanzlei Mag. Harald Stockinger,74.1,1,10,Anzahl der Mitarbeiter*innen 1 - 10,47,True
Mag. Markus Christoph Wörndle,1,tirol,6410 Telfs,https://www.karriere.at/f/mag-heimerl-christoph,Mag. Christoph J. Heimerl,72.2,1,10,Anzahl der Mitarbeiter*innen 1 - 10,47,False
Mag. Monika Reiterer,1,tirol,6020 Innsbruck,https://www.karriere.at/f/mag-veronika-wei%C3%9F,Mag. Veronika Weiß,68.6,11,30,Anzahl der Mitarbeiter*innen 11 - 30,47,True
Mag. Walter Hadlauer,1,tirol,6020 Innsbruck,https://www.karriere.at/f/walter,Walter GmbH,100.0,1,10,Anzahl der Mitarbeiter*innen 1 - 10,23,True
Mag. Wolfgang Erwin Fischer,1,tirol,0512 93 41 80,https://www.karriere.at/f/%C3%B6fw-%C3%B6ffentlichkeitsarbeit-fischer-wolfgang,ÖFW Öffentlichkeitsarbeit Fischer Wolfgang,76.2,1,10,Anzahl der Mitarbeiter*innen 1 - 10,11,False
Maria Elisabeth Schuler,1,tirol,6580 St. Anton am Arlberg,,,,,,,,
Mario Auer,1,tirol,6330 Kufstein,https://www.karriere.at/f/martin-auer,MARTIN AUER GmbH,85.7,501,2500,Anzahl der Mitarbeiter*innen 501 - 2500,2,False
Martin Penz,1,tirol,6165 Telfes im Stubai,https://www.karriere.at/f/martin-auer,MARTIN AUER GmbH,72.7,501,2500,Anzahl der Mitarbeiter*innen 501 - 2500,2,False
Meritoria e.U.,1,tirol,0699 10368503,,,,,,,,
MMag. Sebastian Johann Strasshofer,1,tirol,6410 Telfs,,,,,,,,
Momentum Solid GmbH,1,tirol,6306 Söll,https://www.karriere.at/f/solid,Solid GmbH,100.0,31,50,Anzahl der Mitarbeiter*innen 31 - 50,15,False
Monika Brugger,1,tirol,6433 Oetz,,,,,,,,
MT Immobilienmanagement OG,1,tirol,6142 Mieders,https://www.karriere.at/f/zum-immobilienmanagement,ZUM Immobilienmanagement GmbH,93.6,11,30,Anzahl der Mitarbeiter*innen 11 - 30,13,False
MÜLLER REAL GmbH,1,tirol,6235 Reith im Alpbachtal,https://www.karriere.at/f/sb-real,SB REAL GmbH,72.7,,,,1,False
NA-Vision GmbH,1,tirol,6175 Kematen/T,https://www.karriere.at/f/world-vision-%C3%B6sterreich,World Vision F2F,80.0,11,30,Anzahl der Mitarbeiter*innen 11 - 30,14,False
NGL Immobilien GmbH,1,tirol,6111 Volders,https://www.karriere.at/f/stingl-immobilien,Stingl Immobilien GmbH,90.3,1,10,Anzahl der Mitarbeiter*innen 1 - 10,13,False
Nives Immobilien e.U.,1,tirol,6020 Innsbruck,https://www.karriere.at/f/uk-immobilien,UK Immobilien GmbH,87.0,,,,0,True
Optimizer Immobilienmanagement GmbH & Co KG,1,tirol,9900 Lienz,https://www.karriere.at/f/zum-immobilienmanagement,ZUM Immobilienmanagement GmbH,90.9,11,30,Anzahl der Mitarbeiter*innen 11 - 30,13,False
Patrick Gigler,1,tirol,6111 Volders,,,,,,,,
PEMA Real Estate Services GmbH,2,tirol; wien,1010 Wien | 6020 Innsbruck,https://www.karriere.at/f/viridis-real-estate-services,Viridis Real Estate Services GmbH,88.9,1,10,Anzahl der Mitarbeiter*innen 1 - 10,13,True
Phillipp Immobilien - HausverwaltungGmbH,1,tirol,6263 Fügen,https://www.karriere.at/f/phillipp-immobilien-hausverwaltung,Phillipp Immobilien - Hausverwaltung GmbH,94.4,1,10,Anzahl der Mitarbeiter*innen 1 - 10,10,True
Plansee Group Functions Austria GmbH,1,tirol,6600 Breitenwang,https://www.karriere.at/f/sfs-group-austria,SFS Group Austria GmbH,86.7,101,500,Anzahl der Mitarbeiter*innen 101 - 500,69,False
praetorium immobilien gmbh,1,tirol,6263 Fügen,https://www.karriere.at/f/uk-immobilien,UK Immobilien GmbH,87.0,,,,0,False
PÜHRINGER Hausverwaltung & Immobilien GmbH & Co KG,1,tirol,6260 Bruck am Ziller,https://www.karriere.at/f/isw-hausverwaltung,ISW Hausverwaltung GmbH,87.5,1,10,Anzahl der Mitarbeiter*innen 1 - 10,13,False
Raiffeisen Realitäten Betreuung Tirol GmbH,1,tirol,6020 Innsbruck,https://www.karriere.at/f/raiffeisen-realit%C3%A4ten-betreuung-tirol,Raiffeisen Realitäten Betreuung Tirol GmbH,100.0,11,30,Anzahl der Mitarbeiter*innen 11 - 30,13,True
Regina Stanger Immobilienverwaltung GmbH,1,tirol,6020 Innsbruck,https://www.karriere.at/f/iv-immobilienverwaltung,IV Immobilienverwaltung GmbH,93.0,11,30,Anzahl der Mitarbeiter*innen 11 - 30,13,True
Riccabona Immobilien GmbH,1,tirol,6067 Absam,https://www.karriere.at/f/uk-immobilien,UK Immobilien GmbH,87.0,,,,0,False
Roman Alois Jöchl,1,tirol,6380 St.Johann/T,,,,,,,,
Rudolf Steiner,1,tirol,6330 Kufstein,https://www.karriere.at/f/re-rudolf-edinger,re rudolf edinger gmbh,77.4,11,30,Anzahl der Mitarbeiter*innen 11 - 30,13,False
SE Facility Management OG,1,tirol,6330 Kufstein,https://www.karriere.at/f/smg-facility-management,SMG Facility Management GmbH,93.3,1,10,Anzahl der Mitarbeiter*innen 1 - 10,13,False
SECURITAS Hausverwaltungs GmbH,1,tirol,6353 Going/Wilden Kaiser,https://www.karriere.at/f/hv-24-hausverwaltungs-gmbh,HV 24 Hausverwaltungs GmbH,83.3,1,10,Anzahl der Mitarbeiter*innen 1 - 10,13,False
seeligsolutions e.U.,1,tirol,6074 Rinn,,,,,,,,
SerioPro FlexCo,1,tirol,6361 Hopfgarten/Brixental,,,,,,,,
Steinbock Immobilien GmbH & CoKG,1,tirol,6063 Rum,https://www.karriere.at/f/uk-immobilien,UK Immobilien GmbH,87.0,,,,0,False
Steinkogler Immobilientreuhand GmbH,2,oberösterreich; tirol,4813 Altmünster | 6370 Kitzbühel,https://www.karriere.at/f/gmk-immobilientreuhand,GMK Immobilientreuhand GmbH,90.0,1,10,Anzahl der Mitarbeiter*innen 1 - 10,13,False
Telser & Treffer Immobilienverwaltung OG,1,tirol,6330 Kufstein,https://www.karriere.at/f/iv-immobilienverwaltung,IV Immobilienverwaltung GmbH,93.0,11,30,Anzahl der Mitarbeiter*innen 11 - 30,13,False
Terra Immobilien Gesellschaft m.b.H.,2,tirol; wien,1070 Wien | 6370 Kitzbühel,https://www.karriere.at/f/%C3%B6bv-immobilien-gesellschaft,ÖBV - IMMOBILIEN Gesellschaft m.b.H.,93.5,1,10,Anzahl der Mitarbeiter*innen 1 - 10,13,True
Thomas Josef Grasl,1,tirol,6130 Schwaz,https://www.karriere.at/f/rogl-thomas-josef-bsc,DI Rogl Thomas Josef,80.0,,,,0,False
Thomas Sassin,1,tirol,6335 Thiersee,,,,,,,,
THW I.MOTION GmbH,1,tirol,6322 Kirchbichl,https://www.karriere.at/f/i-kiu-motion-graphic-backend-gmbh,i-kiu motion graphic backend gmbH,80.0,1,10,Anzahl der Mitarbeiter*innen 1 - 10,2,False
Tiroler Kommunalbau Entwicklungs- und Errichtungs GmbH,1,tirol,6020 Innsbruck,https://www.karriere.at/f/rg-entwicklungs-gmbh,RG-Entwicklungs GmbH,88.9,1,10,Anzahl der Mitarbeiter*innen 1 - 10,13,True
TIV Tiroler Immobilien und Vertriebs GmbH,1,tirol,6330 Kufstein,https://www.karriere.at/f/uk-immobilien,UK Immobilien GmbH,87.0,,,,0,False
TLV Tiroler Liegenschaftsverwaltung Gesellschaft m.b.H.,1,tirol,6020 Innsbruck,https://www.karriere.at/f/tlv-tiroler-liegenschaftsverwaltung,TLV Tiroler Liegenschaftsverwaltung GmbH,100.0,,,,13,True
UBM Development AG,2,tirol; wien,1100 Wien | 6175 Kematen in Tirol,https://www.karriere.at/f/ubm-development,UBM Development AG,100.0,101,500,Anzahl der Mitarbeiter*innen 101 - 500,13,True
VB Immobilien e.U.,1,tirol,6020 Innsbruck,https://www.karriere.at/f/uk-immobilien,UK Immobilien GmbH,87.0,,,,0,True
Vergeiner Steuerberatung GmbH Wirtschaftsprüfungs- und Steuerberatungsgesellschaft,1,tirol,9900 Lienz,https://www.karriere.at/f/n-n-steuerberatungsgesellschaft,N & N Steuerberatungsgesellschaft mbH,96.9,1,10,Anzahl der Mitarbeiter*innen 1 - 10,47,False
VESTA OBJEKTMANAGEMENT GmbH,1,tirol,6130 Schwaz,https://www.karriere.at/f/om-objektmanagement,OM Objektmanagement GmbH,91.4,101,500,Anzahl der Mitarbeiter*innen 101 - 500,13,False
Village Hausverwaltung GesmbH,1,tirol,6020 Innsbruck,https://www.karriere.at/f/isw-hausverwaltung,ISW Hausverwaltung GmbH,87.5,1,10,Anzahl der Mitarbeiter*innen 1 - 10,13,True
Village Mühlau Immobilien GmbH,1,tirol,6020 Innsbruck,https://www.karriere.at/f/uk-immobilien,UK Immobilien GmbH,87.0,,,,0,True
vimmowo gmbh,1,tirol,6460 Imst,,,,,,,,
W-8 Verwaltung & Projekt eGen,1,tirol,6300 Wörgl,https://www.karriere.at/f/zbd-verwaltung,ZBD Verwaltung GmbH & Co KG,87.5,1,10,Anzahl der Mitarbeiter*innen 1 - 10,2,False
Werner Bernhard,1,tirol,6067 Absam,https://www.karriere.at/f/bernhard-av,BERNHARD AV GmbH,84.2,31,50,Anzahl der Mitarbeiter*innen 31 - 50,69,False
WH-Immobilientreuhand GmbH,2,tirol,6020 Innsbruck | 6112 Wattens,https://www.karriere.at/f/weinberger-immobilientreuhand,Weinberger Immobilientreuhand KG,92.3,,,,0,True
WohnAlp Immobilien GmbH,1,tirol,6020 Innsbruck,https://www.karriere.at/f/uk-immobilien,UK Immobilien GmbH,87.0,,,,0,True
ZIMA Objektmanagement GmbH,1,tirol,6020 Innsbruck,https://www.karriere.at/f/om-objektmanagement,OM Objektmanagement GmbH,91.4,101,500,Anzahl der Mitarbeiter*innen 101 - 500,13,True
"""IDG"" Immobilien Dienstleistungs-GmbH",1,oberösterreich,4600 Wels,https://www.karriere.at/f/uk-immobilien,UK Immobilien GmbH,87.0,,,,0,False
A1REAL GmbH,1,oberösterreich,0732 272 500,,,,,,,,
AI Immobilienverwertung GmbH.,2,oberösterreich; wien,1030 Wien | 4020 Linz,https://www.karriere.at/f/immobilienverwertung,Immobilienverwertung GmbH,100.0,31,50,Anzahl der Mitarbeiter*innen 31 - 50,13,True
Aigner Hausverwaltung GmbH,1,oberösterreich,4820 Bad Ischl,https://www.karriere.at/f/isw-hausverwaltung,ISW Hausverwaltung GmbH,87.5,1,10,Anzahl der Mitarbeiter*innen 1 - 10,13,False
ARCHIONIC Immobilien GmbH,1,oberösterreich,4400 Steyr,https://www.karriere.at/f/uk-immobilien,UK Immobilien GmbH,87.0,,,,0,False
AREAL Liegenschaftsverwaltungs GmbH,1,oberösterreich,4048 Puchenau,https://www.karriere.at/f/zurich-immobilien-liegenschaftsverwaltungs-gesmbh,Zurich Immobilien Liegenschaftsverwaltungs-GesmbH,88.9,11,30,Anzahl der Mitarbeiter*innen 11 - 30,10,False
AREV Immobilien Gesellschaft m.b.H.,3,oberösterreich,4020 Linz | 4600 Wels | 4911 Tumeltsham,https://www.karriere.at/f/%C3%B6bv-immobilien-gesellschaft,ÖBV - IMMOBILIEN Gesellschaft m.b.H.,93.5,1,10,Anzahl der Mitarbeiter*innen 1 - 10,13,True
ARTEX Immobilien GmbH,1,oberösterreich,4020 Linz,https://www.karriere.at/f/areos-immobilien,areos immobilien gmbh,87.5,1,10,Anzahl der Mitarbeiter*innen 1 - 10,13,True
Birgit Gálos,1,oberösterreich,4470 Enns,,,,,,,,
Birgit Reingruber,1,oberösterreich,5310 Mondsee,https://www.karriere.at/f/b%C3%A4ckerei-reingruber-gesellschaft-gmunden,Bäckerei Reingruber Gesellschaft m.b.H.,74.1,,,,0,False
Birgitt Irmgard Sperrer,1,oberösterreich,4550 Kremsmünster,,,,,,,,
BLV Liegenschaftsverwaltung GmbH,1,oberösterreich,4060 Leonding,https://www.karriere.at/f/tlv-tiroler-liegenschaftsverwaltung,TLV Tiroler Liegenschaftsverwaltung GmbH,92.0,,,,13,False
Buchinger Immobilien e.U.,1,oberösterreich,4770 Andorf,https://www.karriere.at/f/uk-immobilien,UK Immobilien GmbH,87.0,,,,0,False
Bzwei Immobilien GmbH,1,oberösterreich,5310 Mondsee,https://www.karriere.at/f/bzwei-immobilien,Bzwei Immobilien GmbH,100.0,1,10,Anzahl der Mitarbeiter*innen 1 - 10,13,True
CCS Immobilienverwaltung e.U.,1,oberösterreich,4600 Wels,https://www.karriere.at/f/iv-immobilienverwaltung,IV Immobilienverwaltung GmbH,93.0,11,30,Anzahl der Mitarbeiter*innen 11 - 30,13,False
"Christian Schönleitner, B.A.",1,oberösterreich,4062 Kirchberg-Thening,https://www.karriere.at/f/sch%C3%B6nleitner-bau,SCHÖNLEITNER BAU GmbH,85.7,51,100,Anzahl der Mitarbeiter*innen 51 - 100,13,False
City-Immobilien GmbH,1,oberösterreich,4020 Linz,https://www.karriere.at/f/re-max-donau-city-immobilien-fetscher-partner,RE/MAX Donau-City-Immobilien Fetscher & Partner GmbH & Co KG,100.0,11,30,Anzahl der Mitarbeiter*innen 11 - 30,13,True
Desiree Kröpl,1,oberösterreich,4591 Molln,,,,,,,,
DI (FH) Peter Seyerlehner,1,oberösterreich,4020 Linz,https://www.karriere.at/f/di-peter-holzinger,DI Peter Holzinger,68.3,1,10,Anzahl der Mitarbeiter*innen 1 - 10,13,True
Die Hausordner GmbH,1,oberösterreich,4020 Linz,https://www.karriere.at/f/die-hausorder,Die Hausorder GmbH,96.3,,,,0,True
Dipl.-Ing. Reinhard Josef Stockinger,1,oberösterreich,4653 Eberstalzell,https://www.karriere.at/f/ing-reinhard-flachs,Ing. Reinhard Flachs,77.4,1,10,Anzahl der Mitarbeiter*innen 1 - 10,5,False
DOKA Dobler + Kaufmann Immobilien OG,1,oberösterreich,4209 Engerwitzdorf,https://www.karriere.at/f/uk-immobilien,UK Immobilien GmbH,87.0,,,,0,False
Domesticus e.U.,1,oberösterreich,4030 Linz,,,,,,,,
Doris Etzelsdorfer,1,oberösterreich,4600 Wels,,,,,,,,
Doris Machold,1,oberösterreich,4020 Linz,https://www.karriere.at/f/mag-martin-machold-rechtsanwalt,"Mag. Martin MACHOLD, Rechtsanwalt",70.0,1,10,Anzahl der Mitarbeiter*innen 1 - 10,47,True
Dr. Gertraude Steinlechner,1,oberösterreich,4020 Linz,https://www.karriere.at/f/steinlechner-jenbach,Steinlechner KG,100.0,1,10,Anzahl der Mitarbeiter*innen 1 - 10,10,True
Dutzler Immobilien & Verwaltung OG,1,oberösterreich,4400 Steyr,https://www.karriere.at/f/uk-immobilien,UK Immobilien GmbH,87.0,,,,0,False
DÄMON Holding GmbH,1,oberösterreich,4614 Marchtrenk,https://www.karriere.at/f/d%C3%A4mon-holding,Dämon Holding GmbH,100.0,1,10,Anzahl der Mitarbeiter*innen 1 - 10,15,True
Egger Estate Management GmbH,1,oberösterreich,4910 Ried im Innkreis,https://www.karriere.at/f/web-estate-management,WEB Estate Management GmbH,89.5,1,10,Anzahl der Mitarbeiter*innen 1 - 10,47,False
EIV Hausverwaltungs GmbH,1,oberösterreich,4020 Linz,https://www.karriere.at/f/tihv-tiroler-immobilien-hausverwaltungs-gmbh,TIHV Tiroler Immobilien Hausverwaltungs GmbH,88.2,,,,0,True
ELAG Immobilien AG,1,oberösterreich,4020 Linz,https://www.karriere.at/f/elag-immobilien,ELAG Immobilien AG,100.0,1,10,Anzahl der Mitarbeiter*innen 1 - 10,13,True
Eleon Immobilien Management e.U.,1,oberösterreich,4209 Engerwitzdorf,https://www.karriere.at/f/ig-immobilien-management,IG Immobilien Management GmbH,93.3,51,100,Anzahl der Mitarbeiter*innen 51 - 100,13,False
Elisabeth Margaretha Wallner,1,oberösterreich,4400 Steyr,,,,,,,,
F&I Verwaltungs GmbH,1,oberösterreich,4030 Linz,https://www.karriere.at/f/vvg-verm%C3%B6gens-und-verwaltungs-gmbh,VVG Vermögens- und Verwaltungs GmbH,88.2,1,10,Anzahl der Mitarbeiter*innen 1 - 10,10,True
f-hausverwaltung GmbH,1,oberösterreich,4101 Feldkirchen an der Donau,https://www.karriere.at/f/weiss-tessbach-hausverwaltung,Weiss-Tessbach Hausverwaltung GmbH,93.3,1,10,Anzahl der Mitarbeiter*innen 1 - 10,14,False
Faritsch Immobilien GmbH & Co KG,1,oberösterreich,4810 Gmunden,https://www.karriere.at/f/uk-immobilien,UK Immobilien GmbH,87.0,,,,0,False
Favorite Immobilientreuhand GmbH,2,oberösterreich; wien,1100 Wien | 4600 Wels,https://www.karriere.at/f/gmk-immobilientreuhand,GMK Immobilientreuhand GmbH,90.0,1,10,Anzahl der Mitarbeiter*innen 1 - 10,13,True
Fendt Holding GmbH,1,oberösterreich,5163 Palting,https://www.karriere.at/f/vh-holding,VH Holding GmbH,82.4,,,,69,False
"Florian Lehner, MBA",1,oberösterreich,4600 Wels,https://www.karriere.at/f/gollackner-florian-michael,Gollackner Florian Michael,68.2,1,10,Anzahl der Mitarbeiter*innen 1 - 10,69,True
FSG Finanz Service GmbH.,1,oberösterreich,4210 Gallneukirchen,https://www.karriere.at/f/euro-finanz-service-ag,Euro-Finanz-Service Ag,87.5,11,30,Anzahl der Mitarbeiter*innen 11 - 30,5,False
Gerhard Lehner,1,oberösterreich,4192 Schenkenfelden,https://www.karriere.at/f/lehner-georg,Lehner Georg,76.9,1,10,Anzahl der Mitarbeiter*innen 1 - 10,13,False
Gerold Stadlhuber,1,oberösterreich,4020 Linz,,,,,,,,
GMK Immo GmbH,1,oberösterreich,4020 Linz,https://www.karriere.at/f/ve-immo,VE Immo GmbH,72.7,1,10,Anzahl der Mitarbeiter*innen 1 - 10,13,True
Graf Immobilientreuhand GmbH,1,oberösterreich,4810 Gmunden,https://www.karriere.at/f/gmk-immobilientreuhand,GMK Immobilientreuhand GmbH,90.0,1,10,Anzahl der Mitarbeiter*innen 1 - 10,13,False
Green Wealth GmbH,1,oberösterreich,4020 Linz,https://www.karriere.at/f/green-wealth,Green Wealth Real Estate GmbH,100.0,1,10,Anzahl der Mitarbeiter*innen 1 - 10,13,True
GSA Wohnbauträger GmbH,1,oberösterreich,4020 Linz,https://www.karriere.at/f/gsa-wohnbautr%C3%A4ger,GSA Wohnbauträger GmbH,100.0,11,30,Anzahl der Mitarbeiter*innen 11 - 30,13,True
Harald Werfer,1,oberösterreich,4020 Linz,https://www.karriere.at/f/harald-schwarzer,Harald Schwarzer,75.9,11,30,Anzahl der Mitarbeiter*innen 11 - 30,47,True
HAUSVERWALTUNG-REALKANZLEI HAGINGER GESELLSCHAFT M.B.H. & CO.KG.,1,oberösterreich,4020 Linz,https://www.karriere.at/f/hausverwaltung-realkanzlei-haginger,Hausverwaltung-Realkanzlei Haginger GmbH & Co.KG,100.0,1,10,Anzahl der Mitarbeiter*innen 1 - 10,13,True
Hausverwaltungsgesellschaft m.b.H.,1,oberösterreich,4400 Steyr,,,,,,,,
Helga Elisabeth Rajetzky,1,oberösterreich,4813 Altmünster,,,,,,,,
Herz-ImmoAgentur GmbH,1,oberösterreich,4614 Marchtrenk,https://www.karriere.at/f/wb-immoagentur,WB Immoagentur,88.0,1,10,Anzahl der Mitarbeiter*innen 1 - 10,13,True
Hirschl & Partner Immobilienverwaltungs GmbH,1,oberösterreich,4600 Wels,https://www.karriere.at/f/vlk-partner-immobilienverwaltung,Vlk & Partner Immobilienverwaltung GmbH,88.3,1,10,Anzahl der Mitarbeiter*innen 1 - 10,13,False
iFlat GmbH,1,oberösterreich,4600 Thalheim bei Wels,,,,,,,,
IM-Quadrat Immobilien Vermittlung & Verwaltung GmbH,2,oberösterreich; wien,1120 Wien | 4020 Linz,https://www.karriere.at/f/im-quadrat,IM-Quadrat Immobilien Vermittlung & Verwaltung GmbH,100.0,11,30,Anzahl der Mitarbeiter*innen 11 - 30,13,True
Immobilien Lindenberger eU,1,oberösterreich,4040 Linz,https://www.karriere.at/f/uk-immobilien,UK Immobilien GmbH,87.0,,,,0,True
Immobilien Linz GmbH,1,oberösterreich,4020 Linz,https://www.karriere.at/f/linz-ag,LINZ AG,100.0,200,200,200 Mitarbeiter*innen,10,True
Immobilien Mag. Böhm - Gattringer GmbH,1,oberösterreich,4020 Linz,https://www.karriere.at/f/re-max-linz-city-immobilien-mag-b%C3%B6hm-gattringer,Immobilien Mag. Böhm – Gattringer GmbH,100.0,1,10,Anzahl der Mitarbeiter*innen 1 - 10,10,True
IMMOBILIEN-ATELIER76 GmbH,1,oberösterreich,4020 Linz,https://www.karriere.at/f/uk-immobilien,UK Immobilien GmbH,87.0,,,,0,True
ImmoCommerz Management GmbH,1,oberösterreich,4100 Ottensheim,https://www.karriere.at/f/rk-management,rk-management GmbH,87.0,1,10,Anzahl der Mitarbeiter*innen 1 - 10,69,False
immoLEHNER & finMOTION GmbH,1,oberösterreich,4040 Linz,,,,,,,,
IMMOTEAM4YOU IMMOBILIEN GmbH,1,oberösterreich,4840 Vöcklabruck,https://www.karriere.at/f/uk-immobilien,UK Immobilien GmbH,87.0,,,,0,False
ImmoTrading GmbH,2,oberösterreich; wien,1010 Wien | 4600 Wels,,,,,,,,
Infranorm Technologie GmbH,1,oberösterreich,4600 Wels,https://www.karriere.at/f/infranorm-technologie-gmbh,INFRANORM® Technologie GmbH,100.0,,,,0,True
"Ing. Karl Hannes Bauchinger, MSc",2,oberösterreich,4864 Attersee am Attersee | 4921 Hohenzell,,,,,,,,
"Ing. Siegfried Sattlberger, MSc",1,oberösterreich,4563 Micheldorf in Oberösterreich,https://www.karriere.at/f/sattlberger-siegenfeld,Sattlberger,100.0,1,10,Anzahl der Mitarbeiter*innen 1 - 10,5,False
INS Partner Immobilien GmbH,1,oberösterreich,4910 Ried im Innkreis,https://www.karriere.at/f/ins-partner-immobilien,INS Partner Immobilien GmbH,100.0,1,10,Anzahl der Mitarbeiter*innen 1 - 10,13,True
ISG Kommunalbau GmbH,1,oberösterreich,4910 Ried im Innkreis,,,,,,,,
IVG-Immobilien Vertrieb GmbH,1,oberösterreich,0699 - 1711 3000,https://www.karriere.at/f/uk-immobilien,UK Immobilien GmbH,87.0,,,,0,False
IWB Institut für Wirtschaftsberatung GmbH,1,oberösterreich,4020 Linz,https://www.karriere.at/f/vercon-wirtschaftsberatung,VerCon Wirtschaftsberatung GmbH,84.4,1,10,Anzahl der Mitarbeiter*innen 1 - 10,10,True
JAWO Immobilien Gesellschaft m.b.H.,1,oberösterreich,4020 Linz,https://www.karriere.at/f/%C3%B6bv-immobilien-gesellschaft,ÖBV - IMMOBILIEN Gesellschaft m.b.H.,93.5,1,10,Anzahl der Mitarbeiter*innen 1 - 10,13,True
JB Immo GmbH,1,oberösterreich,4921 Hohenzell,https://www.karriere.at/f/ve-immo,VE Immo GmbH,72.7,1,10,Anzahl der Mitarbeiter*innen 1 - 10,13,False
JHP GmbH,1,oberösterreich,4040 Linz,,,,,,,,
Just Immobilien GmbH,1,oberösterreich,4030 Linz,https://www.karriere.at/f/uk-immobilien,UK Immobilien GmbH,87.0,,,,0,True
KALA Immobilienmanagement GmbH,2,oberösterreich; wien,1060 Wien | 4020 Linz,https://www.karriere.at/f/kala-immobilienmanagement-gmbh,KALA Immobilienmanagement GmbH,100.0,11,30,Anzahl der Mitarbeiter*innen 11 - 30,13,True
Kathrin Zauner,1,oberösterreich,5143 Feldkirchen bei Mattighofen,https://www.karriere.at/f/zauner-reisen,Zauner Reisen GmbH,74.1,31,50,Anzahl der Mitarbeiter*innen 31 - 50,153,False
Laimer Hausverwaltung GmbH,1,oberösterreich,4820 Bad Ischl,https://www.karriere.at/f/isw-hausverwaltung,ISW Hausverwaltung GmbH,87.5,1,10,Anzahl der Mitarbeiter*innen 1 - 10,13,False
Lang Living GmbH,1,oberösterreich,4050 Traun,https://www.karriere.at/f/living-inn,LIVING INN GmbH,76.2,1,10,Anzahl der Mitarbeiter*innen 1 - 10,69,False
Lebensräume Bau- und Verwaltungsgesellschaft mbH,1,oberösterreich,4020 Linz,https://www.karriere.at/f/lebensr%C3%A4ume-bau-und-verwaltungsgesellschaft,Lebensräume Bau- und Verwaltungsgesellschaft mbH,100.0,1,10,Anzahl der Mitarbeiter*innen 1 - 10,13,True
Leitner Immobilien & Service GmbH,1,oberösterreich,4221 Steyregg,https://www.karriere.at/f/leitner,Leitner GmbH,100.0,101,500,Anzahl der Mitarbeiter*innen 101 - 500,16,False
LERPERGER Immobilien GmbH,1,oberösterreich,4820 Bad Ischl,https://www.karriere.at/f/uk-immobilien,UK Immobilien GmbH,87.0,,,,0,False
LESTRA Hausverwaltung GmbH,1,oberösterreich,0732 931617,https://www.karriere.at/f/isw-hausverwaltung,ISW Hausverwaltung GmbH,87.5,1,10,Anzahl der Mitarbeiter*innen 1 - 10,13,False
Letzbor Hausverwaltungs GmbH,1,oberösterreich,4020 Linz,https://www.karriere.at/f/letzbor-hausverwaltungs-gmbh,Letzbor Hausverwaltungs GmbH,100.0,1,10,Anzahl der Mitarbeiter*innen 1 - 10,13,True
LIVEG Liegenschaftsverwaltung GmbH,1,oberösterreich,4020 Linz,https://www.karriere.at/f/tlv-tiroler-liegenschaftsverwaltung,TLV Tiroler Liegenschaftsverwaltung GmbH,88.5,,,,13,True
Living Solution MW GmbH,1,oberösterreich,4600 Wels,https://www.karriere.at/f/b-solution,b-solution GmbH,88.9,51,100,Anzahl der Mitarbeiter*innen 51 - 100,13,False
Ludwig Engel GmbH & Co KG,1,oberösterreich,4311 Schwertberg,https://www.karriere.at/f/steurer-ludwig-inh-ing-johann-steurer-maschinen-und-seilbahnbau,"Steurer Ludwig, Inh. Ing Johann Steurer Maschinen und Seilbahnbau GmbH & Co KG",76.9,31,50,Anzahl der Mitarbeiter*innen 31 - 50,153,False
m.e. Immobilien GmbH,1,oberösterreich,4600 Wels,https://www.karriere.at/f/real-home-immobilien-e-k,Real Home Immobilien E&K GmbH,92.3,1,10,Anzahl der Mitarbeiter*innen 1 - 10,13,False
Mag. Brigitte Klein,1,oberösterreich,4861 Schörfling am Attersee,,,,,,,,
Mag. David Reisinger-Witzmann,1,oberösterreich,4020 Linz,https://www.karriere.at/f/welog-reisinger,WELOG Reisinger GmbH,75.0,1,10,Anzahl der Mitarbeiter*innen 1 - 10,153,False
Mag. Erwin Josef Hammerlitz,1,oberösterreich,4840 Vöcklabruck,https://www.karriere.at/f/mag-riss-josef,Mag. Riss Josef,78.3,1,10,Anzahl der Mitarbeiter*innen 1 - 10,34,False
Mag. Herbert Scheiblmair,1,oberösterreich,5230 Mattighofen,,,,,,,,
Mag. Martin Winklehner,1,oberösterreich,4502 St. Marien,,,,,,,,
Mag. Michael Thomas Karner,1,oberösterreich,4048 Puchenau,,,,,,,,
Manfred Penkner,1,oberösterreich,4209 Engerwitzdorf,,,,,,,,
Markus Schuster,1,oberösterreich,4063 Hörsching,https://www.karriere.at/f/josef-schuster,Josef Schuster GmbH,72.7,31,50,Anzahl der Mitarbeiter*innen 31 - 50,15,False
Martina Huber,1,oberösterreich,4822 Bad Goisern am Hallstättersee,,,,,,,,
MOVE GmbH & Co KG,1,oberösterreich,4810 Gmunden,https://www.karriere.at/f/move-ment-personal-und-unternehmensberatung,move-ment Personal- und Unternehmensberatung GmbH,100.0,11,30,Anzahl der Mitarbeiter*innen 11 - 30,5,False
Norikum Wohnungsbaugesellschaft m.b.H.,2,oberösterreich,4600 Wels,https://www.karriere.at/f/norikum-wohnungsbaugesellschaft,Norikum Wohnungsbaugesellschaft m.b.H.,100.0,1,10,Anzahl der Mitarbeiter*innen 1 - 10,13,True
Oberbank Infrastruktur Management GmbH,1,oberösterreich,4020 Linz,https://www.karriere.at/f/oberbank,Oberbank AG,100.0,,,,32,True
Obermair Immobilien GmbH,1,oberösterreich,4400 Steyr,https://www.karriere.at/f/uk-immobilien,UK Immobilien GmbH,87.0,,,,0,False
OCS Bauprojektierungs- u. VertriebsgmbH,1,oberösterreich,4864 Attersee am Attersee,https://www.karriere.at/f/sbt-vertriebsgmbh,SBT VertriebsgmbH,86.7,1,10,Anzahl der Mitarbeiter*innen 1 - 10,69,False
OCS Hausverwaltungs GmbH,1,oberösterreich,5310 Tiefgraben,https://www.karriere.at/f/tihv-tiroler-immobilien-hausverwaltungs-gmbh,TIHV Tiroler Immobilien Hausverwaltungs GmbH,88.2,,,,0,False
P17 Immobilienservice GmbH,1,oberösterreich,4400 Steyr,https://www.karriere.at/f/p17-immobilienservice,P17 Immobilienservice GmbH,100.0,,,,0,True
Parkrecht Verwaltungs GmbH,1,oberösterreich,4040 Linz,https://www.karriere.at/f/lsu-verwaltungs-gmbh,LSU Verwaltungs GmbH,84.6,1,10,Anzahl der Mitarbeiter*innen 1 - 10,2,True
PER Immobilien GmbH,1,oberösterreich,4600 Thalheim bei Wels,https://www.karriere.at/f/pr-immobilien,PR Immobilien GmbH,96.3,,,,0,False
Philip Gottfried Steinkogler,1,oberösterreich,4813 Altmünster,,,,,,,,
Plasser ImmobilienVerwaltung e.U.,1,oberösterreich,5122 Hochburg-Ach,https://www.karriere.at/f/iv-immobilienverwaltung,IV Immobilienverwaltung GmbH,93.0,11,30,Anzahl der Mitarbeiter*innen 11 - 30,13,False
Praher Real GmbH,1,oberösterreich,4311 Schwertberg,https://www.karriere.at/f/sb-real,SB REAL GmbH,72.7,,,,1,False
PROCON Wohnbau GmbH,1,oberösterreich,4407 Dietach,https://www.karriere.at/f/procon-wohnbau,PROCON Wohnbau GmbH,100.0,1,10,Anzahl der Mitarbeiter*innen 1 - 10,13,True
Pura Vida GmbH,1,oberösterreich,4650 Lambach,,,,,,,,
REALIA Liegenschaftsservice Gesellschaft m.b.H.,1,oberösterreich,4631 Krenglbach,,,,,,,,
Reindl Immobilien e.U.,1,oberösterreich,4020 Linz,https://www.karriere.at/f/uk-immobilien,UK Immobilien GmbH,87.0,,,,0,True
Reischauer Consulting GmbH,1,oberösterreich,4600 Wels,https://www.karriere.at/f/reischauer-consulting,Reischauer Consulting GmbH,100.0,11,30,Anzahl der Mitarbeiter*innen 11 - 30,10,True
Sabrina Sacher,1,oberösterreich,4483 Hargelsberg,https://www.karriere.at/f/sabrina-schauer,Sabrina Schauer GmbH,89.7,1,10,Anzahl der Mitarbeiter*innen 1 - 10,2,False
Salinen Immobilien Gesellschaft m.b.H.,1,oberösterreich,4820 Bad Ischl,https://www.karriere.at/f/%C3%B6bv-immobilien-gesellschaft,ÖBV - IMMOBILIEN Gesellschaft m.b.H.,93.5,1,10,Anzahl der Mitarbeiter*innen 1 - 10,13,False
SAVONAROLA Baumanagement GmbH,1,oberösterreich,4101 Feldkirchen an der Donau,https://www.karriere.at/f/savonarola-baumanagement,Savonarola Baumanagement GmbH,100.0,1,10,Anzahl der Mitarbeiter*innen 1 - 10,13,True
Schmied Immobilien KG,1,oberösterreich,4820 Bad Ischl,https://www.karriere.at/f/uk-immobilien,UK Immobilien GmbH,87.0,,,,0,False
Schmied-SELINA Verwaltung GmbH,1,oberösterreich,4820 Bad Ischl,https://www.karriere.at/f/schinnerl-verwaltung,Schinnerl Verwaltung GmbH,75.6,1,10,Anzahl der Mitarbeiter*innen 1 - 10,16,False
SELINA Hausverwaltung u. Facility-Management GmbH,1,oberösterreich,5310 Mondsee,https://www.karriere.at/f/smg-facility-management,SMG Facility Management GmbH,90.5,1,10,Anzahl der Mitarbeiter*innen 1 - 10,13,False
Signitas Immobilien GmbH,1,oberösterreich,4840 Vöcklabruck,https://www.karriere.at/f/uk-immobilien,UK Immobilien GmbH,87.0,,,,0,False
Simon Kain KG,1,oberösterreich,4020 Linz,https://www.karriere.at/f/simon-kain,Simon Kain KG,100.0,1,10,Anzahl der Mitarbeiter*innen 1 - 10,13,True
Sirius Immobilien GmbH,1,oberösterreich,4020 Linz,https://www.karriere.at/f/uk-immobilien,UK Immobilien GmbH,87.0,,,,0,True
SKH Hausverwaltung GmbH,1,oberösterreich,4844 Regau,https://www.karriere.at/f/isw-hausverwaltung,ISW Hausverwaltung GmbH,88.9,1,10,Anzahl der Mitarbeiter*innen 1 - 10,13,False
SPERER Immobilien GmbH,1,oberösterreich,4600 Wels,https://www.karriere.at/f/seeber-immobilien,Seeber Immobilien,88.2,,,,13,False
SPK OÖ Immobilien GmbH,1,oberösterreich,4020 Linz,https://www.karriere.at/f/uk-immobilien,UK Immobilien GmbH,87.0,,,,0,True
SPK OÖ M2 Immobilien GmbH,1,oberösterreich,4020 Linz,https://www.karriere.at/f/uk-immobilien,UK Immobilien GmbH,87.0,,,,0,True
Spree Verwaltung GmbH,1,oberösterreich,4040 Linz,https://www.karriere.at/f/vo-verwaltung-salzburg-stadt,VO Verwaltung GmbH,87.0,1,10,Anzahl der Mitarbeiter*innen 1 - 10,13,True
Stegbuchner Hausverwaltung GmbH,1,oberösterreich,5124 Haigermoos,https://www.karriere.at/f/isw-hausverwaltung,ISW Hausverwaltung GmbH,87.5,1,10,Anzahl der Mitarbeiter*innen 1 - 10,13,False
Steinkogler Projektentwicklungs GmbH,1,oberösterreich,4802 Ebensee,https://www.karriere.at/f/compact-projektentwicklungs-gmbh,Compact Projektentwicklungs GmbH,82.6,1,10,Anzahl der Mitarbeiter*innen 1 - 10,13,False
Steinkogler Wohnbau und Vermietungs GmbH,1,oberösterreich,4802 Ebensee am Traunsee,https://www.karriere.at/f/v5-vermietungs-gmbh,V5 Vermietungs GmbH,88.0,1,10,Anzahl der Mitarbeiter*innen 1 - 10,13,False
Stüger Immobilientreuhänder e.U.,1,oberösterreich,4820 Bad Ischl,https://www.karriere.at/f/jt-immobilientreuh%C3%A4nder,JT Immobilientreuhänder GmbH,93.0,1,10,Anzahl der Mitarbeiter*innen 1 - 10,13,False
Tabakfabrik Linz Entwicklungs- und Betriebsgesellschaft mbH,1,oberösterreich,4020 Linz,https://www.karriere.at/f/tabakfabrik-linz-entwicklungs-und-betriebsgesellschaft,Tabakfabrik Linz Entwicklungs- und Betriebsgesellschaft mbH,100.0,,,,0,True
TELLUS Realitäten GmbH,1,oberösterreich,4400 Sankt Ulrich bei Steyr,https://www.karriere.at/f/dk-realit%C3%A4ten,DK Realitäten GmbH,87.0,1,10,Anzahl der Mitarbeiter*innen 1 - 10,13,False
Traunmüller Realitäten GmbH,1,oberösterreich,0043 660 674 0 487,https://www.karriere.at/f/dk-realit%C3%A4ten,DK Realitäten GmbH,87.0,1,10,Anzahl der Mitarbeiter*innen 1 - 10,13,False
Verein zur Förderung der Expertis Gruppe - BBRZ BFI FAB,1,oberösterreich,4020 Linz,https://www.karriere.at/f/bbrz-gruppe,Expertis Gruppe,100.0,,,,1,True
Verwaltungszone GmbH,1,oberösterreich,0664 3402066,,,,,,,,
Vilicus Real GmbH,1,oberösterreich,4400 Steyr,https://www.karriere.at/f/avium-real,Avium Real GesmbH,72.7,1,10,Anzahl der Mitarbeiter*innen 1 - 10,13,False
Vita Liegenschaftsverwaltungs GmbH,1,oberösterreich,0732 66 04 24,https://www.karriere.at/f/zurich-immobilien-liegenschaftsverwaltungs-gesmbh,Zurich Immobilien Liegenschaftsverwaltungs-GesmbH,90.6,11,30,Anzahl der Mitarbeiter*innen 11 - 30,10,False
Viviamo Immobilien GmbH,2,oberösterreich; wien,1070 Wien | 4600 Wels,https://www.karriere.at/f/viviamo-immobilien,Viviamo Immobilien GmbH,100.0,1,10,Anzahl der Mitarbeiter*innen 1 - 10,13,True
VIVIR Holding GmbH,1,oberösterreich,4020 Linz,https://www.karriere.at/f/vivir-holding,VIVIR Holding GmbH,100.0,11,30,Anzahl der Mitarbeiter*innen 11 - 30,13,True
Wartecker Immobilientreuhand OG,1,oberösterreich,4810 Gmunden,https://www.karriere.at/f/gmk-immobilientreuhand,GMK Immobilientreuhand GmbH,90.0,1,10,Anzahl der Mitarbeiter*innen 1 - 10,13,False
Westpark Immomanagement GmbH,1,oberösterreich,4600 Wels,https://www.karriere.at/f/westpark-immomanagement,WestPark Immomanagement GmbH,100.0,,,,0,True
WILLA Immobilien GmbH,1,oberösterreich,4060 Leonding,https://www.karriere.at/f/uk-immobilien,UK Immobilien GmbH,87.0,,,,0,False
Wimmer Hausverwaltung GmbH,1,oberösterreich,4820 Bad Ischl,https://www.karriere.at/f/isw-hausverwaltung,ISW Hausverwaltung GmbH,87.5,1,10,Anzahl der Mitarbeiter*innen 1 - 10,13,False
Wimmer Immobilien GmbH,1,oberösterreich,4820 Bad Ischl,https://www.karriere.at/f/wimmer-immobilien-service,Wimmer Immobilien Service GmbH,100.0,,,,13,False
Wohnbau 2000 Gesellschaft mbH,1,oberösterreich,4020 Linz,https://www.karriere.at/f/brandschutz-2000-systemvertrieb-gesellschaft,brandschutz 2000 systemvertrieb gesellschaft m.b.H.,81.0,31,50,Anzahl der Mitarbeiter*innen 31 - 50,13,True
Wohnbauservice Immobiliengesellschaft mit beschränkter Haftung,1,oberösterreich,4111 Walding,https://www.karriere.at/f/kremser-immobiliengesellschaft,Kremser Immobiliengesellschaft mbH,84.6,,,,13,False
WPS Consulting GmbH,1,oberösterreich,4020 Linz,https://www.karriere.at/f/phs-consulting,PHS Consulting GmbH,92.9,1,10,Anzahl der Mitarbeiter*innen 1 - 10,16,True
Barbara Lipovsky,1,burgenland,7202 Bad Sauerbrunn,,,,,,,,
Buchinger Immobilien GesmbH,1,burgenland,7052 Müllendorf,https://www.karriere.at/f/immobilien-weichinger,Immobilien Weichinger GmbH,87.8,1,10,Anzahl der Mitarbeiter*innen 1 - 10,13,False
Christian Stefan Kutrowatz,1,burgenland,7222 Rohrbach bei Mattersburg,https://www.karriere.at/f/stefan,Stefan GmbH & Co KG,75.0,31,50,Anzahl der Mitarbeiter*innen 31 - 50,13,False
Christine Friederike Sutrich,2,burgenland; wien,1110 Wien | 7111 Parndorf,,,,,,,,
Consultatia GmbH,1,burgenland,7162 Tadten,,,,,,,,
Dreiraum GmbH & Co KG,1,burgenland,2473 Potzneusiedl,,,,,,,,
EGP Immoconsult GmbH,1,burgenland,7021 Draßburg,,,,,,,,
einsimmo GmbH,1,burgenland,7000 Eisenstadt,https://www.karriere.at/f/einsimmo,einsimmo GmbH,100.0,1,10,Anzahl der Mitarbeiter*innen 1 - 10,13,True
EKO Immobilien Verwaltungs- u. Vermittlungsgesellschaft m.b.H.,2,burgenland; wien,1070 Wien | 7551 Stegersbach,https://www.karriere.at/f/uk-immobilien,UK Immobilien GmbH,87.0,,,,0,True
FAPO Immobilien Consulting GmbH,1,burgenland,8292 Hackerberg,https://www.karriere.at/f/4m-immobilien-consulting-co,4M Immobilien&Consulting GmbH & CO KG,89.4,1,10,Anzahl der Mitarbeiter*innen 1 - 10,13,False
FIG Immobilien e.U.,1,burgenland,7033 Pöttsching,https://www.karriere.at/f/uk-immobilien,UK Immobilien GmbH,87.0,,,,0,False
GFR Gebäude- und Facilitymanagement GmbH,1,burgenland,7000 Eisenstadt,https://www.karriere.at/f/zhs-office-facilitymanagement-wien,ZHS Office- & Facilitymanagement GmbH,80.0,1,10,Anzahl der Mitarbeiter*innen 1 - 10,13,False
Grabner Immobilien GmbH,1,burgenland,7350 Oberpullendorf,https://www.karriere.at/f/grand-immobilien,Grand Immobilien,88.2,1,10,Anzahl der Mitarbeiter*innen 1 - 10,13,False
HOPE GmbH,1,burgenland,7210 Mattersburg,https://www.karriere.at/f/hope,HOPE GmbH,100.0,1,10,Anzahl der Mitarbeiter*innen 1 - 10,13,False
Immobilienverwaltung Cvitkovits KG,2,burgenland; wien,1150 Wien | 7431 Bad Tatzmannsdorf,https://www.karriere.at/f/iv-immobilienverwaltung,IV Immobilienverwaltung GmbH,93.0,11,30,Anzahl der Mitarbeiter*innen 11 - 30,13,True
Ing. Kai-Uwe Reisner,1,burgenland,2443 Leithaprodersdorf,,,,,,,,
Ing. Szmolyan KG,1,burgenland,7463 Weiden bei Rechnitz,,,,,,,,
Ing. Werner Wilhelm Bayer,1,burgenland,7435 Holzschlag,,,,,,,,
IVB-Immobilienvermarktung und Bauträger Ges.m.b.H.,1,burgenland,7000 Eisenstadt,https://www.karriere.at/f/ivb-immobilienvermarktung-bautr%C3%A4ger,IVB Immobilienvermarktung & Bauträger GmbH,100.0,11,30,Anzahl der Mitarbeiter*innen 11 - 30,13,True
"Karl Wolfgang Schwarz, MBA",1,burgenland,7210 Mattersburg,,,,,,,,
KW Immobilien GmbH,1,burgenland,7163 Andau,https://www.karriere.at/f/uk-immobilien,UK Immobilien GmbH,92.3,,,,0,False
LIVEG - Immobilienverwaltungs- gesellschaft m.b.H.,1,burgenland,7350 Oberpullendorf,https://www.karriere.at/f/homebase-immobilienverwaltungs-gmbh,Homebase Immobilienverwaltungs GmbH,82.4,1,10,Anzahl der Mitarbeiter*innen 1 - 10,13,False
Mag. Doris Schreiner GmbH,1,burgenland,7000 Eisenstadt,https://www.karriere.at/f/mag-doris-schreiner,Mag. Doris Schreiner GmbH,100.0,1,10,Anzahl der Mitarbeiter*innen 1 - 10,47,True
Mag. Johann Adorjan,1,burgenland,7400 Oberwart,https://www.karriere.at/f/mag-johann-eder,Wirtschaftstreuhänder Mag. Johann Eder,71.4,11,30,Anzahl der Mitarbeiter*innen 11 - 30,47,True
Mag. Viktoria Renate Schandl,1,burgenland,7000 Eisenstadt,,,,,,,,
Malloth Immobilien GmbH,2,burgenland; wien,1040 Wien | 7142 Illmitz,https://www.karriere.at/f/malloth-partner-immobilien-gmbh-kg,Malloth & Partner Immobilien GmbH & Co KG,100.0,1,10,Anzahl der Mitarbeiter*innen 1 - 10,14,True
Manfred Hofer,1,burgenland,7540 Güssing,https://www.karriere.at/f/manfred-hofer-gesellschaft,Manfred Hofer Gesellschaft m.b.H.,100.0,1,10,Anzahl der Mitarbeiter*innen 1 - 10,13,False
PANREAL GmbH,1,burgenland,7000 Eisenstadt,,,,,,,,
PDS Personal and Defence Solutions GmbH,1,burgenland,7000 Eisenstadt,https://www.karriere.at/f/solutions,Solutions,100.0,,,,14,False
PIK SÜD GMBH,1,burgenland,7410 Loipersdorf-Kitzladen,,,,,,,,
Pinetz Holding GmbH,1,burgenland,7132 Frauenkirchen,https://www.karriere.at/f/spitzer-holding,Spitzer Holding GmbH,82.8,31,50,Anzahl der Mitarbeiter*innen 31 - 50,13,False
Radakovits Hausverwaltung GmbH,2,burgenland,7400 Oberwart | 7435 Unterkohlstätten,https://www.karriere.at/f/isw-hausverwaltung,ISW Hausverwaltung GmbH,87.5,1,10,Anzahl der Mitarbeiter*innen 1 - 10,13,False
Real 2000 Immobilienbeteiligungs- gesellschaft m.b.H.,1,burgenland,7000 Eisenstadt,https://www.karriere.at/f/sb-real,SB REAL GmbH,72.7,,,,1,False
Realitäten Gossy GmbH,1,burgenland,7400 Oberwart,https://www.karriere.at/f/dk-realit%C3%A4ten,DK Realitäten GmbH,87.0,1,10,Anzahl der Mitarbeiter*innen 1 - 10,13,False
SEE.HAUS Weiden Betriebs GmbH,1,burgenland,7121 Weiden am See,https://www.karriere.at/f/see-haus-weiden-betriebs-gmbh,SEE.HAUS Weiden Betriebs GmbH,100.0,51,100,Anzahl der Mitarbeiter*innen 51 - 100,2,True
Seepark Weiden Verwaltungs- und Betriebsgesellschaft m.b.H.,1,burgenland,7121 Weiden am See,https://www.karriere.at/f/atempo-betriebsgesellschaft-mbh,atempo Betriebsgesellschaft mbH.,85.1,51,100,Anzahl der Mitarbeiter*innen 51 - 100,34,False
Vektorraum GmbH,1,burgenland,2473 Potzneusiedl,,,,,,,,
WAB Beteiligungen und Risikomanagement GmbH,1,burgenland,7000 Eisenstadt,https://www.karriere.at/f/wwg-beteiligungen,WWG Beteiligungen GmbH,86.7,1,10,Anzahl der Mitarbeiter*innen 1 - 10,13,False
Wirtschaftsagentur Burgenland GmbH,1,burgenland,7000 Eisenstadt,https://www.karriere.at/f/wirtschaftsagentur-burgenland,Wirtschaftsagentur Burgenland GmbH,100.0,31,50,Anzahl der Mitarbeiter*innen 31 - 50,10,True
Zalán Lingurár,1,burgenland,7081 Schützen am Gebirge,,,,,,,,
"""Augum"" Handelsgesellschaft m.b.H.",1,wien,1180 Wien,https://www.karriere.at/f/rag-handelsgesellschaft,RAG Handelsgesellschaft m.b.H.,93.3,51,100,Anzahl der Mitarbeiter*innen 51 - 100,59,True
"""EUROFINA"" Liegenschaftsverwertungs Gesellschaft m.b.H.",1,wien,1080 Wien,,,,,,,,
"""G1"" Immobilienbesitz GmbH",1,wien,1010 Wien,https://www.karriere.at/f/nechasim-immobilienbesitz,Nechasim Immobilienbesitz GmbH,91.4,1,10,Anzahl der Mitarbeiter*innen 1 - 10,13,True
"""Hausverwaltung Franz Dangl"" Gesellschaft m.b.H.",1,wien,1180 Wien,https://www.karriere.at/f/hausverwaltung-franz-dangl,Hausverwaltung Franz Dangl Gesellschaft m.b.H.,100.0,11,30,Anzahl der Mitarbeiter*innen 11 - 30,13,True
"""Hausverwaltung und Realkanzlei Sylvia Hort"" e.U.",1,wien,1190 Wien,https://www.karriere.at/f/isw-hausverwaltung,ISW Hausverwaltung GmbH,87.5,1,10,Anzahl der Mitarbeiter*innen 1 - 10,13,True
"""kabelwerk"" bauträger gmbh",1,wien,1120 Wien,https://www.karriere.at/f/s1-bautr%C3%A4ger,S1 Bauträger GmbH,85.7,31,50,Anzahl der Mitarbeiter*innen 31 - 50,13,True
"""Kontakt"" Handelsgesellschaft m.b.H.",1,wien,1160 Wien,https://www.karriere.at/f/rag-handelsgesellschaft,RAG Handelsgesellschaft m.b.H.,92.6,51,100,Anzahl der Mitarbeiter*innen 51 - 100,59,True
"""Objektverwaltung 360"" Liegenschaftsverwertung GmbH",1,wien,1140 Wien,https://www.karriere.at/f/immola-liegenschaftsverwertung-und-projektentwicklungs-gmbh,IMMOLA Liegenschaftsverwertung und Projektentwicklungs GmbH,73.5,11,30,Anzahl der Mitarbeiter*innen 11 - 30,13,True
"""Prinz Eugen"" Immobiliengesellschaft m.b.H.",1,wien,1210 Wien,https://www.karriere.at/f/kremser-immobiliengesellschaft,Kremser Immobiliengesellschaft mbH,84.6,,,,13,True
"""PRISMA"" Zentrum für Standort- und Stadtentwicklung GmbH",1,wien,1090 Wien,https://www.karriere.at/f/prisma-zentrum-f%C3%BCr-standort-u-stadtentwicklung,Prisma Zentrum für Standort- u Stadtentwicklung GmbH,97.9,1,10,Anzahl der Mitarbeiter*innen 1 - 10,10,True
3fach Immobilien OG,1,wien,1160 Wien,https://www.karriere.at/f/uk-immobilien,UK Immobilien GmbH,87.0,,,,0,True
A & K FALLY Immobilienbesitz & Verwaltung GmbH,1,wien,1130 Wien,https://www.karriere.at/f/zbd-verwaltung,ZBD Verwaltung GmbH & Co KG,87.5,1,10,Anzahl der Mitarbeiter*innen 1 - 10,2,True
A. Brandstetter & Co. KG.,1,wien,1130 Wien,https://www.karriere.at/f/adhouse-brandstetter-wahl,ADhouse Brandstetter & Wahl OHG,94.1,1,10,Anzahl der Mitarbeiter*innen 1 - 10,23,True
A1 Telekom Austria Aktiengesellschaft,1,wien,1020 Wien,https://www.karriere.at/f/a1-telekom-austria,A1 Telekom Austria AG,100.0,,,,19,True
"ABW - SCHUSTER Allgemeine Bauträger, Wohnungseigentum & Immobilienverwaltung Nfg. GmbH & Co KG",1,wien,1080 Wien,https://www.karriere.at/f/iv-immobilienverwaltung,IV Immobilienverwaltung GmbH,93.0,11,30,Anzahl der Mitarbeiter*innen 11 - 30,13,True
ADJOKAT Hausverwaltungs GmbH,1,wien,1230 Wien,https://www.karriere.at/f/hv-24-hausverwaltungs-gmbh,HV 24 Hausverwaltungs GmbH,83.3,1,10,Anzahl der Mitarbeiter*innen 1 - 10,13,True
Aedis Hausverwaltung GmbH,1,wien,1180 Wien,https://www.karriere.at/f/isw-hausverwaltung,ISW Hausverwaltung GmbH,89.5,1,10,Anzahl der Mitarbeiter*innen 1 - 10,13,True
Agnes Kratochwil,1,wien,1180 Wien,,,,,,,,
Agoreal Immobilien GmbH,1,wien,1010 Wien,https://www.karriere.at/f/agoreal-immobilien,Agoreal Immobilien GmbH,100.0,1,10,Anzahl der Mitarbeiter*innen 1 - 10,13,True
Alexander Georg Frieders,1,wien,1090 Wien,https://www.karriere.at/f/auer-alexander,Auer Alexander,78.3,1,10,Anzahl der Mitarbeiter*innen 1 - 10,13,True
Alexander Michael Vollmann,1,wien,1130 Wien,https://www.karriere.at/f/auer-alexander,Auer Alexander,78.3,1,10,Anzahl der Mitarbeiter*innen 1 - 10,13,True
Alfons Metzger Hausverwaltung Immobilien Management GmbH,1,wien,1060 Wien,https://www.karriere.at/f/alfons-metzger-hausverwaltung-immobilien,Alfons Metzger Hausverwaltung Immobilien,100.0,,,,13,True
Alfred Herbert Fritz,1,wien,1080 Wien,https://www.karriere.at/f/alfred-h-fritz-immobilien-wien,Alfred H. Fritz Immobilien,75.0,,,,2,True
Alfred Matejka Immobilienverwaltung Gesellschaft m.b.H.,1,wien,1010 Wien,https://www.karriere.at/f/alfred-matejka-immobilienverwaltung-gesellschaft-wien,Alfred Matejka Immobilienverwaltung Gesellschaft m.b.H.,100.0,1,10,Anzahl der Mitarbeiter*innen 1 - 10,13,True
Alfred Xaver Kiesling,1,wien,1230 Wien,https://www.karriere.at/f/offner-alfred-dipl-ing,Offner Alfred Dipl-Ing GesmbH,69.8,51,100,Anzahl der Mitarbeiter*innen 51 - 100,15,True
Alois Köpf GmbH,1,wien,1170 Wien,,,,,,,,
Alras Immobilienmanagement und -verwaltungs GmbH,1,wien,1130 Wien,https://www.karriere.at/f/zum-immobilienmanagement,ZUM Immobilienmanagement GmbH,90.9,11,30,Anzahl der Mitarbeiter*innen 11 - 30,13,True
Ambacher Real Estate GmbH,1,wien,1130 Wien,https://www.karriere.at/f/mg-real-estate,MG Real Estate GmbH,88.0,1,10,Anzahl der Mitarbeiter*innen 1 - 10,13,True
AMLAK Liegenschaftsgesellschaft m.b.H.,1,wien,1080 Wien,,,,,,,,
AMOS-TIK Handelsgesellschaft m.b.H.,1,wien,1030 Wien,https://www.karriere.at/f/rag-handelsgesellschaft,RAG Handelsgesellschaft m.b.H.,92.6,51,100,Anzahl der Mitarbeiter*innen 51 - 100,59,True
"Andreas Nobitschek, MSc, MLS",1,wien,1230 Wien,https://www.karriere.at/f/mls,MLS GmbH,100.0,1,10,Anzahl der Mitarbeiter*innen 1 - 10,15,True
Angelika Trappel,1,wien,1030 Wien,,,,,,,,
Anker - Immobilien Gesellschaft m.b.H.,1,wien,1090 Wien,https://www.karriere.at/f/%C3%B6bv-immobilien-gesellschaft,ÖBV - IMMOBILIEN Gesellschaft m.b.H.,93.5,1,10,Anzahl der Mitarbeiter*innen 1 - 10,13,True
Anna Maria Olischar,1,wien,1170 Wien,https://www.karriere.at/f/zahnarzt-ordination-ddr-anna-maria-hansy-janda,Zahnarzt-Ordination DDr. Anna-Maria Hansy-Janda,69.0,1,10,Anzahl der Mitarbeiter*innen 1 - 10,34,True
APCOA Austria GmbH,1,wien,1030 Wien,https://www.karriere.at/f/apcoa-parking-austria,APCOA Austria GmbH,100.0,101,500,Anzahl der Mitarbeiter*innen 101 - 500,14,True
APF Beratungs GmbH & Co KG,1,wien,1090 Wien,https://www.karriere.at/f/tao-beratungs-und-management,TAO Beratungs- und Management GmbH,86.7,,,,0,True
Apleona Real Estate AT GmbH,1,wien,1010 Wien,https://www.karriere.at/f/apleona-real-estate-at,Apleona Real Estate AT GmbH,100.0,501,,Anzahl der Mitarbeiter*innen 501+,13,True
APPM - PROPERTY MANAGEMENT GMBH,1,wien,1130 Wien,https://www.karriere.at/f/strauss-property-management,STRAUSS Property Management GmbH,88.4,11,30,Anzahl der Mitarbeiter*innen 11 - 30,13,True
AR AUSTREAL Immobilien e.U.,2,wien,1010 Wien | 1200 Wien,https://www.karriere.at/f/uk-immobilien,UK Immobilien GmbH,87.0,,,,0,True
ARE Austrian Real Estate Development GmbH,1,wien,1020 Wien,https://www.karriere.at/f/are-austrian-real-estate,ARE Austrian Real Estate GmbH,100.0,31,50,Anzahl der Mitarbeiter*innen 31 - 50,13,True
AReal Immobilientreuhand GmbH,1,wien,1030 Wien,https://www.karriere.at/f/fap-real-immobilientreuhand,FAP.real Immobilientreuhand GmbH,94.1,1,10,Anzahl der Mitarbeiter*innen 1 - 10,13,True
AREALIS Liegenschaftsmanagement GmbH,1,wien,1020 Wien,https://www.karriere.at/f/arealis-liegenschaftsmanagement,Arealis Liegenschaftsmanagement GmbH,100.0,101,500,Anzahl der Mitarbeiter*innen 101 - 500,13,True
Argolex Immobilienmanagement GmbH,1,wien,1140 Wien,https://www.karriere.at/f/zum-immobilienmanagement,ZUM Immobilienmanagement GmbH,90.9,11,30,Anzahl der Mitarbeiter*innen 11 - 30,13,True
Argon Realitätenverwaltung GmbH,1,wien,1040 Wien,https://www.karriere.at/f/argon-realit%C3%A4tenverwaaltung,Argon Realitätenverwaltung GmbH,100.0,1,10,Anzahl der Mitarbeiter*innen 1 - 10,13,True
ARIGHO Immobilien OG,1,wien,1050 Wien,https://www.karriere.at/f/uk-immobilien,UK Immobilien GmbH,87.0,,,,0,True
ARQON Real Estate GmbH,1,wien,1010 Wien,https://www.karriere.at/f/mg-real-estate,MG Real Estate GmbH,88.0,1,10,Anzahl der Mitarbeiter*innen 1 - 10,13,True
ARTESTATE Immobilientreuhand GmbH,1,wien,1090 Wien,https://www.karriere.at/f/gmk-immobilientreuhand,GMK Immobilientreuhand GmbH,90.0,1,10,Anzahl der Mitarbeiter*innen 1 - 10,13,True
ARWAG Immobilientreuhand Gesellschaft m.b.H.,1,wien,1030 Wien,https://www.karriere.at/f/arwag-immobilientreuhand,ARWAG Immobilientreuhand GmbH,100.0,51,100,Anzahl der Mitarbeiter*innen 51 - 100,13,True
aspern Seestadt Einkaufsstraßen GmbH,1,wien,1220 Wien,,,,,,,,
Asset & Care Immobilientreuhand GmbH,1,wien,1010 Wien,https://www.karriere.at/f/s-a-immobilientreuhand,S&A Immobilientreuhand GmbH,91.7,1,10,Anzahl der Mitarbeiter*innen 1 - 10,13,True
at home FM Services GmbH,1,wien,1170 Wien,https://www.karriere.at/f/at-home-fm-services,at home FM Services GmbH,100.0,31,50,Anzahl der Mitarbeiter*innen 31 - 50,14,True
Atico Immobilien Gesellschaft m.b.H.,1,wien,1070 Wien,https://www.karriere.at/f/atico-immobilien,Atico Immobilien GmbH,100.0,1,10,Anzahl der Mitarbeiter*innen 1 - 10,13,True
Aula Realitäten GmbH,1,wien,1010 Wien,https://www.karriere.at/f/dk-realit%C3%A4ten,DK Realitäten GmbH,87.0,1,10,Anzahl der Mitarbeiter*innen 1 - 10,13,True
Aurel Immobilien Management GmbH,1,wien,1040 Wien,https://www.karriere.at/f/ig-immobilien-management,IG Immobilien Management GmbH,93.3,51,100,Anzahl der Mitarbeiter*innen 51 - 100,13,True
AURIS Immo Solutions GmbH,1,wien,1220 Wien,https://www.karriere.at/f/solutions,Solutions,100.0,,,,14,True
AV Hausverwaltung GmbH,1,wien,1130 Wien,https://www.karriere.at/f/weiss-tessbach-hausverwaltung,Weiss-Tessbach Hausverwaltung GmbH,90.3,1,10,Anzahl der Mitarbeiter*innen 1 - 10,14,True
B & V Handels-u.Immobilien GmbH.,1,wien,1230 Wien,https://www.karriere.at/f/h-b-handels-gmbh,h & b handels gmbh,92.9,1,10,Anzahl der Mitarbeiter*innen 1 - 10,59,True
B.I.V. Hausverwaltung GmbH,1,wien,1030 Wien,https://www.karriere.at/f/isw-hausverwaltung,ISW Hausverwaltung GmbH,87.5,1,10,Anzahl der Mitarbeiter*innen 1 - 10,13,True
Bank Austria Real Invest Asset Management GmbH,1,wien,1020 Wien,https://www.karriere.at/f/bank-austria-real-invest-asset-management,Bank Austria Real Invest Asset Management GmbH,100.0,11,30,Anzahl der Mitarbeiter*innen 11 - 30,10,True
Barbara Gnädig Immobilien GmbH,1,wien,1030 Wien,https://www.karriere.at/f/uk-immobilien,UK Immobilien GmbH,87.0,,,,0,True
Barbara Löbbecke Immobilientreuhänder e.U.,1,wien,1030 Wien,https://www.karriere.at/f/barbara-l%C3%B6bbecke-immobilientreuh%C3%A4nder,Barbara Löbbecke Immobilientreuhänder e.U.,100.0,1,10,Anzahl der Mitarbeiter*innen 1 - 10,13,True
"Barwert Immo - Tahir Barosch, MSc, e.U",1,wien,1130 Wien,https://www.karriere.at/f/ve-immo,VE Immo GmbH,72.7,1,10,Anzahl der Mitarbeiter*innen 1 - 10,13,True
BAWAG P.S.K. IMMOBILIEN GmbH,1,wien,1100 Wien,https://www.karriere.at/f/uk-immobilien,UK Immobilien GmbH,87.0,,,,0,True
be real Immobilienmanagement GmbH,1,wien,1010 Wien,https://www.karriere.at/f/zum-immobilienmanagement,ZUM Immobilienmanagement GmbH,90.9,11,30,Anzahl der Mitarbeiter*innen 11 - 30,13,True
"Bernhard Posch, MSc",1,wien,1140 Wien,https://www.karriere.at/f/bernhard-av,BERNHARD AV GmbH,84.2,31,50,Anzahl der Mitarbeiter*innen 31 - 50,59,True
Berthold Kurzmann,1,wien,1040 Wien,https://www.karriere.at/f/kurzmann-ing,Kurzmann Ing GesmbH,80.0,11,30,Anzahl der Mitarbeiter*innen 11 - 30,13,True
Best in Parking Garagen GmbH & Co KG,1,wien,1030 Wien,https://www.karriere.at/f/best-in-parking,Best in Parking AG,100.0,,,,0,True
Bewog Immobilien Gesellschaft m.b.H.,1,wien,1010 Wien,https://www.karriere.at/f/%C3%B6bv-immobilien-gesellschaft,ÖBV - IMMOBILIEN Gesellschaft m.b.H.,93.5,1,10,Anzahl der Mitarbeiter*innen 1 - 10,13,True
Bimbusco GmbH,1,wien,1190 Wien,,,,,,,,
Bittendorfer Immobilien e. U.,1,wien,1210 Wien,https://www.karriere.at/f/bittendorfer-immobilien,Bittendorfer Immobilien e. U.,100.0,1,10,Anzahl der Mitarbeiter*innen 1 - 10,13,True
BONAFIDE Treuhand- und Revisionsgesellschaft m.b.H.,1,wien,1090 Wien,https://www.karriere.at/f/treuhand-und-revisionsgesellschaft,Treuhand- und Revisionsgesellschaft m.b.H.,100.0,1,10,Anzahl der Mitarbeiter*innen 1 - 10,47,True
Brehm Immobilien GmbH,1,wien,1060 Wien,https://www.karriere.at/f/brehm-immobilien,Brehm Immobilien GmbH,100.0,1,10,Anzahl der Mitarbeiter*innen 1 - 10,13,True
Brichard Immobilien GmbH,1,wien,1190 Wien,https://www.karriere.at/f/brichard-immobilien,Brichard Immobilien GmbH,100.0,51,100,Anzahl der Mitarbeiter*innen 51 - 100,13,True
Brigitte Riefenthaler,1,wien,1010 Wien,,,,,,,,
Brigitte Sieb,1,wien,1020 Wien,https://www.karriere.at/f/tabak-trafik-brigitte-kerec-rubner-wien,Tabak Trafik Brigitte Kerec-Rubner,76.2,,,,59,True
Broesigke Hausverwaltung GmbH,1,wien,1060 Wien,https://www.karriere.at/f/isw-hausverwaltung,ISW Hausverwaltung GmbH,87.5,1,10,Anzahl der Mitarbeiter*innen 1 - 10,13,True
Brun Immobilien GmbH & Co KG,1,wien,1150 Wien,https://www.karriere.at/f/uk-immobilien,UK Immobilien GmbH,87.0,,,,0,True
"Bruno Schwendinger, MA",1,wien,1010 Wien,,,,,,,,
BS Consus GmbH,1,wien,1070 Wien,,,,,,,,
BS Real 360 GmbH,1,wien,1030 Wien,https://www.karriere.at/f/sb-real,SB REAL GmbH,72.7,,,,1,True
buildings4future Hausverwaltung GmbH,1,wien,1080 Wien,https://www.karriere.at/f/isw-hausverwaltung,ISW Hausverwaltung GmbH,87.5,1,10,Anzahl der Mitarbeiter*innen 1 - 10,13,True
Businesspark Management GmbH,1,wien,1010 Wien,https://www.karriere.at/f/rk-management,rk-management GmbH,87.0,1,10,Anzahl der Mitarbeiter*innen 1 - 10,69,True
BUWOG cw Handelsges.m.b.H.,1,wien,1010 Wien,https://www.karriere.at/f/epc-handelsges-m-b-h,EPC Handelsges.m.b.H.,88.9,1,10,Anzahl der Mitarbeiter*innen 1 - 10,59,True
BUWOG Holding GmbH,1,wien,1010 Wien,https://www.karriere.at/f/bwt-holding-gmbh,BWT Holding GmbH,83.3,500,500,500 Mitarbeiter,6,True
BUWOG Immobilien und Development GmbH,1,wien,1010 Wien,https://www.karriere.at/f/noe-immobilien-development,NOE Immobilien Development GmbH,91.7,1,10,Anzahl der Mitarbeiter*innen 1 - 10,13,True
C&F Comfort and Fun GmbH,1,wien,1090 Wien,https://www.karriere.at/f/comfort-real,Comfort Real GmbH,73.7,1,10,Anzahl der Mitarbeiter*innen 1 - 10,13,True
Capellmann Hausverwaltungs-GmbH,1,wien,1010 Wien,https://www.karriere.at/f/hv-24-hausverwaltungs-gmbh,HV 24 Hausverwaltungs GmbH,83.3,1,10,Anzahl der Mitarbeiter*innen 1 - 10,13,True
CASA NOVA Real Estate GmbH,1,wien,1040 Wien,https://www.karriere.at/f/mg-real-estate,MG Real Estate GmbH,88.0,1,10,Anzahl der Mitarbeiter*innen 1 - 10,13,True
CBRE GmbH,1,wien,1100 Wien,https://www.karriere.at/f/cbre-corporate-outsourcing,CBRE GWS Austria GmbH,100.0,51,100,Anzahl der Mitarbeiter*innen 51 - 100,13,True
CBS International GmbH,1,wien,1010 Wien,https://www.karriere.at/f/cbs-international,Cushman & Wakefield | CBS International GmbH,100.0,,,,0,True
CCI Immobilientreuhand GmbH,1,wien,1010 Wien,https://www.karriere.at/f/cci-immobilientreuhand,CCI Immobilientreuhand GmbH,100.0,1,10,Anzahl der Mitarbeiter*innen 1 - 10,10,True
CFI Immobilientreuhand GmbH,1,wien,1030 Wien,https://www.karriere.at/f/cci-immobilientreuhand,CCI Immobilientreuhand GmbH,95.5,1,10,Anzahl der Mitarbeiter*innen 1 - 10,10,True
Chic City Immo GmbH,1,wien,1190 Wien,https://www.karriere.at/f/ve-immo,VE Immo GmbH,72.7,1,10,Anzahl der Mitarbeiter*innen 1 - 10,13,True
CHORA Immobilienverwaltung GmbH,1,wien,1020 Wien,https://www.karriere.at/f/iv-immobilienverwaltung,IV Immobilienverwaltung GmbH,93.0,11,30,Anzahl der Mitarbeiter*innen 11 - 30,13,True
"Christian Kaspar, MSc MEng",1,wien,1110 Wien,https://www.karriere.at/f/christian-pieler,Christian Pieler GmbH,72.0,1,10,Anzahl der Mitarbeiter*innen 1 - 10,10,True
Christina Petra Dojacek-Magenheim,1,wien,1030 Wien,,,,,,,,
Christine Leuthner,1,wien,0664 346 75 54,,,,,,,,
Christine Pölzl,1,wien,1080 Wien,https://www.karriere.at/f/rechtsanw%C3%A4lte-dr-michael-dyck-dr-christine-monticelli,"Rechtsanwälte Dr. Michael Dyck, Dr. Christine Monticelli, Mag. Xavier Dyck",75.0,1,10,Anzahl der Mitarbeiter*innen 1 - 10,47,True
CMR Projekt GmbH,1,wien,1020 Wien,https://www.karriere.at/f/zrt-projekt,ZRT Projekt GmbH,81.8,11,30,Anzahl der Mitarbeiter*innen 11 - 30,15,True
COLLIERS Immobilienverwaltung GmbH,1,wien,1010 Wien,https://www.karriere.at/f/colliers-immobilienverwaltung,COLLIERS Immobilienverwaltung GmbH,100.0,1,10,Anzahl der Mitarbeiter*innen 1 - 10,13,True
COMFORT-REAL Gebäudeverwaltungs- und Realitäten Ges.m.b.H.,1,wien,1150 Wien,https://www.karriere.at/f/comfort-real,Comfort Real GmbH,100.0,1,10,Anzahl der Mitarbeiter*innen 1 - 10,13,True
Con Tessa Immobilienverwertung GmbH,1,wien,1010 Wien,https://www.karriere.at/f/immobilienverwertung,Immobilienverwertung GmbH,100.0,31,50,Anzahl der Mitarbeiter*innen 31 - 50,13,True
CONDUCTA Hausverwaltung GmbH,1,wien,1180 Wien,https://www.karriere.at/f/isw-hausverwaltung,ISW Hausverwaltung GmbH,87.5,1,10,Anzahl der Mitarbeiter*innen 1 - 10,13,True
"Constantin Bednař, MSc",1,wien,1090 Wien,,,,,,,,
cont EQ Immobilien GmbH,1,wien,1020 Wien,https://www.karriere.at/f/uk-immobilien,UK Immobilien GmbH,87.0,,,,0,True
CONTEC Hausverwaltung GmbH,1,wien,1010 Wien,https://www.karriere.at/f/isw-hausverwaltung,ISW Hausverwaltung GmbH,87.5,1,10,Anzahl der Mitarbeiter*innen 1 - 10,13,True
convival Immobilien GmbH,1,wien,1130 Wien,https://www.karriere.at/f/convival-immobilien,convival Immobilien,100.0,11,30,Anzahl der Mitarbeiter*innen 11 - 30,13,True
Corner Immobilien GmbH,1,wien,1020 Wien,https://www.karriere.at/f/cuore-immobilien,CUORE Immobilien GmbH,90.9,11,30,Anzahl der Mitarbeiter*innen 11 - 30,13,True
CPI Europe AG,1,wien,1100 Wien,https://www.karriere.at/f/iko-europe,IKO-EUROPE GmbH,80.0,31,50,Anzahl der Mitarbeiter*innen 31 - 50,59,True
CRO Management Holding GmbH,1,wien,1010 Wien,https://www.karriere.at/f/scheuch-management-holding,Scheuch Management Holding GmbH,90.0,,,,15,True
Curator Immobilientreuhandges.m.b.H.,1,wien,1010 Wien,,,,,,,,
"Czembirek, Reich-Rohrwig Immobilienverwaltungs GmbH",1,wien,1090 Wien,https://www.karriere.at/f/czembirek-reich-rohrwig-immobilienverwaltungs-gesmbh,Czembirek Reich-Rohrwig Immobilienverwaltungs GesmbH,100.0,1,10,Anzahl der Mitarbeiter*innen 1 - 10,10,True
DATAREAL Beteiligungsgesellschaft m.b.H. & Co. Gablenzgasse 60 KG,1,wien,1010 Wien,https://www.karriere.at/f/hawle-beteiligungsgesellschaft,Hawle Beteiligungsgesellschaft m.b.H.,90.9,,,,1,True
DATAREAL Beteiligungsgesellschaft m.b.H.& Co. Heiligenstädter Straße 9 OG,1,wien,1010 Wien,https://www.karriere.at/f/hawle-beteiligungsgesellschaft,Hawle Beteiligungsgesellschaft m.b.H.,90.9,,,,1,True
David Halmer,1,wien,1120 Wien,,,,,,,,
DDI Immo GmbH,1,wien,1020 Wien,https://www.karriere.at/f/ve-immo,VE Immo GmbH,72.7,1,10,Anzahl der Mitarbeiter*innen 1 - 10,13,True
"Delta Immobilien - Verwaltungs-, Verwertungs- und Vermittlungsgesellschaft m.b.H.",1,wien,1090 Wien,https://www.karriere.at/f/delta-immobilien-verwaltungs-verwertungs-u-vermittlungsgesmbh,Delta Immobilien Verwaltungs- Verwertungs- u VermittlungsgesmbH,89.7,1,10,Anzahl der Mitarbeiter*innen 1 - 10,10,True
DENZEL Immobilien GmbH,2,wien,1030 Wien | 1060 Wien,https://www.karriere.at/f/denzel-immobilien,DENZEL Immobilien GmbH,100.0,,,,13,True
Detlev Neudeck,1,wien,1010 Wien,,,,,,,,
DI Czerny Immobilien GmbH,1,wien,1060 Wien,https://www.karriere.at/f/uk-immobilien,UK Immobilien GmbH,87.0,,,,0,True
DI Doloszeski Immobilien GmbH,1,wien,1070 Wien,https://www.karriere.at/f/uk-immobilien,UK Immobilien GmbH,87.0,,,,0,True
DI ImmobilienverwaltungsgesmbH,1,wien,1070 Wien,https://www.karriere.at/f/scheichbrein-michael-immobilienverwaltungsgesmbh,Scheichbrein Michael ImmobilienverwaltungsgesmbH,94.7,1,10,Anzahl der Mitarbeiter*innen 1 - 10,10,True
DI Sandra Bauernfeind,1,wien,1020 Wien,https://www.karriere.at/f/bauernfeind-druck-display,Bauernfeind Druck + Display GmbH,78.3,11,30,Anzahl der Mitarbeiter*innen 11 - 30,23,True
Dipl. Ing. Alfred Sterzer Gesellschaft m.b.H.,1,wien,1010 Wien,https://www.karriere.at/f/sterzer-alfred-dipl-ing,Sterzer Alfred Dipl-Ing GesmbH,100.0,1,10,Anzahl der Mitarbeiter*innen 1 - 10,10,True
Dipl.-Ing. Elisabeth Ehrlich,1,wien,1140 Wien,https://www.karriere.at/f/dipl-ing-herbert-liske,Dipl.-Ing. Herbert Liske,66.7,1,10,Anzahl der Mitarbeiter*innen 1 - 10,13,True
"Dipl.-Ing. Heinrich Eller, MSc",1,wien,1040 Wien,https://www.karriere.at/f/heinrich-kipp,HEINRICH KIPP GMBH,76.2,1,10,Anzahl der Mitarbeiter*innen 1 - 10,15,True
Dipl.-Ing. Mag. Manuela Moser-Ritzinger,1,wien,1180 Wien,https://www.karriere.at/f/wk-moser,WK Moser GmbH,76.9,,,,0,True
"Dipl.-Ing. Paul Patrick Lensing, MSc",1,wien,1030 Wien,https://www.karriere.at/f/dipl-ing-patrick-plaschke,Dipl.-Ing. Patrick Plaschke APB Architektur-Planung-Baumanagement,65.3,1,10,Anzahl der Mitarbeiter*innen 1 - 10,13,True
Dipl.-Ing. Roland Spieß,1,wien,1030 Wien,https://www.karriere.at/f/architekt-baumeister-dipl-ing-roland-popp,Architekt Baumeister Dipl.-Ing. Roland POPP,85.7,1,10,Anzahl der Mitarbeiter*innen 1 - 10,13,True
"Dipl.-Wirtschaftsing. (FH) Benedikt Hofer, MSc",1,wien,1190 Wien,https://www.karriere.at/f/hofer-bau,HOFER BAU GmbH,71.4,11,30,Anzahl der Mitarbeiter*innen 11 - 30,13,True
Dkfm. Dr. Stefan Duschek,1,wien,1090 Wien,https://www.karriere.at/f/a-duschek,A. Duschek GmbH,87.5,1,10,Anzahl der Mitarbeiter*innen 1 - 10,69,True
Dkfm. Viktor Maier & Dr. Peter Maier Gesellschaft m.b.H.,1,wien,1030 Wien,https://www.karriere.at/f/maier,Maier GmbH,100.0,11,30,Anzahl der Mitarbeiter*innen 11 - 30,69,True
Donau Realitäten GmbH,1,wien,1030 Wien,https://www.karriere.at/f/dk-realit%C3%A4ten,DK Realitäten GmbH,87.0,1,10,Anzahl der Mitarbeiter*innen 1 - 10,13,True
Donau-Finanz Treuhand- und Finanzierungsgesellschaft m.b.H.,1,wien,1010 Wien,https://www.karriere.at/f/donau-finanz-treuhandund-finanzierungsges-co,Donau - Finanz Treuhandund Finanzierungsges. m.b.H. & Co. KG,88.9,11,30,Anzahl der Mitarbeiter*innen 11 - 30,10,True
Doschek Immo OG,1,wien,1180 Wien,https://www.karriere.at/f/seek-immo,Seek Immo GmbH,76.2,1,10,Anzahl der Mitarbeiter*innen 1 - 10,13,True
DPPI Immobilien GmbH,1,wien,1040 Wien,https://www.karriere.at/f/pmp-immobilien,PMP Immobilien GmbH,89.7,1,10,Anzahl der Mitarbeiter*innen 1 - 10,13,True
Dr. Alexander Hörtlehner Gebäudeverwaltungsgesellschaft m.b.H.,1,wien,1130 Wien,https://www.karriere.at/f/auer-alexander,Auer Alexander,78.3,1,10,Anzahl der Mitarbeiter*innen 1 - 10,13,True
Dr. Alexandra Gabriel Realitätenvermittlungsgesellschaft m.b.H.,1,wien,1010 Wien,https://www.karriere.at/f/dr-alexandra-gabriel-realit%C3%A4tenvermittlungs-gmbh,Dr. Alexandra Gabriel Realitätenvermittlungsgesellschaft m.b.H.,100.0,1,10,Anzahl der Mitarbeiter*innen 1 - 10,13,True
Dr. Appl Immobilientreuhand GmbH,1,wien,1200 Wien,https://www.karriere.at/f/gmk-immobilientreuhand,GMK Immobilientreuhand GmbH,90.0,1,10,Anzahl der Mitarbeiter*innen 1 - 10,13,True
Dr. Christine Hauer Immobilienverwaltung GmbH,1,wien,1030 Wien,https://www.karriere.at/f/iv-immobilienverwaltung,IV Immobilienverwaltung GmbH,93.0,11,30,Anzahl der Mitarbeiter*innen 11 - 30,13,True
Dr. Denk Immobilientreuhand KG,1,wien,1050 Wien,https://www.karriere.at/f/gmk-immobilientreuhand,GMK Immobilientreuhand GmbH,90.0,1,10,Anzahl der Mitarbeiter*innen 1 - 10,13,True
Dr. Ehn Immobilien GmbH,1,wien,1010 Wien,https://www.karriere.at/f/uk-immobilien,UK Immobilien GmbH,87.0,,,,0,True
Dr. Eric Agstner,1,wien,1010 Wien,,,,,,,,
Dr. Eva Maria Kovats,1,wien,1170 Wien,https://www.karriere.at/f/eva-maria-koller-rohrschach-steuerberatung,Eva Maria Koller-Rohrschach Steuerberatung,64.3,11,30,Anzahl der Mitarbeiter*innen 11 - 30,47,True
Dr. Frasl KG,1,wien,1010 Wien,https://www.karriere.at/f/consio-immobilien-dr-frasl,consio Immobilien Dr. Frasl KG,100.0,31,50,Anzahl der Mitarbeiter*innen 31 - 50,14,True
Dr. Gerhard Otto Freund,1,wien,1130 Wien,https://www.karriere.at/f/dr-krammer-gerhard,Dr. Krammer Gerhard,71.4,1,10,Anzahl der Mitarbeiter*innen 1 - 10,47,True
Dr. Heinrich Neukirchen Gesellschaft m.b.H.,1,wien,1020 Wien,https://www.karriere.at/f/dr-heinrich-neukirchen,Dr. Heinrich Neukirchen GmbH,100.0,1,10,Anzahl der Mitarbeiter*innen 1 - 10,47,True
Dr. Hermann Immobilien GmbH,1,wien,1010 Wien,https://www.karriere.at/f/uk-immobilien,UK Immobilien GmbH,87.0,,,,0,True
Dr. Ingeborg Lang e.U.,1,wien,1060 Wien,,,,,,,,
Dr. iur. Klemens Braunisch,1,wien,1190 Wien,,,,,,,,
Dr. K. u. S. Grigkar Immobilienverwaltungsgesellschaft m.b.H.,1,wien,1190 Wien,https://www.karriere.at/f/dr-k-u-s-grigkar-immobilienverwaltungsgesmbh,Dr. K. U. S. GRIGKAR Immobilienverwaltungsges.m.b.H.,91.3,1,10,Anzahl der Mitarbeiter*innen 1 - 10,13,True
Dr. Kohler und Partner Hausverwaltungs GmbH,1,wien,1050 Wien,https://www.karriere.at/f/hv-24-hausverwaltungs-gmbh,HV 24 Hausverwaltungs GmbH,83.3,1,10,Anzahl der Mitarbeiter*innen 1 - 10,13,True
Dr. Neller Immobilien Consulting GmbH.,1,wien,1190 Wien,https://www.karriere.at/f/wr-consulting,WR Consulting GmbH,87.0,1,10,Anzahl der Mitarbeiter*innen 1 - 10,5,True
Dr. Peter Dirnbacher Immobilientreuhand GmbH & Co KG,1,wien,1080 Wien,https://www.karriere.at/f/dr-peter-dirnbacher-immobilientreuhand,Dr. Peter Dirnbacher Immobilientreuhand GmbH & Co KG,100.0,11,30,Anzahl der Mitarbeiter*innen 11 - 30,13,True
Dr. Robert Semelmayer KG,1,wien,1030 Wien,https://www.karriere.at/f/robert-semelmayer,Robert Semelmayer KG,100.0,1,10,Anzahl der Mitarbeiter*innen 1 - 10,47,True
"Dr. Roell Hausverwaltungs-, Baubetreuungs- und Realitätengesellschaft m.b.H.",1,wien,1010 Wien,https://www.karriere.at/f/hv-24-hausverwaltungs-gmbh,HV 24 Hausverwaltungs GmbH,83.3,1,10,Anzahl der Mitarbeiter*innen 1 - 10,13,True
Dr. Rudolf Huber,1,wien,1100 Wien,https://www.karriere.at/f/notariat-mmag-dr-rudolf-keppelm%C3%BCller,Notariat MMag.Dr. Rudolf Keppelmüller,75.0,1,10,Anzahl der Mitarbeiter*innen 1 - 10,47,True
Dr. Wolfgang Halm,1,wien,1090 Wien,https://www.karriere.at/f/st%C3%BCtz-wolfgang-dr-ra,"Stütz Wolfgang Dr., RA",81.5,1,10,Anzahl der Mitarbeiter*innen 1 - 10,47,True
dsg Hausverwaltung GmbH,1,wien,1090 Wien,https://www.karriere.at/f/isw-hausverwaltung,ISW Hausverwaltung GmbH,88.9,1,10,Anzahl der Mitarbeiter*innen 1 - 10,13,True
DWM Hausverwaltung GmbH,1,wien,1210 Wien,https://www.karriere.at/f/dim-hausverwaltung,DIM Hausverwaltung GmbH,94.4,,,,13,True
E. Mittermann Immobilien GmbH,1,wien,1030 Wien,https://www.karriere.at/f/e-mittermann-immobilien,E. Mittermann Immobilien GmbH,100.0,1,10,Anzahl der Mitarbeiter*innen 1 - 10,13,True
E.P. Real Estate Management GmbH,1,wien,1010 Wien,https://www.karriere.at/f/riwog-real-estate-management,RIWOG Real Estate Management GmbH,91.7,11,30,Anzahl der Mitarbeiter*innen 11 - 30,13,True
ea Gebäudeverwaltung gmbh,1,wien,1190 Wien,https://www.karriere.at/f/stieglmayer-geb%C3%A4udeverwaltung-e-u,STIEGLMAYER Gebäudeverwaltung e. U.,91.9,1,10,Anzahl der Mitarbeiter*innen 1 - 10,13,True
EB Immobilien Invest GmbH,1,wien,1010 Wien,https://www.karriere.at/f/liv-living-invest-immobilien,LIV-Living Invest Immobilien GmbH,91.9,,,,13,True
EBO Capital GmbH,1,wien,1040 Wien,https://www.karriere.at/f/pp-capital,PP Capital GmbH,82.4,,,,14,True
ECE Projektmanagement Austria GmbH,1,wien,1080 Wien,https://www.karriere.at/f/ece-projektmanagement-austria-klagenfurt,ECE Projektmanagement Austria,100.0,,,,13,True
ECO Immobilientreuhand GmbH,1,wien,1180 Wien,https://www.karriere.at/f/eco-immobilientreuhand,ECO Immobilientreuhand GmbH,100.0,1,10,Anzahl der Mitarbeiter*innen 1 - 10,13,True
EDR Immobilienverwaltung GmbH,1,wien,1190 Wien,https://www.karriere.at/f/iv-immobilienverwaltung,IV Immobilienverwaltung GmbH,93.0,11,30,Anzahl der Mitarbeiter*innen 11 - 30,13,True
Eduard Pallavicini,1,wien,1010 Wien,,,,,,,,
Eduard Precht,1,wien,1120 Wien,,,,,,,,
EHRLICH Immobilien GmbH,1,wien,1140 Wien,https://www.karriere.at/f/uk-immobilien,UK Immobilien GmbH,87.0,,,,0,True
Eigentum Immobilienverwaltungs Gesellschaft m.b.H.,1,wien,1200 Wien,https://www.karriere.at/f/eigentum-immobilienverwaltungs-gmbh,Eigentum Immobilienverwaltungs GmbH,100.0,1,10,Anzahl der Mitarbeiter*innen 1 - 10,13,True
Elfriede Erlach,1,wien,1020 Wien,https://www.karriere.at/f/elfriede-schneider,Elfriede Schneider,69.6,1,10,Anzahl der Mitarbeiter*innen 1 - 10,47,True
Elfriede Rössner Verwaltung und Vermittlung von Immobilien GmbH,1,wien,1140 Wien,https://www.karriere.at/f/uk-immobilien,UK Immobilien GmbH,87.0,,,,0,True
Elisabeth Pigel,1,wien,1070 Wien,https://www.karriere.at/f/st-elisabeth-pflege,St. Elisabeth Pflege GmbH,76.5,31,50,Anzahl der Mitarbeiter*innen 31 - 50,34,True
EPI Erich Podstatny e.U.,2,wien,1060 Wien | 1070 Wien,,,,,,,,
EQ Hospitality GmbH,1,wien,1020 Wien,https://www.karriere.at/f/seekda-hospitality-solutions-gmbh,Seekda Hospitality Solutions GmbH,88.0,31,50,Anzahl der Mitarbeiter*innen 31 - 50,2,True
Equilibria Immobilien FlexCo,1,wien,1020 Wien,https://www.karriere.at/f/uk-immobilien,UK Immobilien GmbH,87.0,,,,0,True
Erich Rist Gesellschaft m.b.H.,1,wien,0676 424 84 04,,,,,,,,
Erna Pirkner,1,wien,1020 Wien,,,,,,,,
Ernestine Zickler Immobilienverwaltung und Makler e.U.,1,wien,1180 Wien,https://www.karriere.at/f/ernestine-zickler-immobilien-verwaltung-und-makler,Ernestine Zickler Immobilien- verwaltung und Makler e.U.,99.1,1,10,Anzahl der Mitarbeiter*innen 1 - 10,13,True
Ernst Karl Plech,1,wien,1010 Wien,,,,,,,,
ERRA GmbH,1,wien,1090 Wien,,,,,,,,
Erste Group Immorent GmbH,1,wien,1100 Wien,https://www.karriere.at/f/erste-group-immorent,Erste Group Immorent GmbH,100.0,101,500,Anzahl der Mitarbeiter*innen 101 - 500,10,True
Essam Faltas,1,wien,1180 Wien,,,,,,,,
"Europe Holding Investing, Managing & Participating GmbH",1,wien,1230 Wien,https://www.karriere.at/f/vh-holding,VH Holding GmbH,82.4,,,,69,True
"Europe Plan Architects, Engineers & Experts GmbH",1,wien,1230 Wien,https://www.karriere.at/f/plan-gmbh,Plan & Co GmbH,100.0,1,10,Anzahl der Mitarbeiter*innen 1 - 10,13,True
"Europe Real Consulting, Developing & Marketing GmbH",1,wien,1230 Wien,https://www.karriere.at/f/johne-consulting-und-marketing,Johne Consulting und Marketing GmbH,88.9,,,,0,True
Eva Stiermayr,1,wien,1010 Wien,,,,,,,,
Ewald Roschka Gesellschaft m.b.H.,1,wien,1180 Wien,,,,,,,,
Ewalt Gerersdorfer,1,wien,1100 Wien,,,,,,,,
FABULARIS Immobilien Management GmbH,1,wien,1010 Wien,https://www.karriere.at/f/fabularis-immobilien-management,FABULARIS Immobilien Management GmbH,100.0,1,10,Anzahl der Mitarbeiter*innen 1 - 10,13,True
Faltl & Krisch Immobilienverwaltung OHG,1,wien,1080 Wien,https://www.karriere.at/f/iv-immobilienverwaltung,IV Immobilienverwaltung GmbH,93.0,11,30,Anzahl der Mitarbeiter*innen 11 - 30,13,True
Ferdinand Stubenvoll,1,wien,0664 3088940,https://www.karriere.at/f/ferdinand-menrad-co,Ferdinand Menrad GmbH + Co. KG,72.0,,,,59,False
FLE GmbH,1,wien,1010 Wien,https://www.karriere.at/f/fle,FLE GmbH,100.0,11,30,Anzahl der Mitarbeiter*innen 11 - 30,47,True
Fonds für temporäres Wohnen in Wien,1,wien,1030 Wien,https://www.karriere.at/f/fonds-fuer-temporaeres-wohnen-in-wien,Fonds für temporäres Wohnen in Wien,100.0,,,,14,True
Frag Minka Immobilienberatungs GmbH,1,wien,1010 Wien,,,,,,,,
Franz Capoun,1,wien,1180 Wien,https://www.karriere.at/f/franz-dax,Franz Dax GmbH,71.4,1,10,Anzahl der Mitarbeiter*innen 1 - 10,13,True
"Franz Chreiska, MA",1,wien,1090 Wien,https://www.karriere.at/f/franz-dax,Franz Dax GmbH,71.4,1,10,Anzahl der Mitarbeiter*innen 1 - 10,13,True
Franz Kramas Gebäudeverwaltung G.m.b.H.,1,wien,1090 Wien,https://www.karriere.at/f/geb%C3%A4udeverwaltung-kienzl,Gebäudeverwaltung Kienzl GmbH,82.9,1,10,Anzahl der Mitarbeiter*innen 1 - 10,13,True
Franz Paleczek,1,wien,1050 Wien,https://www.karriere.at/f/immobilienverwaltung-mag-alexander-paleczek,Immobilienverwaltung Mag. Alexander Paleczek,72.7,1,10,Anzahl der Mitarbeiter*innen 1 - 10,13,True
Franz ZORMANN Gesellschaft m.b.H.,1,wien,1020 Wien,https://www.karriere.at/f/franz-l%C3%B6schnig-gesellschaft,Franz Löschnig Gesellschaft m.b.H.,85.7,1,10,Anzahl der Mitarbeiter*innen 1 - 10,69,True
Freigassner & Amenda Immobilien- gesellschaft mbH,1,wien,1130 Wien,https://www.karriere.at/f/uk-immobilien,UK Immobilien GmbH,87.0,,,,0,True
Friedrich & Padelek Gesellschaft m.b.H.,1,wien,1010 Wien,https://www.karriere.at/f/friedrich-padelek,Friedrich & Padelek GmbH,100.0,11,30,Anzahl der Mitarbeiter*innen 11 - 30,13,True
Friedrich Beinhauer Gesellschaft m.b.H.,1,wien,1190 Wien,https://www.karriere.at/f/fritz-friedrich,Fritz Friedrich GesmbH,75.0,11,30,Anzahl der Mitarbeiter*innen 11 - 30,15,True
Futschik Immobilienverwalter und Immobilienmakler GmbH,1,wien,1020 Wien,https://www.karriere.at/f/vindobona-immobilienmakler,VINDOBONA Immobilienmakler GmbH,76.2,,,,0,True
FZI Real GmbH,1,wien,1130 Wien,https://www.karriere.at/f/sb-real,SB REAL GmbH,72.7,,,,1,True
"G-Unternehmensbeteiligung GmbH & Co,1190 Wien, Rampengasse 3-5, KG",1,wien,1010 Wien,,,,,,,,
Gabriela Margaretha Maria Paky,1,wien,1150 Wien,,,,,,,,
Gabriele Jatschka,1,wien,1020 Wien,https://www.karriere.at/f/gabriele-iazzetta,Gabriele Iazzetta GmbH,70.6,1,10,Anzahl der Mitarbeiter*innen 1 - 10,59,True
GARBE Industrial Real Estate Austria GmbH,1,wien,1010 Wien,https://www.karriere.at/f/mg-real-estate,MG Real Estate GmbH,88.0,1,10,Anzahl der Mitarbeiter*innen 1 - 10,13,True
Gass Immobilien GmbH,1,wien,1010 Wien,https://www.karriere.at/f/aps-immobilien,APS Immobilien GmbH,89.7,1,10,Anzahl der Mitarbeiter*innen 1 - 10,13,True
GASTROTEL Hilscher KG,1,wien,1180 Wien,,,,,,,,
GBM GebäudeBetriebsManagement GmbH,1,wien,1120 Wien,,,,,,,,
Gebrüder Riha Immobilienmanagement GmbH,1,wien,1010 Wien,https://www.karriere.at/f/zum-immobilienmanagement,ZUM Immobilienmanagement GmbH,90.9,11,30,Anzahl der Mitarbeiter*innen 11 - 30,13,True
Gebäudeverwaltung Karl und Gertrud Radunsky OHG.,1,wien,1190 Wien,https://www.karriere.at/f/geb%C3%A4udeverwaltung-kienzl,Gebäudeverwaltung Kienzl GmbH,82.9,1,10,Anzahl der Mitarbeiter*innen 1 - 10,13,True
Gebäudeverwaltung Karner KG,1,wien,1220 Wien,https://www.karriere.at/f/geb%C3%A4udeverwaltung-kienzl,Gebäudeverwaltung Kienzl GmbH,83.3,1,10,Anzahl der Mitarbeiter*innen 1 - 10,13,True
Gebäudeverwaltung Kurt Kreissl GmbH & Co KG,1,wien,1010 Wien,https://www.karriere.at/f/geb%C3%A4udeverwaltung-kurt-kreissl,GEBÄUDEVERWALTUNG KURT KREISSL GmbH & Co KG,100.0,,,,0,True
Gebäudeverwaltung Ruthner GmbH,1,wien,1180 Wien,https://www.karriere.at/f/geb%C3%A4udeverwaltung-kienzl,Gebäudeverwaltung Kienzl GmbH,82.9,1,10,Anzahl der Mitarbeiter*innen 1 - 10,13,True
Gebäudeverwaltung Winter & Regelsberger GmbH,1,wien,1190 Wien,https://www.karriere.at/f/geb%C3%A4udeverwaltung-kienzl,Gebäudeverwaltung Kienzl GmbH,82.9,1,10,Anzahl der Mitarbeiter*innen 1 - 10,13,True
Generali Real Estate S.p.A.,1,wien,1010 Wien,https://www.karriere.at/f/generali-real-estate-s-p-a-zweigniederlassung-%C3%B6sterreich,Generali Real Estate S.p.A. - Zweigniederlassung Österreich,100.0,11,30,Anzahl der Mitarbeiter*innen 11 - 30,13,True
"Georg Gasser, BA",1,wien,1130 Wien,https://www.karriere.at/f/gasser,Gasser GmbH,100.0,31,50,Anzahl der Mitarbeiter*innen 31 - 50,16,False
Georg Slawik,1,wien,1070 Wien,,,,,,,,
Georg Zielbauer OHG,1,wien,1070 Wien,https://www.karriere.at/f/dr-georg-feldbacher,Dr. Feldbacher Georg,68.4,1,10,Anzahl der Mitarbeiter*innen 1 - 10,47,True
Gerersdorfer Immobilien KG,1,wien,1020 Wien,https://www.karriere.at/f/uk-immobilien,UK Immobilien GmbH,87.0,,,,0,True
GERHARD KAGER Gesellschaft mbH,1,wien,1190 Wien,https://www.karriere.at/f/kager-gerhard,GERHARD KAGER Gesellschaft mbH,100.0,1,10,Anzahl der Mitarbeiter*innen 1 - 10,10,True
Gerhard Rumplik,1,wien,1030 Wien,https://www.karriere.at/f/gerhard-rauch,Gerhard Rauch Gesellschaft m.b.H.,63.6,,,,4,True
Gerhard Salomon,1,wien,1210 Wien,https://www.karriere.at/f/salomon-sas,Salomon SAS,77.8,501,2500,Anzahl der Mitarbeiter*innen 501 - 2500,23,True
Gerlinde Reichl,1,wien,1100 Wien,https://www.karriere.at/f/gerlinde-schaller,Gerlinde Schaller,75.0,1,10,Anzahl der Mitarbeiter*innen 1 - 10,10,True
Gertraud Mörtl,1,wien,1220 Wien,,,,,,,,
Gertrud M. Grün Ges.m.b.H.,1,wien,1160 Wien,,,,,,,,
Gewerbepark Urstein Besitz GmbH & Co KG,1,wien,1010 Wien,,,,,,,,
GGJ Beteiligungs GmbH & Co Projekt Eins OG,1,wien,1010 Wien,https://www.karriere.at/f/shi-beteiligungs-gmbh,SHI Beteiligungs GmbH,85.7,,,,0,True
GILDA Handelsgesellschaft m.b.H.,1,wien,1080 Wien,https://www.karriere.at/f/rag-handelsgesellschaft,RAG Handelsgesellschaft m.b.H.,92.6,51,100,Anzahl der Mitarbeiter*innen 51 - 100,59,True
GJ-Beteiligungs GmbH,1,wien,1010 Wien,https://www.karriere.at/f/zellulosed%C3%A4mmstoffproduktion-cph-beteiligungs-gmbh-co-kg,Zellulosedämmstoffproduktion CPH Beteiligungs GmbH & Co KG,88.9,1,10,Anzahl der Mitarbeiter*innen 1 - 10,15,True
GJ-Beteiligungs GmbH & Co Projekt Fünf OG,1,wien,1010 Wien,https://www.karriere.at/f/shi-beteiligungs-gmbh,SHI Beteiligungs GmbH,85.7,,,,0,True
Greystar Austria GmbH,1,wien,1220 Wien,https://www.karriere.at/f/greystar-austria,Greystar Austria GmbH,100.0,1,10,Anzahl der Mitarbeiter*innen 1 - 10,13,True
Grundmann Immobilientreuhand e.U.,1,wien,0699 119 67 366,https://www.karriere.at/f/gmk-immobilientreuhand,GMK Immobilientreuhand GmbH,90.0,1,10,Anzahl der Mitarbeiter*innen 1 - 10,13,False
Gustav Petri & Co Immobilien-Treuhand Gesellschaft m.b.H.,1,wien,1010 Wien,https://www.karriere.at/f/%C3%B6bv-immobilien-gesellschaft,ÖBV - IMMOBILIEN Gesellschaft m.b.H.,93.5,1,10,Anzahl der Mitarbeiter*innen 1 - 10,13,True
Gutwerk Immobilien Treuhand GmbH,1,wien,1010 Wien,https://www.karriere.at/f/gutwerk-immobilien-treuhand,GUTWERK Immobilien Treuhand GmbH,100.0,11,30,Anzahl der Mitarbeiter*innen 11 - 30,13,True
Göttlicher Immobilienmanagement GmbH.,1,wien,1210 Wien,https://www.karriere.at/f/zum-immobilienmanagement,ZUM Immobilienmanagement GmbH,90.9,11,30,Anzahl der Mitarbeiter*innen 11 - 30,13,True
H&R Schmidt OG,1,wien,1170 Wien,https://www.karriere.at/f/schmidt-reuter-planung-f%C3%BCr-betriebs-und-geb%C3%A4udetechnik-gesellschaft,Schmidt Reuter Planung für Betriebs- und Gebäudetechnik Gesellschaft m.b.H.,92.9,11,30,Anzahl der Mitarbeiter*innen 11 - 30,13,True
H.u.W. Müller Immobilien GmbH.,1,wien,1010 Wien,https://www.karriere.at/f/uk-immobilien,UK Immobilien GmbH,87.0,,,,0,True
Habesohn GmbH,1,wien,1130 Wien,,,,,,,,
Hafen Wien GmbH,1,wien,1020 Wien,https://www.karriere.at/f/hafen-hamburg-marketing-ev-repr%C3%A4sentanz-wien,HAFEN HAMBURG MARKETING E.V. WIEN,100.0,1,10,Anzahl der Mitarbeiter*innen 1 - 10,153,True
HAIDACHER GMBH,1,wien,1050 Wien,,,,,,,,
Haidacher-Cyganek GmbH,1,wien,1030 Wien,,,,,,,,
Hakus Real Immobilienmakler Gesellschaft m.b.H.,1,wien,1090 Wien,https://www.karriere.at/f/vindobona-immobilienmakler,VINDOBONA Immobilienmakler GmbH,76.2,,,,0,True
Hammerl Immobilien Management GmbH,1,wien,1210 Wien,https://www.karriere.at/f/hammerl-immobilien-management,Hammerl Immobilien Management GmbH,100.0,1,10,Anzahl der Mitarbeiter*innen 1 - 10,13,True
Hannelore Mayr HausverwaltungsGmbH,1,wien,1080 Wien,,,,,,,,
Hannelore Wobrowsky,1,wien,1020 Wien,,,,,,,,
Hans Christian Rohazek,1,wien,1220 Wien,https://www.karriere.at/f/dr-mayer-christian-hans-j%C3%BCrgen-thomas,Dr. Mayer Christian Hans Jürgen Thomas,77.8,1,10,Anzahl der Mitarbeiter*innen 1 - 10,47,True
Harald Schippl Immobilien e.U.,1,wien,1010 Wien,https://www.karriere.at/f/uk-immobilien,UK Immobilien GmbH,87.0,,,,0,True
Hardegg Gebäudeverwaltung GmbH,1,wien,1010 Wien,https://www.karriere.at/f/geb%C3%A4udeverwaltung-kienzl,Gebäudeverwaltung Kienzl GmbH,82.9,1,10,Anzahl der Mitarbeiter*innen 1 - 10,13,True
Hauser Immobilienverwaltung Ilse und Günter Kleibner Gesellschaft m.b.H.,1,wien,1180 Wien,https://www.karriere.at/f/hauser-hauser-gmbh-kg,Hauser & Hauser GmbH & Co KG,100.0,1,10,Anzahl der Mitarbeiter*innen 1 - 10,13,True
Hausmann & Hausmann Gebäudeverwaltung GmbH,1,wien,1140 Wien,https://www.karriere.at/f/geb%C3%A4udeverwaltung-kienzl,Gebäudeverwaltung Kienzl GmbH,82.9,1,10,Anzahl der Mitarbeiter*innen 1 - 10,13,True
Hausverwaltung 4you GmbH,1,wien,1210 Wien,https://www.karriere.at/f/isw-hausverwaltung,ISW Hausverwaltung GmbH,87.5,1,10,Anzahl der Mitarbeiter*innen 1 - 10,13,True
Hausverwaltung Dr. Brandstetter GmbH,1,wien,1140 Wien,https://www.karriere.at/f/isw-hausverwaltung,ISW Hausverwaltung GmbH,87.5,1,10,Anzahl der Mitarbeiter*innen 1 - 10,13,True
Hausverwaltung Dr. TÜRR GmbH,1,wien,1120 Wien,https://www.karriere.at/f/isw-hausverwaltung,ISW Hausverwaltung GmbH,87.5,1,10,Anzahl der Mitarbeiter*innen 1 - 10,13,True
Hausverwaltung Krause & Co KG,1,wien,0664 915 89 44,https://www.karriere.at/f/isw-hausverwaltung,ISW Hausverwaltung GmbH,87.5,1,10,Anzahl der Mitarbeiter*innen 1 - 10,13,False
Hausverwaltung Lusser KG,2,wien,1060 Wien,https://www.karriere.at/f/isw-hausverwaltung,ISW Hausverwaltung GmbH,87.5,1,10,Anzahl der Mitarbeiter*innen 1 - 10,13,True
Hausverwaltung Obermeier GmbH,1,wien,1210 Wien,https://www.karriere.at/f/hausverwaltung-obermeier,Hausverwaltung Obermeier GmbH,100.0,1,10,Anzahl der Mitarbeiter*innen 1 - 10,13,True
Hausverwaltung Rosam GmbH,1,wien,1090 Wien,https://www.karriere.at/f/isw-hausverwaltung,ISW Hausverwaltung GmbH,87.5,1,10,Anzahl der Mitarbeiter*innen 1 - 10,13,True
Hausverwaltung Wohnungs- und Geschäftsvermittlung Dipl.-Ing. Indrak Inh. Erika Rathmann e.U.,1,wien,1180 Wien,https://www.karriere.at/f/isw-hausverwaltung,ISW Hausverwaltung GmbH,87.5,1,10,Anzahl der Mitarbeiter*innen 1 - 10,13,True
Hauswirth Immobilienverwaltung GmbH,1,wien,1190 Wien,https://www.karriere.at/f/hauswirth-immobilienverwaltung-wien,Hauswirth Immobilienverwaltung GmbH,100.0,1,10,Anzahl der Mitarbeiter*innen 1 - 10,13,True
Hawlisch & Partner Immobilientreuhand GmbH,1,wien,1140 Wien,https://www.karriere.at/f/s-a-immobilientreuhand,S&A Immobilientreuhand GmbH,91.7,1,10,Anzahl der Mitarbeiter*innen 1 - 10,13,True
Hedwig Böhm,1,wien,1060 Wien,,,,,,,,
"Heidi Rannegger, Immobilienverwaltungsges.m.b.H.",1,wien,1190 Wien,,,,,,,,
Helmut Schak,1,wien,1070 Wien,https://www.karriere.at/f/goll-helmut,Goll Helmut GmbH,70.6,31,50,Anzahl der Mitarbeiter*innen 31 - 50,59,True
HENES Immobilien e.U.,1,wien,1140 Wien,https://www.karriere.at/f/uk-immobilien,UK Immobilien GmbH,87.0,,,,0,True
Herakles Immobilien GmbH,1,wien,1040 Wien,https://www.karriere.at/f/uk-immobilien,UK Immobilien GmbH,87.0,,,,0,True
Herbert Pelz,1,wien,0650 529 59 71,https://www.karriere.at/f/herbert-sch%C3%B6ppl-gmbh-kg,Herbert Schöppl GmbH & Co KG,73.7,11,30,Anzahl der Mitarbeiter*innen 11 - 30,2,False
Herbert Windbichler Ges.m.b.H.,1,wien,1190 Wien,,,,,,,,
HEROS Hausverwaltung e.U.,1,wien,1040 Wien,https://www.karriere.at/f/isw-hausverwaltung,ISW Hausverwaltung GmbH,87.5,1,10,Anzahl der Mitarbeiter*innen 1 - 10,13,True
HIH Invest Real Estate Austria GmbH,1,wien,1020 Wien,https://www.karriere.at/f/warburg-hih-invest-real-estate-austria,Warburg-HIH Invest Real Estate Austria GmbH,100.0,,,,13,True
Hildegard Antoni-Kahrer,1,wien,1210 Wien,,,,,,,,
Hofhans Immobilienmanagement GmbH,1,wien,1080 Wien,https://www.karriere.at/f/zum-immobilienmanagement,ZUM Immobilienmanagement GmbH,90.9,11,30,Anzahl der Mitarbeiter*innen 11 - 30,13,True
Holle & Partner Immobilien GmbH,1,wien,1100 Wien,https://www.karriere.at/f/holle-partner-immobilien,Holle & Partner Immobilien GmbH,100.0,1,10,Anzahl der Mitarbeiter*innen 1 - 10,13,True
Homebase ImmobilienverwaltungsGmbH,1,wien,1030 Wien,https://www.karriere.at/f/homebase-immobilienverwaltungs-gmbh,Homebase Immobilienverwaltungs GmbH,93.8,1,10,Anzahl der Mitarbeiter*innen 1 - 10,13,True
Homevote Labs GmbH,1,wien,1020 Wien,,,,,,,,
Hubert Freimüller,1,wien,1020 Wien,,,,,,,,
huma eleven Shopping Center GmbH,1,wien,1110 Wien,https://www.karriere.at/f/huma-eleven-shopping-center,huma eleven Shopping Center GmbH,100.0,1,10,Anzahl der Mitarbeiter*innen 1 - 10,14,True
HV 24 Hausverwaltungs GmbH,1,wien,1090 Wien,https://www.karriere.at/f/hv-24-hausverwaltungs-gmbh,HV 24 Hausverwaltungs GmbH,100.0,1,10,Anzahl der Mitarbeiter*innen 1 - 10,13,True
HV Grundwert Immobilien GmbH,1,wien,1220 Wien,https://www.karriere.at/f/uk-immobilien,UK Immobilien GmbH,87.0,,,,0,True
HV Pigel GmbH,1,wien,1070 Wien,,,,,,,,
Häuseradministration Dipl.Ing. Otto Vest-Rusan e.U.,1,wien,1010 Wien,https://www.karriere.at/f/dipl-ing-k-dietzel,Dipl.-Ing. K. Dietzel GmbH,61.5,1,10,Anzahl der Mitarbeiter*innen 1 - 10,23,True
Häuseradministration Dipl.Ing. Otto VEST-rusan GmbH,1,wien,1010 Wien,https://www.karriere.at/f/dipl-ing-k-dietzel,Dipl.-Ing. K. Dietzel GmbH,61.5,1,10,Anzahl der Mitarbeiter*innen 1 - 10,23,True
HÜBL & PARTNER Immobilien GmbH,1,wien,0676 338 55 20,https://www.karriere.at/f/h%C3%BCbl-partner-immobilien,HÜBL & PARTNER Immobilien GmbH,100.0,1,10,Anzahl der Mitarbeiter*innen 1 - 10,13,False
IBV-Beteiligungs- und Immobilien Verwaltungsgesellschaft m.b.H.,1,wien,1070 Wien,https://www.karriere.at/f/uk-immobilien,UK Immobilien GmbH,87.0,,,,0,True
IC-HAUSVERWALTUNG GmbH,1,wien,1070 Wien,https://www.karriere.at/f/isw-hausverwaltung,ISW Hausverwaltung GmbH,91.4,1,10,Anzahl der Mitarbeiter*innen 1 - 10,13,True
IG Immobilien Management GmbH,1,wien,1020 Wien,https://www.karriere.at/f/ig-immobilien-management,IG Immobilien Management GmbH,100.0,51,100,Anzahl der Mitarbeiter*innen 51 - 100,13,True
IGM Immobilienverwaltung GmbH,1,wien,1030 Wien,https://www.karriere.at/f/iv-immobilienverwaltung,IV Immobilienverwaltung GmbH,93.6,11,30,Anzahl der Mitarbeiter*innen 11 - 30,13,True
IKS Immobilienverwaltung Mag. Susanne Kronforst e.U.,1,wien,1030 Wien,https://www.karriere.at/f/iv-immobilienverwaltung,IV Immobilienverwaltung GmbH,93.0,11,30,Anzahl der Mitarbeiter*innen 11 - 30,13,True
Immo 23 Immobilienentwicklung GmbH,1,wien,1010 Wien,https://www.karriere.at/f/technologiezentren-und-immobilienentwicklung-burgenland,Technologiezentren und Immobilienentwicklung Burgenland GmbH,84.0,11,30,Anzahl der Mitarbeiter*innen 11 - 30,2,True
immo advalue e.U.,1,wien,1190 Wien,https://www.karriere.at/f/ve-immo,VE Immo GmbH,72.7,1,10,Anzahl der Mitarbeiter*innen 1 - 10,13,True
Immo68 Consulting GmbH,1,wien,1200 Wien,https://www.karriere.at/f/wr-consulting,WR Consulting GmbH,87.0,1,10,Anzahl der Mitarbeiter*innen 1 - 10,5,True
Immobilias Realitäten e.U.,2,wien,1220 Wien,https://www.karriere.at/f/dk-realit%C3%A4ten,DK Realitäten GmbH,87.0,1,10,Anzahl der Mitarbeiter*innen 1 - 10,13,True
Immobilien Bremer KG,1,wien,1060 Wien,https://www.karriere.at/f/brehm-immobilien,Brehm Immobilien GmbH,90.9,1,10,Anzahl der Mitarbeiter*innen 1 - 10,13,True
Immobilien Investitionen Liegenschaftsverwaltungsgesellschaft m.b.H.,1,wien,1030 Wien,https://www.karriere.at/f/uk-immobilien,UK Immobilien GmbH,87.0,,,,0,True
Immobilien Treuhandschaft Padelek & Padelek GmbH,1,wien,1030 Wien,https://www.karriere.at/f/uk-immobilien,UK Immobilien GmbH,87.0,,,,0,True
Immobilien Weichinger Ges.m.b.H.,1,wien,1160 Wien,https://www.karriere.at/f/immobilien-weichinger,Immobilien Weichinger GmbH,100.0,1,10,Anzahl der Mitarbeiter*innen 1 - 10,13,True
Immobilien-Commerz Gesellschaft m.b.H.,1,wien,1130 Wien,https://www.karriere.at/f/immobilien-commerz,Immobilien Commerz GesmbH,100.0,1,10,Anzahl der Mitarbeiter*innen 1 - 10,10,True
Immobilienbüro Dr. Franz Fitzka GmbH,1,wien,1190 Wien,https://www.karriere.at/f/dr-franz-terp,Dr. Franz Terp,76.2,1,10,Anzahl der Mitarbeiter*innen 1 - 10,47,True
Immobilienkanzlei Dr. Weichselbaumer GmbH,1,wien,1080 Wien,https://www.karriere.at/f/weichselbaumer,Weichselbaumer GmbH,100.0,51,100,Anzahl der Mitarbeiter*innen 51 - 100,13,True
Immobilienkanzlei Klaus Hanousek GmbH,1,wien,1130 Wien,https://www.karriere.at/f/immobilienkanzlei-klaus-hanousek,Immobilienkanzlei Klaus Hanousek GmbH,100.0,1,10,Anzahl der Mitarbeiter*innen 1 - 10,13,True
Immobilienkanzlei Mag. Wolf-Dietrich Schneeweiss e.U.,1,wien,1010 Wien,https://www.karriere.at/f/immobilienkanzlei-mag-wolf-dietrich-schneeweiss,Immobilienkanzlei Mag. Wolf-Dietrich Schneeweiss,100.0,31,50,Anzahl der Mitarbeiter*innen 31 - 50,10,True
Immobilienkanzlei Vrtala Gesellschaft m.b.H.,1,wien,1210 Wien,https://www.karriere.at/f/immobilienkanzlei-klaus-hanousek,Immobilienkanzlei Klaus Hanousek GmbH,69.4,1,10,Anzahl der Mitarbeiter*innen 1 - 10,13,True
Immobilienmanagement Wondrak GmbH,1,wien,1010 Wien,https://www.karriere.at/f/immobilienmanagement-wondrak,Immobilienmanagement Wondrak GmbH,100.0,1,10,Anzahl der Mitarbeiter*innen 1 - 10,13,True
Immobilienservice Diendorfer e.U.,1,wien,1220 Wien,https://www.karriere.at/f/p17-immobilienservice,P17 Immobilienservice GmbH,89.5,,,,0,True
Immobilientreuhand Baum GmbH,1,wien,1170 Wien,https://www.karriere.at/f/gmk-immobilientreuhand,GMK Immobilientreuhand GmbH,90.0,1,10,Anzahl der Mitarbeiter*innen 1 - 10,13,True
Immobilientreuhand Kluger GmbH,1,wien,1040 Wien,https://www.karriere.at/f/immobilientreuhand-kluger,Immobilientreuhand Kluger GmbH,100.0,11,30,Anzahl der Mitarbeiter*innen 11 - 30,13,True
Immobilienverwaltung Barilich GmbH,1,wien,1050 Wien,https://www.karriere.at/f/iv-immobilienverwaltung,IV Immobilienverwaltung GmbH,93.0,11,30,Anzahl der Mitarbeiter*innen 11 - 30,13,True
Immobilienverwaltung Josef Novak,1,wien,1160 Wien,https://www.karriere.at/f/iv-immobilienverwaltung,IV Immobilienverwaltung GmbH,93.0,11,30,Anzahl der Mitarbeiter*innen 11 - 30,13,True
Immobilienverwaltung Kleindienst & Rath GmbH,1,wien,1030 Wien,https://www.karriere.at/f/iv-immobilienverwaltung,IV Immobilienverwaltung GmbH,93.0,11,30,Anzahl der Mitarbeiter*innen 11 - 30,13,True
Immobilienverwaltung Mag. Alois Rosenberger GmbH,1,wien,1090 Wien,https://www.karriere.at/f/iv-immobilienverwaltung,IV Immobilienverwaltung GmbH,93.0,11,30,Anzahl der Mitarbeiter*innen 11 - 30,13,True
Immobilienverwaltung Mag. Christian Krenauer Ges.m.b.H.,1,wien,1060 Wien,https://www.karriere.at/f/immobilienverwaltung-mag-christian-krenauer,Immobilienverwaltung Mag. Christian Krenauer Ges.m.b.H.,100.0,1,10,Anzahl der Mitarbeiter*innen 1 - 10,13,True
"Immobilienverwaltung Margarete Kaps, Alleininhaber Stefan Sztatecsny e.U.",1,wien,1090 Wien,https://www.karriere.at/f/iv-immobilienverwaltung,IV Immobilienverwaltung GmbH,93.0,11,30,Anzahl der Mitarbeiter*innen 11 - 30,13,True
ImmoFlott KG,1,wien,1060 Wien,,,,,,,,
IMMOGARANT GEBÄUDEMANAGEMENT Gesellschaft m.b.H.,1,wien,1020 Wien,https://www.karriere.at/f/boe-geb%C3%A4udemanagement,BOE Gebäudemanagement Gesellschaft m.b.H.,94.7,101,500,Anzahl der Mitarbeiter*innen 101 - 500,13,True
ImmoOffice GmbH,1,wien,1010 Wien,,,,,,,,
IMMOSYS Immobilien GesmbH,1,wien,1100 Wien,https://www.karriere.at/f/uk-immobilien,UK Immobilien GmbH,87.0,,,,0,True
Immovision Immobilienverwaltung Ges.m.b.H.,1,wien,0676 535 53 53,https://www.karriere.at/f/iv-immobilienverwaltung,IV Immobilienverwaltung GmbH,93.0,11,30,Anzahl der Mitarbeiter*innen 11 - 30,13,False
ImmoW16 GmbH,1,wien,1010 Wien,https://www.karriere.at/f/immow16,ImmoW16 GmbH,100.0,1,10,Anzahl der Mitarbeiter*innen 1 - 10,13,True
Ing. Andreas Alfred Wollein,1,wien,1130 Wien,https://www.karriere.at/f/realpartners-ing-andreas-wollein,Realpartners Ing. Andreas Wollein,84.4,1,10,Anzahl der Mitarbeiter*innen 1 - 10,13,True
Ing. Mag. (FH) Markus Georg Alexander Maria Wanderer,1,wien,1100 Wien,https://www.karriere.at/f/auer-alexander,Auer Alexander,78.3,1,10,Anzahl der Mitarbeiter*innen 1 - 10,13,True
Ing. Markus Bodzenta,1,wien,1190 Wien,,,,,,,,
Ing. Markus Lumbe,1,wien,1040 Wien,,,,,,,,
Ingeborg Fischer Immobilienverwaltung GmbH,1,wien,1070 Wien,https://www.karriere.at/f/iv-immobilienverwaltung,IV Immobilienverwaltung GmbH,93.0,11,30,Anzahl der Mitarbeiter*innen 11 - 30,13,True
InnerCity Immobilienmanagement GmbH,1,wien,1030 Wien,https://www.karriere.at/f/innercity-immobilienmanagement,InnerCity Immobilienmanagement GmbH,100.0,1,10,Anzahl der Mitarbeiter*innen 1 - 10,13,True
International Campus Austria GmbH,1,wien,1190 Wien,https://www.karriere.at/f/international-campus-austria,International Campus Austria GmbH,100.0,101,500,Anzahl der Mitarbeiter*innen 101 - 500,13,True
Invest Immobilien Vermittlungs- und Verwaltungs GesmbH.,1,wien,1010 Wien,https://www.karriere.at/f/ctp-invest-immobilien,CTP Invest Immobilien GmbH,89.5,1,10,Anzahl der Mitarbeiter*innen 1 - 10,13,True
Irving Freund KG,1,wien,1020 Wien,,,,,,,,
Isabella Klee,1,wien,1090 Wien,,,,,,,,
ISG Immoservice GmbH,1,wien,1150 Wien,,,,,,,,
ista Österreich GmbH,1,wien,1030 Wien,https://www.karriere.at/f/ista-%C3%B6sterreich,ista Österreich GmbH,100.0,,,,2,True
ITHV Immobilienverwaltung GmbH,1,wien,1030 Wien,https://www.karriere.at/f/iv-immobilienverwaltung,IV Immobilienverwaltung GmbH,95.8,11,30,Anzahl der Mitarbeiter*innen 11 - 30,13,True
ITV-Realitäten Gesellschaft m.b.H.,1,wien,1090 Wien,https://www.karriere.at/f/woge-realit%C3%A4ten,Woge Realitäten Gesellschaft m.b.H.,93.5,11,30,Anzahl der Mitarbeiter*innen 11 - 30,13,True
IV Zoder GmbH,1,wien,1070 Wien,,,,,,,,
IVAM Immobilien Verwaltung & Asset Management GmbH,1,wien,1100 Wien,https://www.karriere.at/f/ig-immobilien-management,IG Immobilien Management GmbH,93.3,51,100,Anzahl der Mitarbeiter*innen 51 - 100,13,True
IWE Immobilien Wert Entwicklung GmbH,1,wien,1130 Wien,https://www.karriere.at/f/uk-immobilien,UK Immobilien GmbH,87.0,,,,0,True
J. u. E. Wild Immobilientreuhänder GmbH,1,wien,1030 Wien,https://www.karriere.at/f/wild,Wild GmbH,100.0,101,500,Anzahl der Mitarbeiter*innen 101 - 500,44,True
Jacqueline Weißborn,2,wien,1010 Wien | 1210 Wien,,,,,,,,
JAJ Immobiliendienstleistungen OG & Co KG,1,wien,1010 Wien,,,,,,,,
Jakob Immobilienberatungs GmbH,1,wien,1030 Wien,,,,,,,,
Jennifer Zechmeister,1,wien,1070 Wien,,,,,,,,
Johann Buzanich Gesellschaft m.b.H.,1,wien,1010 Wien,https://www.karriere.at/f/johann-neum%C3%BCller-gesellschaft,Johann Neumüller Gesellschaft m.b.H.,84.7,101,500,Anzahl der Mitarbeiter*innen 101 - 500,59,True
"Jonas Maximilian Balleisen, MA",1,wien,1150 Wien,https://www.karriere.at/f/maximilian-wolf,Maximilian Wolf GmbH,80.0,1,10,Anzahl der Mitarbeiter*innen 1 - 10,13,True
Jones Lang LaSalle GmbH,1,wien,1100 Wien,,,,,,,,
Josef Devich,1,wien,1140 Wien,,,,,,,,
Josef Rohr Gebäudeverwaltung GmbH,1,wien,1030 Wien,https://www.karriere.at/f/geb%C3%A4udeverwaltung-josef-rohr,Gebäudeverwaltung Josef Rohr GmbH,100.0,1,10,Anzahl der Mitarbeiter*innen 1 - 10,10,True
JSL Immobilien e.U.,1,wien,1010 Wien,https://www.karriere.at/f/uk-immobilien,UK Immobilien GmbH,87.0,,,,0,True
Jutta Tauber,1,wien,1020 Wien,,,,,,,,
Kager-Knapp Immobilien GmbH,1,wien,1030 Wien,https://www.karriere.at/f/uk-immobilien,UK Immobilien GmbH,87.0,,,,0,True
KAPS Immobilientreuhand GmbH,1,wien,1090 Wien,https://www.karriere.at/f/gmk-immobilientreuhand,GMK Immobilientreuhand GmbH,90.0,1,10,Anzahl der Mitarbeiter*innen 1 - 10,13,True
Karall Immobilien GmbH,1,wien,0043 1 602 19 97,https://www.karriere.at/f/k%C3%B6ll-immobilien,KÖLL Immobilien GmbH,87.5,1,10,Anzahl der Mitarbeiter*innen 1 - 10,13,False
Karin Reitbauer,1,wien,1080 Wien,https://www.karriere.at/f/karin-leitm%C3%BCller,Karin Leitmüller KG,77.4,1,10,Anzahl der Mitarbeiter*innen 1 - 10,10,True
Karl Johann Vielgrader,1,wien,1050 Wien,,,,,,,,
Karos Immobilientreuhand GmbH. & Co. KG,1,wien,1040 Wien,https://www.karriere.at/f/s-a-immobilientreuhand,S&A Immobilientreuhand GmbH,92.6,1,10,Anzahl der Mitarbeiter*innen 1 - 10,13,True
Kaswurm Immobilien & Wohnbau GmbH,1,wien,1060 Wien,https://www.karriere.at/f/uk-immobilien,UK Immobilien GmbH,87.0,,,,0,True
KEB Immobilienverwaltung GmbH,1,wien,1030 Wien,https://www.karriere.at/f/iv-immobilienverwaltung,IV Immobilienverwaltung GmbH,93.0,11,30,Anzahl der Mitarbeiter*innen 11 - 30,13,True
KGAL Asset Management Österreich GmbH,1,wien,1200 Wien,https://www.karriere.at/f/24-asset-management,24 Asset Management GmbH,91.4,1,10,Anzahl der Mitarbeiter*innen 1 - 10,13,True
KIBB Immobilien GmbH,1,wien,1020 Wien,https://www.karriere.at/f/kibb-immobilien,KIBB Immobilien GmbH,100.0,11,30,Anzahl der Mitarbeiter*innen 11 - 30,13,True
KIESLING & PARTNER KG,1,wien,1230 Wien,https://www.karriere.at/f/maj-partner,Maj & Partner KG,84.6,1,10,Anzahl der Mitarbeiter*innen 1 - 10,18,True
Kirnig Immobilien Consulting & Verwaltung e.U.,1,wien,0664 340 42 63,https://www.karriere.at/f/4m-immobilien-consulting-co,4M Immobilien&Consulting GmbH & CO KG,94.3,1,10,Anzahl der Mitarbeiter*innen 1 - 10,13,False
KLHB Immobilien e.U.,1,wien,1220 Wien,https://www.karriere.at/f/uk-immobilien,UK Immobilien GmbH,87.0,,,,0,True
KLINGER Immobilien GmbH,1,wien,1060 Wien,https://www.karriere.at/f/erlinger-immobilien,Erlinger Immobilien GmbH,91.9,1,10,Anzahl der Mitarbeiter*innen 1 - 10,13,True
Komm.Rat Prof. Hans P. Wertitsch Immobilien- und Vermögenstreuhand GmbH,1,wien,1040 Wien,https://www.karriere.at/f/komm-rat-prof-hans-p-wertitsch-immobilien-und-verm%C3%B6genstreuhand,Komm. Rat Prof. Hans P. Wertitsch Immobilien- und Ver­mö­gen­streu­hand GmbH,100.0,11,30,Anzahl der Mitarbeiter*innen 11 - 30,10,True
KR Prof. Alfons Herbert Adolf Maria Metzger,1,wien,1060 Wien,,,,,,,,
KR Walter Baumgartner Immobilien GmbH,1,wien,1030 Wien,https://www.karriere.at/f/walter,Walter GmbH,100.0,1,10,Anzahl der Mitarbeiter*innen 1 - 10,23,True
Krause Immobilien und IT GmbH,1,wien,1020 Wien,https://www.karriere.at/f/uk-immobilien,UK Immobilien GmbH,87.0,,,,0,True
Krauß & Co GmbH,1,wien,1010 Wien,,,,,,,,
KREFINA Immobilien GmbH,1,wien,1150 Wien,https://www.karriere.at/f/uk-immobilien,UK Immobilien GmbH,87.0,,,,0,True
Kren Immobilien G.m.b.H.,1,wien,1140 Wien,https://www.karriere.at/f/uk-immobilien,UK Immobilien GmbH,87.0,,,,0,True
KRENAUER & SODOMA Immobilienverwaltung GmbH,1,wien,1060 Wien,https://www.karriere.at/f/iv-immobilienverwaltung,IV Immobilienverwaltung GmbH,93.0,11,30,Anzahl der Mitarbeiter*innen 11 - 30,13,True
KROCON Asset Management GmbH,1,wien,1010 Wien,https://www.karriere.at/f/krocon-assetmanagement,KROCON Asset Management GmbH,100.0,1,10,Anzahl der Mitarbeiter*innen 1 - 10,13,True
Kronberger Immobilienverwaltung GmbH,1,wien,1020 Wien,https://www.karriere.at/f/iv-immobilienverwaltung,IV Immobilienverwaltung GmbH,93.0,11,30,Anzahl der Mitarbeiter*innen 11 - 30,13,True
Kubu Immobilien e.U.,1,wien,1060 Wien,https://www.karriere.at/f/uk-immobilien,UK Immobilien GmbH,87.0,,,,0,True
"Leander Kiridus, BSc, MA",1,wien,1160 Wien,,,,,,,,
Leitner Real Immobilientreuhand Gesellschaft m.b.H.,1,wien,1030 Wien,https://www.karriere.at/f/leitner,Leitner GmbH,100.0,101,500,Anzahl der Mitarbeiter*innen 101 - 500,16,True
LENIKUS Verwaltungs GmbH,1,wien,1010 Wien,https://www.karriere.at/f/lenikus-verwaltungs-gmbh,LENIKUS Verwaltungs GmbH,100.0,1,10,Anzahl der Mitarbeiter*innen 1 - 10,13,True
LH3S Asset Management GmbH,1,wien,1110 Wien,https://www.karriere.at/f/24-asset-management,24 Asset Management GmbH,91.4,1,10,Anzahl der Mitarbeiter*innen 1 - 10,13,True
LIM-MANAGEMENT GmbH,1,wien,1080 Wien,https://www.karriere.at/f/lim-management-gmbh,LIM-MANAGEMENT GmbH,100.0,11,30,Anzahl der Mitarbeiter*innen 11 - 30,13,True
Lindner & Partner GmbH,1,wien,1150 Wien,https://www.karriere.at/f/lindner-partner,Lindner & Partner GmbH,100.0,1,10,Anzahl der Mitarbeiter*innen 1 - 10,10,True
Lintner OG,1,wien,1170 Wien,https://www.karriere.at/f/lintner-ronald,Lintner Ronald,100.0,1,10,Anzahl der Mitarbeiter*innen 1 - 10,5,True
lius property gmbh,1,wien,1020 Wien,https://www.karriere.at/f/vestwerk-property-partners,Vestwerk Property Partners GmbH,76.2,1,10,Anzahl der Mitarbeiter*innen 1 - 10,13,True
LMN-Estate GmbH,1,wien,1030 Wien,https://www.karriere.at/f/wtc-real-estate,WTC Real Estate GmbH,75.0,,,,13,True
Lorenz Karall,1,wien,1100 Wien,https://www.karriere.at/f/lorenz-marc,Arch. DI Marc Lorenz,63.2,1,10,Anzahl der Mitarbeiter*innen 1 - 10,13,True
LP Verwaltung GmbH,1,wien,1150 Wien,https://www.karriere.at/f/zbd-verwaltung,ZBD Verwaltung GmbH & Co KG,87.0,1,10,Anzahl der Mitarbeiter*innen 1 - 10,2,True
LSE Liegenschaftsstrukturentwicklungs GmbH,1,wien,1020 Wien,,,,,,,,
"Ludwig Hallas, Immobilienverwaltung Gesellschaft m.b.H.",1,wien,1070 Wien,https://www.karriere.at/f/ludwig-hallas-immobilienverwaltung,"Ludwig Hallas, Immobilienverwaltung Gesellschaft m.b.H.",100.0,11,30,Anzahl der Mitarbeiter*innen 11 - 30,13,True
Luf & Co. Gesellschaft m.b.H.,1,wien,1020 Wien,,,,,,,,
Lugner City GmbH,1,wien,1150 Wien,https://www.karriere.at/f/mia-gelateria-lugner-city,Mia Gelateria Lugner City,100.0,1,10,Anzahl der Mitarbeiter*innen 1 - 10,2,True
"Lukas Ludwig Adami, MSc",1,wien,1180 Wien,,,,,,,,
Lumya Living AT GmbH,1,wien,1070 Wien,https://www.karriere.at/f/living-inn,LIVING INN GmbH,75.0,1,10,Anzahl der Mitarbeiter*innen 1 - 10,69,True
M F Immobilien Consulting GmbH,1,wien,1210 Wien,https://www.karriere.at/f/h-f-immobilien-projektentwicklungs-consulting,H - F Immobilien-Projektentwicklungs- Consulting Ges.m.b.H.,100.0,1,10,Anzahl der Mitarbeiter*innen 1 - 10,13,True
Madela Immobilientreuhand GmbH,1,wien,1160 Wien,https://www.karriere.at/f/gmk-immobilientreuhand,GMK Immobilientreuhand GmbH,90.0,1,10,Anzahl der Mitarbeiter*innen 1 - 10,13,True
Mag. (FH) Alexander Edelhauser,1,wien,1060 Wien,https://www.karriere.at/f/auer-alexander,Auer Alexander,78.3,1,10,Anzahl der Mitarbeiter*innen 1 - 10,13,True
Mag. (FH) Jennifer Anna Müllner,1,wien,1170 Wien,,,,,,,,
Mag. (FH) Karin Ingrid Fommer-Aust,1,wien,1170 Wien,,,,,,,,
Mag. (FH) Markus Priwalow,1,wien,1180 Wien,https://www.karriere.at/f/mag-steffal-markus,"Mag. Markus Steffal, WP/StB",63.8,1,10,Anzahl der Mitarbeiter*innen 1 - 10,47,True
Mag. Alexander Oliver Grainer,1,wien,1170 Wien,https://www.karriere.at/f/auer-alexander,Auer Alexander,78.3,1,10,Anzahl der Mitarbeiter*innen 1 - 10,13,True
Mag. Alexander Paleczek,1,wien,1050 Wien,https://www.karriere.at/f/immobilienverwaltung-mag-alexander-paleczek,Immobilienverwaltung Mag. Alexander Paleczek,100.0,1,10,Anzahl der Mitarbeiter*innen 1 - 10,13,True
Mag. Alexandra Richling,1,wien,1130 Wien,,,,,,,,
Mag. Aline Sophie Anna Ehrenfried,1,wien,1180 Wien,https://www.karriere.at/f/dr-ute-ehrenfried,Dr. Ute Ehrenfried,74.1,1,10,Anzahl der Mitarbeiter*innen 1 - 10,10,True
Mag. Andreas Pommerening,1,wien,1090 Wien,https://www.karriere.at/f/andreas-auer,Andreas Auer GmbH,73.7,11,30,Anzahl der Mitarbeiter*innen 11 - 30,153,True
Mag. Angelika Filek,1,wien,1080 Wien,https://www.karriere.at/f/steuerberatung-mag-heinrich-angelika,Steuerberatung Mag Heinrich Angelika,80.0,1,10,Anzahl der Mitarbeiter*innen 1 - 10,47,True
Mag. Angelika Sabine Mayer,1,wien,1030 Wien,https://www.karriere.at/f/steuerberatung-mag-heinrich-angelika,Steuerberatung Mag Heinrich Angelika,64.9,1,10,Anzahl der Mitarbeiter*innen 1 - 10,47,True
Mag. Birgit Gabriele Wilhelm,1,wien,1180 Wien,https://www.karriere.at/f/mag-schlemaier-gabriele,Mag. Schlemaier Gabriele,68.6,1,10,Anzahl der Mitarbeiter*innen 1 - 10,13,True
Mag. Brigitta Claudia van Ommen,1,wien,1030 Wien,,,,,,,,
Mag. Corinna Margarete Gulder,1,wien,1100 Wien,,,,,,,,
Mag. Daniela und Harald Podobnig Immobilien Treuhand-Gesellschaft m.b.H.,1,wien,1140 Wien,https://www.karriere.at/f/%C3%B6bv-immobilien-gesellschaft,ÖBV - IMMOBILIEN Gesellschaft m.b.H.,93.5,1,10,Anzahl der Mitarbeiter*innen 1 - 10,13,True
Mag. Daniela Wachsmann,1,wien,1130 Wien,https://www.karriere.at/f/mag-iur-daniela-wachsmann,Immobilienverwaltung Mag. Daniela Wachsmann,100.0,,,,0,True
Mag. Dr. Claudia Houben,1,wien,1130 Wien,,,,,,,,
Mag. Dr. Felicitas Claudia Tuchmann,1,wien,1190 Wien,,,,,,,,
Mag. Dr. Johanna Arco,1,wien,1020 Wien,,,,,,,,
Mag. Dr. Kurt Denk,1,wien,1050 Wien,https://www.karriere.at/f/dr-denk-mag-ferdin-wirtschaftstreuhand-und-steuerberatung,Dr. Denk - Mag. Ferdin Wirtschaftstreuhand und Steuerberatung GmbH & Co KG,81.5,1,10,Anzahl der Mitarbeiter*innen 1 - 10,47,True
Mag. Dr. Markus Johannes Singer,1,wien,1010 Wien,https://www.karriere.at/f/mag-johannes-riha,Mag. Johannes Riha e.U.,72.7,1,10,Anzahl der Mitarbeiter*innen 1 - 10,59,True
Mag. Dr. Stefan Malainer,1,wien,1010 Wien,https://www.karriere.at/f/stefan,Stefan GmbH & Co KG,75.0,31,50,Anzahl der Mitarbeiter*innen 31 - 50,13,True
Mag. Edgar Müller,1,wien,1020 Wien,https://www.karriere.at/f/%C3%B6ffentlicher-notar-mag-edgar-sch%C3%BCssler,Öffentlicher Notar Mag. Edgar Schüssler,72.0,1,10,Anzahl der Mitarbeiter*innen 1 - 10,47,True
Mag. Elisabeth Dorschner,1,wien,1100 Wien,https://www.karriere.at/f/%C3%B6ffentliche-notarin-mag-elisabeth-redhammer-raab,NOTARIN RIED / Mag. Elisabeth Redhammer-Raab,72.2,,,,0,True
Mag. Elisabeth Hedwig Edtmayr,1,wien,1160 Wien,https://www.karriere.at/f/%C3%B6ffentliche-notarin-mag-elisabeth-redhammer-raab,NOTARIN RIED / Mag. Elisabeth Redhammer-Raab,63.4,,,,0,True
Mag. Elisabeth Kittl,1,wien,1200 Wien,https://www.karriere.at/f/%C3%B6ffentliche-notarin-mag-elisabeth-redhammer-raab,NOTARIN RIED / Mag. Elisabeth Redhammer-Raab,81.2,,,,0,True
Mag. Florian Strobl,1,wien,1140 Wien,https://www.karriere.at/f/notar-mag-florian-m%C3%BCller,Notar Mag. Florian Müller,75.9,1,10,Anzahl der Mitarbeiter*innen 1 - 10,47,True
Mag. Fünder Hausverwaltungs GmbH,1,wien,1130 Wien,https://www.karriere.at/f/hv-24-hausverwaltungs-gmbh,HV 24 Hausverwaltungs GmbH,83.3,1,10,Anzahl der Mitarbeiter*innen 1 - 10,13,True
Mag. Gabriele Hubacek,1,wien,1080 Wien,https://www.karriere.at/f/mag-schlemaier-gabriele,Mag. Schlemaier Gabriele,75.0,1,10,Anzahl der Mitarbeiter*innen 1 - 10,13,True
Mag. Gabriele Richter,1,wien,1020 Wien,https://www.karriere.at/f/mag-schlemaier-gabriele,Mag. Schlemaier Gabriele,79.1,1,10,Anzahl der Mitarbeiter*innen 1 - 10,13,True
Mag. Gerhard Leopoldine Marousek,1,wien,1030 Wien,https://www.karriere.at/f/ing-mag-dr-gerhard-schafelner,Ing. Mag. Dr. Gerhard Schafelner,60.0,1,10,Anzahl der Mitarbeiter*innen 1 - 10,47,True
Mag. Gregor Rozmyslowski,1,wien,1060 Wien,https://www.karriere.at/f/mag-gregor-glawischnig-rechtsanwalt,Mag. Gregor Glawischnig Rechtsanwalt,60.6,,,,47,True
Mag. Hemma Elisabeth Schmölz-Neuwirther,1,wien,1180 Wien,,,,,,,,
"Mag. Herwig Ringhofer, BA",1,wien,1020 Wien,,,,,,,,
Mag. Ilse Tötterström,1,wien,1030 Wien,,,,,,,,
Mag. Iris Schmatz,1,wien,1080 Wien,,,,,,,,
Mag. Klaus Baumgartner,1,wien,1130 Wien,https://www.karriere.at/f/raimund-baumgartner,Raimund Baumgartner GmbH,73.3,11,30,Anzahl der Mitarbeiter*innen 11 - 30,13,True
Mag. Manfred Grob,1,wien,1120 Wien,https://www.karriere.at/f/m%C3%BChr-manfred-mag-wirtschaftstreuh%C3%A4nder-steuerberater,Mühr Manfred Mag Wirtschaftstreuhänder - Steuerberater GmbH,81.5,1,10,Anzahl der Mitarbeiter*innen 1 - 10,47,True
Mag. Marie-Theres Scherbaum,1,wien,1130 Wien,,,,,,,,
Mag. Martin Oliva,1,wien,1210 Wien,https://www.karriere.at/f/notariatskanzlei-mag-martin-l%C3%BCftner,Notariatskanzlei Mag. Martin Lüftner,76.9,1,10,Anzahl der Mitarbeiter*innen 1 - 10,47,True
Mag. Martin Weislein,1,wien,1120 Wien,https://www.karriere.at/f/martin-auer,MARTIN AUER GmbH,70.6,501,2500,Anzahl der Mitarbeiter*innen 501 - 2500,2,True
Mag. Monika Maria Aurelia Beneš,1,wien,1180 Wien,,,,,,,,
Mag. Pfeifer Immobilien GmbH,1,wien,0664 1050393,https://www.karriere.at/f/uk-immobilien,UK Immobilien GmbH,87.0,,,,0,False
Mag. phil. Michael Zechmeister,1,wien,1070 Wien,https://www.karriere.at/f/mag-michael-ofenb%C3%B6ck,Mag. Michael Ofenböck,71.0,1,10,Anzahl der Mitarbeiter*innen 1 - 10,47,True
Mag. Rainer Plöb,1,wien,1020 Wien,https://www.karriere.at/f/summersberger-mag-rainer-u-walter-steuer-u-unternehmensberatungsgmbh,Summersberger Mag. Rainer u Walter Steuer- u UnternehmensberatungsgmbH,80.0,1,10,Anzahl der Mitarbeiter*innen 1 - 10,47,True
Mag. Regina Hammerl,1,wien,1220 Wien,,,,,,,,
Mag. Renate Seidler,1,wien,1040 Wien,https://www.karriere.at/f/wirtschaftstreuhand-kanzlei-mag-marihart-kretzschmar-renate,Wirtschaftstreuhand-Kanzlei Mag. Marihart-Kretzschmar Renate,71.4,1,10,Anzahl der Mitarbeiter*innen 1 - 10,47,True
Mag. rer. soc. oec. Heinrich Pretscher,1,wien,1190 Wien,https://www.karriere.at/f/heinrich-kipp,HEINRICH KIPP GMBH,76.2,1,10,Anzahl der Mitarbeiter*innen 1 - 10,15,True
Mag. Thomas Engelits,1,wien,1020 Wien,https://www.karriere.at/f/mag-thomas-scholik,Kanzlei Mag. (FH) Thomas Scholik,69.0,11,30,Anzahl der Mitarbeiter*innen 11 - 30,14,True
Mag. Thomas Frey,1,wien,1230 Wien,https://www.karriere.at/f/steuerberatungskanzlei-mag-thomas-gr%C3%BCnkranz,Steuerberatungskanzlei Mag. Thomas Grünkranz,80.0,1,10,Anzahl der Mitarbeiter*innen 1 - 10,47,True
Mag. Udo Weinberger Immobilien GmbH,1,wien,1090 Wien,https://www.karriere.at/f/uk-immobilien,UK Immobilien GmbH,87.0,,,,0,True
Magic Square Immobilien GmbH,1,wien,1010 Wien,https://www.karriere.at/f/uk-immobilien,UK Immobilien GmbH,87.0,,,,0,True
Maier&Ko Immobilienverwaltungs GmbH,1,wien,1150 Wien,https://www.karriere.at/f/maier,Maier GmbH,100.0,11,30,Anzahl der Mitarbeiter*innen 11 - 30,10,True
Malainer Immobilienverwaltungs GmbH,1,wien,1010 Wien,https://www.karriere.at/f/homebase-immobilienverwaltungs-gmbh,Homebase Immobilienverwaltungs GmbH,83.3,1,10,Anzahl der Mitarbeiter*innen 1 - 10,13,True
Mantler Immobilien KG,1,wien,1010 Wien,https://www.karriere.at/f/uk-immobilien,UK Immobilien GmbH,87.0,,,,0,True
Marian Zupa,1,wien,1230 Wien,,,,,,,,
Martin Reicher,1,wien,1100 Wien,https://www.karriere.at/f/reform-martin,Reform Martin GmbH,74.1,101,500,Anzahl der Mitarbeiter*innen 101 - 500,59,True
Martinuzzi Gesellschaft m.b.H.,1,wien,1120 Wien,,,,,,,,
MARUS OG,1,wien,1190 Wien,,,,,,,,
Maschke & Bayerl Gesellschaft m.b.H.,1,wien,1080 Wien,,,,,,,,
MATERNA Immobilienmanagement GmbH,1,wien,1010 Wien,https://www.karriere.at/f/zum-immobilienmanagement,ZUM Immobilienmanagement GmbH,90.9,11,30,Anzahl der Mitarbeiter*innen 11 - 30,13,True
Matthias Koffer GmbH,1,wien,1180 Wien,https://www.karriere.at/f/matthias-koffer,Matthias Koffer GmbH,100.0,1,10,Anzahl der Mitarbeiter*innen 1 - 10,13,True
MAUTNER MARKHOF Immobilienverwaltungsges.m.b.H.,1,wien,1090 Wien,https://www.karriere.at/f/mautner-markhof-feinkost,Mautner Markhof Feinkost GmbH,76.9,101,500,Anzahl der Mitarbeiter*innen 101 - 500,150,True
Meister & Pilgram HV GmbH,1,wien,1040 Wien,,,,,,,,
MERKURREAL GmbH & Co KG,1,wien,1060 Wien,https://www.karriere.at/f/merkurreal-gmbh-kg,MERKURREAL GmbH & Co KG,100.0,1,10,Anzahl der Mitarbeiter*innen 1 - 10,13,True
Merstallinger & Wachsmann OG,1,wien,1190 Wien,,,,,,,,
MGH Immobilientreuhand GmbH,1,wien,1130 Wien,https://www.karriere.at/f/gmk-immobilientreuhand,GMK Immobilientreuhand GmbH,90.9,1,10,Anzahl der Mitarbeiter*innen 1 - 10,13,True
Michael Chalupa Immobilienverwaltung GmbH,1,wien,1010 Wien,https://www.karriere.at/f/iv-immobilienverwaltung,IV Immobilienverwaltung GmbH,93.0,11,30,Anzahl der Mitarbeiter*innen 11 - 30,13,True
Michael Klinger Immobilien e.U.,1,wien,1060 Wien,https://www.karriere.at/f/uk-immobilien,UK Immobilien GmbH,87.0,,,,0,True
Michael Oberbauer,1,wien,1040 Wien,https://www.karriere.at/f/michael-mitterbacher,Michael Mitterbacher,75.7,11,30,Anzahl der Mitarbeiter*innen 11 - 30,2,True
Michael Resch Immobilienconsulting e.U.,1,wien,1190 Wien,,,,,,,,
Michael Scheichbrein Immobilienverwaltungsgesellschaft m.b.H.,1,wien,1080 Wien,https://www.karriere.at/f/scheichbrein-michael-immobilienverwaltungsgesmbh,Scheichbrein Michael ImmobilienverwaltungsgesmbH,85.2,1,10,Anzahl der Mitarbeiter*innen 1 - 10,10,True
Millennium City Betriebsges.m.b.H.,1,wien,1200 Wien,https://www.karriere.at/f/nieder%C3%B6sterreichische-tonk%C3%BCnstler-betriebsges-m-b-h,Niederösterreichische Tonkünstler Betriebsges.m.b.H.,68.0,31,50,Anzahl der Mitarbeiter*innen 31 - 50,9,True
Millennium Tower Verwaltungs- und Service-Ges.m.b.H.,1,wien,1200 Wien,https://www.karriere.at/f/lsu-verwaltungs-gmbh,LSU Verwaltungs GmbH,84.6,1,10,Anzahl der Mitarbeiter*innen 1 - 10,2,True
Mittelsmann Philipp Sulek GmbH,2,wien,1030 Wien | 1050 Wien,https://www.karriere.at/f/mittelsmann-philipp-sulek,Mittelsmann Philipp Sulek GmbH,100.0,1,10,Anzahl der Mitarbeiter*innen 1 - 10,13,True
MIVO Immobilienmanagement GmbH,1,wien,1030 Wien,https://www.karriere.at/f/mivo-immobilienmanagement,MIVO Immobilienmanagement e.U,100.0,1,10,Anzahl der Mitarbeiter*innen 1 - 10,13,True
"MMag. Elisabeth Marie-Thérèse Herberstein, Bakk, MAS",1,wien,1010 Wien,https://www.karriere.at/f/therese-m%C3%B6lk,Therese Mölk,73.7,101,500,Anzahl der Mitarbeiter*innen 101 - 500,59,True
MMB Real Estate 24/7 GmbH,1,wien,1010 Wien,https://www.karriere.at/f/mg-real-estate,MG Real Estate GmbH,88.0,1,10,Anzahl der Mitarbeiter*innen 1 - 10,13,True
Moeller-Real Realitätenvermittlungs- und Verwaltungsgesellschaft mit beschränkter Haftung,1,wien,1160 Wien,https://www.karriere.at/f/lebensr%C3%A4ume-bau-und-verwaltungsgesellschaft,Lebensräume Bau- und Verwaltungsgesellschaft mbH,77.1,1,10,Anzahl der Mitarbeiter*innen 1 - 10,13,True
MONREAL Immobilienmanagement GmbH,1,wien,1040 Wien,https://www.karriere.at/f/zum-immobilienmanagement,ZUM Immobilienmanagement GmbH,90.9,11,30,Anzahl der Mitarbeiter*innen 11 - 30,13,True
Morawitz Immobilien GmbH,1,wien,1070 Wien,https://www.karriere.at/f/uk-immobilien,UK Immobilien GmbH,87.0,,,,0,True
MSP Immobilientreuhänder GmbH,1,wien,1010 Wien,https://www.karriere.at/f/jt-immobilientreuh%C3%A4nder,JT Immobilientreuhänder GmbH,93.0,1,10,Anzahl der Mitarbeiter*innen 1 - 10,13,True
MSP Markus Management GmbH,1,wien,1010 Wien,https://www.karriere.at/f/rk-management,rk-management GmbH,87.0,1,10,Anzahl der Mitarbeiter*innen 1 - 10,10,True
Multi Property GmbH,1,wien,1050 Wien,https://www.karriere.at/f/vestwerk-property-partners,Vestwerk Property Partners GmbH,72.7,1,10,Anzahl der Mitarbeiter*innen 1 - 10,13,True
N2 Immobilienverwaltung GmbH,1,wien,1030 Wien,https://www.karriere.at/f/zentreal-immobilienverwaltung,Zentreal Immobilienverwaltung GmbH,93.0,11,30,Anzahl der Mitarbeiter*innen 11 - 30,13,True
Nagy Immobilien GmbH,1,wien,1040 Wien,https://www.karriere.at/f/uk-immobilien,UK Immobilien GmbH,87.0,,,,0,True
NAYA Immobilienverwaltung GmbH,1,wien,1020 Wien,https://www.karriere.at/f/iv-immobilienverwaltung,IV Immobilienverwaltung GmbH,93.0,11,30,Anzahl der Mitarbeiter*innen 11 - 30,13,True
NEUBAU Projekt Management Ges.m.b.H.,1,wien,1180 Wien,https://www.karriere.at/f/rk-management,rk-management GmbH,87.0,1,10,Anzahl der Mitarbeiter*innen 1 - 10,10,True
Nexuz Immobilien GmbH,1,wien,1180 Wien,https://www.karriere.at/f/next-immobilien,NEXT Immobilien GmbH,90.3,,,,0,True
Nicola Fischer Immobilienverwaltung GmbH,1,wien,1080 Wien,https://www.karriere.at/f/iv-immobilienverwaltung,IV Immobilienverwaltung GmbH,93.0,11,30,Anzahl der Mitarbeiter*innen 11 - 30,13,True
Nicolette Bründl e.U.,1,wien,1230 Wien,,,,,,,,
NNC Freizeitpark BetriebsgmbH,1,wien,1230 Wien,https://www.karriere.at/f/nnc-freizeitpark-betriebs-gmbh,NNC - Freizeitpark Betriebs GmbH,92.6,1,10,Anzahl der Mitarbeiter*innen 1 - 10,13,True
NPI Immo Invest & Verwaltung GmbH,1,wien,1060 Wien,https://www.karriere.at/f/awz-immo-invest,AWZ Immo-Invest GmbH & Co KG,88.2,1,10,Anzahl der Mitarbeiter*innen 1 - 10,13,True
NSC Immobilien Holding GmbH,1,wien,1190 Wien,https://www.karriere.at/f/uk-immobilien,UK Immobilien GmbH,87.0,,,,0,True
NTH Immobilienmanagement GmbH,1,wien,1100 Wien,https://www.karriere.at/f/zum-immobilienmanagement,ZUM Immobilienmanagement GmbH,90.9,11,30,Anzahl der Mitarbeiter*innen 11 - 30,13,True
Nuveen Management Austria GmbH,1,wien,1010 Wien,https://www.karriere.at/f/iwg-management-austria,IWG Management (Austria) GmbH,90.0,10000,,Anzahl der Mitarbeiter*innen 10000+,13,True
OBJEKTA Immobiliengesellschaft m.b.H.,1,wien,1100 Wien,https://www.karriere.at/f/kremser-immobiliengesellschaft,Kremser Immobiliengesellschaft mbH,84.6,,,,13,True
obwalt - Immobilienverwaltung GmbH,1,wien,1200 Wien,https://www.karriere.at/f/iv-immobilienverwaltung,IV Immobilienverwaltung GmbH,93.0,11,30,Anzahl der Mitarbeiter*innen 11 - 30,13,True
Oesterreichische Bau- und Grundstückgesellschaft m.b.H.,1,wien,1150 Wien,https://www.karriere.at/f/u-m-bau,U.M. Bau AG,83.3,11,30,Anzahl der Mitarbeiter*innen 11 - 30,13,True
OLYMP Realitäten Ges.m.b.H.,1,wien,1010 Wien,https://www.karriere.at/f/dk-realit%C3%A4ten,DK Realitäten GmbH,87.0,1,10,Anzahl der Mitarbeiter*innen 1 - 10,13,True
Otto Anton Brunner,1,wien,1140 Wien,https://www.karriere.at/f/br%C3%BCnner-zt,Brünner ZT GmbH,82.4,1,10,Anzahl der Mitarbeiter*innen 1 - 10,13,True
Otto Friedrich & Partner Immobilientreuhand GmbH,1,wien,1080 Wien,https://www.karriere.at/f/s-a-immobilientreuhand,S&A Immobilientreuhand GmbH,91.7,1,10,Anzahl der Mitarbeiter*innen 1 - 10,13,True
P&L Immobilien GmbH,1,wien,1020 Wien,https://www.karriere.at/f/c-p-immobilien,C&P Immobilien AG,94.4,101,500,Anzahl der Mitarbeiter*innen 101 - 500,13,True
Palladio Immobilien GmbH,1,wien,1060 Wien,https://www.karriere.at/f/palladio-immobilien,Palladio Immobilien GmbH,100.0,11,30,Anzahl der Mitarbeiter*innen 11 - 30,13,True
Park & Control PAC Austria GmbH,1,wien,1220 Wien,https://www.karriere.at/f/e-control,E-Control,87.5,101,500,Anzahl der Mitarbeiter*innen 101 - 500,6,True
Patrick Moser,1,wien,1010 Wien,https://www.karriere.at/f/wk-moser,WK Moser GmbH,76.9,,,,0,True
Pecosa Property GmbH,1,wien,1190 Wien,https://www.karriere.at/f/vestwerk-property-partners,Vestwerk Property Partners GmbH,69.6,1,10,Anzahl der Mitarbeiter*innen 1 - 10,13,True
PENTAPLUS Immobilienverwaltungs- gesellschaft mbH,1,wien,1020 Wien,https://www.karriere.at/f/homebase-immobilienverwaltungs-gmbh,Homebase Immobilienverwaltungs GmbH,82.4,1,10,Anzahl der Mitarbeiter*innen 1 - 10,13,True
Peter Robert Nemeth,2,wien,0699 / 1 402 40 40,https://www.karriere.at/f/geb%C3%A4udeverwaltung-peter-und-oliver-nemeth,Peter und Oliver Nemeth Gebäudeverwaltung-Realitätenkanzlei OG,77.4,,,,2,False
Peter und Oliver Nemeth Gebäudeverwaltung-Realitätenkanzlei OG,1,wien,1090 Wien,https://www.karriere.at/f/geb%C3%A4udeverwaltung-peter-und-oliver-nemeth,Peter und Oliver Nemeth Gebäudeverwaltung-Realitätenkanzlei OG,100.0,,,,2,True
Peter Wuk Gesellschaft m.b.H.,1,wien,1020 Wien,https://www.karriere.at/f/peter-b%C3%B6nisch-installations-gesellschaft,Peter Bönisch Installations- gesellschaft m.b.H.,92.3,31,50,Anzahl der Mitarbeiter*innen 31 - 50,13,True
Petra Claudia Grünhut,1,wien,1220 Wien,,,,,,,,
Petra Hoyos,1,wien,1190 Wien,,,,,,,,
PHE Immodevelopment KG,1,wien,1190 Wien,,,,,,,,
Phil Gabriel Marius Freimüller,1,wien,1020 Wien,,,,,,,,
Philipp Beck,1,wien,1170 Wien,https://www.karriere.at/f/ziviltechnikerkanzlei-di-matthias-philipp,Ziviltechnikerkanzlei DI Matthias Philipp,73.7,11,30,Anzahl der Mitarbeiter*innen 11 - 30,13,True
Phorus Management GmbH,1,wien,1010 Wien,https://www.karriere.at/f/rk-management,rk-management GmbH,87.0,1,10,Anzahl der Mitarbeiter*innen 1 - 10,10,True
PIANO NOBILE IMMOBILIEN e.U.,1,wien,1180 Wien,https://www.karriere.at/f/uk-immobilien,UK Immobilien GmbH,87.0,,,,0,True
place2live GmbH,1,wien,1020 Wien,,,,,,,,
PLANK MACHEK Elisabeth Christoph Immobilienverwaltungen Gesellschaft m.b.H.,1,wien,1090 Wien,https://www.karriere.at/f/ing-christoph-kloss-bau-gesellschaft,Ing. Christoph Kloss Bau-Gesellschaft m.b.H.,80.0,11,30,Anzahl der Mitarbeiter*innen 11 - 30,13,True
Plan² - Architektur und Projektmanagement GmbH,1,wien,1150 Wien,https://www.karriere.at/f/mab-architektur-projektmanagement,MAB Architektur & Projektmanagement GmbH,94.3,1,10,Anzahl der Mitarbeiter*innen 1 - 10,13,True
PORR AG,1,wien,1100 Wien,https://www.karriere.at/f/porr-bau-wien,PORR Bau GmbH,100.0,,,,13,True
Prater Wien GmbH,1,wien,1020 Wien,https://www.karriere.at/f/motel-one-wien-prater,Motel One Wien-Prater,100.0,1,10,Anzahl der Mitarbeiter*innen 1 - 10,2,True
PRETSCH Immobilientreuhand GmbH,1,wien,1100 Wien,https://www.karriere.at/f/gmk-immobilientreuhand,GMK Immobilientreuhand GmbH,90.0,1,10,Anzahl der Mitarbeiter*innen 1 - 10,13,True
PROCOR IMMO OG,1,wien,1060 Wien,https://www.karriere.at/f/ve-immo,VE Immo GmbH,72.7,1,10,Anzahl der Mitarbeiter*innen 1 - 10,13,True
Prof Dr Thomas Keppert Immobilientreuhand GmbH,1,wien,1060 Wien,https://www.karriere.at/f/thomas-immobilientreuhand,Thomas Immobilientreuhand GmbH,100.0,1,10,Anzahl der Mitarbeiter*innen 1 - 10,13,True
PROFECT Immobilienverwaltung GmbH.,1,wien,1010 Wien,https://www.karriere.at/f/iv-immobilienverwaltung,IV Immobilienverwaltung GmbH,93.0,11,30,Anzahl der Mitarbeiter*innen 11 - 30,13,True
PROIMMO CONSULTING e.U.,1,wien,1070 Wien,https://www.karriere.at/f/wr-consulting,WR Consulting GmbH,87.0,1,10,Anzahl der Mitarbeiter*innen 1 - 10,5,True
proVentus Immobilienverwaltung - Stefan Langhammer e.U.,1,wien,1070 Wien,https://www.karriere.at/f/iv-immobilienverwaltung,IV Immobilienverwaltung GmbH,93.0,11,30,Anzahl der Mitarbeiter*innen 11 - 30,13,True
proVentus immobilienverwaltung GmbH,1,wien,1070 Wien,https://www.karriere.at/f/iv-immobilienverwaltung,IV Immobilienverwaltung GmbH,93.0,11,30,Anzahl der Mitarbeiter*innen 11 - 30,13,True
Pusta & Partner HausverwaltungsGmbH,1,wien,1090 Wien,https://www.karriere.at/f/maj-partner,Maj & Partner KG,84.6,1,10,Anzahl der Mitarbeiter*innen 1 - 10,18,True
PwC Advisory Services GmbH,1,wien,1220 Wien,https://www.karriere.at/f/tjp-advisory-management-services,TJP Advisory & Management Services GmbH,89.5,11,30,Anzahl der Mitarbeiter*innen 11 - 30,47,True
Raiffeisen Property International GmbH,1,wien,1030 Wien,https://www.karriere.at/f/raiffeisen-bank-international,Raiffeisen Bank International AG,90.6,2501,10000,Anzahl der Mitarbeiter*innen 2501 - 10000,10,True
"Rainer Realitätenvermittlungs-, Hausverwaltungs- und Wirtschaftsgüter- verwertungs GmbH",1,wien,1040 Wien,https://www.karriere.at/f/rhw-realit%C3%A4tenvermittlungs-hausverwaltungsund-wirtschaftsg,"RHW Realitätenvermittlungs-, Hausverwaltungsund Wirtschaftsg. GmbH",83.8,11,30,Anzahl der Mitarbeiter*innen 11 - 30,13,True
Ralph Salzner Immobilientreuhänder GmbH,1,wien,1090 Wien,https://www.karriere.at/f/jt-immobilientreuh%C3%A4nder,JT Immobilientreuhänder GmbH,93.0,1,10,Anzahl der Mitarbeiter*innen 1 - 10,13,True
Rasalas e.U.,1,wien,1010 Wien,,,,,,,,
REAL ESTATE PARTNER Realitäten & Immobilien Consulting Services GmbH,1,wien,1030 Wien,https://www.karriere.at/f/real-estate-partner-realit%C3%A4ten-immobilien-consulting-services,REAL ESTATE PARTNER Realitäten & Immobilien Consulting Services GmbH,100.0,1,10,Anzahl der Mitarbeiter*innen 1 - 10,10,True
Real-Treuhandverwaltungs - Gesellschaft m.b.H.,1,wien,1010 Wien,https://www.karriere.at/f/sb-real,SB REAL GmbH,72.7,,,,1,True
REAL3 Immobilien GmbH,2,wien,1010 Wien | 1060 Wien,https://www.karriere.at/f/real360-immobilien,REAL360 Immobilien GmbH,94.1,11,30,Anzahl der Mitarbeiter*innen 11 - 30,13,True
Realbesitz - Gesellschaft m.b.H. & Co. Verwaltungs - KG.,1,wien,1030 Wien,https://www.karriere.at/f/lsu-verwaltungs-gmbh,LSU Verwaltungs GmbH,84.6,1,10,Anzahl der Mitarbeiter*innen 1 - 10,2,True
RealIntent Immobilien GmbH.,1,wien,1210 Wien,https://www.karriere.at/f/uk-immobilien,UK Immobilien GmbH,87.0,,,,0,True
Realkanzlei Leissner GmbH,1,wien,1070 Wien,https://www.karriere.at/f/r%C3%B6hling-co-realkanzlei,Röhling & Co. Realkanzlei GmbH,71.0,1,10,Anzahl der Mitarbeiter*innen 1 - 10,13,True
Realkanzlei Renate Überbacher GmbH,1,wien,1180 Wien,https://www.karriere.at/f/r%C3%B6hling-co-realkanzlei,Röhling & Co. Realkanzlei GmbH,64.7,1,10,Anzahl der Mitarbeiter*innen 1 - 10,13,True
Realkanzlei Sodoma e.U.,1,wien,1060 Wien,https://www.karriere.at/f/r%C3%B6hling-co-realkanzlei,Röhling & Co. Realkanzlei GmbH,66.7,1,10,Anzahl der Mitarbeiter*innen 1 - 10,13,True
Realset e.U.,1,wien,1220 Wien,,,,,,,,
RECONDO Retail Real Estate GmbH,1,wien,1010 Wien,https://www.karriere.at/f/mg-real-estate,MG Real Estate GmbH,88.0,1,10,Anzahl der Mitarbeiter*innen 1 - 10,13,True
Regelsberger Liegenschaftsverwaltungs GmbH,1,wien,1010 Wien,https://www.karriere.at/f/regelsberger-liegenschaftsverwaltungs-gmbh,Regelsberger Liegenschaftsverwaltungs GmbH,100.0,11,30,Anzahl der Mitarbeiter*innen 11 - 30,13,True
Reich & Redl Immobilien Consulting GmbH,1,wien,1180 Wien,https://www.karriere.at/f/4m-immobilien-consulting-co,4M Immobilien&Consulting GmbH & CO KG,94.3,1,10,Anzahl der Mitarbeiter*innen 1 - 10,13,True
Reinberg & Partner Immobilienberatung GmbH,1,wien,1050 Wien,https://www.karriere.at/f/reinberg-partner-immobilienberatung,Reinberg & Partner Immobilienberatung GmbH,100.0,11,30,Anzahl der Mitarbeiter*innen 11 - 30,13,True
REIWAG Facility Services GmbH,1,wien,1070 Wien,https://www.karriere.at/f/reiwag-facility-services,REIWAG Facility Services GmbH,100.0,501,,Anzahl der Mitarbeiter*innen 501+,14,True
Rella Facility GmbH,1,wien,1010 Wien,https://www.karriere.at/f/top-facility-technology,Top Facility Technology GmbH,72.7,,,,0,True
Renate Anna Krenn,1,wien,1120 Wien,,,,,,,,
Renate Rupp,1,wien,1120 Wien,https://www.karriere.at/f/rupp,Rupp AG,100.0,101,500,Anzahl der Mitarbeiter*innen 101 - 500,150,True
Reos GmbH,1,wien,1020 Wien,,,,,,,,
RES Immobilienverwaltung GmbH,1,wien,1120 Wien,https://www.karriere.at/f/res-immobilienverwaltung,RES Immobilienverwaltung,100.0,,,,2,True
REV Realitäten Erhaltungs- und Verwaltungsgesellschaft m.b.H.,1,wien,1010 Wien,https://www.karriere.at/f/tricore-verwaltungsgesellschaft,TRICORE Verwaltungsgesellschaft m.b.H.,87.9,1,10,Anzahl der Mitarbeiter*innen 1 - 10,14,True
Revival Immobilien GmbH,1,wien,1210 Wien,https://www.karriere.at/f/uk-immobilien,UK Immobilien GmbH,87.0,,,,0,True
Richard Kvasnicka,1,wien,1140 Wien,https://www.karriere.at/f/richard-brink,Richard Brink GmbH,70.0,101,500,Anzahl der Mitarbeiter*innen 101 - 500,69,True
RIEDER Immobilien GesmbH,2,wien,1020 Wien | 1030 Wien,https://www.karriere.at/f/uk-immobilien,UK Immobilien GmbH,87.0,,,,0,True
Riefenthaler GmbH,1,wien,1010 Wien,,,,,,,,
Riepl Pascal Immobilien GmbH,1,wien,1040 Wien,https://www.karriere.at/f/uk-immobilien,UK Immobilien GmbH,87.0,,,,0,True
Riessbacher Hausverwaltung GmbH,1,wien,0676 300 60 83,https://www.karriere.at/f/riessbacher-hausverwaltung,Riessbacher Hausverwaltung GmbH,100.0,,,,13,False
Rihacek RealitätenService GmbH,2,wien,0650 577 43 18,,,,,,,,
Rimmo Immobilientreuhand Mag. Sichra KG,2,wien,1040 Wien | 1050 Wien,https://www.karriere.at/f/gmk-immobilientreuhand,GMK Immobilientreuhand GmbH,90.0,1,10,Anzahl der Mitarbeiter*innen 1 - 10,13,True
RIMMO Prime Immobilienverwaltung GmbH,1,wien,1200 Wien,https://www.karriere.at/f/iv-immobilienverwaltung,IV Immobilienverwaltung GmbH,93.0,11,30,Anzahl der Mitarbeiter*innen 11 - 30,13,True
RIMMO Prime Real Property GmbH,1,wien,1200 Wien,https://www.karriere.at/f/sb-real,SB REAL GmbH,72.7,,,,1,True
RIVOLA Immobilienverwaltung & Immobilienmakler GmbH,1,wien,1180 Wien,https://www.karriere.at/f/iv-immobilienverwaltung,IV Immobilienverwaltung GmbH,93.0,11,30,Anzahl der Mitarbeiter*innen 11 - 30,13,True
RKSK Holding GmbH,1,wien,1230 Wien,https://www.karriere.at/f/kkl-holding,KKL-Holding GmbH,87.0,1,10,Anzahl der Mitarbeiter*innen 1 - 10,13,True
Robert Kalandra e.U.,3,wien,1010 Wien,,,,,,,,
Robert Kracmar,1,wien,1230 Wien,,,,,,,,
Robert Riepl e.U.,1,wien,1140 Wien,,,,,,,,
ROI Immobilientreuhand GmbH,1,wien,1060 Wien,https://www.karriere.at/f/frigo-immobilientreuhand,Frigo Immobilientreuhand GmbH,91.3,11,30,Anzahl der Mitarbeiter*innen 11 - 30,13,True
Rossmann & Radlspöck Immobilienverwaltung GmbH,1,wien,1050 Wien,https://www.karriere.at/f/iv-immobilienverwaltung,IV Immobilienverwaltung GmbH,93.0,11,30,Anzahl der Mitarbeiter*innen 11 - 30,13,True
Roßauer Lände 47-49 Liegenschaftsverwaltungs GmbH,1,wien,1010 Wien,https://www.karriere.at/f/regelsberger-liegenschaftsverwaltungs-gmbh,Regelsberger Liegenschaftsverwaltungs GmbH,78.7,11,30,Anzahl der Mitarbeiter*innen 11 - 30,13,True
RUBINUS Immobilien Management GmbH & Co KG,1,wien,1010 Wien,https://www.karriere.at/f/ig-immobilien-management,IG Immobilien Management GmbH,93.3,51,100,Anzahl der Mitarbeiter*innen 51 - 100,13,True
Rudolf Legler,1,wien,1120 Wien,https://www.karriere.at/f/heufelder-rudolf,Heufelder Rudolf,75.9,11,30,Anzahl der Mitarbeiter*innen 11 - 30,17,True
Rudolf Spitzer Immobilien GmbH,1,wien,1130 Wien,https://www.karriere.at/f/spitzer,Spitzer GesmbH,100.0,51,100,Anzahl der Mitarbeiter*innen 51 - 100,10,True
RUPERTUS Vermögensverwaltungs- und Beteiligungsgesellschaft m.b.H.,1,wien,1030 Wien,https://www.karriere.at/f/leu-verm%C3%B6gensverwaltungs-gmbh,LEU Vermögensverwaltungs GmbH,90.9,,,,47,True
Sabo+Mandl & Tomaschek Immobilien GmbH,1,wien,1100 Wien,https://www.karriere.at/f/sabo-mandl-tomaschek-immobilien,Sabo + Mandl & Tomaschek Immobilien GmbH,100.0,51,100,Anzahl der Mitarbeiter*innen 51 - 100,13,True
Schibl Immobilien GmbH,1,wien,1180 Wien,https://www.karriere.at/f/uk-immobilien,UK Immobilien GmbH,87.0,,,,0,True
Schlosser Gesellschaft m.b.H.,1,wien,1020 Wien,,,,,,,,
Scholz Immobilien Management GmbH,1,wien,1060 Wien,https://www.karriere.at/f/scholz-immobilien-management,Scholz Immobilien Management GmbH,100.0,1,10,Anzahl der Mitarbeiter*innen 1 - 10,13,True
SCHRACK Immobilien Projekt Consulting Ges.m.b.H.,1,wien,1180 Wien,https://www.karriere.at/f/wr-consulting,WR Consulting GmbH,87.0,1,10,Anzahl der Mitarbeiter*innen 1 - 10,5,True
Schwetz Strategics GmbH,1,wien,1010 Wien,,,,,,,,
SCHÖNHAUS Immobilien GmbH,1,wien,1010 Wien,https://www.karriere.at/f/uk-immobilien,UK Immobilien GmbH,87.0,,,,0,True
SCN Management GmbH,1,wien,1210 Wien,https://www.karriere.at/f/rk-management,rk-management GmbH,87.0,1,10,Anzahl der Mitarbeiter*innen 1 - 10,10,True
SDD Gebäudemanagement GmbH,1,wien,1040 Wien,https://www.karriere.at/f/mc-geb%C3%A4udemanagement,MC Gebäudemanagement GmbH,91.9,31,50,Anzahl der Mitarbeiter*innen 31 - 50,13,True
Sell&Stay Vermarktungs GmbH,1,wien,1040 Wien,https://www.karriere.at/f/heldenberg-vermarktungs-und-betriebsgesmbh,Heldenberg Vermarktungs- und BetriebsgesmbH,76.2,11,30,Anzahl der Mitarbeiter*innen 11 - 30,2,True
SEMAG Beratungs- und Beteiligungs ges.m.b.H.,1,wien,1180 Wien,https://www.karriere.at/f/lg-beratungs-und-beteiligungs-gmbh,LG Beratungs- und Beteiligungs GmbH,94.5,1,10,Anzahl der Mitarbeiter*innen 1 - 10,34,True
Semper Immobilia GmbH,1,wien,1140 Wien,https://www.karriere.at/f/semper-immobilia,Semper Immobilia GmbH,100.0,1,10,Anzahl der Mitarbeiter*innen 1 - 10,13,True
Semper Immobilia GmbH & Co KG,1,wien,1140 Wien,https://www.karriere.at/f/semper-immobilia,Semper Immobilia GmbH,100.0,1,10,Anzahl der Mitarbeiter*innen 1 - 10,13,True
Shopbörse Immoconsulting GmbH,1,wien,1190 Wien,,,,,,,,
SIDE asset management GmbH,1,wien,1150 Wien,https://www.karriere.at/f/24-asset-management,24 Asset Management GmbH,91.4,1,10,Anzahl der Mitarbeiter*innen 1 - 10,13,True
Siemens Aktiengesellschaft Österreich,1,wien,1210 Wien,https://www.karriere.at/f/siemens-%C3%B6sterreich,Siemens AG Österreich,100.0,501,,Anzahl der Mitarbeiter*innen 501+,2,True
Sittler Consulting GmbH,1,wien,1100 Wien,https://www.karriere.at/f/wr-consulting,WR Consulting GmbH,87.0,1,10,Anzahl der Mitarbeiter*innen 1 - 10,5,True
SIU Liegenschaftsverwaltung GmbH,1,wien,1090 Wien,https://www.karriere.at/f/tlv-tiroler-liegenschaftsverwaltung,TLV Tiroler Liegenschaftsverwaltung GmbH,92.0,,,,13,True
skpr Hausverwaltung GmbH & Co KG,1,wien,1010 Wien,https://www.karriere.at/f/dr-gerlich-hausverwaltung-und-facility-management,Dr.Gerlich & Co Hausverwaltung und Facility-Management GmbH,87.8,31,50,Anzahl der Mitarbeiter*innen 31 - 50,13,True
smart Immobilienmanagement GmbH,1,wien,1190 Wien,https://www.karriere.at/f/zum-immobilienmanagement,ZUM Immobilienmanagement GmbH,90.9,11,30,Anzahl der Mitarbeiter*innen 11 - 30,13,True
Spatz Immobilien GmbH,1,wien,1180 Wien,https://www.karriere.at/f/stolz-immobilien,Stolz Immobilien GmbH,87.5,1,10,Anzahl der Mitarbeiter*innen 1 - 10,13,True
Spiegelfeld Immobilien GmbH,1,wien,1010 Wien,https://www.karriere.at/f/uk-immobilien,UK Immobilien GmbH,87.0,,,,0,True
Stadt Wien - Wiener Wohnen Kundenservice GmbH,3,wien,1030 Wien | 1110 Wien,https://www.karriere.at/f/stadt-wien-wiener-wohnen-kundenservice,Stadt Wien – Wiener Wohnen Kundenservice GmbH,100.0,,,,10,True
Stefan Stocker,1,wien,1190 Wien,https://www.karriere.at/f/h-stocker,H. Stocker GmbH,87.5,11,30,Anzahl der Mitarbeiter*innen 11 - 30,59,True
Steinbauer Bau- und Immobilientreuhand GmbH,1,wien,1180 Wien,https://www.karriere.at/f/s-a-immobilientreuhand,S&A Immobilientreuhand GmbH,91.7,1,10,Anzahl der Mitarbeiter*innen 1 - 10,13,True
Stieglmayer Gebäudeverwaltung e.U.,1,wien,1010 Wien,https://www.karriere.at/f/stieglmayer-geb%C3%A4udeverwaltung-e-u,STIEGLMAYER Gebäudeverwaltung e. U.,100.0,1,10,Anzahl der Mitarbeiter*innen 1 - 10,13,True
Stingl Immobilien GmbH,1,wien,1100 Wien,https://www.karriere.at/f/stingl-immobilien,Stingl Immobilien GmbH,100.0,1,10,Anzahl der Mitarbeiter*innen 1 - 10,13,True
STRABAG Property and Facility Services GmbH,1,wien,1030 Wien,https://www.karriere.at/f/iss-facility-services,ISS Facility Services,89.5,,,,15,True
Susanna Pichl-Patak e.U.,1,wien,1060 Wien,,,,,,,,
Susanne Pigel,1,wien,1070 Wien,https://www.karriere.at/f/susanne-kaufmann-kosmetik,Susanne Kaufmann Kosmetik GmbH,70.0,11,30,Anzahl der Mitarbeiter*innen 11 - 30,69,True
SV Dr. Heinz Muhr GmbH,1,wien,1010 Wien,https://www.karriere.at/f/sv-dr-heinz-muhr,SV Dr Heinz Muhr GmbH,100.0,1,10,Anzahl der Mitarbeiter*innen 1 - 10,13,True
team19 Wohnservice GmbH,1,wien,1200 Wien,https://www.karriere.at/f/wohnservice-wien,Wohnservice Wien GesmbH,81.5,,,,0,True
Teamwork Gebäudeservice GmbH,1,wien,1110 Wien,https://www.karriere.at/f/weiner-geb%C3%A4udeservice,WEINER Gebäudeservice GmbH & Co KG,75.7,51,100,Anzahl der Mitarbeiter*innen 51 - 100,10,True
Terra Managementberatung und Liegenschaftsverwaltung GmbH,1,wien,1190 Wien,https://www.karriere.at/f/rmi-managementberatung,RMI Managementberatung GmbH,90.0,1,10,Anzahl der Mitarbeiter*innen 1 - 10,14,True
Thomas Manfred Posch,1,wien,1010 Wien,,,,,,,,
Thomas Priemayer,1,wien,1190 Wien,https://www.karriere.at/f/thomas-kefer,Thomas Kefer,71.4,1,10,Anzahl der Mitarbeiter*innen 1 - 10,10,True
Thomas Schmaus,1,wien,1060 Wien,https://www.karriere.at/f/dr-thomas-douschan,Dr. Thomas Douschan,68.8,1,10,Anzahl der Mitarbeiter*innen 1 - 10,5,True
"Thomas Stangl, BA",1,wien,1030 Wien,,,,,,,,
"Thomas Weselsky, Gebäudeverwaltung Gesellschaft m.b.H.",1,wien,1180 Wien,https://www.karriere.at/f/geb%C3%A4udeverwaltung-kienzl,Gebäudeverwaltung Kienzl GmbH,82.9,1,10,Anzahl der Mitarbeiter*innen 1 - 10,13,True
Thurn & Bauer Hausverwaltung GmbH,1,wien,1130 Wien,https://www.karriere.at/f/isw-hausverwaltung,ISW Hausverwaltung GmbH,87.5,1,10,Anzahl der Mitarbeiter*innen 1 - 10,13,True
Tietze Immobilien GmbH,1,wien,1120 Wien,https://www.karriere.at/f/uk-immobilien,UK Immobilien GmbH,87.0,,,,0,True
TKKT Hausverwaltung KG,1,wien,1120 Wien,https://www.karriere.at/f/isw-hausverwaltung,ISW Hausverwaltung GmbH,87.5,1,10,Anzahl der Mitarbeiter*innen 1 - 10,13,True
TMT Immobilien GmbH,1,wien,1040 Wien,https://www.karriere.at/f/tmt,TMT GmbH,100.0,1,10,Anzahl der Mitarbeiter*innen 1 - 10,16,False
TP Besitz GmbH,1,wien,1010 Wien,https://www.karriere.at/f/wurzer-besitz,Wurzer Besitz GmbH,80.0,11,30,Anzahl der Mitarbeiter*innen 11 - 30,15,True
TREMMO Trend Immobilien Verwaltung GmbH,1,wien,1090 Wien,https://www.karriere.at/f/trend-immobilien,TREND Immobilien,100.0,1,10,Anzahl der Mitarbeiter*innen 1 - 10,13,True
Trestler Immobilien GmbH,1,wien,1010 Wien,https://www.karriere.at/f/trestler-immobilien,Trestler Immobilien GmbH,100.0,1,10,Anzahl der Mitarbeiter*innen 1 - 10,13,True
Tribera Real Estate Management AT GmbH,1,wien,1010 Wien,https://www.karriere.at/f/web-estate-management,WEB Estate Management GmbH,89.5,1,10,Anzahl der Mitarbeiter*innen 1 - 10,47,True
TRICORE Verwaltungsgesellschaft m.b.H.,1,wien,1030 Wien,https://www.karriere.at/f/tricore-verwaltungsgesellschaft,TRICORE Verwaltungsgesellschaft m.b.H.,100.0,1,10,Anzahl der Mitarbeiter*innen 1 - 10,14,True
TULA Real Service GmbH,1,wien,1020 Wien,https://www.karriere.at/f/tula-real-service,TULA Real Service GmbH,100.0,,,,0,True
U.M. Bau AG,1,wien,1120 Wien,https://www.karriere.at/f/u-m-bau,U.M. Bau AG,100.0,11,30,Anzahl der Mitarbeiter*innen 11 - 30,13,True
UBM Development Österreich GmbH,1,wien,1100 Wien,https://www.karriere.at/f/ubm-development,UBM Development AG,100.0,101,500,Anzahl der Mitarbeiter*innen 101 - 500,13,True
Ulreich VerwaltungsGmbH,1,wien,1050 Wien,https://www.karriere.at/f/ulreich-verwaltungs-gmbh,Ulreich VerwaltungsGmbH,100.0,11,30,Anzahl der Mitarbeiter*innen 11 - 30,13,True
UniCredit Leasing (Austria) GmbH,1,wien,1020 Wien,https://www.karriere.at/f/bmw-austria-leasing,BMW Austria Leasing GmbH,88.2,11,30,Anzahl der Mitarbeiter*innen 11 - 30,10,True
V2GO - Liegenschaftsverwaltung 2 Go FlexCo,1,wien,1010 Wien,https://www.karriere.at/f/e-real-liegenschaftsverwaltung,E - REAL Liegenschaftsverwaltung GmbH,86.8,1,10,Anzahl der Mitarbeiter*innen 1 - 10,13,True
Vacuna Immobilien GmbH,1,wien,1160 Wien,https://www.karriere.at/f/uk-immobilien,UK Immobilien GmbH,87.0,,,,0,True
Valores Real Estate Management FlexCo,1,wien,1010 Wien,https://www.karriere.at/f/web-estate-management,WEB Estate Management GmbH,89.5,1,10,Anzahl der Mitarbeiter*innen 1 - 10,47,True
Valorous GmbH,1,wien,1010 Wien,,,,,,,,
"Verband ""Wiener Arbeiterheime""",1,wien,1070 Wien,https://www.karriere.at/f/f-wiener,F. WIENER GmbH,85.7,11,30,Anzahl der Mitarbeiter*innen 11 - 30,59,True
Verena Fischer,1,wien,1190 Wien,https://www.karriere.at/f/heinz-fischer,Heinz Fischer GmbH,74.1,11,30,Anzahl der Mitarbeiter*innen 11 - 30,13,True
VEROB Vertriebs- u. Organisationsberatungs GmbH,1,wien,1160 Wien,https://www.karriere.at/f/vae-vertriebs-gmbh,VAE Vertriebs-GmbH,81.8,1,10,Anzahl der Mitarbeiter*innen 1 - 10,23,True
Victoria Immobilien- und VerwaltungsgmbH.,1,wien,1140 Wien,https://www.karriere.at/f/uk-immobilien,UK Immobilien GmbH,87.0,,,,0,True
ViennaEstate Hausverwaltung GmbH,1,wien,1220 Wien,https://www.karriere.at/f/meine-hausverwaltung,ViennaEstate Hausverwaltung GmbH,100.0,11,30,Anzahl der Mitarbeiter*innen 11 - 30,13,True
Viktor Krautschneider Gesellschaft m.b.H. & Co KG,1,wien,1210 Wien,,,,,,,,
Viktor Thurn Und Taxis,1,wien,1040 Wien,https://www.karriere.at/f/sectorlink-alfonso-thurn-und-taxis,SectorLink Alfonso Thurn und Taxis E.U.,81.1,1,10,Anzahl der Mitarbeiter*innen 1 - 10,10,True
Viktoria Frohner Immobilien GmbH,1,wien,1130 Wien,https://www.karriere.at/f/uk-immobilien,UK Immobilien GmbH,87.0,,,,0,True
VINDOBONA-MAX-Immobilien GmbH,1,wien,1010 Wien,https://www.karriere.at/f/vindobona-immobilienmakler,VINDOBONA Immobilienmakler GmbH,88.0,,,,0,True
VIVADO Immobilientreuhand GmbH,1,wien,1030 Wien,https://www.karriere.at/f/gmk-immobilientreuhand,GMK Immobilientreuhand GmbH,90.0,1,10,Anzahl der Mitarbeiter*innen 1 - 10,13,True
vivoreal GmbH,1,wien,1130 Wien,https://www.karriere.at/f/vivoreal,vivoreal GmbH,100.0,1,10,Anzahl der Mitarbeiter*innen 1 - 10,13,True
vivoreal Hausverwaltung GmbH,1,wien,1130 Wien,https://www.karriere.at/f/vivoreal,vivoreal GmbH,100.0,1,10,Anzahl der Mitarbeiter*innen 1 - 10,13,True
Vlk & Partner Immobilienverwaltung GmbH,1,wien,1150 Wien,https://www.karriere.at/f/vlk-partner-immobilienverwaltung,Vlk & Partner Immobilienverwaltung GmbH,100.0,1,10,Anzahl der Mitarbeiter*innen 1 - 10,13,True
Vodicka Immobilien Ges.m.b.H.,1,wien,1090 Wien,https://www.karriere.at/f/uk-immobilien,UK Immobilien GmbH,87.0,,,,0,True
VREAT Asset-Management GmbH,1,wien,1010 Wien,https://www.karriere.at/f/vreat-asset-management-wien,VREAT Asset-Management GmbH,100.0,1,10,Anzahl der Mitarbeiter*innen 1 - 10,13,True
VSW Immobilien GmbH,1,wien,1090 Wien,https://www.karriere.at/f/rs-immobilien,RS Immobilien GmbH,88.9,1,10,Anzahl der Mitarbeiter*innen 1 - 10,13,True
W & N Beteiligung-Immobilien-Besitz und Verwertung GmbH.,1,wien,1050 Wien,https://www.karriere.at/f/uk-immobilien,UK Immobilien GmbH,87.0,,,,0,True
W. + O. + M. Müller Gesellschaft m.b.H.,1,wien,1090 Wien,,,,,,,,
W. Rest Realitäten Gesellschaft mit beschränkter Haftung,1,wien,1080 Wien,https://www.karriere.at/f/dk-realit%C3%A4ten,DK Realitäten GmbH,87.0,1,10,Anzahl der Mitarbeiter*innen 1 - 10,13,True
Waldmühle Rodaun Betreuungsgesellschaft mbH,1,wien,1230 Wien,https://www.karriere.at/f/waldm%C3%BChle-rodaun,Waldmühle Rodaun,100.0,1,10,Anzahl der Mitarbeiter*innen 1 - 10,13,True
Wallisch + Partner Immobilien GmbH,1,wien,1210 Wien,https://www.karriere.at/f/wallisch-partner-immobilien,Wallisch + Partner Immobilien GmbH,100.0,1,10,Anzahl der Mitarbeiter*innen 1 - 10,13,True
Waltraud Polan,1,wien,1180 Wien,,,,,,,,
Waltraut Dragaschnig,1,wien,1130 Wien,,,,,,,,
WARIWODA & RICHTER Immobilientreuhandgesellschaft m.b.H.,1,wien,1070 Wien,https://www.karriere.at/f/wariwoda-richter-immobilientreuhandgesellschaft,WARIWODA & RICHTER Immobilientreuhandgesellschaft m.b.H.,100.0,11,30,Anzahl der Mitarbeiter*innen 11 - 30,13,True
Weinberger Biletti Immobilien GmbH,1,wien,1200 Wien,https://www.karriere.at/f/weinberger-biletti-immobilien-graz,Weinberger Biletti Immobilien Graz GmbH,100.0,11,30,Anzahl der Mitarbeiter*innen 11 - 30,13,True
Weinberger Immobilientreuhand KG,1,wien,1040 Wien,https://www.karriere.at/f/weinberger-immobilientreuhand,Weinberger Immobilientreuhand KG,100.0,,,,0,True
WEISS-TESSBACH Hausverwaltung GmbH,1,wien,1010 Wien,https://www.karriere.at/f/weiss-tessbach-hausverwaltung,Weiss-Tessbach Hausverwaltung GmbH,100.0,1,10,Anzahl der Mitarbeiter*innen 1 - 10,14,True
wePlus Immobilienmanagement GmbH,1,wien,1020 Wien,https://www.karriere.at/f/zum-immobilienmanagement,ZUM Immobilienmanagement GmbH,90.9,11,30,Anzahl der Mitarbeiter*innen 11 - 30,13,True
Wert und Gut Immobilien GmbH,1,wien,1230 Wien,https://www.karriere.at/f/wert-heim-immobilien-service-und-bau-gmbh-nfg,Wert-Heim-Immobilien-Service und Bau-GmbH Nfg KG,90.5,1,10,Anzahl der Mitarbeiter*innen 1 - 10,13,True
Wert-Heim Versicherungsservice GmbH & Co KG,1,wien,1190 Wien,https://www.karriere.at/f/vbk-versicherungsservice,VbK Versicherungsservice GmbH,90.9,1,10,Anzahl der Mitarbeiter*innen 1 - 10,10,True
WERTE Consulting GmbH,1,wien,1100 Wien,https://www.karriere.at/f/wr-consulting,WR Consulting GmbH,89.7,1,10,Anzahl der Mitarbeiter*innen 1 - 10,5,True
Wesiak Wien Verwaltungs GmbH,1,wien,1220 Wien,https://www.karriere.at/f/wesiak-haring-verwaltungs-gmbh,Wesiak Wien Verwaltungs GmbH,100.0,1,10,Anzahl der Mitarbeiter*innen 1 - 10,13,True
Wien-Süd Projektmanagement GmbH,1,wien,1230 Wien,https://www.karriere.at/f/nv-projektmanagement,NV Projektmanagement GmbH,91.9,1,10,Anzahl der Mitarbeiter*innen 1 - 10,13,True
Wiesinger Immobilienmanagement GmbH,1,wien,1010 Wien,https://www.karriere.at/f/wiesinger-immobilienmanagement,Wiesinger Immobilienmanagement,100.0,1,10,Anzahl der Mitarbeiter*innen 1 - 10,13,True
Willibald Preissl,1,wien,1020 Wien,https://www.karriere.at/f/holzbau-willibald-longin,Holzbau Willibald Longin GmbH,69.2,31,50,Anzahl der Mitarbeiter*innen 31 - 50,13,True
win4wien Bauträger GmbH,1,wien,1170 Wien,https://www.karriere.at/f/s1-bautr%C3%A4ger,S1 Bauträger GmbH,85.7,31,50,Anzahl der Mitarbeiter*innen 31 - 50,13,True
WIRECO Witzelsperger Retail Concepts e.U.,1,wien,1220 Wien,https://www.karriere.at/f/x2-concepts,X2 Concepts GmbH,84.2,1,10,Anzahl der Mitarbeiter*innen 1 - 10,15,True
WMKM Opfermann e.U.,1,wien,1190 Wien,,,,,,,,
Woge Realitäten Gesellschaft m.b.H.,1,wien,1060 Wien,https://www.karriere.at/f/woge-realit%C3%A4ten,Woge Realitäten Gesellschaft m.b.H.,100.0,11,30,Anzahl der Mitarbeiter*innen 11 - 30,13,True
wohn3 Management GmbH,1,wien,1030 Wien,https://www.karriere.at/f/wohn3-management,Wohn3 Management GmbH,100.0,11,30,Anzahl der Mitarbeiter*innen 11 - 30,13,True
Wohnfit Hausverwaltungs GmbH,1,wien,1200 Wien,https://www.karriere.at/f/hv-24-hausverwaltungs-gmbh,HV 24 Hausverwaltungs GmbH,83.3,1,10,Anzahl der Mitarbeiter*innen 1 - 10,13,True
woop e.U.,1,wien,1220 Wien,,,,,,,,
WPM Wipfler Prime Management e.U.,1,wien,1190 Wien,https://www.karriere.at/f/rk-management,rk-management GmbH,87.0,1,10,Anzahl der Mitarbeiter*innen 1 - 10,10,True
WSE Wiener Standortentwicklung GmbH,1,wien,1020 Wien,https://www.karriere.at/f/wse-wiener-standortentwicklung,WSE Wiener Standortentwicklung GmbH,100.0,51,100,Anzahl der Mitarbeiter*innen 51 - 100,47,True
WT 80 Immobilienentwicklung GmbH,1,wien,1010 Wien,https://www.karriere.at/f/technologiezentren-und-immobilienentwicklung-burgenland,Technologiezentren und Immobilienentwicklung Burgenland GmbH,87.5,11,30,Anzahl der Mitarbeiter*innen 11 - 30,47,True
WVV Immobilien GmbH,1,wien,1010 Wien,https://www.karriere.at/f/nv-immobilien,NV Immobilien GmbH,88.9,31,50,Anzahl der Mitarbeiter*innen 31 - 50,13,True
Zauberhaus Immobilienmanagement GmbH,1,wien,1060 Wien,https://www.karriere.at/f/zum-immobilienmanagement,ZUM Immobilienmanagement GmbH,90.9,11,30,Anzahl der Mitarbeiter*innen 11 - 30,13,True
Zentreal Immobilienverwaltung GmbH,1,wien,1090 Wien,https://www.karriere.at/f/zentreal-immobilienverwaltung,Zentreal Immobilienverwaltung GmbH,100.0,11,30,Anzahl der Mitarbeiter*innen 11 - 30,13,True
ZHS Office- & Facilitymanagement GmbH,1,wien,1030 Wien,https://www.karriere.at/f/zhs-office-facilitymanagement-wien,ZHS Office- & Facilitymanagement GmbH,100.0,1,10,Anzahl der Mitarbeiter*innen 1 - 10,13,True
Zurich Immobilien Liegenschaftsverwaltungs-GesmbH,1,wien,1190 Wien,https://www.karriere.at/f/zurich-immobilien-liegenschaftsverwaltungs-gesmbh,Zurich Immobilien Liegenschaftsverwaltungs-GesmbH,100.0,11,30,Anzahl der Mitarbeiter*innen 11 - 30,10,True
ÖBV-Immobilien Gesellschaft m.b.H.,1,wien,1080 Wien,https://www.karriere.at/f/%C3%B6bv-immobilien-gesellschaft,ÖBV - IMMOBILIEN Gesellschaft m.b.H.,100.0,1,10,Anzahl der Mitarbeiter*innen 1 - 10,13,True
ÖRAG Österreichische Realitäten-Aktiengesellschaft,1,wien,1010 Wien,https://www.karriere.at/f/%C3%B6sterreichische-postbus-aktiengesellschaft,Österreichische Postbus Aktiengesellschaft,89.5,101,500,Anzahl der Mitarbeiter*innen 101 - 500,152,True
ŽUPA Immobilien GmbH,1,wien,1230 Wien,https://www.karriere.at/f/uk-immobilien,UK Immobilien GmbH,87.0,,,,0,True
