company_name,wko_rows,wko_profile_url,http_status,employee_best_numeric_mention,employee_mention_kinds,employee_evidence_contexts,mentions_count,profile_text_len,error
"""Augum"" Handelsgesellschaft m.b.H.",1,https://firmen.wko.at/%22augum%22-handelsgesellschaft-mbh/wien/?firmaid=617942df-d747-4846-9d9a-99de477f85c6&standortid=1&standortname=wien%20%28bundesland%29&suchbegriff=immobilienverwalter,403,,,,0,0,
"""Die Kärntner""-Wohnbau und Hausverwaltungsgesellschaft m.b.H.",1,https://firmen.wko.at/%22die-k%c3%a4rntner%22-wohnbau-und-hausverwaltungsgesellschaft-mbh/k%c3%a4rnten/?firmaid=12ff5b5a-8740-4bb8-8e23-85715b6c83a9&standortid=6&standortname=k%c3%a4rnten%20%28bundesland%29&suchbegriff=immobilienverwalter,403,,,,0,0,
"""EUROFINA"" Liegenschaftsverwertungs Gesellschaft m.b.H.",1,https://firmen.wko.at/%22eurofina%22-liegenschaftsverwertungs-gesellschaft-mbh/wien/?firmaid=3808bbf6-de8e-422f-8392-2d97a300ad1b&standortid=1&standortname=wien%20%28bundesland%29&suchbegriff=immobilienverwalter,403,,,,0,0,
"""G1"" Immobilienbesitz GmbH",1,https://firmen.wko.at/%22g1%22-immobilienbesitz-gmbh/wien/?firmaid=141e60ff-b302-4428-9552-1895dd8fe657&standortid=1&standortname=wien%20%28bundesland%29&suchbegriff=immobilienverwalter,403,,,,0,0,
"""Hausverwaltung Franz Dangl"" Gesellschaft m.b.H.",1,https://firmen.wko.at/%22hausverwaltung-franz-dangl%22-gesellschaft-mbh/wien/?firmaid=4bb67eff-2c49-4cd4-a76f-0eed2ae01bdf&standortid=1&standortname=wien%20%28bundesland%29&suchbegriff=immobilienverwalter,403,,,,0,0,
"""Hausverwaltung und Realkanzlei Sylvia Hort"" e.U.",1,https://firmen.wko.at/%22hausverwaltung-und-realkanzlei-sylvia-hort%22-eu/wien/?firmaid=b0957ad9-7519-4b5f-9f20-388582c48412&standortid=1&standortname=wien%20%28bundesland%29&suchbegriff=immobilienverwalter,403,,,,0,0,
"""IDG"" Immobilien Dienstleistungs-GmbH",1,https://firmen.wko.at/%22idg%22-immobilien-dienstleistungs-gmbh/ober%c3%b6sterreich/?firmaid=68981584-704e-4764-9ec7-08eb81b7227c&standortid=3&standortname=ober%c3%b6sterreich%20%28bundesland%29&suchbegriff=immobilienverwalter,403,,,,0,0,
"""kabelwerk"" bauträger gmbh",1,https://firmen.wko.at/%22kabelwerk%22-bautr%c3%a4ger-gmbh/wien/?firmaid=aa7d7438-7feb-4743-89d9-5b61fe0f8482&standortid=1&standortname=wien%20%28bundesland%29&suchbegriff=immobilienverwalter,403,,,,0,0,
"""Kontakt"" Handelsgesellschaft m.b.H.",1,https://firmen.wko.at/%22kontakt%22-handelsgesellschaft-mbh-%22immo-kontakt%22/wien/?firmaid=51144c17-5b32-48cc-95e0-d1cdd47ef989&standortid=1&standortname=wien%20%28bundesland%29&suchbegriff=immobilienverwalter,403,,,,0,0,
"""Objektverwaltung 360"" Liegenschaftsverwertung GmbH",1,https://firmen.wko.at/%22objektverwaltung-360%22-liegenschaftsverwertung-gmbh/wien/?firmaid=30447dbf-86f9-43cc-b28d-6b438698051a&standortid=1&standortname=wien%20%28bundesland%29&suchbegriff=immobilienverwalter,403,,,,0,0,
"""Prinz Eugen"" Immobiliengesellschaft m.b.H.",1,https://firmen.wko.at/%22prinz-eugen%22-immobiliengesellschaft-mbh/wien/?firmaid=8c54e788-7d87-405c-a579-fe388cec5f17&standortid=1&standortname=wien%20%28bundesland%29&suchbegriff=immobilienverwalter,403,,,,0,0,
"""PRISMA"" Zentrum für Standort- und Stadtentwicklung GmbH",1,https://firmen.wko.at/%22prisma%22-zentrum-f%c3%bcr-standort-und-stadtentwicklung-gmbh/wien/?firmaid=a06bb089-0a09-4f99-9c0d-4b13c7d2db3d&standortid=1&standortname=wien%20%28bundesland%29&suchbegriff=immobilienverwalter,403,,,,0,0,
"""Rottenmanner Bauträgergesellschaft"" Gesellschaft m.b.H.",1,https://firmen.wko.at/%22rottenmanner-bautr%c3%a4gergesellschaft%22-gesellschaft-mbh/steiermark/?firmaid=0c727f40-e9da-41ee-820e-66791a8f9a7d&standortid=5&standortname=steiermark%20%28bundesland%29&suchbegriff=immobilienverwalter,403,,,,0,0,
"""smart home"" bauconsulting GmbH",1,https://firmen.wko.at/%22smart-home%22-bauconsulting-gmbh/vorarlberg/?firmaid=9e0689af-07be-4f22-bb8e-d56273df8722&standortid=8&standortname=vorarlberg%20%28bundesland%29&suchbegriff=immobilienverwalter,403,,,,0,0,
"""Trend"" Bauträger GesmbH",1,https://firmen.wko.at/%22trend%22-bautr%c3%a4ger-gesmbh/k%c3%a4rnten/?firmaid=b2450bb4-0094-46e6-9a3e-d068ed331d4b&standortid=6&standortname=k%c3%a4rnten%20%28bundesland%29&suchbegriff=immobilienverwalter,403,,,,0,0,
'STADTENTWICKLUNGSFONDS KORNEUBURG',1,https://firmen.wko.at/%27stadtentwicklungsfonds-korneuburg%27/nieder%c3%b6sterreich/?firmaid=153e5b4f-47bf-4c3e-82b5-453c655bcf30&standortid=2&standortname=nieder%c3%b6sterreich%20%28bundesland%29&suchbegriff=immobilienverwalter,403,,,,0,0,
111 gröbl wohnpark gösting entwicklungs gmbh,1,https://firmen.wko.at/111-gr%c3%b6bl-wohnpark-g%c3%b6sting-entwicklungs-gmbh/steiermark/?firmaid=96b4bf5e-62c4-40c9-ba09-5dc6a9fbbcd5&standortid=5&standortname=steiermark%20%28bundesland%29&suchbegriff=immobilienverwalter,403,,,,0,0,
1140 Wien Grundstücks- und Vermögensverwaltung GmbH,1,https://firmen.wko.at/1140-wien-grundst%c3%bccks-und-verm%c3%b6gensverwaltung-gmbh/nieder%c3%b6sterreich/?firmaid=d028173c-71fb-4901-a955-074e3ba29dc5&standortid=2&standortname=nieder%c3%b6sterreich%20%28bundesland%29&suchbegriff=immobilienverwalter,403,,,,0,0,
3fach Immobilien OG,1,https://firmen.wko.at/3fach-immobilien-og/wien/?firmaid=6325ad6b-3fdf-4431-a175-13b3a269d1e8&standortid=1&standortname=wien%20%28bundesland%29&suchbegriff=immobilienverwalter,403,,,,0,0,
9022 Projektmanagement GmbH,1,https://firmen.wko.at/9022-projektmanagement-gmbh/k%c3%a4rnten/?firmaid=95a5fa97-a8ca-48fb-9f69-7fc01237a732&standortid=6&standortname=k%c3%a4rnten%20%28bundesland%29&suchbegriff=immobilienverwalter,403,,,,0,0,
A & K FALLY Immobilienbesitz & Verwaltung GmbH,1,https://firmen.wko.at/a-und-k-fally-immobilienbesitz-und-verwaltung-gmbh-immobilienverwaltung/wien/?firmaid=707fa7e9-6bad-4a76-a9e7-b07ed8077f95&standortid=1&standortname=wien%20%28bundesland%29&suchbegriff=immobilienverwalter,403,,,,0,0,
A-Quadrat Immobilien GmbH,1,https://firmen.wko.at/a-quadrat-immobilien-gmbh/k%c3%a4rnten/?firmaid=fbd78c41-34e0-4f01-96e3-f7354b83c656&standortid=6&standortname=k%c3%a4rnten%20%28bundesland%29&suchbegriff=immobilienverwalter,403,,,,0,0,
A. Brandstetter & Co. KG.,1,https://firmen.wko.at/a-brandstetter-und-co-kg/wien/?firmaid=742ec8fe-ba10-448a-b4a5-14175ccd0a48&standortid=1&standortname=wien%20%28bundesland%29&suchbegriff=immobilienverwalter,403,,,,0,0,
A1 Telekom Austria Aktiengesellschaft,1,https://firmen.wko.at/a1-telekom-austria-aktiengesellschaft/wien/?firmaid=409df50b-0022-4db2-b80a-20a2f9d0851b&standortid=1&standortname=wien%20%28bundesland%29&suchbegriff=immobilienverwalter,403,,,,0,0,
A1REAL GmbH,1,https://firmen.wko.at/a1real-gmbh-immobilienmakler-immobilienverwalter/ober%c3%b6sterreich/?firmaid=1b49f1a9-5ef6-4916-864d-70ffff6a82d6&standortid=3&standortname=ober%c3%b6sterreich%20%28bundesland%29&suchbegriff=immobilienverwalter,403,,,,0,0,
ABM Real Estate GmbH,1,https://firmen.wko.at/abm-real-estate-gmbh/steiermark/?firmaid=e5554c93-0c28-4922-b27f-05092a652539&standortid=5&standortname=steiermark%20%28bundesland%29&suchbegriff=immobilienverwalter,403,,,,0,0,
"ABW - SCHUSTER Allgemeine Bauträger, Wohnungseigentum & Immobilienverwaltung Nfg. GmbH & Co KG",1,https://firmen.wko.at/abw-schuster-allgemeine-bautr%c3%a4ger-wohnungseigentum-und-immobilienverwaltung-nfg-gmbh-und-co-kg/wien/?firmaid=f126d2be-c36f-486e-8446-5db688b4317e&standortid=1&standortname=wien%20%28bundesland%29&suchbegriff=immobilienverwalter,403,,,,0,0,
ACASA Immobilienmanagement GmbH,1,https://firmen.wko.at/acasa-immobilienmanagement-gmbh/k%c3%a4rnten/?firmaid=01551775-1088-431f-b534-6dcda7cad8de&standortid=6&standortname=k%c3%a4rnten%20%28bundesland%29&suchbegriff=immobilienverwalter,403,,,,0,0,
ADJOKAT Hausverwaltungs GmbH,1,https://firmen.wko.at/adjokat-hausverwaltungs-gmbh/wien/?firmaid=df0e07f7-b2dd-4d7e-a295-d71f0febb06f&standortid=1&standortname=wien%20%28bundesland%29&suchbegriff=immobilienverwalter,403,,,,0,0,
Aedis Hausverwaltung GmbH,1,https://firmen.wko.at/aedis-hausverwaltung-gmbh/wien/?firmaid=42904962-bad7-4286-81e9-df0a0d40f9f5&standortid=1&standortname=wien%20%28bundesland%29&suchbegriff=immobilienverwalter,403,,,,0,0,
AGImmobilien GmbH,1,https://firmen.wko.at/agimmobilien-gmbh/nieder%c3%b6sterreich/?firmaid=14502ae1-63d2-4523-8209-b51fd20d3672&standortid=2&standortname=nieder%c3%b6sterreich%20%28bundesland%29&suchbegriff=immobilienverwalter,403,,,,0,0,
Agnes Kratochwil,1,https://firmen.wko.at/agnes-kratochwil/wien/?firmaid=f4ccbded-fd97-4013-a3bb-53dbfca965b0&standortid=1&standortname=wien%20%28bundesland%29&suchbegriff=immobilienverwalter,403,,,,0,0,
Agoreal Immobilien GmbH,1,https://firmen.wko.at/agoreal-immobilien-gmbh/wien/?firmaid=00028044-cbb5-4440-ade4-91a3071f1566&standortid=1&standortname=wien%20%28bundesland%29&suchbegriff=immobilienverwalter,403,,,,0,0,
AHCM Immobilienmanagement KG,1,https://firmen.wko.at/ahcm-immobilienmanagement-kg/salzburg/?firmaid=b5bcb7bf-e2f6-47eb-ab86-de955087c202&standortid=4&standortname=salzburg%20%28bundesland%29&suchbegriff=immobilienverwalter,200,,,,0,2871,
AI Alpenraum Immobilien GmbH,1,https://firmen.wko.at/ai-alpenraum-immobilien-gmbh/tirol/?firmaid=b9e282a7-7512-4d00-a8f8-0a1409dd9d83&standortid=7&standortname=tirol%20%28bundesland%29&suchbegriff=immobilienverwalter,403,,,,0,0,
AI Immobilienverwertung GmbH.,2,https://firmen.wko.at/ai-immobilienverwertung-gmbh/ober%c3%b6sterreich/?firmaid=d8d355d2-e516-4ab3-90e2-2d6ba243cc0c&standortid=3&standortname=ober%c3%b6sterreich%20%28bundesland%29&suchbegriff=immobilienverwalter,403,,,,0,0,
AICO Service GmbH,1,https://firmen.wko.at/aico-service-gmbh/k%c3%a4rnten/?firmaid=cda1677d-cbc0-45ae-98c4-6cc47eec1589&standortid=6&standortname=k%c3%a4rnten%20%28bundesland%29&suchbegriff=immobilienverwalter,403,,,,0,0,
Aigner Hausverwaltung GmbH,1,https://firmen.wko.at/aigner-hausverwaltung-gmbh/ober%c3%b6sterreich/?firmaid=a48fbc8f-85a8-454d-b244-c52cf4c63b64&standortid=3&standortname=ober%c3%b6sterreich%20%28bundesland%29&suchbegriff=immobilienverwalter,403,,,,0,0,
AJAS - Immo GmbH,1,https://firmen.wko.at/ajas-immo-gmbh/vorarlberg/?firmaid=5ce60322-2f9d-4d9f-b56f-10b10b388afc&standortid=8&standortname=vorarlberg%20%28bundesland%29&suchbegriff=immobilienverwalter,403,,,,0,0,
Albin Schwarz,1,https://firmen.wko.at/albin-schwarz/steiermark/?firmaid=cf97c4bc-44cb-4e49-84b2-afa3d734130e&standortid=5&standortname=steiermark%20%28bundesland%29&suchbegriff=immobilienverwalter,403,,,,0,0,
Alexander Georg Frieders,1,https://firmen.wko.at/alexander-georg-frieders/wien/?firmaid=5500e6a1-8796-426e-a608-d11efb113a4d&standortid=1&standortname=wien%20%28bundesland%29&suchbegriff=immobilienverwalter,403,,,,0,0,
Alexander Michael Vollmann,1,https://firmen.wko.at/alexander-michael-vollmann/wien/?firmaid=49d87944-0362-41ad-8d00-c2c24c783da8&standortid=1&standortname=wien%20%28bundesland%29&suchbegriff=immobilienverwalter,403,,,,0,0,
Alfons Metzger Hausverwaltung Immobilien Management GmbH,1,https://firmen.wko.at/alfons-metzger-hausverwaltung-immobilien-management-gmbh/wien/?firmaid=26665eff-d512-444b-90cb-317fd16c7ef5&standortid=1&standortname=wien%20%28bundesland%29&suchbegriff=immobilienverwalter,403,,,,0,0,
Alfred Herbert Fritz,1,https://firmen.wko.at/alfred-herbert-fritz-alfred-h-fritz-immobilien/wien/?firmaid=e82af938-7cb4-42eb-a066-0643f8f6c039&standortid=1&standortname=wien%20%28bundesland%29&suchbegriff=immobilienverwalter,403,,,,0,0,
Alfred Matejka Immobilienverwaltung Gesellschaft m.b.H.,1,https://firmen.wko.at/alfred-matejka-immobilienverwaltung-gesellschaft-mbh/wien/?firmaid=204a2358-cfd9-497f-a006-d3a96701f072&standortid=1&standortname=wien%20%28bundesland%29&suchbegriff=immobilienverwalter,403,,,,0,0,
Alfred Xaver Kiesling,1,https://firmen.wko.at/alfred-xaver-kiesling-immobilien/wien/?firmaid=c05027eb-3987-4922-94bd-68153edf98c6&standortid=1&standortname=wien%20%28bundesland%29&suchbegriff=immobilienverwalter,403,,,,0,0,
All-Suite Resorts - Österreich GmbH,1,https://firmen.wko.at/all-suite-resorts-%c3%96sterreich-gmbh/tirol/?firmaid=f3bcd5ba-b23a-4cbc-993a-9ea01057bed0&standortid=7&standortname=tirol%20%28bundesland%29&suchbegriff=immobilienverwalter,403,,,,0,0,
Allgemeine Unfallversicherungs- Betriebsgesellschaft m.b.H.(AUVB),2,https://firmen.wko.at/allgemeine-unfallversicherungs-betriebsgesellschaft-mbhauvb/salzburg/?firmaid=d2a87d3b-73a0-4d69-a8ab-428e273a2db3&standortid=4&standortname=salzburg%20%28bundesland%29&suchbegriff=immobilienverwalter,403,,,,0,0,
Alois Köpf GmbH,1,https://firmen.wko.at/alois-k%c3%b6pf-gmbh/wien/?firmaid=31818652-0c8b-4b5c-ad9c-0cad13636b4a&standortid=1&standortname=wien%20%28bundesland%29&suchbegriff=immobilienverwalter,403,,,,0,0,
Alpen Real Immobilien GmbH,2,https://firmen.wko.at/alpen-real-immobilien-gmbh/salzburg/?firmaid=9850b2d6-ba5c-4095-b8df-2b52f86737cf&standortid=4&standortname=salzburg%20%28bundesland%29&suchbegriff=immobilienverwalter,403,,,,0,0,
Alras Immobilienmanagement und -verwaltungs GmbH,1,https://firmen.wko.at/alras-immobilienmanagement-und-verwaltungs-gmbh/wien/?firmaid=03e3157d-cafd-4fb9-88de-07da86c0b48c&standortid=1&standortname=wien%20%28bundesland%29&suchbegriff=immobilienverwalter,403,,,,0,0,
Altmann + Partner Immobilientreuhand GmbH,2,https://firmen.wko.at/altmann-partner-immobilientreuhand-gmbh-altmann-partner/salzburg/?firmaid=139b9864-5667-476e-ba72-627f2f3ac5fe&standortid=4&standortname=salzburg%20%28bundesland%29&suchbegriff=immobilienverwalter,200,19,exact,19 [exact] n: Mo 09:00-12:00 14:00-16:00 Di 09:00-12:00 14:00-16:00 Mi 09:00-12:00 14:00-16:00 Do 09:00-12:00 14:00-16:00 Fr 09:00-12:00 Sa geschlossen So geschlossen Über uns 1972 gegründet 19 Mitarbeiter Unsere Firma ist seit 1972 als Hausverwaltung und Immobilienmakler auf dem gesamten Gebiet der Immobilienwirtschaft tätig. Wir sind auf Ferienliegenschaften im gesamten Raum Pinzg,1,6753,
Alwog-Allgemeine Wohnbaugesellschaft m.b.H.,1,https://firmen.wko.at/alwog-allgemeine-wohnbaugesellschaft-mbh/steiermark/?firmaid=add5c503-f1ba-4b5e-9811-2c6c38d3cb6f&standortid=5&standortname=steiermark%20%28bundesland%29&suchbegriff=immobilienverwalter,403,,,,0,0,
Ambacher Real Estate GmbH,1,https://firmen.wko.at/ambacher-real-estate-gmbh-ambacher-real-estate-gmbh/wien/?firmaid=1ff97577-93ea-4e64-b538-0843abd79b60&standortid=1&standortname=wien%20%28bundesland%29&suchbegriff=immobilienverwalter,403,,,,0,0,
AMLAK Liegenschaftsgesellschaft m.b.H.,1,https://firmen.wko.at/amlak-liegenschaftsgesellschaft-mbh-entwicklung-und-verwaltung-eigener-liegenschaften/wien/?firmaid=17be7b8e-2aed-4168-982c-72c23b7a0fb8&standortid=1&standortname=wien%20%28bundesland%29&suchbegriff=immobilienverwalter,403,,,,0,0,
AMON GmbH,1,https://firmen.wko.at/amon-gmbh/steiermark/?firmaid=8c5b93d0-6cfd-48d8-9444-2151f85c8aed&standortid=5&standortname=steiermark%20%28bundesland%29&suchbegriff=immobilienverwalter,403,,,,0,0,
AMOS-TIK Handelsgesellschaft m.b.H.,1,https://firmen.wko.at/amos-tik-handelsgesellschaft-mbh/wien/?firmaid=7fa8838b-9406-484a-b25c-bc35dd211b95&standortid=1&standortname=wien%20%28bundesland%29&suchbegriff=immobilienverwalter,403,,,,0,0,
Andreas Brunner,1,https://firmen.wko.at/andreas-brunner/tirol/?firmaid=63fc7042-9805-4721-b22b-c6182d03a197&standortid=7&standortname=tirol%20%28bundesland%29&suchbegriff=immobilienverwalter,403,,,,0,0,
Andreas Forster,1,https://firmen.wko.at/andreas-forster/nieder%c3%b6sterreich/?firmaid=01b754e5-2dbd-4cf9-94ab-3f4faa0c1567&standortid=2&standortname=nieder%c3%b6sterreich%20%28bundesland%29&suchbegriff=immobilienverwalter,403,,,,0,0,
Andreas Macheiner,1,https://firmen.wko.at/andreas-macheiner/nieder%c3%b6sterreich/?firmaid=2004b0cd-db42-408f-a29e-8ecb22341ac0&standortid=2&standortname=nieder%c3%b6sterreich%20%28bundesland%29&suchbegriff=immobilienverwalter,403,,,,0,0,
"Andreas Nobitschek, MSc, MLS",1,https://firmen.wko.at/andreas-nobitschek-msc-mls/wien/?firmaid=3e38102a-c96e-4aea-94d9-34907293a9da&standortid=1&standortname=wien%20%28bundesland%29&suchbegriff=immobilienverwalter,403,,,,0,0,
Andreas Reitsammer,2,https://firmen.wko.at/andreas-reitsammer/salzburg/?firmaid=2971998b-c21a-405c-912c-4693d3010fa5&standortid=4&standortname=salzburg%20%28bundesland%29&suchbegriff=immobilienverwalter,200,,,,0,1954,
Andreas Wetzer Immo-Consulting e.U.,1,https://firmen.wko.at/andreas-wetzer-immo-consulting-eu/salzburg/?firmaid=0f35b7bb-e607-44f1-8794-77c78c96454a&standortid=4&standortname=salzburg%20%28bundesland%29&suchbegriff=immobilienverwalter,200,,,,0,3544,
Angela Edeltraut Staneck,1,https://firmen.wko.at/angela-edeltraut-staneck/tirol/?firmaid=34c74035-77d1-419e-8d94-0040ccc670a1&standortid=7&standortname=tirol%20%28bundesland%29&suchbegriff=immobilienverwalter,403,,,,0,0,
Angelika Dengel-Holzer,1,https://firmen.wko.at/angelika-dengel-holzer-angelika-dengel-immobilien/tirol/?firmaid=29d2d61a-554a-47d1-bcb6-58d326936f7f&standortid=7&standortname=tirol%20%28bundesland%29&suchbegriff=immobilienverwalter,403,,,,0,0,
Angelika Trappel,1,https://firmen.wko.at/angelika-trappel/wien/?firmaid=3445c981-311b-4f42-a886-08a18757354f&standortid=1&standortname=wien%20%28bundesland%29&suchbegriff=immobilienverwalter,403,,,,0,0,
Anker - Immobilien Gesellschaft m.b.H.,1,https://firmen.wko.at/anker-immobilien-gesellschaft-mbh-wir-beraten-sie-professionell-in-allen-immobilienfragen-wir/wien/?firmaid=e6cd649e-f1fd-4a6c-b7d3-8709252d7005&standortid=1&standortname=wien%20%28bundesland%29&suchbegriff=immobilienverwalter,403,,,,0,0,
Anna Isabella Hoffmann-Gudehus,1,https://firmen.wko.at/anna-isabella-hoffmann-gudehus-hoffmann-immobilien/steiermark/?firmaid=7b7f0120-ddd5-406a-b97b-677e8836d42a&standortid=5&standortname=steiermark%20%28bundesland%29&suchbegriff=immobilienverwalter,403,,,,0,0,
Anna Maria Olischar,1,https://firmen.wko.at/anna-maria-olischar/wien/?firmaid=2f400752-1c1a-48a3-90a6-38ce65c37833&standortid=1&standortname=wien%20%28bundesland%29&suchbegriff=immobilienverwalter,403,,,,0,0,
Anton Wolfgang Habersack,1,https://firmen.wko.at/anton-wolfgang-habersack/steiermark/?firmaid=6465fb79-f820-456d-a1a0-81a3d544d84f&standortid=5&standortname=steiermark%20%28bundesland%29&suchbegriff=immobilienverwalter,403,,,,0,0,
AP Immobilienberatung GmbH,1,https://firmen.wko.at/ap-immobilienberatung-gmbh/tirol/?firmaid=a8959ada-2dd8-4709-bf00-820c6fee82b9&standortid=7&standortname=tirol%20%28bundesland%29&suchbegriff=immobilienverwalter,403,,,,0,0,
APCOA Austria GmbH,1,https://firmen.wko.at/apcoa-austria-gmbh/wien/?firmaid=c9f86de5-7380-41c6-b43b-08d902f1f8f6&standortid=1&standortname=wien%20%28bundesland%29&suchbegriff=immobilienverwalter,403,,,,0,0,
APF Beratungs GmbH & Co KG,1,https://firmen.wko.at/apf-beratungs-gmbh-und-co-kg/wien/?firmaid=6683c19a-23bc-43ca-b6a0-42dc60a2bb9f&standortid=1&standortname=wien%20%28bundesland%29&suchbegriff=immobilienverwalter,403,,,,0,0,
APIS Immobilienservice e.U.,1,https://firmen.wko.at/apis-immobilienservice-eu/steiermark/?firmaid=96b9194f-5ed2-40e1-beee-3c212289a670&standortid=5&standortname=steiermark%20%28bundesland%29&suchbegriff=immobilienverwalter,403,,,,0,0,
APL Immobilientreuhand GmbH,1,https://firmen.wko.at/apl-immobilientreuhand-gmbh/nieder%c3%b6sterreich/?firmaid=3f74eb15-3501-4785-8c29-1830a3220ef3&standortid=2&standortname=nieder%c3%b6sterreich%20%28bundesland%29&suchbegriff=immobilienverwalter,403,,,,0,0,
Apleona Real Estate AT GmbH,1,https://firmen.wko.at/apleona-real-estate-at-gmbh/wien/?firmaid=0c7fae37-ce34-4376-be1a-e8458a034c13&standortid=1&standortname=wien%20%28bundesland%29&suchbegriff=immobilienverwalter,403,,,,0,0,
APPL-IMPULS Verwaltungs & Handels GmbH.,1,https://firmen.wko.at/appl-impuls-verwaltungs-und-handels-gmbh-appl-impuls-immobilien/nieder%c3%b6sterreich/?firmaid=a0a8d2db-eb30-4032-b4e4-3f0b0739a318&standortid=2&standortname=nieder%c3%b6sterreich%20%28bundesland%29&suchbegriff=immobilienverwalter,403,,,,0,0,
APPM - PROPERTY MANAGEMENT GMBH,1,https://firmen.wko.at/appm-property-management-gmbh-immobilienverwaltung/wien/?firmaid=dbaca477-e1a8-4620-a2a1-57392b1062ca&standortid=1&standortname=wien%20%28bundesland%29&suchbegriff=immobilienverwalter,403,,,,0,0,
AR AUSTREAL Immobilien e.U.,2,https://firmen.wko.at/ar-austreal-immobilien-eu/wien/?firmaid=23011ab4-401c-4328-bc92-cfc5a4165ecb&standortid=1&standortname=wien%20%28bundesland%29&suchbegriff=immobilienverwalter,403,,,,0,0,
AR Immobilien GmbH,1,https://firmen.wko.at/ar-immobilien-gmbh/tirol/?firmaid=98498fac-9583-41b8-b4dc-a8a451b53b43&standortid=7&standortname=tirol%20%28bundesland%29&suchbegriff=immobilienverwalter,403,,,,0,0,
ARCHIONIC Immobilien GmbH,1,https://firmen.wko.at/archionic-immobilien-gmbh/ober%c3%b6sterreich/?firmaid=68141e8a-9692-413c-b01c-6f552216f00c&standortid=3&standortname=ober%c3%b6sterreich%20%28bundesland%29&suchbegriff=immobilienverwalter,403,,,,0,0,
ARCTOS Immobilien Services GmbH & Co KG,1,https://firmen.wko.at/arctos-immobilien-services-gmbh-und-co-kg/steiermark/?firmaid=846acdbd-8bd2-471c-a232-6c9eb6d664a3&standortid=5&standortname=steiermark%20%28bundesland%29&suchbegriff=immobilienverwalter,403,,,,0,0,
ARE Austrian Real Estate Development GmbH,1,https://firmen.wko.at/are-austrian-real-estate-development-gmbh/wien/?firmaid=73010a1e-53bf-44ef-9fc9-3a395ed8bd8d&standortid=1&standortname=wien%20%28bundesland%29&suchbegriff=immobilienverwalter,403,,,,0,0,
AReal Immobilientreuhand GmbH,1,https://firmen.wko.at/areal-immobilientreuhand-gmbh-immobilientreuh%c3%a4nder/wien/?firmaid=573b6f83-edf7-426a-a221-24abf3755208&standortid=1&standortname=wien%20%28bundesland%29&suchbegriff=immobilienverwalter,403,,,,0,0,
AREAL Liegenschaftsverwaltungs GmbH,1,https://firmen.wko.at/areal-liegenschaftsverwaltungs-gmbh/ober%c3%b6sterreich/?firmaid=150b4ebc-7a35-498d-a468-507220f57ecd&standortid=3&standortname=ober%c3%b6sterreich%20%28bundesland%29&suchbegriff=immobilienverwalter,403,,,,0,0,
AREALIS Liegenschaftsmanagement GmbH,1,https://firmen.wko.at/arealis-liegenschaftsmanagement-gmbh/wien/?firmaid=bb57aedf-9e61-488c-90ec-341d932136ae&standortid=1&standortname=wien%20%28bundesland%29&suchbegriff=immobilienverwalter,403,,,,0,0,
Arealita Immobilientreuhand und Sachverständigen GmbH,1,https://firmen.wko.at/arealita-immobilientreuhand-und-sachverst%c3%a4ndigen-gmbh-arealita-immobilientreuhand-und-sachverst%c3%a4ndigen-gmbh/tirol/?firmaid=83b1dd60-e1d6-48ca-bb77-0f88be05e9e6&standortid=7&standortname=tirol%20%28bundesland%29&suchbegriff=immobilienverwalter,403,,,,0,0,
AREV Immobilien Gesellschaft m.b.H.,3,https://firmen.wko.at/arev-immobilien-gesellschaft-mbh/ober%c3%b6sterreich/?firmaid=c161f677-5e7a-4720-945d-e4475d198301&standortid=3&standortname=ober%c3%b6sterreich%20%28bundesland%29&suchbegriff=immobilienverwalter,403,,,,0,0,
AREVIT Immobilien-Development GmbH,1,https://firmen.wko.at/arevit-immobilien-development-gmbh/nieder%c3%b6sterreich/?firmaid=526b74f3-0e56-4965-a34a-22937cb67588&standortid=2&standortname=nieder%c3%b6sterreich%20%28bundesland%29&suchbegriff=immobilienverwalter,403,,,,0,0,
Argolex Immobilienmanagement GmbH,1,https://firmen.wko.at/argolex-immobilienmanagement-gmbh/wien/?firmaid=d052766c-c266-42de-b1de-69cd749593d7&standortid=1&standortname=wien%20%28bundesland%29&suchbegriff=immobilienverwalter,403,,,,0,0,
Argon Realitätenverwaltung GmbH,1,https://firmen.wko.at/argon-realit%c3%a4tenverwaltung-gmbh/wien/?firmaid=035ce6d3-0506-4f42-addc-90cd4a67c546&standortid=1&standortname=wien%20%28bundesland%29&suchbegriff=immobilienverwalter,403,,,,0,0,
ARIGHO Immobilien OG,1,https://firmen.wko.at/arigho-immobilien-og-hausverwaltung/wien/?firmaid=786365fa-e55b-4515-b87b-fcd06efbc0dc&standortid=1&standortname=wien%20%28bundesland%29&suchbegriff=immobilienverwalter,403,,,,0,0,
ARIS Immobilientreuhand GmbH,1,https://firmen.wko.at/aris-immobilientreuhand-gmbh-aris-immobilientreuhand-gmbh/steiermark/?firmaid=1f9630e7-1fac-46ec-aec5-18c605a151d8&standortid=5&standortname=steiermark%20%28bundesland%29&suchbegriff=immobilienverwalter,403,,,,0,0,
ARQON Real Estate GmbH,1,https://firmen.wko.at/arqon-real-estate-gmbh/wien/?firmaid=b6546794-4ec4-4d4a-9ebb-0b5085e8f48c&standortid=1&standortname=wien%20%28bundesland%29&suchbegriff=immobilienverwalter,403,,,,0,0,
ART Immobilien e.U.,2,https://firmen.wko.at/art-immobilien-eu-art-immobilien-eu/salzburg/?firmaid=36b59182-0bf8-4b4e-a8e5-63319f1a5a51&standortid=4&standortname=salzburg%20%28bundesland%29&suchbegriff=immobilienverwalter,403,,,,0,0,
ARTESTATE Immobilientreuhand GmbH,1,https://firmen.wko.at/artestate-immobilientreuhand-gmbh/wien/?firmaid=5c47df6e-a64d-461b-9650-0afd91a9f0e4&standortid=1&standortname=wien%20%28bundesland%29&suchbegriff=immobilienverwalter,403,,,,0,0,
ARTEX Immobilien GmbH,1,https://firmen.wko.at/artex-immobilien-gmbh/ober%c3%b6sterreich/?firmaid=e86e7f0c-1fb8-4d46-b0ca-d23d9412fd37&standortid=3&standortname=ober%c3%b6sterreich%20%28bundesland%29&suchbegriff=immobilienverwalter,403,,,,0,0,
Artner Immobilienmanagement GmbH,1,https://firmen.wko.at/artner-immobilienmanagement-gmbh/nieder%c3%b6sterreich/?firmaid=5d7d7192-b7e3-4ca3-9d59-9a6a3a7d4919&standortid=2&standortname=nieder%c3%b6sterreich%20%28bundesland%29&suchbegriff=immobilienverwalter,403,,,,0,0,
ARWAG Immobilientreuhand Gesellschaft m.b.H.,1,https://firmen.wko.at/arwag-immobilientreuhand-gesellschaft-mbh-wo-das-leben-lebt/wien/?firmaid=e7a3723a-2739-4e83-9d1a-5612db0501b7&standortid=1&standortname=wien%20%28bundesland%29&suchbegriff=immobilienverwalter,403,,,,0,0,
Arzböck Immobilien GmbH,1,https://firmen.wko.at/arzb%c3%b6ck-immobilien-gmbh/salzburg/?firmaid=42a016c6-6640-478a-8c01-bd671bc464c6&standortid=4&standortname=salzburg%20%28bundesland%29&suchbegriff=immobilienverwalter,200,,,,0,2119,
Aschbacher Immobilientreuhänder OG,1,https://firmen.wko.at/aschbacher-immobilientreuh%c3%a4nder-og-immobilientreuh%c3%a4nder-immobilienverwaltung-hausverwaltung/salzburg/?firmaid=f4c5c71a-b3d1-4781-b860-02f1b5dfb77e&standortid=4&standortname=salzburg%20%28bundesland%29&suchbegriff=immobilienverwalter,200,,,,0,3887,
aspern Seestadt Einkaufsstraßen GmbH,1,https://firmen.wko.at/aspern-seestadt-einkaufsstra%c3%9fen-gmbh/wien/?firmaid=ec680cab-1b4a-4d32-b116-8d572479463f&standortid=1&standortname=wien%20%28bundesland%29&suchbegriff=immobilienverwalter,403,,,,0,0,
Asset & Care Immobilientreuhand GmbH,1,https://firmen.wko.at/asset-und-care-immobilientreuhand-gmbh/wien/?firmaid=5a704e1b-b448-46b1-9c61-b1e5596c792f&standortid=1&standortname=wien%20%28bundesland%29&suchbegriff=immobilienverwalter,403,,,,0,0,
Astoria RE GmbH,1,https://firmen.wko.at/astoria-re-gmbh/steiermark/?firmaid=c2867d3d-c01c-4438-80e5-1578f0a6e60b&standortid=5&standortname=steiermark%20%28bundesland%29&suchbegriff=immobilienverwalter,403,,,,0,0,
Astrid Maria Čas,1,https://firmen.wko.at/astrid-maria-as/k%c3%a4rnten/?firmaid=a759aa09-e245-410a-b84c-babd4104dc1d&standortid=6&standortname=k%c3%a4rnten%20%28bundesland%29&suchbegriff=immobilienverwalter,403,,,,0,0,
at home FM Services GmbH,1,https://firmen.wko.at/at-home-fm-services-gmbh/wien/?firmaid=1b4d9f0a-4662-4913-8875-01224abd1df4&standortid=1&standortname=wien%20%28bundesland%29&suchbegriff=immobilienverwalter,403,,,,0,0,
at home Immobilien-GmbH,2,https://firmen.wko.at/at-home-immobilien-gmbh/nieder%c3%b6sterreich/?firmaid=8110a517-0e08-4928-99cf-203e3a731f06&standortid=2&standortname=nieder%c3%b6sterreich%20%28bundesland%29&suchbegriff=immobilienverwalter,403,,,,0,0,
AT WiGa Investment und Beteiligungs GmbH,1,https://firmen.wko.at/at-wiga-investment-und-beteiligungs-gmbh/steiermark/?firmaid=1cd09922-4a11-498e-a8de-ea07a5124ffe&standortid=5&standortname=steiermark%20%28bundesland%29&suchbegriff=immobilienverwalter,403,,,,0,0,
at-MO-sphere Immobilienverwaltung e.U.,1,https://firmen.wko.at/at-mo-sphere-immobilienverwaltung-eu-immobilienverwaltung/k%c3%a4rnten/?firmaid=55d45301-7712-4980-8d0a-ddfe10b6b87c&standortid=6&standortname=k%c3%a4rnten%20%28bundesland%29&suchbegriff=immobilienverwalter,403,,,,0,0,
Atico Immobilien Gesellschaft m.b.H.,1,https://firmen.wko.at/atico-immobilien-gesellschaft-mbh/wien/?firmaid=74d65bb2-fe00-443e-b7e0-0b1fdca6a748&standortid=1&standortname=wien%20%28bundesland%29&suchbegriff=immobilienverwalter,403,,,,0,0,
Atrium Immobilien Treuhand KG,1,https://firmen.wko.at/atrium-immobilien-treuhand-kg/tirol/?firmaid=cfea32ac-7339-4bf4-bb03-38921a10fa1b&standortid=7&standortname=tirol%20%28bundesland%29&suchbegriff=immobilienverwalter,403,,,,0,0,
auk-Immobilien e.U.,1,https://firmen.wko.at/auk-immobilien-eu/tirol/?firmaid=46214128-4974-400e-927e-218533c1effc&standortid=7&standortname=tirol%20%28bundesland%29&suchbegriff=immobilienverwalter,403,,,,0,0,
Aula Realitäten GmbH,1,https://firmen.wko.at/aula-realit%c3%a4ten-gmbh/wien/?firmaid=3ff81a0f-05d3-4000-bda4-a1a729a5db83&standortid=1&standortname=wien%20%28bundesland%29&suchbegriff=immobilienverwalter,403,,,,0,0,
AundP Hausverwaltung GmbH,1,https://firmen.wko.at/aundp-hausverwaltung-gmbh/k%c3%a4rnten/?firmaid=26505896-5524-4895-80e1-a3fe87156426&standortid=6&standortname=k%c3%a4rnten%20%28bundesland%29&suchbegriff=immobilienverwalter,403,,,,0,0,
AUREA Hausverwaltung KG,2,https://firmen.wko.at/aurea-hausverwaltung-kg/nieder%c3%b6sterreich/?firmaid=c773a0a5-59d5-41a6-b39d-25f90d294e96&standortid=2&standortname=nieder%c3%b6sterreich%20%28bundesland%29&suchbegriff=immobilienverwalter,403,,,,0,0,
Aurel Immobilien Management GmbH,1,https://firmen.wko.at/aurel-immobilien-management-gmbh/wien/?firmaid=5053fb09-1ba0-4c50-8a7e-643a8ab1f8a3&standortid=1&standortname=wien%20%28bundesland%29&suchbegriff=immobilienverwalter,403,,,,0,0,
AURIS Immo Solutions GmbH,1,https://firmen.wko.at/auris-immo-solutions-gmbh/wien/?firmaid=ee7a72b8-4a10-47f8-8999-c4e9b004dd8d&standortid=1&standortname=wien%20%28bundesland%29&suchbegriff=immobilienverwalter,403,,,,0,0,
Austria Alpin Immobilienservice GmbH,1,https://firmen.wko.at/austria-alpin-immobilienservice-gmbh/tirol/?firmaid=a6759425-8a37-4e29-8fa8-34a14a77c2af&standortid=7&standortname=tirol%20%28bundesland%29&suchbegriff=immobilienverwalter,403,,,,0,0,
AV Hausverwaltung GmbH,1,https://firmen.wko.at/av-hausverwaltung-gmbh/wien/?firmaid=d1df70e0-1ae2-43e1-981a-0ea07c340018&standortid=1&standortname=wien%20%28bundesland%29&suchbegriff=immobilienverwalter,403,,,,0,0,
AV-Holding Beteiligungs GmbH,1,https://firmen.wko.at/av-holding-beteiligungs-gmbh/nieder%c3%b6sterreich/?firmaid=07921d21-004e-4540-8b19-8c7692c0e4e4&standortid=2&standortname=nieder%c3%b6sterreich%20%28bundesland%29&suchbegriff=immobilienverwalter,403,,,,0,0,
Avon Immobilien GmbH,1,https://firmen.wko.at/avon-immobilien-gmbh-avon-immobilien-gmbh/k%c3%a4rnten/?firmaid=a38bc2b5-8cc8-467e-a464-6ff1e224a634&standortid=6&standortname=k%c3%a4rnten%20%28bundesland%29&suchbegriff=immobilienverwalter,403,,,,0,0,
B & V Handels-u.Immobilien GmbH.,1,https://firmen.wko.at/b-und-v-handels-uimmobilien-gmbh/wien/?firmaid=50275db9-f70b-42b3-a7f9-536d998864b1&standortid=1&standortname=wien%20%28bundesland%29&suchbegriff=immobilienverwalter,403,,,,0,0,
B.I.V. Hausverwaltung GmbH,1,https://firmen.wko.at/biv-hausverwaltung-gmbh/wien/?firmaid=4e8de9db-c9fd-414f-9b43-9a09e9f6dc37&standortid=1&standortname=wien%20%28bundesland%29&suchbegriff=immobilienverwalter,403,,,,0,0,
B2 Immobilien e.U.,1,https://firmen.wko.at/b2-immobilien-eu/tirol/?firmaid=b7dff7af-9379-4f9a-ab63-ef02600b737d&standortid=7&standortname=tirol%20%28bundesland%29&suchbegriff=immobilienverwalter,403,,,,0,0,
Bank Austria Real Invest Asset Management GmbH,1,https://firmen.wko.at/bank-austria-real-invest-asset-management-gmbh/wien/?firmaid=622c7a73-0536-41fa-9e31-6313971de798&standortid=1&standortname=wien%20%28bundesland%29&suchbegriff=immobilienverwalter,403,,,,0,0,
Banner Hausverwaltung e.U.,1,https://firmen.wko.at/banner-hausverwaltung-eu/nieder%c3%b6sterreich/?firmaid=06595a47-3285-4835-9952-528c6c3205ca&standortid=2&standortname=nieder%c3%b6sterreich%20%28bundesland%29&suchbegriff=immobilienverwalter,403,,,,0,0,
Barbara Gnädig Immobilien GmbH,1,https://firmen.wko.at/barbara-gn%c3%a4dig-immobilien-gmbh/wien/?firmaid=26c3332c-a647-4ce1-85bb-2d0ec722e0d0&standortid=1&standortname=wien%20%28bundesland%29&suchbegriff=immobilienverwalter,403,,,,0,0,
Barbara Lipovsky,1,https://firmen.wko.at/barbara-lipovsky-ihr-partner-finanzdienstleistungen-und-immobilien/burgenland/?firmaid=3160bd87-1b7c-4b8f-8aab-0042d6bc03d1&standortid=9&standortname=burgenland%20%28bundesland%29&suchbegriff=immobilienverwalter,403,,,,0,0,
Barbara Löbbecke Immobilientreuhänder e.U.,1,https://firmen.wko.at/barbara-l%c3%b6bbecke-immobilientreuh%c3%a4nder-eu/wien/?firmaid=643d1c43-61ec-4d72-a5cb-1c438706d18b&standortid=1&standortname=wien%20%28bundesland%29&suchbegriff=immobilienverwalter,403,,,,0,0,
Barbara Rappitsch,1,https://firmen.wko.at/barbara-rappitsch-immohaus-immobilienmanagement-und-hausverwaltung/k%c3%a4rnten/?firmaid=d8438ba3-12a9-4f48-92bb-7a7761abde1e&standortid=6&standortname=k%c3%a4rnten%20%28bundesland%29&suchbegriff=immobilienverwalter,403,,,,0,0,
Barta Immobilientreuhand GmbH,1,https://firmen.wko.at/barta-immobilientreuhand-gmbh/k%c3%a4rnten/?firmaid=40875c04-8f31-48c6-892e-a561851fe391&standortid=6&standortname=k%c3%a4rnten%20%28bundesland%29&suchbegriff=immobilienverwalter,403,,,,0,0,
"Barwert Immo - Tahir Barosch, MSc, e.U",1,https://firmen.wko.at/barwert-immo-tahir-barosch-msc-eu/wien/?firmaid=40ebc638-5826-41a4-b398-eb867c63ab1e&standortid=1&standortname=wien%20%28bundesland%29&suchbegriff=immobilienverwalter,403,,,,0,0,
Bauland Immobilienhandels & Verwaltungsgesellschaft m.b.H.,1,https://firmen.wko.at/bauland-immobilienhandels-und-verwaltungsgesellschaft-mbh-immobilienmakler-verwalter-bautr%c3%a4ger-versicherungsmakl/steiermark/?firmaid=fd01d206-1025-4e60-95f0-0283d112fc52&standortid=5&standortname=steiermark%20%28bundesland%29&suchbegriff=immobilienverwalter,403,,,,0,0,
BAUMEGGER UND PARTNER OG,1,https://firmen.wko.at/baumegger-und-partner-og/nieder%c3%b6sterreich/?firmaid=506be737-e486-4aea-a583-b6d71bcb3875&standortid=2&standortname=nieder%c3%b6sterreich%20%28bundesland%29&suchbegriff=immobilienverwalter,403,,,,0,0,
BavariaReal Hausverwaltung GmbH,1,https://firmen.wko.at/bavariareal-hausverwaltung-gmbh/tirol/?firmaid=ec762840-18ec-481d-928e-7781eb7d0175&standortid=7&standortname=tirol%20%28bundesland%29&suchbegriff=immobilienverwalter,403,,,,0,0,
BAWAG P.S.K. IMMOBILIEN GmbH,1,https://firmen.wko.at/bawag-psk-immobilien-gmbh/wien/?firmaid=623913f9-715a-4994-b805-35fd82cedd9c&standortid=1&standortname=wien%20%28bundesland%29&suchbegriff=immobilienverwalter,403,,,,0,0,
be real Immobilienmanagement GmbH,1,https://firmen.wko.at/be-real-immobilienmanagement-gmbh/wien/?firmaid=0db5736d-8b4a-41cc-acd4-611f22e60540&standortid=1&standortname=wien%20%28bundesland%29&suchbegriff=immobilienverwalter,403,,,,0,0,
benreal Infra GmbH,1,https://firmen.wko.at/benreal-infra-gmbh/salzburg/?firmaid=ae5c10a0-2a4e-43f1-b9dd-8ee9a709b874&standortid=4&standortname=salzburg%20%28bundesland%29&suchbegriff=immobilienverwalter,200,,,,0,1992,
Bergmann & Partner GmbH,1,https://firmen.wko.at/bergmann-und-partner-gmbh/salzburg/?firmaid=d4dcedd5-4124-4a88-bc82-cdae26fd0a40&standortid=4&standortname=salzburg%20%28bundesland%29&suchbegriff=immobilienverwalter,200,,,,0,2140,
"Bernd Maier, MSc",1,https://firmen.wko.at/bernd-maier-msc/k%c3%a4rnten/?firmaid=cdcfd02e-c4c1-4dd8-9eed-f90a0bf1810d&standortid=6&standortname=k%c3%a4rnten%20%28bundesland%29&suchbegriff=immobilienverwalter,403,,,,0,0,
Bernhard & Töchter Immobilien GmbH,1,https://firmen.wko.at/bernhard-und-t%c3%b6chter-immobilien-gmbh/tirol/?firmaid=958e3e54-0d1b-492d-8ac1-91c1c22063d9&standortid=7&standortname=tirol%20%28bundesland%29&suchbegriff=immobilienverwalter,403,,,,0,0,
"Bernhard Posch, MSc",1,https://firmen.wko.at/bernhard-posch-msc-vermittlung-und-verwaltung-von-immobilien/wien/?firmaid=47c753bb-9f83-44aa-9183-2172a685efba&standortid=1&standortname=wien%20%28bundesland%29&suchbegriff=immobilienverwalter,403,,,,0,0,
Berthold Kurzmann,1,https://firmen.wko.at/berthold-kurzmann/wien/?firmaid=c1d0b98e-ac58-46fc-aa3b-61d153f45c66&standortid=1&standortname=wien%20%28bundesland%29&suchbegriff=immobilienverwalter,403,,,,0,0,
Beslinda Kryeziu,1,https://firmen.wko.at/beslinda-kryeziu/k%c3%a4rnten/?firmaid=0daf5e10-7519-4d4d-829c-08e4151bbbd3&standortid=6&standortname=k%c3%a4rnten%20%28bundesland%29&suchbegriff=immobilienverwalter,403,,,,0,0,
Best in Parking Garagen GmbH & Co KG,1,https://firmen.wko.at/best-in-parking-garagen-gmbh-und-co-kg/wien/?firmaid=4b95377a-2022-4e76-b0a9-793650fcbe86&standortid=1&standortname=wien%20%28bundesland%29&suchbegriff=immobilienverwalter,403,,,,0,0,
Beto Immobilien GmbH,1,https://firmen.wko.at/beto-immobilien-gmbh-wwwbetoat/vorarlberg/?firmaid=4862954d-b683-4212-ba47-5f6d2202072e&standortid=8&standortname=vorarlberg%20%28bundesland%29&suchbegriff=immobilienverwalter,403,,,,0,0,
Bettina Thurner,1,https://firmen.wko.at/bettina-thurner-immobilienverwaltung/tirol/?firmaid=991f4b36-ad33-445c-a355-3b75c5daae78&standortid=7&standortname=tirol%20%28bundesland%29&suchbegriff=immobilienverwalter,403,,,,0,0,
Bewog Immobilien Gesellschaft m.b.H.,1,https://firmen.wko.at/bewog-immobilien-gesellschaft-mbh/wien/?firmaid=eb53f222-0b6b-4c8a-83ee-115a695c3217&standortid=1&standortname=wien%20%28bundesland%29&suchbegriff=immobilienverwalter,403,,,,0,0,
BFM Facility Management GmbH,1,https://firmen.wko.at/bfm-facility-management-gmbh/tirol/?firmaid=1b06d627-6807-4306-a574-4cf98f7aa7ce&standortid=7&standortname=tirol%20%28bundesland%29&suchbegriff=immobilienverwalter,403,,,,0,0,
BILANZPRO GmbH,1,https://firmen.wko.at/bilanzpro-gmbh/tirol/?firmaid=4ae138f1-326a-46f8-867b-13aeebe96826&standortid=7&standortname=tirol%20%28bundesland%29&suchbegriff=immobilienverwalter,403,,,,0,0,
Biljana Antonijevic,1,https://firmen.wko.at/biljana-antonijevic/vorarlberg/?firmaid=ed454ff3-9314-418b-b733-011c0f414229&standortid=8&standortname=vorarlberg%20%28bundesland%29&suchbegriff=immobilienverwalter,403,,,,0,0,
Bimbusco GmbH,1,https://firmen.wko.at/bimbusco-gmbh/wien/?firmaid=e56bd640-1cd3-4d61-93d0-f06a2d7d8daa&standortid=1&standortname=wien%20%28bundesland%29&suchbegriff=immobilienverwalter,403,,,,0,0,
Birgit Gálos,1,https://firmen.wko.at/birgit-glos/ober%c3%b6sterreich/?firmaid=3a71d36e-ee55-467d-bc1c-94f937379796&standortid=3&standortname=ober%c3%b6sterreich%20%28bundesland%29&suchbegriff=immobilienverwalter,403,,,,0,0,
Birgit Reingruber,1,https://firmen.wko.at/birgit-reingruber-birgit-reingruber-immobilien-hausverwaltungat/ober%c3%b6sterreich/?firmaid=2af08de4-5aba-48f3-bb63-59cf9a5cc249&standortid=3&standortname=ober%c3%b6sterreich%20%28bundesland%29&suchbegriff=immobilienverwalter,403,,,,0,0,
Birgit Waibel,1,https://firmen.wko.at/birgit-waibel/tirol/?firmaid=a0ae4ba0-09e0-42ec-83ff-ec69595290df&standortid=7&standortname=tirol%20%28bundesland%29&suchbegriff=immobilienverwalter,403,,,,0,0,
Birgitt Irmgard Sperrer,1,https://firmen.wko.at/birgitt-irmgard-sperrer/ober%c3%b6sterreich/?firmaid=474b70c7-db6f-4a65-80e1-67d21ef793f9&standortid=3&standortname=ober%c3%b6sterreich%20%28bundesland%29&suchbegriff=immobilienverwalter,403,,,,0,0,
Bischof Immobilien Ges.m.b.H.,2,https://firmen.wko.at/bischof-immobilien-gesmbh/steiermark/?firmaid=56f6b87b-c3b7-4871-a1c9-7100ad73ccec&standortid=5&standortname=steiermark%20%28bundesland%29&suchbegriff=immobilienverwalter,403,,,,0,0,
Bischof Immobilien GmbH,1,https://firmen.wko.at/bischof-immobilien-gmbh-immobilienmakler/vorarlberg/?firmaid=71947533-d993-4247-93ac-46f6281bad02&standortid=8&standortname=vorarlberg%20%28bundesland%29&suchbegriff=immobilienverwalter,403,,,,0,0,
BIT Immobilienverwaltung GmbH,1,https://firmen.wko.at/bit-immobilienverwaltung-gmbh/nieder%c3%b6sterreich/?firmaid=effbb1bd-71cc-4935-9ace-c684d161acbd&standortid=2&standortname=nieder%c3%b6sterreich%20%28bundesland%29&suchbegriff=immobilienverwalter,403,,,,0,0,
Bittendorfer Immobilien e. U.,1,https://firmen.wko.at/bittendorfer-immobilien-e-u-hausverwaltung-mag-franz-bittendorfer/wien/?firmaid=8883975b-9b88-4c86-8507-3bd518dbff05&standortid=1&standortname=wien%20%28bundesland%29&suchbegriff=immobilienverwalter,403,,,,0,0,
Bittermann Immobilien GmbH,1,https://firmen.wko.at/bittermann-immobilien-gmbh/nieder%c3%b6sterreich/?firmaid=d06ffd1d-e519-4edc-854e-e22927204c08&standortid=2&standortname=nieder%c3%b6sterreich%20%28bundesland%29&suchbegriff=immobilienverwalter,403,,,,0,0,
BKS Immobilien-Service Gesellschaft m.b.H.,1,https://firmen.wko.at/bks-immobilien-service-gesellschaft-mbh-bks-immobilien-service-gesellschaft-mbh/k%c3%a4rnten/?firmaid=f54a130a-7377-4914-b8ef-33c42271f0e1&standortid=6&standortname=k%c3%a4rnten%20%28bundesland%29&suchbegriff=immobilienverwalter,403,,,,0,0,
Black Point Hausverwaltung GmbH,1,https://firmen.wko.at/black-point-hausverwaltung-gmbh/salzburg/?firmaid=25d807b1-3be5-48b0-94ec-cb982ba55621&standortid=4&standortname=salzburg%20%28bundesland%29&suchbegriff=immobilienverwalter,200,,,,0,2037,
BLP Immobilien GmbH,1,https://firmen.wko.at/blp-immobilien-gmbh/salzburg/?firmaid=da712b0c-92c4-4dc3-9392-4f56489a3bc8&standortid=4&standortname=salzburg%20%28bundesland%29&suchbegriff=immobilienverwalter,200,,,,0,2031,
BLV Liegenschaftsverwaltung GmbH,1,https://firmen.wko.at/blv-liegenschaftsverwaltung-gmbh/ober%c3%b6sterreich/?firmaid=75b6c879-93dd-46d5-8c76-f376d10fabd0&standortid=3&standortname=ober%c3%b6sterreich%20%28bundesland%29&suchbegriff=immobilienverwalter,403,,,,0,0,
BOE Baumanagement Gesellschaft m.b.H.,1,https://firmen.wko.at/boe-baumanagement-gesellschaft-mbh/tirol/?firmaid=8ac55127-33d6-4933-a45a-5fc4b2d37257&standortid=7&standortname=tirol%20%28bundesland%29&suchbegriff=immobilienverwalter,403,,,,0,0,
BOE Gebäudemanagement Gesellschaft m.b.H.,2,https://firmen.wko.at/boe-geb%c3%a4udemanagement-gesellschaft-mbh/tirol/?firmaid=4cef397c-cbbe-45bc-8d3b-21ca36fae81b&standortid=7&standortname=tirol%20%28bundesland%29&suchbegriff=immobilienverwalter,403,,,,0,0,
bokasa Immobilien GmbH,1,https://firmen.wko.at/bokasa-immobilien-gmbh/vorarlberg/?firmaid=e83214b2-9910-4e04-96f1-f2d8fdb55689&standortid=8&standortname=vorarlberg%20%28bundesland%29&suchbegriff=immobilienverwalter,403,,,,0,0,
BONAFIDE Treuhand- und Revisionsgesellschaft m.b.H.,1,https://firmen.wko.at/bonafide-treuhand-und-revisionsgesellschaft-mbh/wien/?firmaid=8ef30c84-2121-4fec-92b2-2411e368c0ef&standortid=1&standortname=wien%20%28bundesland%29&suchbegriff=immobilienverwalter,403,,,,0,0,
Brehm Immobilien GmbH,1,https://firmen.wko.at/brehm-immobilien-gmbh-immobilienmakler-immobilientreuh%c3%a4nder-baumeister/wien/?firmaid=82636cbe-0bb0-4511-a02d-64ec57b66e92&standortid=1&standortname=wien%20%28bundesland%29&suchbegriff=immobilienverwalter,403,,,,0,0,
Bressan Immobilien GmbH,1,https://firmen.wko.at/bressan-immobilien-gmbh/tirol/?firmaid=5569a38f-0d2e-4cd3-8e95-36c83ccb767e&standortid=7&standortname=tirol%20%28bundesland%29&suchbegriff=immobilienverwalter,403,,,,0,0,
Brichard Immobilien GmbH,1,https://firmen.wko.at/brichard-immobilien-gmbh/wien/?firmaid=ddcbf14e-575a-457e-a7ac-3ba72a9cabb5&standortid=1&standortname=wien%20%28bundesland%29&suchbegriff=immobilienverwalter,403,,,,0,0,
Brigitte Pfleger,1,https://firmen.wko.at/brigitte-pfleger/nieder%c3%b6sterreich/?firmaid=7231a8b5-c624-4502-9df5-af23c208160d&standortid=2&standortname=nieder%c3%b6sterreich%20%28bundesland%29&suchbegriff=immobilienverwalter,403,,,,0,0,
Brigitte Riefenthaler,1,https://firmen.wko.at/brigitte-riefenthaler/wien/?firmaid=5db47303-e52c-4ca8-825f-5f9df0c177d0&standortid=1&standortname=wien%20%28bundesland%29&suchbegriff=immobilienverwalter,403,,,,0,0,
Brigitte Sieb,1,https://firmen.wko.at/brigitte-sieb/wien/?firmaid=7f28232d-dece-47e7-afdd-fd0542534602&standortid=1&standortname=wien%20%28bundesland%29&suchbegriff=immobilienverwalter,403,,,,0,0,
Broesigke Hausverwaltung GmbH,1,https://firmen.wko.at/broesigke-hausverwaltung-gmbh/wien/?firmaid=66e6ce8e-a998-40a8-b007-75f56a6a173e&standortid=1&standortname=wien%20%28bundesland%29&suchbegriff=immobilienverwalter,403,,,,0,0,
Brugger & Brugger ImmoConsulting GmbH,1,https://firmen.wko.at/brugger-und-brugger-immoconsulting-gmbh-hausverwaltung/nieder%c3%b6sterreich/?firmaid=761c0a8e-c1e5-401d-a7e1-51e03f5537a6&standortid=2&standortname=nieder%c3%b6sterreich%20%28bundesland%29&suchbegriff=immobilienverwalter,403,,,,0,0,
Brummermann & Co. Gesellschaft m.b.H.,1,https://firmen.wko.at/brummermann-und-co-gesellschaft-mbh/salzburg/?firmaid=482e7857-0b6b-4d6e-a5c5-0d99df618e5e&standortid=4&standortname=salzburg%20%28bundesland%29&suchbegriff=immobilienverwalter,200,,,,0,2959,
Brun Immobilien GmbH & Co KG,1,https://firmen.wko.at/brun-immobilien-gmbh-und-co-kg/wien/?firmaid=3063bd99-38f6-4a32-8d9c-38ec9da7943a&standortid=1&standortname=wien%20%28bundesland%29&suchbegriff=immobilienverwalter,403,,,,0,0,
"Bruno Schwendinger, MA",1,https://firmen.wko.at/bruno-schwendinger-ma/wien/?firmaid=cb1ce350-2642-4d27-bc87-e2e83104f0c8&standortid=1&standortname=wien%20%28bundesland%29&suchbegriff=immobilienverwalter,403,,,,0,0,
BS Consus GmbH,1,https://firmen.wko.at/bs-consus-gmbh/wien/?firmaid=ed8ef0df-0d72-4f78-92ea-f226d386d662&standortid=1&standortname=wien%20%28bundesland%29&suchbegriff=immobilienverwalter,403,,,,0,0,
BS Real 360 GmbH,1,https://firmen.wko.at/bs-real-360-gmbh-immobilienverwaltung/wien/?firmaid=f9aa4831-a2d5-4143-bb00-5ba667ca4f82&standortid=1&standortname=wien%20%28bundesland%29&suchbegriff=immobilienverwalter,403,,,,0,0,
Buchinger Immobilien e.U.,1,https://firmen.wko.at/buchinger-immobilien-eu/ober%c3%b6sterreich/?firmaid=ce37b48d-f6cb-4d7c-8ae7-bb1395814ef1&standortid=3&standortname=ober%c3%b6sterreich%20%28bundesland%29&suchbegriff=immobilienverwalter,403,,,,0,0,
Buchinger Immobilien GesmbH,1,https://firmen.wko.at/buchinger-immobilien-gesmbh/burgenland/?firmaid=2bd9d6f8-e7b4-4481-8c0a-367f5dd93b2f&standortid=9&standortname=burgenland%20%28bundesland%29&suchbegriff=immobilienverwalter,403,,,,0,0,
build & solve GmbH,1,https://firmen.wko.at/build-und-solve-gmbh/vorarlberg/?firmaid=5276ebc6-672a-46e6-a599-b2330be3330b&standortid=8&standortname=vorarlberg%20%28bundesland%29&suchbegriff=immobilienverwalter,403,,,,0,0,
buildings4future Hausverwaltung GmbH,1,https://firmen.wko.at/buildings4future-hausverwaltung-gmbh/wien/?firmaid=8ac7b914-af18-47be-99f4-b245f9b6a204&standortid=1&standortname=wien%20%28bundesland%29&suchbegriff=immobilienverwalter,403,,,,0,0,
Bundesimmobiliengesellschaft m.b.H.,21,https://firmen.wko.at/bundesimmobiliengesellschaft-mbh/salzburg/?firmaid=f7c879d8-490a-4266-9e0c-4cf7464be9d4&standortid=4&standortname=salzburg%20%28bundesland%29&suchbegriff=immobilienverwalter,403,,,,0,0,
Businesspark Management GmbH,1,https://firmen.wko.at/businesspark-management-gmbh/wien/?firmaid=f9bdbfdf-0d07-4719-86a4-7eb07358d709&standortid=1&standortname=wien%20%28bundesland%29&suchbegriff=immobilienverwalter,403,,,,0,0,
BUWOG - Bauen und Wohnen Gesellschaft mbH,4,https://firmen.wko.at/buwog-bauen-und-wohnen-gesellschaft-mbh/salzburg/?firmaid=431cb0a6-d8ea-407d-ba26-0a4f38714c17&standortid=4&standortname=salzburg%20%28bundesland%29&suchbegriff=immobilienverwalter,200,,,,0,9070,
BUWOG cw Handelsges.m.b.H.,1,https://firmen.wko.at/buwog-cw-handelsgesmbh/wien/?firmaid=25b27bf1-5f02-4ed6-9249-508ce50fb931&standortid=1&standortname=wien%20%28bundesland%29&suchbegriff=immobilienverwalter,403,,,,0,0,
BUWOG Group GmbH,2,https://firmen.wko.at/buwog-group-gmbh/k%c3%a4rnten/?firmaid=3db3dd40-f50e-462c-a775-0ba4015de6ae&standortid=6&standortname=k%c3%a4rnten%20%28bundesland%29&suchbegriff=immobilienverwalter,403,,,,0,0,
BUWOG Holding GmbH,1,https://firmen.wko.at/buwog-holding-gmbh/wien/?firmaid=673e8457-cd01-4c9a-b68f-2a499feb98f4&standortid=1&standortname=wien%20%28bundesland%29&suchbegriff=immobilienverwalter,403,,,,0,0,
BUWOG Immobilien und Development GmbH,1,https://firmen.wko.at/buwog-immobilien-und-development-gmbh/wien/?firmaid=87aa85f9-651e-4762-9513-67aa9a22e9c5&standortid=1&standortname=wien%20%28bundesland%29&suchbegriff=immobilienverwalter,403,,,,0,0,
BUWOG Süd GmbH,2,https://firmen.wko.at/buwog-s%c3%bcd-gmbh/steiermark/?firmaid=c4359d49-9396-4365-99ab-5de6a1b99d84&standortid=5&standortname=steiermark%20%28bundesland%29&suchbegriff=immobilienverwalter,403,,,,0,0,
BUX Hausverwaltung GmbH,1,https://firmen.wko.at/bux-hausverwaltung-gmbh-hausverwaltung/salzburg/?firmaid=73cd1fc3-9118-45af-8852-617c13a31f3e&standortid=4&standortname=salzburg%20%28bundesland%29&suchbegriff=immobilienverwalter,200,2,exact,2 [exact] eb: https://www.bux-hausverwaltung.at/ Adresse: Stadtplatz 3 5550 Radstadt Route planen Öffnungszeiten: Persönliche Termine nach telefonischer Vereinbarung Über uns 2024 gegründet 2 Mitarbeiter Wir verwalten Zufriedenheit Firmendaten Firmendaten laut Gewerbedatenbank Firmenname: BUX Hausverwaltung GmbH Firmenbuchnummer: 632929d Firmengericht: Landesgericht Salzburg GLN (,1,2365,
BWF Wohnbau GmbH,1,https://firmen.wko.at/bwf-wohnbau-gmbh/k%c3%a4rnten/?firmaid=57dfe71e-80a1-436a-a0b5-81439c126083&standortid=6&standortname=k%c3%a4rnten%20%28bundesland%29&suchbegriff=immobilienverwalter,403,,,,0,0,
Bzwei Immobilien GmbH,1,https://firmen.wko.at/bzwei-immobilien-gmbh/ober%c3%b6sterreich/?firmaid=4b270506-8309-4bbb-b72e-0a47fdc95f94&standortid=3&standortname=ober%c3%b6sterreich%20%28bundesland%29&suchbegriff=immobilienverwalter,403,,,,0,0,
Böchzelt Immobilien GmbH,1,https://firmen.wko.at/b%c3%b6chzelt-immobilien-gmbh/steiermark/?firmaid=3a6f13d2-81a0-40f9-9dfd-2ce6783215bd&standortid=5&standortname=steiermark%20%28bundesland%29&suchbegriff=immobilienverwalter,403,,,,0,0,
C&F Comfort and Fun GmbH,1,https://firmen.wko.at/cundf-comfort-and-fun-gmbh/wien/?firmaid=8a9b4ff4-4721-4f23-bd18-b864e62df4c1&standortid=1&standortname=wien%20%28bundesland%29&suchbegriff=immobilienverwalter,403,,,,0,0,
Capellmann Hausverwaltungs-GmbH,1,https://firmen.wko.at/capellmann-hausverwaltungs-gmbh/wien/?firmaid=3a4aba1b-ecf4-48be-904c-488021669284&standortid=1&standortname=wien%20%28bundesland%29&suchbegriff=immobilienverwalter,403,,,,0,0,
Carolin Catharina Schmidt,1,https://firmen.wko.at/carolin-catharina-schmidt/steiermark/?firmaid=2f0d7987-df3e-4b5c-bd40-5eddae45339d&standortid=5&standortname=steiermark%20%28bundesland%29&suchbegriff=immobilienverwalter,403,,,,0,0,
Carolin Lener,1,https://firmen.wko.at/carolin-lener/tirol/?firmaid=672670d2-fbc1-412b-8df6-ca3dca5d64a7&standortid=7&standortname=tirol%20%28bundesland%29&suchbegriff=immobilienverwalter,403,,,,0,0,
CASA NOVA Real Estate GmbH,1,https://firmen.wko.at/casa-nova-real-estate-gmbh-immobilienmakler-und-immobilienverwalter/wien/?firmaid=81fed708-cac5-4fce-81c1-472395842b7c&standortid=1&standortname=wien%20%28bundesland%29&suchbegriff=immobilienverwalter,403,,,,0,0,
Casavia Immobilien GmbH,1,https://firmen.wko.at/casavia-immobilien-gmbh/k%c3%a4rnten/?firmaid=01424d1f-5d6a-46c4-8551-9f330d3b709b&standortid=6&standortname=k%c3%a4rnten%20%28bundesland%29&suchbegriff=immobilienverwalter,403,,,,0,0,
CBRE GmbH,1,https://firmen.wko.at/cbre-gmbh-cbre-gmbh/wien/?firmaid=f9385336-8856-4a6b-b913-0574cec1db0a&standortid=1&standortname=wien%20%28bundesland%29&suchbegriff=immobilienverwalter,403,,,,0,0,
CBRE GWS Austria GmbH,2,https://firmen.wko.at/cbre-gws-austria-gmbh/tirol/?firmaid=5a15c029-6f74-46ae-9744-690c59c0627a&standortid=7&standortname=tirol%20%28bundesland%29&suchbegriff=immobilienverwalter,403,,,,0,0,
CBS International GmbH,1,https://firmen.wko.at/cbs-international-gmbh/wien/?firmaid=5d9462ca-e96a-4011-89a7-3611aa679625&standortid=1&standortname=wien%20%28bundesland%29&suchbegriff=immobilienverwalter,403,,,,0,0,
CCI Immobilienentwicklung GmbH,1,https://firmen.wko.at/cci-immobilienentwicklung-gmbh-christoph-chromecek-immobilien/nieder%c3%b6sterreich/?firmaid=d401aa78-f140-4a87-89a8-daf1bab0dbaf&standortid=2&standortname=nieder%c3%b6sterreich%20%28bundesland%29&suchbegriff=immobilienverwalter,403,,,,0,0,
CCI Immobilientreuhand GmbH,1,https://firmen.wko.at/cci-immobilientreuhand-gmbh/wien/?firmaid=b1b85c7b-9c18-4c98-878d-0ffbb4803b32&standortid=1&standortname=wien%20%28bundesland%29&suchbegriff=immobilienverwalter,403,,,,0,0,
CCS Immobilienverwaltung e.U.,1,https://firmen.wko.at/ccs-immobilienverwaltung-eu/ober%c3%b6sterreich/?firmaid=9323c547-75b0-46e0-8adf-85163c5e2462&standortid=3&standortname=ober%c3%b6sterreich%20%28bundesland%29&suchbegriff=immobilienverwalter,403,,,,0,0,
CE Verwaltungs GmbH,1,https://firmen.wko.at/ce-verwaltungs-gmbh/salzburg/?firmaid=c50b0022-c5ee-4887-8a32-247266742549&standortid=4&standortname=salzburg%20%28bundesland%29&suchbegriff=immobilienverwalter,200,,,,0,2062,
CEE/China Trade and Brokerage Consulting GmbH,1,https://firmen.wko.at/cee-china-trade-and-brokerage-consulting-gmbh/nieder%c3%b6sterreich/?firmaid=a7ab89f7-4e8d-41fa-9e50-ccf022493139&standortid=2&standortname=nieder%c3%b6sterreich%20%28bundesland%29&suchbegriff=immobilienverwalter,403,,,,0,0,
CFI Immobilientreuhand GmbH,1,https://firmen.wko.at/cfi-immobilientreuhand-gmbh/wien/?firmaid=83ce7c14-1627-40f3-b810-662e42246c0f&standortid=1&standortname=wien%20%28bundesland%29&suchbegriff=immobilienverwalter,403,,,,0,0,
Chic City Immo GmbH,1,https://firmen.wko.at/chic-city-immo-gmbh/wien/?firmaid=cec564fa-88ba-498d-938a-28f5739c4587&standortid=1&standortname=wien%20%28bundesland%29&suchbegriff=immobilienverwalter,403,,,,0,0,
CHORA Immobilienverwaltung GmbH,1,https://firmen.wko.at/chora-immobilienverwaltung-gmbh-immobilientreuhand/wien/?firmaid=a2804511-41a5-43bd-8127-c808c02e893e&standortid=1&standortname=wien%20%28bundesland%29&suchbegriff=immobilienverwalter,403,,,,0,0,
Christian Heim,1,https://firmen.wko.at/christian-heim/salzburg/?firmaid=37e72822-2c9f-4518-9727-1444eaefa26b&standortid=4&standortname=salzburg%20%28bundesland%29&suchbegriff=immobilienverwalter,200,,,,0,2521,
Christian Helmut Schniersmeyer,1,https://firmen.wko.at/christian-helmut-schniersmeyer-baumeister-christian-schniersmeyer/tirol/?firmaid=193765c4-d46b-4ddb-a8be-29201e492cc2&standortid=7&standortname=tirol%20%28bundesland%29&suchbegriff=immobilienverwalter,403,,,,0,0,
"Christian Kaspar, MSc MEng",1,https://firmen.wko.at/christian-kaspar-msc-meng/wien/?firmaid=ff2e257f-a377-4946-adc4-34eec2a48f7b&standortid=1&standortname=wien%20%28bundesland%29&suchbegriff=immobilienverwalter,403,,,,0,0,
Christian Peter Hammerl,1,https://firmen.wko.at/christian-peter-hammerl-ith-immobilien-treuhand-hammerl/steiermark/?firmaid=68d78442-eb95-4fe7-b239-037b8c09ca13&standortid=5&standortname=steiermark%20%28bundesland%29&suchbegriff=immobilienverwalter,403,,,,0,0,
"Christian Schönleitner, B.A.",1,https://firmen.wko.at/christian-sch%c3%b6nleitner-ba/ober%c3%b6sterreich/?firmaid=ff703666-66f3-48af-a2a8-4402a28b29d6&standortid=3&standortname=ober%c3%b6sterreich%20%28bundesland%29&suchbegriff=immobilienverwalter,403,,,,0,0,
Christian Solms GmbH,1,https://firmen.wko.at/christian-solms-gmbh/tirol/?firmaid=86c3e4d6-2ae3-4ce3-96ef-bdc7b183b371&standortid=7&standortname=tirol%20%28bundesland%29&suchbegriff=immobilienverwalter,403,,,,0,0,
Christian Stefan Kutrowatz,1,https://firmen.wko.at/christian-stefan-kutrowatz-versicherungsb%c3%bcro/burgenland/?firmaid=89b7ed6c-d1a0-4d5a-9ba1-054f1f68a1f1&standortid=9&standortname=burgenland%20%28bundesland%29&suchbegriff=immobilienverwalter,403,,,,0,0,
Christiana Meixner,1,https://firmen.wko.at/christiana-meixner/nieder%c3%b6sterreich/?firmaid=1cd438de-83b4-4898-a8fb-b88181764c94&standortid=2&standortname=nieder%c3%b6sterreich%20%28bundesland%29&suchbegriff=immobilienverwalter,403,,,,0,0,
Christiane Höscheler,1,https://firmen.wko.at/christiane-h%c3%b6scheler-immobilienverwaltung/vorarlberg/?firmaid=239c6c78-afbf-481c-9a97-238a7dfd6e1f&standortid=8&standortname=vorarlberg%20%28bundesland%29&suchbegriff=immobilienverwalter,403,,,,0,0,
Christina Eva-Maria Knoll-Prantl,1,https://firmen.wko.at/christina-eva-maria-knoll-prantl/tirol/?firmaid=d3c67284-9b1d-4ec3-8112-8c553b1973fb&standortid=7&standortname=tirol%20%28bundesland%29&suchbegriff=immobilienverwalter,403,,,,0,0,
Christina Petra Dojacek-Magenheim,1,https://firmen.wko.at/christina-petra-dojacek-magenheim/wien/?firmaid=bdd05c8d-89f9-4fad-878b-7fe2e12c734e&standortid=1&standortname=wien%20%28bundesland%29&suchbegriff=immobilienverwalter,403,,,,0,0,
Christine Cäcilia Zeilner,2,https://firmen.wko.at/christine-c%c3%a4cilia-zeilner/nieder%c3%b6sterreich/?firmaid=73c4a2af-9ce2-4ab4-a283-d467b7384c64&standortid=2&standortname=nieder%c3%b6sterreich%20%28bundesland%29&suchbegriff=immobilienverwalter,403,,,,0,0,
Christine Friederike Sutrich,2,https://firmen.wko.at/christine-friederike-sutrich/burgenland/?firmaid=f58c42f6-4d38-444e-a4a7-0a78c9443222&standortid=9&standortname=burgenland%20%28bundesland%29&suchbegriff=immobilienverwalter,403,,,,0,0,
Christine Josefa Schlacher,1,https://firmen.wko.at/christine-josefa-schlacher/steiermark/?firmaid=fa5d8289-f664-497c-8f23-1801f0e77996&standortid=5&standortname=steiermark%20%28bundesland%29&suchbegriff=immobilienverwalter,403,,,,0,0,
Christine Leuthner,1,https://firmen.wko.at/christine-leuthner/wien/?firmaid=2db76abc-2013-4d11-a722-098768575fce&standortid=1&standortname=wien%20%28bundesland%29&suchbegriff=immobilienverwalter,403,,,,0,0,
Christine Pölzl,1,https://firmen.wko.at/christine-p%c3%b6lzl/wien/?firmaid=7cd7ba21-c597-4f97-946b-b59895d0bcd6&standortid=1&standortname=wien%20%28bundesland%29&suchbegriff=immobilienverwalter,403,,,,0,0,
"Cindy Fahlböck, BA MA",1,https://firmen.wko.at/cindy-fahlb%c3%b6ck-ba-ma/k%c3%a4rnten/?firmaid=573f3230-2820-482f-931e-39da9b0d5d8f&standortid=6&standortname=k%c3%a4rnten%20%28bundesland%29&suchbegriff=immobilienverwalter,403,,,,0,0,
City Real Immobilien Vermittlungs- und Verwaltungsgesellschaft m.b.H.,1,https://firmen.wko.at/city-real-immobilien-vermittlungs-und-verwaltungsgesellschaft-mbh/tirol/?firmaid=d8366691-9e73-46f5-8639-2b31ac83e833&standortid=7&standortname=tirol%20%28bundesland%29&suchbegriff=immobilienverwalter,403,,,,0,0,
City-Immobilien GmbH,1,https://firmen.wko.at/city-immobilien-gmbh/ober%c3%b6sterreich/?firmaid=5ccc9842-cc4f-433d-871c-47f4f3fbb1ad&standortid=3&standortname=ober%c3%b6sterreich%20%28bundesland%29&suchbegriff=immobilienverwalter,403,,,,0,0,
CITYPARK GmbH,1,https://firmen.wko.at/citypark-gmbh/steiermark/?firmaid=374c09df-b5aa-4d08-9fd6-b82f6c6920bd&standortid=5&standortname=steiermark%20%28bundesland%29&suchbegriff=immobilienverwalter,403,,,,0,0,
"Civ.ing. Harald Andreas Hainzl, MSc",1,https://firmen.wko.at/civing-harald-andreas-hainzl-msc/steiermark/?firmaid=72792482-7cab-43ed-ba20-056197b895f8&standortid=5&standortname=steiermark%20%28bundesland%29&suchbegriff=immobilienverwalter,403,,,,0,0,
Claudia Maier,1,https://firmen.wko.at/claudia-maier/salzburg/?firmaid=b0c2a0ca-0eae-4ef4-8ac5-f1d4005ebbd8&standortid=4&standortname=salzburg%20%28bundesland%29&suchbegriff=immobilienverwalter,200,,,,0,2795,
Claudia Zinner-Hinterwallner,1,https://firmen.wko.at/claudia-zinner-hinterwallner/nieder%c3%b6sterreich/?firmaid=68eda447-5e4e-43b6-8469-36c79e13fc2a&standortid=2&standortname=nieder%c3%b6sterreich%20%28bundesland%29&suchbegriff=immobilienverwalter,403,,,,0,0,
CMR Projekt GmbH,1,https://firmen.wko.at/cmr-projekt-gmbh/wien/?firmaid=1bca9bb4-e4a2-4120-bec1-54f7b354ba11&standortid=1&standortname=wien%20%28bundesland%29&suchbegriff=immobilienverwalter,403,,,,0,0,
CMTY Service GmbH,1,https://firmen.wko.at/cmty-service-gmbh/vorarlberg/?firmaid=078b7867-097e-46bb-a0b0-208d6f416f6d&standortid=8&standortname=vorarlberg%20%28bundesland%29&suchbegriff=immobilienverwalter,403,,,,0,0,
COLLIERS Immobilienverwaltung GmbH,1,https://firmen.wko.at/colliers-immobilienverwaltung-gmbh/wien/?firmaid=75f91559-31fe-4a99-94c3-5e0d5534bb38&standortid=1&standortname=wien%20%28bundesland%29&suchbegriff=immobilienverwalter,403,,,,0,0,
COMFORT-REAL Gebäudeverwaltungs- und Realitäten Ges.m.b.H.,1,https://firmen.wko.at/comfort-real-geb%c3%a4udeverwaltungs-und-realit%c3%a4ten-gesmbh/wien/?firmaid=4f616b49-263c-4df0-8d44-64923705ab1a&standortid=1&standortname=wien%20%28bundesland%29&suchbegriff=immobilienverwalter,403,,,,0,0,
Con Tessa Immobilienverwertung GmbH,1,https://firmen.wko.at/con-tessa-immobilienverwertung-gmbh/wien/?firmaid=88da7311-138c-4958-b6ad-25450e79f1ff&standortid=1&standortname=wien%20%28bundesland%29&suchbegriff=immobilienverwalter,403,,,,0,0,
Concept Immobilientreuhand GmbH,1,https://firmen.wko.at/concept-immobilientreuhand-gmbh/steiermark/?firmaid=766a2cc7-a6fe-4f5a-b76d-4f8b986ebc4d&standortid=5&standortname=steiermark%20%28bundesland%29&suchbegriff=immobilienverwalter,403,,,,0,0,
CONDUCTA Hausverwaltung GmbH,1,https://firmen.wko.at/conducta-hausverwaltung-gmbh/wien/?firmaid=59f6186b-01ab-47fb-96e1-395583e7a7ae&standortid=1&standortname=wien%20%28bundesland%29&suchbegriff=immobilienverwalter,403,,,,0,0,
"Constantin Bednař, MSc",1,https://firmen.wko.at/constantin-bedna-msc/wien/?firmaid=08fac0f4-c703-4324-ab8e-741ae5b9111d&standortid=1&standortname=wien%20%28bundesland%29&suchbegriff=immobilienverwalter,403,,,,0,0,
Consultatia GmbH,1,https://firmen.wko.at/consultatia-gmbh/burgenland/?firmaid=e1fb6306-8d80-4208-a6a9-f6ab8de22a00&standortid=9&standortname=burgenland%20%28bundesland%29&suchbegriff=immobilienverwalter,403,,,,0,0,
cont EQ Immobilien GmbH,1,https://firmen.wko.at/cont-eq-immobilien-gmbh/wien/?firmaid=a0225641-b4d8-4fa7-a8a1-41bfaf5ddf4d&standortid=1&standortname=wien%20%28bundesland%29&suchbegriff=immobilienverwalter,403,,,,0,0,
CONTEC Hausverwaltung GmbH,1,https://firmen.wko.at/contec-hausverwaltung-gmbh/wien/?firmaid=ac954131-ecdb-42ea-930c-21c2c2c69222&standortid=1&standortname=wien%20%28bundesland%29&suchbegriff=immobilienverwalter,403,,,,0,0,
convival Immobilien GmbH,1,https://firmen.wko.at/convival-immobilien-gmbh/wien/?firmaid=3547dbe5-5bd0-48b7-be8d-ee0ca80b0044&standortid=1&standortname=wien%20%28bundesland%29&suchbegriff=immobilienverwalter,403,,,,0,0,
Corner Immobilien GmbH,1,https://firmen.wko.at/corner-immobilien-gmbh/wien/?firmaid=f00a65e4-153f-49b4-82b1-edb13a0915aa&standortid=1&standortname=wien%20%28bundesland%29&suchbegriff=immobilienverwalter,403,,,,0,0,
CorPore Management Support GmbH,1,https://firmen.wko.at/corpore-management-support-gmbh/steiermark/?firmaid=313dfbd6-3b6f-4dbe-bf5f-ad15f3eb4b15&standortid=5&standortname=steiermark%20%28bundesland%29&suchbegriff=immobilienverwalter,403,,,,0,0,
CPI Europe AG,1,https://firmen.wko.at/cpi-europe-ag/wien/?firmaid=1f90a1e5-78a1-4ae0-a434-7e6e716a382b&standortid=1&standortname=wien%20%28bundesland%29&suchbegriff=immobilienverwalter,403,,,,0,0,
CPL GmbH,1,https://firmen.wko.at/cpl-gmbh/nieder%c3%b6sterreich/?firmaid=410b5751-8d80-4d7a-b14a-3bb2fae60082&standortid=2&standortname=nieder%c3%b6sterreich%20%28bundesland%29&suchbegriff=immobilienverwalter,403,,,,0,0,
CRO Management Holding GmbH,1,https://firmen.wko.at/cro-management-holding-gmbh/wien/?firmaid=d205b22e-5101-4b2a-9de1-ab02dc695619&standortid=1&standortname=wien%20%28bundesland%29&suchbegriff=immobilienverwalter,403,,,,0,0,
CURA Immobilien OG,1,https://firmen.wko.at/cura-immobilien-og-cura-immobilien/vorarlberg/?firmaid=d3fae1a0-063d-48d8-9732-83dd4850e2cb&standortid=8&standortname=vorarlberg%20%28bundesland%29&suchbegriff=immobilienverwalter,403,,,,0,0,
Curator Immobilientreuhandges.m.b.H.,1,https://firmen.wko.at/curator-immobilientreuhandgesmbh/wien/?firmaid=9fd72f6e-6167-4305-adcf-bc2834f26c99&standortid=1&standortname=wien%20%28bundesland%29&suchbegriff=immobilienverwalter,403,,,,0,0,
"Czembirek, Reich-Rohrwig Immobilienverwaltungs GmbH",1,https://firmen.wko.at/czembirek-reich-rohrwig-immobilienverwaltungs-gmbh/wien/?firmaid=d38856b3-96c0-490d-b200-2e46ae50a3b5&standortid=1&standortname=wien%20%28bundesland%29&suchbegriff=immobilienverwalter,403,,,,0,0,
dahir gmbh - Sozioökonomisches Immobilien Management,1,https://firmen.wko.at/dahir-gmbh-sozio%c3%b6konomisches-immobilien-management/steiermark/?firmaid=0218b957-3287-4cc7-9196-9d8c9bb1bfec&standortid=5&standortname=steiermark%20%28bundesland%29&suchbegriff=immobilienverwalter,403,,,,0,0,
Daniel Hausverwaltung GmbH,1,https://firmen.wko.at/daniel-hausverwaltung-gmbh/k%c3%a4rnten/?firmaid=c5df1059-a951-4a08-bc2e-4143612ffe36&standortid=6&standortname=k%c3%a4rnten%20%28bundesland%29&suchbegriff=immobilienverwalter,403,,,,0,0,
DANIEL IMMOBILIEN e.U.,1,https://firmen.wko.at/daniel-immobilien-eu/k%c3%a4rnten/?firmaid=c47cd3bc-6ef7-41f1-a902-1ab0670f4fb8&standortid=6&standortname=k%c3%a4rnten%20%28bundesland%29&suchbegriff=immobilienverwalter,403,,,,0,0,
Daniela Ebner,1,https://firmen.wko.at/daniela-ebner/salzburg/?firmaid=7115fe4f-bf05-4421-8307-f26d52ad76fa&standortid=4&standortname=salzburg%20%28bundesland%29&suchbegriff=immobilienverwalter,200,,,,0,2648,
Danninger Transport GmbH,1,https://firmen.wko.at/danninger-transport-gmbh/salzburg/?firmaid=01b40c9b-afd2-480f-9ae2-5bd565e61693&standortid=4&standortname=salzburg%20%28bundesland%29&suchbegriff=immobilienverwalter,200,,,,0,3574,
Daria Marlene Sieber,1,https://firmen.wko.at/daria-marlene-sieber-hausverwaltungen-immobilienverwaltungen/vorarlberg/?firmaid=874e0504-085b-4f3a-960f-0b090b0bc61a&standortid=8&standortname=vorarlberg%20%28bundesland%29&suchbegriff=immobilienverwalter,403,,,,0,0,
Das Neue Wohnen GmbH,1,https://firmen.wko.at/das-neue-wohnen-gmbh/nieder%c3%b6sterreich/?firmaid=44e1979b-8bda-4a64-accd-41c66d703adc&standortid=2&standortname=nieder%c3%b6sterreich%20%28bundesland%29&suchbegriff=immobilienverwalter,403,,,,0,0,
DATAREAL Beteiligungsgesellschaft m.b.H. & Co. Gablenzgasse 60 KG,1,https://firmen.wko.at/datareal-beteiligungsgesellschaft-mbh-und-co-gablenzgasse-60-kg/wien/?firmaid=f925106c-e652-4985-a24d-1e9a1b29bf88&standortid=1&standortname=wien%20%28bundesland%29&suchbegriff=immobilienverwalter,403,,,,0,0,
DATAREAL Beteiligungsgesellschaft m.b.H.& Co. Heiligenstädter Straße 9 OG,1,https://firmen.wko.at/datareal-beteiligungsgesellschaft-mbhund-co-heiligenst%c3%a4dter-stra%c3%9fe-9-og/wien/?firmaid=07d6208d-fdb6-457e-a951-2f94ea78f007&standortid=1&standortname=wien%20%28bundesland%29&suchbegriff=immobilienverwalter,403,,,,0,0,
Daum Immobilien GmbH,1,https://firmen.wko.at/daum-immobilien-gmbh/tirol/?firmaid=3c5a0da1-0c6e-4c26-b25d-7f26566464e2&standortid=7&standortname=tirol%20%28bundesland%29&suchbegriff=immobilienverwalter,403,,,,0,0,
David Halmer,1,https://firmen.wko.at/david-halmer/wien/?firmaid=55149333-c868-45d6-a2a0-73a1be966fe2&standortid=1&standortname=wien%20%28bundesland%29&suchbegriff=immobilienverwalter,403,,,,0,0,
DDI Immo GmbH,1,https://firmen.wko.at/ddi-immo-gmbh/wien/?firmaid=a2ab67f8-8b36-4f2b-8fa4-9c06f1df00c5&standortid=1&standortname=wien%20%28bundesland%29&suchbegriff=immobilienverwalter,403,,,,0,0,
Degen Immobilien GmbH,2,https://firmen.wko.at/degen-immobilien-gmbh/steiermark/?firmaid=18c3ce70-2db0-4290-b06f-9a1a06481af5&standortid=5&standortname=steiermark%20%28bundesland%29&suchbegriff=immobilienverwalter,403,,,,0,0,
delop GmbH,1,https://firmen.wko.at/delop-gmbh/nieder%c3%b6sterreich/?firmaid=f29bf383-f74c-40bd-a59a-c47b80d861a2&standortid=2&standortname=nieder%c3%b6sterreich%20%28bundesland%29&suchbegriff=immobilienverwalter,403,,,,0,0,
"Delta Immobilien - Verwaltungs-, Verwertungs- und Vermittlungsgesellschaft m.b.H.",1,https://firmen.wko.at/delta-immobilien-verwaltungs-verwertungs-und-vermittlungsgesellschaft-mbh/wien/?firmaid=72aee161-64cb-4115-8243-0622a49a2b58&standortid=1&standortname=wien%20%28bundesland%29&suchbegriff=immobilienverwalter,403,,,,0,0,
DENZEL Immobilien GmbH,2,https://firmen.wko.at/denzel-immobilien-gmbh/wien/?firmaid=78ee919d-3073-4755-bd35-c2433d42e8d8&standortid=1&standortname=wien%20%28bundesland%29&suchbegriff=immobilienverwalter,403,,,,0,0,
Desiree Kröpl,1,https://firmen.wko.at/desiree-kr%c3%b6pl-immobilienverwaltung/ober%c3%b6sterreich/?firmaid=f4d9ff5c-98f2-423d-9447-ad1fc710ea0e&standortid=3&standortname=ober%c3%b6sterreich%20%28bundesland%29&suchbegriff=immobilienverwalter,403,,,,0,0,
Detlev Neudeck,1,https://firmen.wko.at/detlev-neudeck/wien/?firmaid=a991dfc7-efc7-41f0-b1ab-18b898bc63d1&standortid=1&standortname=wien%20%28bundesland%29&suchbegriff=immobilienverwalter,403,,,,0,0,
DeZt Immobilien Real Estate Management GmbH,1,https://firmen.wko.at/dezt-immobilien-real-estate-management-gmbh/k%c3%a4rnten/?firmaid=99934d44-2cdd-4d5a-b1b9-8738388351ba&standortid=6&standortname=k%c3%a4rnten%20%28bundesland%29&suchbegriff=immobilienverwalter,403,,,,0,0,
DHS Immobilien GmbH,1,https://firmen.wko.at/dhs-immobilien-gmbh/tirol/?firmaid=02fd4724-fcee-461e-a768-6a166111f2d2&standortid=7&standortname=tirol%20%28bundesland%29&suchbegriff=immobilienverwalter,403,,,,0,0,
DI (FH) Peter Seyerlehner,1,https://firmen.wko.at/di-fh-peter-seyerlehner/ober%c3%b6sterreich/?firmaid=030ee678-1b69-488d-b2b2-7bc0f3e4e38f&standortid=3&standortname=ober%c3%b6sterreich%20%28bundesland%29&suchbegriff=immobilienverwalter,403,,,,0,0,
DI Czerny Immobilien GmbH,1,https://firmen.wko.at/di-czerny-immobilien-gmbh-czerny-immobilien/wien/?firmaid=324a5d17-7da9-4478-a0ef-d3125aa06bda&standortid=1&standortname=wien%20%28bundesland%29&suchbegriff=immobilienverwalter,403,,,,0,0,
DI Doloszeski Immobilien GmbH,1,https://firmen.wko.at/di-doloszeski-immobilien-gmbh/wien/?firmaid=c0ce5255-223b-4b7b-8b4f-ab33973a7166&standortid=1&standortname=wien%20%28bundesland%29&suchbegriff=immobilienverwalter,403,,,,0,0,
DI ImmobilienverwaltungsgesmbH,1,https://firmen.wko.at/di-immobilienverwaltungsgesmbh/wien/?firmaid=39ad5b04-2abf-4c52-847b-d653fa8d1f91&standortid=1&standortname=wien%20%28bundesland%29&suchbegriff=immobilienverwalter,403,,,,0,0,
DI Sandra Bauernfeind,1,https://firmen.wko.at/di-sandra-bauernfeind/wien/?firmaid=c49e1092-87a5-48b6-9a54-797ec36621f2&standortid=1&standortname=wien%20%28bundesland%29&suchbegriff=immobilienverwalter,403,,,,0,0,
Die Hausordner GmbH,1,https://firmen.wko.at/die-hausordner-gmbh/ober%c3%b6sterreich/?firmaid=ed566bb2-d6cd-4869-90c3-ea5025ed3472&standortid=3&standortname=ober%c3%b6sterreich%20%28bundesland%29&suchbegriff=immobilienverwalter,403,,,,0,0,
Die Hausverwalter Pro Immo GesmbH,1,https://firmen.wko.at/die-hausverwalter-pro-immo-gesmbh/nieder%c3%b6sterreich/?firmaid=25b4ed97-df54-4dde-98e8-24cb17fec9b5&standortid=2&standortname=nieder%c3%b6sterreich%20%28bundesland%29&suchbegriff=immobilienverwalter,403,,,,0,0,
Die Maklerei Immobilien GmbH,1,https://firmen.wko.at/die-maklerei-immobilien-gmbh/tirol/?firmaid=0e14bd9d-1fce-4f50-8689-a545bfc32ff2&standortid=7&standortname=tirol%20%28bundesland%29&suchbegriff=immobilienverwalter,403,,,,0,0,
Die VERWALTER Immobilien Treuhand GmbH,1,https://firmen.wko.at/die-verwalter-immobilien-treuhand-gmbh/nieder%c3%b6sterreich/?firmaid=be7a867a-6092-482b-9e60-f369431fc79b&standortid=2&standortname=nieder%c3%b6sterreich%20%28bundesland%29&suchbegriff=immobilienverwalter,403,,,,0,0,
Dieter Ernfried Pretis,1,https://firmen.wko.at/dieter-ernfried-pretis-pretis-dieter-immobilientreuh%c3%a4nder/k%c3%a4rnten/?firmaid=4e1af9aa-9ff7-4c25-b69b-5497a5823652&standortid=6&standortname=k%c3%a4rnten%20%28bundesland%29&suchbegriff=immobilienverwalter,403,,,,0,0,
Dieter Stefan Grach,1,https://firmen.wko.at/dieter-stefan-grach-immobilienverwaltung/steiermark/?firmaid=58aada60-f5a1-496c-b6da-47f1f20af9ba&standortid=5&standortname=steiermark%20%28bundesland%29&suchbegriff=immobilienverwalter,403,,,,0,0,
DIGI Real Holding GmbH,1,https://firmen.wko.at/digi-real-holding-gmbh-unternehmens-und-immobilienbeteiligungen/nieder%c3%b6sterreich/?firmaid=022bb2a9-12ee-4644-a7e2-0157ec270c62&standortid=2&standortname=nieder%c3%b6sterreich%20%28bundesland%29&suchbegriff=immobilienverwalter,403,,,,0,0,
DIM Hausverwaltung GmbH,1,https://firmen.wko.at/dim-hausverwaltung-gmbh/k%c3%a4rnten/?firmaid=a755e676-cbea-420b-9058-45e9d9213cb1&standortid=6&standortname=k%c3%a4rnten%20%28bundesland%29&suchbegriff=immobilienverwalter,403,,,,0,0,
Dipl. Ing. Alfred Sterzer Gesellschaft m.b.H.,1,https://firmen.wko.at/dipl-ing-alfred-sterzer-gesellschaft-mbh/wien/?firmaid=489a89ae-175e-488b-9386-9d954a4fa874&standortid=1&standortname=wien%20%28bundesland%29&suchbegriff=immobilienverwalter,403,,,,0,0,
"Dipl.-Ing. (FH) Christian Wilhelm Konzett, MSc",1,https://firmen.wko.at/dipl-ing-fh-christian-wilhelm-konzett-msc/vorarlberg/?firmaid=607f3810-9fb3-4758-90ea-46b4972ff456&standortid=8&standortname=vorarlberg%20%28bundesland%29&suchbegriff=immobilienverwalter,403,,,,0,0,
Dipl.-Ing. Elisabeth Ehrlich,1,https://firmen.wko.at/dipl-ing-elisabeth-ehrlich/wien/?firmaid=bd54bd53-b0ba-4e79-8a4b-63c10588a195&standortid=1&standortname=wien%20%28bundesland%29&suchbegriff=immobilienverwalter,403,,,,0,0,
"Dipl.-Ing. Heinrich Eller, MSc",1,https://firmen.wko.at/dipl-ing-heinrich-eller-msc-eller-immobilien/wien/?firmaid=ee2be2a6-2ca0-4901-a089-7483387a4881&standortid=1&standortname=wien%20%28bundesland%29&suchbegriff=immobilienverwalter,403,,,,0,0,
Dipl.-Ing. Mag. Manuela Moser-Ritzinger,1,https://firmen.wko.at/dipl-ing-mag-manuela-moser-ritzinger/wien/?firmaid=d6271e10-97b1-403f-9472-c8cb50cce439&standortid=1&standortname=wien%20%28bundesland%29&suchbegriff=immobilienverwalter,403,,,,0,0,
"Dipl.-Ing. Paul Patrick Lensing, MSc",1,https://firmen.wko.at/dipl-ing-paul-patrick-lensing-msc/wien/?firmaid=0db1b198-1f67-4f9b-960c-e68d96399355&standortid=1&standortname=wien%20%28bundesland%29&suchbegriff=immobilienverwalter,403,,,,0,0,
Dipl.-Ing. Reinhard Josef Stockinger,1,https://firmen.wko.at/dipl-ing-reinhard-josef-stockinger-bau-und-immobilien-sachverst%c3%a4ndigen-b%c3%bcro/ober%c3%b6sterreich/?firmaid=abc039f3-6f02-4eef-a53a-dd01e6e9f0ca&standortid=3&standortname=ober%c3%b6sterreich%20%28bundesland%29&suchbegriff=immobilienverwalter,403,,,,0,0,
Dipl.-Ing. Roland Spieß,1,https://firmen.wko.at/dipl-ing-roland-spie%c3%9f/wien/?firmaid=7ecc4e66-95ef-438d-b786-013a0744a2d8&standortid=1&standortname=wien%20%28bundesland%29&suchbegriff=immobilienverwalter,403,,,,0,0,
Dipl.-Ing. Werner Weißensteiner,1,https://firmen.wko.at/dipl-ing-werner-wei%c3%9fensteiner/nieder%c3%b6sterreich/?firmaid=85c9cec3-31ba-41e5-b8f2-936ea066824d&standortid=2&standortname=nieder%c3%b6sterreich%20%28bundesland%29&suchbegriff=immobilienverwalter,403,,,,0,0,
"Dipl.-Wirtschaftsing. (FH) Benedikt Hofer, MSc",1,https://firmen.wko.at/dipl-wirtschaftsing-fh-benedikt-hofer-msc/wien/?firmaid=4869d79a-c3c8-4b25-92f8-748f73273734&standortid=1&standortname=wien%20%28bundesland%29&suchbegriff=immobilienverwalter,403,,,,0,0,
"Dipl.-Ök.in Doris Margarete Ingrid Ramspeck-Wirths, MA",1,https://firmen.wko.at/dipl-%c3%96kin-doris-margarete-ingrid-ramspeck-wirths-ma/vorarlberg/?firmaid=b6f06b5a-b59a-4dbe-9df8-15a5d2383027&standortid=8&standortname=vorarlberg%20%28bundesland%29&suchbegriff=immobilienverwalter,403,,,,0,0,
Dkfm. Dr. Stefan Duschek,1,https://firmen.wko.at/dkfm-dr-stefan-duschek-immobilientreuh%c3%a4nder/wien/?firmaid=fba6c209-5a4b-46bf-89a2-658b7ba08857&standortid=1&standortname=wien%20%28bundesland%29&suchbegriff=immobilienverwalter,403,,,,0,0,
Dkfm. Viktor Maier & Dr. Peter Maier Gesellschaft m.b.H.,1,https://firmen.wko.at/dkfm-viktor-maier-und-dr-peter-maier-gesellschaft-mbh/wien/?firmaid=f69d3abd-0cb6-44a3-94f0-1330da4e7819&standortid=1&standortname=wien%20%28bundesland%29&suchbegriff=immobilienverwalter,403,,,,0,0,
DMK Immobilien GmbH,1,https://firmen.wko.at/dmk-immobilien-gmbh-dmk-immobilien-gmbh/nieder%c3%b6sterreich/?firmaid=2211914b-f019-4386-bfef-c8fad6c379fb&standortid=2&standortname=nieder%c3%b6sterreich%20%28bundesland%29&suchbegriff=immobilienverwalter,403,,,,0,0,
DOKA Dobler + Kaufmann Immobilien OG,1,https://firmen.wko.at/doka-dobler-kaufmann-immobilien-og-immobilientreuhand/ober%c3%b6sterreich/?firmaid=c729412d-a800-4dc0-9658-5423a3b667e6&standortid=3&standortname=ober%c3%b6sterreich%20%28bundesland%29&suchbegriff=immobilienverwalter,403,,,,0,0,
Domesticus e.U.,1,https://firmen.wko.at/domesticus-eu/ober%c3%b6sterreich/?firmaid=d48fb47a-44d6-4b49-bea9-9603038fe0f8&standortid=3&standortname=ober%c3%b6sterreich%20%28bundesland%29&suchbegriff=immobilienverwalter,403,,,,0,0,
Domizil Immobilientreuhänder GmbH,1,https://firmen.wko.at/domizil-immobilientreuh%c3%a4nder-gmbh/steiermark/?firmaid=9e8fceff-9062-4a0d-b500-00283915aa6f&standortid=5&standortname=steiermark%20%28bundesland%29&suchbegriff=immobilienverwalter,403,,,,0,0,
DOMUS IMMOBILIEN KG,1,https://firmen.wko.at/domus-immobilien-kg-verkauf-vermietung-und-verwaltung-von-immobilien/vorarlberg/?firmaid=dba376a3-d2b8-4adf-a7ad-bb41734f76d5&standortid=8&standortname=vorarlberg%20%28bundesland%29&suchbegriff=immobilienverwalter,403,,,,0,0,
Donau Realitäten GmbH,1,https://firmen.wko.at/donau-realit%c3%a4ten-gmbh/wien/?firmaid=1e23a379-588a-405e-949f-d259b662c6ac&standortid=1&standortname=wien%20%28bundesland%29&suchbegriff=immobilienverwalter,403,,,,0,0,
Donau-Finanz Treuhand- und Finanzierungsgesellschaft m.b.H.,1,https://firmen.wko.at/donau-finanz-treuhand-und-finanzierungsgesellschaft-mbh/wien/?firmaid=7375968a-7aa3-4984-85b1-4ed90f4c44ce&standortid=1&standortname=wien%20%28bundesland%29&suchbegriff=immobilienverwalter,403,,,,0,0,
Doris Etzelsdorfer,1,https://firmen.wko.at/doris-etzelsdorfer-immobilien-fleck-etzelsdorfer/ober%c3%b6sterreich/?firmaid=7430ebb8-151d-45ae-af0f-13657d3f3932&standortid=3&standortname=ober%c3%b6sterreich%20%28bundesland%29&suchbegriff=immobilienverwalter,403,,,,0,0,
Doris Kohout,1,https://firmen.wko.at/doris-kohout/vorarlberg/?firmaid=c68cb7dc-5e20-4142-bcea-99fd2dfe635a&standortid=8&standortname=vorarlberg%20%28bundesland%29&suchbegriff=immobilienverwalter,403,,,,0,0,
Doris Machold,1,https://firmen.wko.at/doris-machold/ober%c3%b6sterreich/?firmaid=37db277b-40d0-405f-83a0-cb706994ff25&standortid=3&standortname=ober%c3%b6sterreich%20%28bundesland%29&suchbegriff=immobilienverwalter,403,,,,0,0,
Doschek Immo OG,1,https://firmen.wko.at/doschek-immo-og/wien/?firmaid=ed7f5d8a-7a9c-40f7-8bfd-07edc9306f8b&standortid=1&standortname=wien%20%28bundesland%29&suchbegriff=immobilienverwalter,403,,,,0,0,
DPL Verwaltungs GmbH,1,https://firmen.wko.at/dpl-verwaltungs-gmbh/nieder%c3%b6sterreich/?firmaid=493f98de-1830-403d-a906-4a59275f0a15&standortid=2&standortname=nieder%c3%b6sterreich%20%28bundesland%29&suchbegriff=immobilienverwalter,403,,,,0,0,
DPPI Immobilien GmbH,1,https://firmen.wko.at/dppi-immobilien-gmbh/wien/?firmaid=280c91ba-e1dd-4653-adbb-234927fe3c0f&standortid=1&standortname=wien%20%28bundesland%29&suchbegriff=immobilienverwalter,403,,,,0,0,
Dr. Alexander Hörtlehner Gebäudeverwaltungsgesellschaft m.b.H.,1,https://firmen.wko.at/dr-alexander-h%c3%b6rtlehner-geb%c3%a4udeverwaltungsgesellschaft-mbh/wien/?firmaid=9df673e5-148c-4d7e-b4b7-0b9d92012a3f&standortid=1&standortname=wien%20%28bundesland%29&suchbegriff=immobilienverwalter,403,,,,0,0,
Dr. Alexandra Gabriel Realitätenvermittlungsgesellschaft m.b.H.,1,https://firmen.wko.at/dr-alexandra-gabriel-realit%c3%a4tenvermittlungsgesellschaft-mbh/wien/?firmaid=7de8210f-9a17-4b1c-9f20-198b66b1d921&standortid=1&standortname=wien%20%28bundesland%29&suchbegriff=immobilienverwalter,403,,,,0,0,
Dr. Andrea Hinteregger,1,https://firmen.wko.at/dr-andrea-hinteregger-realit%c3%a4ten-dr-andrea-hinteregger/steiermark/?firmaid=d00a94f7-38c1-4267-bd41-be13019c08f8&standortid=5&standortname=steiermark%20%28bundesland%29&suchbegriff=immobilienverwalter,403,,,,0,0,
Dr. Appl Immobilientreuhand GmbH,1,https://firmen.wko.at/dr-appl-immobilientreuhand-gmbh/wien/?firmaid=a817330c-da0a-4a7b-a9b0-7925d85e207d&standortid=1&standortname=wien%20%28bundesland%29&suchbegriff=immobilienverwalter,403,,,,0,0,
Dr. Böck Immobilien Treuhand GmbH,1,https://firmen.wko.at/dr-b%c3%b6ck-immobilien-treuhand-gmbh/nieder%c3%b6sterreich/?firmaid=5bd56d83-314d-441b-afad-d424823075f6&standortid=2&standortname=nieder%c3%b6sterreich%20%28bundesland%29&suchbegriff=immobilienverwalter,403,,,,0,0,
Dr. Christine Hauer Immobilienverwaltung GmbH,1,https://firmen.wko.at/dr-christine-hauer-immobilienverwaltung-gmbh/wien/?firmaid=18968735-0f41-4fbf-8959-fa15c979f6cf&standortid=1&standortname=wien%20%28bundesland%29&suchbegriff=immobilienverwalter,403,,,,0,0,
Dr. Denk Immobilientreuhand KG,1,https://firmen.wko.at/dr-denk-immobilientreuhand-kg/wien/?firmaid=085785a1-0ccc-43a9-a2e7-0d53ce3b715a&standortid=1&standortname=wien%20%28bundesland%29&suchbegriff=immobilienverwalter,403,,,,0,0,
Dr. Ehn Immobilien GmbH,1,https://firmen.wko.at/dr-ehn-immobilien-gmbh/wien/?firmaid=8638cf41-c38a-4ccd-b93f-abbc324dcab3&standortid=1&standortname=wien%20%28bundesland%29&suchbegriff=immobilienverwalter,403,,,,0,0,
Dr. Eric Agstner,1,https://firmen.wko.at/dr-eric-agstner-ra-dr-eric-agstner/wien/?firmaid=5faa573f-e965-4440-b52c-0c8c271581f3&standortid=1&standortname=wien%20%28bundesland%29&suchbegriff=immobilienverwalter,403,,,,0,0,
Dr. Eva Maria Kovats,1,https://firmen.wko.at/dr-eva-maria-kovats/wien/?firmaid=8b8e3c3d-7c0a-4ce1-97aa-6a8a410de36d&standortid=1&standortname=wien%20%28bundesland%29&suchbegriff=immobilienverwalter,403,,,,0,0,
Dr. Frasl KG,1,https://firmen.wko.at/dr-frasl-kg/wien/?firmaid=95afaae6-bdc2-4a8a-8131-9f58263e209f&standortid=1&standortname=wien%20%28bundesland%29&suchbegriff=immobilienverwalter,403,,,,0,0,
Dr. Friedrich Noszek GmbH,2,https://firmen.wko.at/dr-friedrich-noszek-gmbh/nieder%c3%b6sterreich/?firmaid=7b661f1e-86d5-4fdc-b2ca-086810d968f6&standortid=2&standortname=nieder%c3%b6sterreich%20%28bundesland%29&suchbegriff=immobilienverwalter,403,,,,0,0,
Dr. Friedrich Weinstabel,1,https://firmen.wko.at/dr-friedrich-weinstabel/tirol/?firmaid=4bdd499b-2f41-4b9f-b79a-ab15cb2a16b9&standortid=7&standortname=tirol%20%28bundesland%29&suchbegriff=immobilienverwalter,403,,,,0,0,
Dr. Frowin Kaar,1,https://firmen.wko.at/dr-frowin-kaar/steiermark/?firmaid=d9da2002-0bee-48e6-9362-609c6397c4ac&standortid=5&standortname=steiermark%20%28bundesland%29&suchbegriff=immobilienverwalter,403,,,,0,0,
Dr. Fuchsberger Immobilienmanagement GmbH,1,https://firmen.wko.at/dr-fuchsberger-immobilienmanagement-gmbh/k%c3%a4rnten/?firmaid=0d90ee27-3aa5-40e6-9d37-3995aa9ced10&standortid=6&standortname=k%c3%a4rnten%20%28bundesland%29&suchbegriff=immobilienverwalter,403,,,,0,0,
Dr. Gerhard Otto Freund,1,https://firmen.wko.at/dr-gerhard-otto-freund/wien/?firmaid=1497d7b1-887d-4340-95b7-06b0b523f324&standortid=1&standortname=wien%20%28bundesland%29&suchbegriff=immobilienverwalter,403,,,,0,0,
Dr. Gertraude Steinlechner,1,https://firmen.wko.at/dr-gertraude-steinlechner/ober%c3%b6sterreich/?firmaid=7b2ccc5f-6012-4320-a650-4ae66f9ff559&standortid=3&standortname=ober%c3%b6sterreich%20%28bundesland%29&suchbegriff=immobilienverwalter,403,,,,0,0,
Dr. Heinrich Neukirchen Gesellschaft m.b.H.,1,https://firmen.wko.at/dr-heinrich-neukirchen-gesellschaft-mbh-immobilienverwaltung/wien/?firmaid=effe4a94-2d5c-4f6e-8ca9-65c90a42da39&standortid=1&standortname=wien%20%28bundesland%29&suchbegriff=immobilienverwalter,403,,,,0,0,
Dr. Helmuth Schönbichler,1,https://firmen.wko.at/dr-helmuth-sch%c3%b6nbichler/tirol/?firmaid=56e8bac6-a6e9-4394-bb05-4e3d1b093290&standortid=7&standortname=tirol%20%28bundesland%29&suchbegriff=immobilienverwalter,403,,,,0,0,
Dr. Hermann Immobilien GmbH,1,https://firmen.wko.at/dr-hermann-immobilien-gmbh/wien/?firmaid=7ea65716-7acb-40e2-a71a-16620d979532&standortid=1&standortname=wien%20%28bundesland%29&suchbegriff=immobilienverwalter,403,,,,0,0,
Dr. Ingeborg Lang e.U.,1,https://firmen.wko.at/dr-ingeborg-lang-eu/wien/?firmaid=0c9dc526-862b-4c92-aeeb-06770a1935ea&standortid=1&standortname=wien%20%28bundesland%29&suchbegriff=immobilienverwalter,403,,,,0,0,
Dr. iur. Klemens Braunisch,1,https://firmen.wko.at/dr-iur-klemens-braunisch-immobilientreuh%c3%a4nder-immobilienmakler-immobilienverwalter/wien/?firmaid=55a793e2-31fb-434b-abd9-1481a8d155e4&standortid=1&standortname=wien%20%28bundesland%29&suchbegriff=immobilienverwalter,403,,,,0,0,
Dr. K. u. S. Grigkar Immobilienverwaltungsgesellschaft m.b.H.,1,https://firmen.wko.at/dr-k-u-s-grigkar-immobilienverwaltungsgesellschaft-mbh/wien/?firmaid=882c548f-81ac-45c9-8f54-615ba63ba278&standortid=1&standortname=wien%20%28bundesland%29&suchbegriff=immobilienverwalter,403,,,,0,0,
Dr. Klaus Rainer,1,https://firmen.wko.at/dr-klaus-rainer/steiermark/?firmaid=d6f4cf8e-57d7-40e0-bafc-d275a811496b&standortid=5&standortname=steiermark%20%28bundesland%29&suchbegriff=immobilienverwalter,403,,,,0,0,
Dr. Kohler und Partner Hausverwaltungs GmbH,1,https://firmen.wko.at/dr-kohler-und-partner-hausverwaltungs-gmbh/wien/?firmaid=9c6862e9-6d2a-4ec2-a78b-d2e39d5eec61&standortid=1&standortname=wien%20%28bundesland%29&suchbegriff=immobilienverwalter,403,,,,0,0,
Dr. Konrad Bergen Immobilien GmbH,1,https://firmen.wko.at/dr-konrad-bergen-immobilien-gmbh/nieder%c3%b6sterreich/?firmaid=8838e113-9cec-428b-9416-dc5d51fc141e&standortid=2&standortname=nieder%c3%b6sterreich%20%28bundesland%29&suchbegriff=immobilienverwalter,403,,,,0,0,
Dr. Langeder Immobilien Nfg GmbH,1,https://firmen.wko.at/dr-langeder-immobilien-nfg-gmbh/nieder%c3%b6sterreich/?firmaid=a697d1a5-b07e-4b42-988b-308c47b1ed95&standortid=2&standortname=nieder%c3%b6sterreich%20%28bundesland%29&suchbegriff=immobilienverwalter,403,,,,0,0,
Dr. Martin Schober Immobilienverwaltung GmbH,1,https://firmen.wko.at/dr-martin-schober-immobilienverwaltung-gmbh/nieder%c3%b6sterreich/?firmaid=42161173-caf0-44f5-96e1-8e79f03c87d6&standortid=2&standortname=nieder%c3%b6sterreich%20%28bundesland%29&suchbegriff=immobilienverwalter,403,,,,0,0,
"Dr. Moll & Punt OHG,Immobilienverwaltung OHG",1,https://firmen.wko.at/dr-moll-und-punt-ohgimmobilienverwaltung-ohg/tirol/?firmaid=5b34dd7b-8a38-4831-8549-8130317b3fb2&standortid=7&standortname=tirol%20%28bundesland%29&suchbegriff=immobilienverwalter,403,,,,0,0,
Dr. Neller Immobilien Consulting GmbH.,1,https://firmen.wko.at/dr-neller-immobilien-consulting-gmbh/wien/?firmaid=7939cd49-5b8e-47d4-bb97-d5f73c1b0f92&standortid=1&standortname=wien%20%28bundesland%29&suchbegriff=immobilienverwalter,403,,,,0,0,
Dr. Peter Dirnbacher Immobilientreuhand GmbH & Co KG,1,https://firmen.wko.at/dr-peter-dirnbacher-immobilientreuhand-gmbh-und-co-kg/wien/?firmaid=3fb133e5-3502-4017-9c5e-2fad723cd6a1&standortid=1&standortname=wien%20%28bundesland%29&suchbegriff=immobilienverwalter,403,,,,0,0,
Dr. Regina Maria Schedlberger,1,https://firmen.wko.at/dr-regina-maria-schedlberger/steiermark/?firmaid=109efa19-6542-4c3f-baf6-5a7b9a5521ba&standortid=5&standortname=steiermark%20%28bundesland%29&suchbegriff=immobilienverwalter,403,,,,0,0,
Dr. Robert Semelmayer KG,1,https://firmen.wko.at/dr-robert-semelmayer-kg/wien/?firmaid=5b175b3d-2327-43ec-8b50-997291c31094&standortid=1&standortname=wien%20%28bundesland%29&suchbegriff=immobilienverwalter,403,,,,0,0,
"Dr. Roell Hausverwaltungs-, Baubetreuungs- und Realitätengesellschaft m.b.H.",1,https://firmen.wko.at/dr-roell-hausverwaltungs-baubetreuungs-und-realit%c3%a4tengesellschaft-mbh/wien/?firmaid=497664fe-554f-422a-924a-2bd0e6ed3344&standortid=1&standortname=wien%20%28bundesland%29&suchbegriff=immobilienverwalter,403,,,,0,0,
"Dr. Rudolf Galler, Immobilientreuhand GmbH",1,https://firmen.wko.at/dr-rudolf-galler-immobilientreuhand-gmbh/steiermark/?firmaid=422ce999-4f5e-46a7-b105-5a7cd9b923c8&standortid=5&standortname=steiermark%20%28bundesland%29&suchbegriff=immobilienverwalter,403,,,,0,0,
Dr. Rudolf Huber,1,https://firmen.wko.at/dr-rudolf-huber-immobilientreuh%c3%a4nder/wien/?firmaid=9c52ff0a-3a00-4d65-a139-61c5cc056157&standortid=1&standortname=wien%20%28bundesland%29&suchbegriff=immobilienverwalter,403,,,,0,0,
Dr. Ulrich Objektverwaltung GmbH,1,https://firmen.wko.at/dr-ulrich-objektverwaltung-gmbh/steiermark/?firmaid=b521e901-9d19-4fc1-b9fc-23269a9a6e06&standortid=5&standortname=steiermark%20%28bundesland%29&suchbegriff=immobilienverwalter,403,,,,0,0,
Dr. Ursula Pfaffenbichler,1,https://firmen.wko.at/dr-ursula-pfaffenbichler/nieder%c3%b6sterreich/?firmaid=4393a0c5-e3f9-42db-9584-50175cde7f50&standortid=2&standortname=nieder%c3%b6sterreich%20%28bundesland%29&suchbegriff=immobilienverwalter,403,,,,0,0,
Dr. Wolfgang Halm,1,https://firmen.wko.at/dr-wolfgang-halm/wien/?firmaid=26eb05d9-dbdf-466e-be6c-09c68fe1636a&standortid=1&standortname=wien%20%28bundesland%29&suchbegriff=immobilienverwalter,403,,,,0,0,
Dr.Gerlich + Co.Hausverwaltung & Facility Management GmbH,1,https://firmen.wko.at/drgerlich-cohausverwaltung-und-facility-management-gmbh/salzburg/?firmaid=219f42a8-a4f3-4f4e-9690-4e26dc00712f&standortid=4&standortname=salzburg%20%28bundesland%29&suchbegriff=immobilienverwalter,200,,,,0,2844,
Dreiraum GmbH & Co KG,1,https://firmen.wko.at/dreiraum-gmbh-und-co-kg/burgenland/?firmaid=82af144b-3ed9-4d73-8131-8e8397d13ee8&standortid=9&standortname=burgenland%20%28bundesland%29&suchbegriff=immobilienverwalter,403,,,,0,0,
DS Realtreuhand GmbH,1,https://firmen.wko.at/ds-realtreuhand-gmbh-immobilienverwaltung-und-vermittlung/nieder%c3%b6sterreich/?firmaid=3207ce9e-891c-449f-964d-56432ca29601&standortid=2&standortname=nieder%c3%b6sterreich%20%28bundesland%29&suchbegriff=immobilienverwalter,403,,,,0,0,
dsg Hausverwaltung GmbH,1,https://firmen.wko.at/dsg-hausverwaltung-gmbh/wien/?firmaid=bc5e8dc9-514d-4e44-88ea-0fc68bc933e3&standortid=1&standortname=wien%20%28bundesland%29&suchbegriff=immobilienverwalter,403,,,,0,0,
Dutzler Immobilien & Verwaltung OG,1,https://firmen.wko.at/dutzler-immobilien-und-verwaltung-og/ober%c3%b6sterreich/?firmaid=49a7284c-a990-4386-8143-f57ef7eb0b0d&standortid=3&standortname=ober%c3%b6sterreich%20%28bundesland%29&suchbegriff=immobilienverwalter,403,,,,0,0,
DWM Hausverwaltung GmbH,1,https://firmen.wko.at/dwm-hausverwaltung-gmbh/wien/?firmaid=6032b3cf-d2df-4ec4-b457-ce7436015d3f&standortid=1&standortname=wien%20%28bundesland%29&suchbegriff=immobilienverwalter,403,,,,0,0,
DÄMON Holding GmbH,1,https://firmen.wko.at/d%c3%84mon-holding-gmbh/ober%c3%b6sterreich/?firmaid=766bea44-0c84-48f4-8131-b90f511160a2&standortid=3&standortname=ober%c3%b6sterreich%20%28bundesland%29&suchbegriff=immobilienverwalter,403,,,,0,0,
Dörfler Hausverwaltung GmbH,1,https://firmen.wko.at/d%c3%b6rfler-hausverwaltung-gmbh/k%c3%a4rnten/?firmaid=ae9e8783-bd0e-4360-9a39-0e014e0b0f81&standortid=6&standortname=k%c3%a4rnten%20%28bundesland%29&suchbegriff=immobilienverwalter,403,,,,0,0,
E. Mittermann Immobilien GmbH,1,https://firmen.wko.at/e-mittermann-immobilien-gmbh/wien/?firmaid=454cb949-8484-4ba7-932e-dbc45b1555ef&standortid=1&standortname=wien%20%28bundesland%29&suchbegriff=immobilienverwalter,403,,,,0,0,
E.P. Real Estate Management GmbH,1,https://firmen.wko.at/ep-real-estate-management-gmbh/wien/?firmaid=f91ae941-45df-4a9b-9e74-3f4f3398d48b&standortid=1&standortname=wien%20%28bundesland%29&suchbegriff=immobilienverwalter,403,,,,0,0,
ea Gebäudeverwaltung gmbh,1,https://firmen.wko.at/ea-geb%c3%a4udeverwaltung-gmbh/wien/?firmaid=fa794960-a077-4748-961d-1eb21223f410&standortid=1&standortname=wien%20%28bundesland%29&suchbegriff=immobilienverwalter,403,,,,0,0,
EB Immobilien Invest GmbH,1,https://firmen.wko.at/eb-immobilien-invest-gmbh/wien/?firmaid=8fdfc36d-9803-40f0-bd2a-73cfc210139c&standortid=1&standortname=wien%20%28bundesland%29&suchbegriff=immobilienverwalter,403,,,,0,0,
EBO Capital GmbH,1,https://firmen.wko.at/ebo-capital-gmbh/wien/?firmaid=26968e91-1bd0-49a7-81bb-05251964e7c4&standortid=1&standortname=wien%20%28bundesland%29&suchbegriff=immobilienverwalter,403,,,,0,0,
Ebster Betriebsimmobilien Service GmbH,1,https://firmen.wko.at/ebster-betriebsimmobilien-service-gmbh/salzburg/?firmaid=718fa9ca-e6e0-4665-b301-b432fd492b84&standortid=4&standortname=salzburg%20%28bundesland%29&suchbegriff=immobilienverwalter,200,,,,0,2050,
ECE Projektmanagement Austria GmbH,1,https://firmen.wko.at/ece-projektmanagement-austria-gmbh/wien/?firmaid=84fa8cee-9437-4f81-8f45-464851c5f5c4&standortid=1&standortname=wien%20%28bundesland%29&suchbegriff=immobilienverwalter,403,,,,0,0,
ECO Immobilientreuhand GmbH,1,https://firmen.wko.at/eco-immobilientreuhand-gmbh/wien/?firmaid=26ba4b05-4048-4d4e-a088-0f1907884802&standortid=1&standortname=wien%20%28bundesland%29&suchbegriff=immobilienverwalter,403,,,,0,0,
ECO INVEST Vermögensverwaltungs- und Beteiligungs GmbH,1,https://firmen.wko.at/eco-invest-verm%c3%b6gensverwaltungs-und-beteiligungs-gmbh/k%c3%a4rnten/?firmaid=2f4990d6-f046-4bf4-89af-9280214cc87c&standortid=6&standortname=k%c3%a4rnten%20%28bundesland%29&suchbegriff=immobilienverwalter,403,,,,0,0,
EDR Immobilienverwaltung GmbH,1,https://firmen.wko.at/edr-immobilienverwaltung-gmbh/wien/?firmaid=6e63db4d-8207-4c0d-a761-b293517eb95c&standortid=1&standortname=wien%20%28bundesland%29&suchbegriff=immobilienverwalter,403,,,,0,0,
Eduard Pallavicini,1,https://firmen.wko.at/eduard-pallavicini/wien/?firmaid=812e13ec-47da-41e5-bcd0-86e09d2d9fea&standortid=1&standortname=wien%20%28bundesland%29&suchbegriff=immobilienverwalter,403,,,,0,0,
Eduard Precht,1,https://firmen.wko.at/eduard-precht-real-estate-manager/wien/?firmaid=bdea2098-8469-4994-9282-3e89458a0d3c&standortid=1&standortname=wien%20%28bundesland%29&suchbegriff=immobilienverwalter,403,,,,0,0,
Egger Estate Management GmbH,1,https://firmen.wko.at/egger-estate-management-gmbh-immobilientreuh%c3%a4nder/ober%c3%b6sterreich/?firmaid=6b5e89bd-ac2d-41fb-b8e3-47446cfc9a51&standortid=3&standortname=ober%c3%b6sterreich%20%28bundesland%29&suchbegriff=immobilienverwalter,403,,,,0,0,
EGP Immoconsult GmbH,1,https://firmen.wko.at/egp-immoconsult-gmbh/burgenland/?firmaid=7c6e6f17-3b8f-43ee-bff2-2c7573db4139&standortid=9&standortname=burgenland%20%28bundesland%29&suchbegriff=immobilienverwalter,403,,,,0,0,
EHRLICH Immobilien GmbH,1,https://firmen.wko.at/ehrlich-immobilien-gmbh/wien/?firmaid=c63444b2-e8f1-4517-879f-2a9d8f0d971f&standortid=1&standortname=wien%20%28bundesland%29&suchbegriff=immobilienverwalter,403,,,,0,0,
Eigentum Immobilienverwaltungs Gesellschaft m.b.H.,1,https://firmen.wko.at/eigentum-immobilienverwaltungs-gesellschaft-mbh/wien/?firmaid=23d450ea-af04-4dde-b3d6-701d42e69b92&standortid=1&standortname=wien%20%28bundesland%29&suchbegriff=immobilienverwalter,403,,,,0,0,
einsimmo GmbH,1,https://firmen.wko.at/einsimmo-gmbh/burgenland/?firmaid=8998d22f-782d-47bc-a327-bb60bfbc78eb&standortid=9&standortname=burgenland%20%28bundesland%29&suchbegriff=immobilienverwalter,403,,,,0,0,
EIV Hausverwaltungs GmbH,1,https://firmen.wko.at/eiv-hausverwaltungs-gmbh/ober%c3%b6sterreich/?firmaid=eefe8610-4a13-42eb-8e97-1f0b4444a113&standortid=3&standortname=ober%c3%b6sterreich%20%28bundesland%29&suchbegriff=immobilienverwalter,403,,,,0,0,
EKO Immobilien Verwaltungs- u. Vermittlungsgesellschaft m.b.H.,2,https://firmen.wko.at/eko-immobilien-verwaltungs-u-vermittlungsgesellschaft-mbh/burgenland/?firmaid=58d55786-83b1-4c35-b5fa-319c8fcdea06&standortid=9&standortname=burgenland%20%28bundesland%29&suchbegriff=immobilienverwalter,403,,,,0,0,
EKZ Immobilienmanagement GmbH,1,https://firmen.wko.at/ekz-immobilienmanagement-gmbh/nieder%c3%b6sterreich/?firmaid=f4fea2cd-7a44-4d42-8832-7ccd56bfcd15&standortid=2&standortname=nieder%c3%b6sterreich%20%28bundesland%29&suchbegriff=immobilienverwalter,403,,,,0,0,
EL Immobilienverwaltung GmbH,1,https://firmen.wko.at/el-immobilienverwaltung-gmbh/salzburg/?firmaid=77122eb8-fe2d-4e6f-a8c3-ff89c5cae843&standortid=4&standortname=salzburg%20%28bundesland%29&suchbegriff=immobilienverwalter,200,,,,0,2825,
ELAG Immobilien AG,1,https://firmen.wko.at/elag-immobilien-ag/ober%c3%b6sterreich/?firmaid=966773de-671d-40f1-9f17-656c8aef7639&standortid=3&standortname=ober%c3%b6sterreich%20%28bundesland%29&suchbegriff=immobilienverwalter,403,,,,0,0,
Eleon Immobilien Management e.U.,1,https://firmen.wko.at/eleon-immobilien-management-eu/ober%c3%b6sterreich/?firmaid=80f60150-1d5b-4f1d-ac47-2269660639f8&standortid=3&standortname=ober%c3%b6sterreich%20%28bundesland%29&suchbegriff=immobilienverwalter,403,,,,0,0,
Elfriede Erlach,1,https://firmen.wko.at/elfriede-erlach/wien/?firmaid=12d9dba0-75bb-4117-aec2-08de1e14b98a&standortid=1&standortname=wien%20%28bundesland%29&suchbegriff=immobilienverwalter,403,,,,0,0,
Elfriede Rössner Verwaltung und Vermittlung von Immobilien GmbH,1,https://firmen.wko.at/elfriede-r%c3%b6ssner-verwaltung-und-vermittlung-von-immobilien-gmbh/wien/?firmaid=f81cac1f-0b75-41d3-8bb1-5ebc7d88d259&standortid=1&standortname=wien%20%28bundesland%29&suchbegriff=immobilienverwalter,403,,,,0,0,
"Elisabeth Anna Drack, M.B.A.",1,https://firmen.wko.at/elisabeth-anna-drack-mba/salzburg/?firmaid=48da325e-a86e-41fd-8dfc-a7599d44a35f&standortid=4&standortname=salzburg%20%28bundesland%29&suchbegriff=immobilienverwalter,200,,,,0,2819,
Elisabeth Margaretha Wallner,1,https://firmen.wko.at/elisabeth-margaretha-wallner/ober%c3%b6sterreich/?firmaid=e19e3d63-d019-4147-8ba9-07634c987c2e&standortid=3&standortname=ober%c3%b6sterreich%20%28bundesland%29&suchbegriff=immobilienverwalter,403,,,,0,0,
Elisabeth Pigel,1,https://firmen.wko.at/elisabeth-pigel/wien/?firmaid=7f071aca-0348-4297-bf93-3b59ed09116a&standortid=1&standortname=wien%20%28bundesland%29&suchbegriff=immobilienverwalter,403,,,,0,0,
EPI Erich Podstatny e.U.,2,https://firmen.wko.at/epi-erich-podstatny-eu-ep-immobilientreuhand/wien/?firmaid=08e84160-a626-4cd5-942a-3180de9fce39&standortid=1&standortname=wien%20%28bundesland%29&suchbegriff=immobilienverwalter,403,,,,0,0,
EQ Hospitality GmbH,1,https://firmen.wko.at/eq-hospitality-gmbh/wien/?firmaid=5ca5e86b-9450-4382-b927-8c44a2ceaddc&standortid=1&standortname=wien%20%28bundesland%29&suchbegriff=immobilienverwalter,403,,,,0,0,
Equilibria Immobilien FlexCo,1,https://firmen.wko.at/equilibria-immobilien-flexco/wien/?firmaid=b0938271-586c-4c21-b4ac-3a7c14ae1a00&standortid=1&standortname=wien%20%28bundesland%29&suchbegriff=immobilienverwalter,403,,,,0,0,
ERGOTEC Entwicklungs- & Anlagenberatungs G.m.b.H.,1,https://firmen.wko.at/ergotec-entwicklungs-und-anlagenberatungs-gmbh/k%c3%a4rnten/?firmaid=b2d43aff-53e4-4435-aaa1-8e3c3a717018&standortid=6&standortname=k%c3%a4rnten%20%28bundesland%29&suchbegriff=immobilienverwalter,403,,,,0,0,
Erich Rist Gesellschaft m.b.H.,1,https://firmen.wko.at/erich-rist-gesellschaft-mbh-institut-f%c3%9cr-wirtschaftsservice/wien/?firmaid=afd6a9ec-e079-4898-906c-b893de24ba00&standortid=1&standortname=wien%20%28bundesland%29&suchbegriff=immobilienverwalter,403,,,,0,0,
Erna Pirkner,1,https://firmen.wko.at/erna-pirkner/wien/?firmaid=23543386-cc0d-456e-b70c-0bf80ee52aba&standortid=1&standortname=wien%20%28bundesland%29&suchbegriff=immobilienverwalter,403,,,,0,0,
Ernestine Zickler Immobilienverwaltung und Makler e.U.,1,https://firmen.wko.at/ernestine-zickler-immobilienverwaltung-und-makler-eu-immobilienverwaltung/wien/?firmaid=2e1ad657-ecdf-45fc-b002-1ba1d7581391&standortid=1&standortname=wien%20%28bundesland%29&suchbegriff=immobilienverwalter,403,,,,0,0,
Ernst Karl Plech,1,https://firmen.wko.at/ernst-karl-plech/wien/?firmaid=e2ac4bad-886b-4c4f-a506-58110282e28a&standortid=1&standortname=wien%20%28bundesland%29&suchbegriff=immobilienverwalter,403,,,,0,0,
Ernst Kirchweger,1,https://firmen.wko.at/ernst-kirchweger/nieder%c3%b6sterreich/?firmaid=63275466-5736-4bd5-9624-f59dba408670&standortid=2&standortname=nieder%c3%b6sterreich%20%28bundesland%29&suchbegriff=immobilienverwalter,403,,,,0,0,
ERRA GmbH,1,https://firmen.wko.at/erra-gmbh/wien/?firmaid=d206a187-1fce-4d1c-abec-2078dedcf4a0&standortid=1&standortname=wien%20%28bundesland%29&suchbegriff=immobilienverwalter,403,,,,0,0,
Erste Group Immorent GmbH,1,https://firmen.wko.at/erste-group-immorent-gmbh-erste-group-immorent-gmbh/wien/?firmaid=fdce4001-db8e-4abe-bca3-5b26a315c7dd&standortid=1&standortname=wien%20%28bundesland%29&suchbegriff=immobilienverwalter,403,,,,0,0,
Essam Faltas,1,https://firmen.wko.at/essam-faltas-faltas-consulting/wien/?firmaid=a3316f89-b751-4fef-8920-4c4d98099c41&standortid=1&standortname=wien%20%28bundesland%29&suchbegriff=immobilienverwalter,403,,,,0,0,
EUREAL Realitäten-Gesellschaft m.b.H.,1,https://firmen.wko.at/eureal-realit%c3%a4ten-gesellschaft-mbh-eureal-realit%c3%84ten-gesmbh/salzburg/?firmaid=05b968f5-409c-497e-a361-de56921403bc&standortid=4&standortname=salzburg%20%28bundesland%29&suchbegriff=immobilienverwalter,200,,,,0,3661,
"Europe Holding Investing, Managing & Participating GmbH",1,https://firmen.wko.at/europe-holding-investing-managing-und-participating-gmbh-europe-holding-gmbh/wien/?firmaid=00d7539c-8d3b-48e6-9061-91f58f9541d3&standortid=1&standortname=wien%20%28bundesland%29&suchbegriff=immobilienverwalter,403,,,,0,0,
"Europe Plan Architects, Engineers & Experts GmbH",1,https://firmen.wko.at/europe-plan-architects-engineers-und-experts-gmbh-europe-plan-gmbh/wien/?firmaid=38275252-5cdd-4d3c-b692-612860c0ad85&standortid=1&standortname=wien%20%28bundesland%29&suchbegriff=immobilienverwalter,403,,,,0,0,
"Europe Real Consulting, Developing & Marketing GmbH",1,https://firmen.wko.at/europe-real-consulting-developing-und-marketing-gmbh-alles-rund-um-die-bauten-und-immobilien/wien/?firmaid=e338fdc4-c57b-4642-b9dc-f02ea7226a42&standortid=1&standortname=wien%20%28bundesland%29&suchbegriff=immobilienverwalter,403,,,,0,0,
"Eva Bretterklieber, MSc",1,https://firmen.wko.at/eva-bretterklieber-msc/steiermark/?firmaid=493f32da-8e59-4313-a250-06943c0a84b3&standortid=5&standortname=steiermark%20%28bundesland%29&suchbegriff=immobilienverwalter,403,,,,0,0,
Eva Stiermayr,1,https://firmen.wko.at/eva-stiermayr/wien/?firmaid=f75709fe-cf1f-4409-9ca0-6c29a9266a3c&standortid=1&standortname=wien%20%28bundesland%29&suchbegriff=immobilienverwalter,403,,,,0,0,
EVD Asset Management GmbH,1,https://firmen.wko.at/evd-asset-management-gmbh/nieder%c3%b6sterreich/?firmaid=11264743-28b4-430f-82fa-754e7a3b88db&standortid=2&standortname=nieder%c3%b6sterreich%20%28bundesland%29&suchbegriff=immobilienverwalter,403,,,,0,0,
Ewald Roschka Gesellschaft m.b.H.,1,https://firmen.wko.at/ewald-roschka-gesellschaft-mbh/wien/?firmaid=ce1c246f-cee6-4e2b-922c-8bffd9824675&standortid=1&standortname=wien%20%28bundesland%29&suchbegriff=immobilienverwalter,403,,,,0,0,
Ewalt Gerersdorfer,1,https://firmen.wko.at/ewalt-gerersdorfer/wien/?firmaid=12dd57f8-924f-4476-8b2f-00c8b0bf0b6b&standortid=1&standortname=wien%20%28bundesland%29&suchbegriff=immobilienverwalter,403,,,,0,0,
EWD Management GmbH,1,https://firmen.wko.at/ewd-management-gmbh/nieder%c3%b6sterreich/?firmaid=b97ad177-6715-469d-ac16-3939d459050f&standortid=2&standortname=nieder%c3%b6sterreich%20%28bundesland%29&suchbegriff=immobilienverwalter,403,,,,0,0,
F & S Real Estate Solutions GmbH,4,https://firmen.wko.at/f-und-s-real-estate-solutions-gmbh/salzburg/?firmaid=584b13f5-dd0c-4772-8e8e-4b944cf50894&standortid=4&standortname=salzburg%20%28bundesland%29&suchbegriff=immobilienverwalter,403,,,,0,0,
F&I Verwaltungs GmbH,1,https://firmen.wko.at/fundi-verwaltungs-gmbh/ober%c3%b6sterreich/?firmaid=9b4b597a-2b55-4fd2-b3f1-2d3c6b3af3e5&standortid=3&standortname=ober%c3%b6sterreich%20%28bundesland%29&suchbegriff=immobilienverwalter,403,,,,0,0,
f-hausverwaltung GmbH,1,https://firmen.wko.at/f-hausverwaltung-gmbh/ober%c3%b6sterreich/?firmaid=0cc40489-ff10-46ff-ad7d-71a65686e694&standortid=3&standortname=ober%c3%b6sterreich%20%28bundesland%29&suchbegriff=immobilienverwalter,403,,,,0,0,
F.A.M. Realitäten Gesellschaft m.b.H.,1,https://firmen.wko.at/fam-realit%c3%a4ten-gesellschaft-mbh/steiermark/?firmaid=84714612-239b-43ac-8107-c417b2893d83&standortid=5&standortname=steiermark%20%28bundesland%29&suchbegriff=immobilienverwalter,403,,,,0,0,
F.M. Hämmerle Holding AG,1,https://firmen.wko.at/fm-h%c3%a4mmerle-holding-ag/vorarlberg/?firmaid=96257b7f-8993-4b3b-aceb-5d7a91638b83&standortid=8&standortname=vorarlberg%20%28bundesland%29&suchbegriff=immobilienverwalter,403,,,,0,0,
FABULARIS Immobilien Management GmbH,1,https://firmen.wko.at/fabularis-immobilien-management-gmbh/wien/?firmaid=9e16fc56-d20c-48fb-991a-5924f1a7e083&standortid=1&standortname=wien%20%28bundesland%29&suchbegriff=immobilienverwalter,403,,,,0,0,
Fachhochschul Errichtungs- und Betriebs GmbH,1,https://firmen.wko.at/fachhochschul-errichtungs-und-betriebs-gmbh/tirol/?firmaid=d93335dc-7a4b-47d8-9557-556cf682d4b2&standortid=7&standortname=tirol%20%28bundesland%29&suchbegriff=immobilienverwalter,403,,,,0,0,
Facima Immobilien Management GmbH,1,https://firmen.wko.at/facima-immobilien-management-gmbh/tirol/?firmaid=662eb709-dc67-45a3-a856-5314149c01e8&standortid=7&standortname=tirol%20%28bundesland%29&suchbegriff=immobilienverwalter,403,,,,0,0,
FAIR Immobilientreuhand GmbH & Co KG,1,https://firmen.wko.at/fair-immobilientreuhand-gmbh-und-co-kg/steiermark/?firmaid=6b402771-79d5-46e2-a67a-ab7671f118f3&standortid=5&standortname=steiermark%20%28bundesland%29&suchbegriff=immobilienverwalter,403,,,,0,0,
Falkner & Payr Immobilien OG,1,https://firmen.wko.at/falkner-und-payr-immobilien-og/tirol/?firmaid=972e83d3-f6a6-47dc-8c91-8e120ec3c7cc&standortid=7&standortname=tirol%20%28bundesland%29&suchbegriff=immobilienverwalter,403,,,,0,0,
Faltl & Krisch Immobilienverwaltung OHG,1,https://firmen.wko.at/faltl-und-krisch-immobilienverwaltung-ohg/wien/?firmaid=92d1f724-99a4-4630-93b1-154deff884ed&standortid=1&standortname=wien%20%28bundesland%29&suchbegriff=immobilienverwalter,403,,,,0,0,
Familie Kathrein KG,1,https://firmen.wko.at/familie-kathrein-kg/tirol/?firmaid=92d15aba-3b44-4f41-978e-b5d20215c356&standortid=7&standortname=tirol%20%28bundesland%29&suchbegriff=immobilienverwalter,403,,,,0,0,
FAPO Immobilien Consulting GmbH,1,https://firmen.wko.at/fapo-immobilien-consulting-gmbh/burgenland/?firmaid=533ce47f-0eaf-4296-adb1-b88785c8fcff&standortid=9&standortname=burgenland%20%28bundesland%29&suchbegriff=immobilienverwalter,403,,,,0,0,
Faritsch Immobilien GmbH & Co KG,1,https://firmen.wko.at/faritsch-immobilien-gmbh-und-co-kg-immobilientreuhand-faritsch-kg/ober%c3%b6sterreich/?firmaid=e488c722-e07d-4a8f-9642-0a29040f2088&standortid=3&standortname=ober%c3%b6sterreich%20%28bundesland%29&suchbegriff=immobilienverwalter,403,,,,0,0,
Favorite Immobilientreuhand GmbH,2,https://firmen.wko.at/favorite-immobilientreuhand-gmbh/ober%c3%b6sterreich/?firmaid=a2f6ccec-a44a-4e24-aae5-4085fff213bf&standortid=3&standortname=ober%c3%b6sterreich%20%28bundesland%29&suchbegriff=immobilienverwalter,403,,,,0,0,
Feldstein Immobilien GmbH,1,https://firmen.wko.at/feldstein-immobilien-gmbh-immobilien/salzburg/?firmaid=bf41b770-9e8f-403c-a084-54a5d749dd2e&standortid=4&standortname=salzburg%20%28bundesland%29&suchbegriff=immobilienverwalter,403,,,,0,0,
Fellmann Liegenschaftsverwaltungs GmbH,1,https://firmen.wko.at/fellmann-liegenschaftsverwaltungs-gmbh-fellmann/nieder%c3%b6sterreich/?firmaid=f5c3010a-6e36-4d14-bfdf-2a21e0fc72d5&standortid=2&standortname=nieder%c3%b6sterreich%20%28bundesland%29&suchbegriff=immobilienverwalter,403,,,,0,0,
Fendt Holding GmbH,1,https://firmen.wko.at/fendt-holding-gmbh/ober%c3%b6sterreich/?firmaid=41318d35-a45b-4e51-9e65-bc8f80c2df0b&standortid=3&standortname=ober%c3%b6sterreich%20%28bundesland%29&suchbegriff=immobilienverwalter,403,,,,0,0,
FENOMEN Immobilien e.U.,1,https://firmen.wko.at/fenomen-immobilien-eu/steiermark/?firmaid=ed6f0cf8-1768-42f8-85e2-be7e804fdd99&standortid=5&standortname=steiermark%20%28bundesland%29&suchbegriff=immobilienverwalter,403,,,,0,0,
Ferdinand Stubenvoll,1,https://firmen.wko.at/ferdinand-stubenvoll-immobilienmakler-bautr%c3%a4ger-immobilienverwalter/wien/?firmaid=fc5a38bc-b0ad-4ee4-90b5-7b7bfe1a2c15&standortid=1&standortname=wien%20%28bundesland%29&suchbegriff=immobilienverwalter,403,,,,0,0,
Fetz Immobilien Gmbh,1,https://firmen.wko.at/fetz-immobilien-gmbh/vorarlberg/?firmaid=8eebe430-32b7-4494-890e-9f96dac95c4f&standortid=8&standortname=vorarlberg%20%28bundesland%29&suchbegriff=immobilienverwalter,403,,,,0,0,
Fidelius Immobilien & Services GmbH,1,https://firmen.wko.at/fidelius-immobilien-und-services-gmbh/salzburg/?firmaid=15cc6bfd-0d36-4a5e-88c1-c1207816096a&standortid=4&standortname=salzburg%20%28bundesland%29&suchbegriff=immobilienverwalter,200,,,,0,3188,
FIG Immobilien e.U.,1,https://firmen.wko.at/fig-immobilien-eu/burgenland/?firmaid=a5c87114-f412-429b-95f9-78fffd367adf&standortid=9&standortname=burgenland%20%28bundesland%29&suchbegriff=immobilienverwalter,403,,,,0,0,
FILIA KG,1,https://firmen.wko.at/filia-kg/nieder%c3%b6sterreich/?firmaid=d199ac02-7cab-4ef0-b91e-cb8ea757bd2e&standortid=2&standortname=nieder%c3%b6sterreich%20%28bundesland%29&suchbegriff=immobilienverwalter,403,,,,0,0,
Finanz- und Bauconsult Ges.m.b.H.,1,https://firmen.wko.at/finanz-und-bauconsult-gesmbh/k%c3%a4rnten/?firmaid=3e729cb5-3c0a-4193-a11c-5885fd1257e7&standortid=6&standortname=k%c3%a4rnten%20%28bundesland%29&suchbegriff=immobilienverwalter,403,,,,0,0,
Findler & Span Immobilientreuhand GmbH,1,https://firmen.wko.at/findler-und-span-immobilientreuhand-gmbh/tirol/?firmaid=6d37114e-fe52-4b5d-956b-e5fa84806bd7&standortid=7&standortname=tirol%20%28bundesland%29&suchbegriff=immobilienverwalter,403,,,,0,0,
FLE GmbH,1,https://firmen.wko.at/fle-gmbh/wien/?firmaid=7dfc7864-809d-4186-b383-5ae15c289bd3&standortid=1&standortname=wien%20%28bundesland%29&suchbegriff=immobilienverwalter,403,,,,0,0,
Florian Franz Helmut Apfelbeck,1,https://firmen.wko.at/florian-franz-helmut-apfelbeck-apfelbeck-immobilienverwaltung/steiermark/?firmaid=aabfd06d-bfa6-45db-819d-c36fee0488c2&standortid=5&standortname=steiermark%20%28bundesland%29&suchbegriff=immobilienverwalter,403,,,,0,0,
"Florian Lehner, MBA",1,https://firmen.wko.at/florian-lehner-mba/ober%c3%b6sterreich/?firmaid=4626f61d-8f6e-4255-bb1b-05c801193a2e&standortid=3&standortname=ober%c3%b6sterreich%20%28bundesland%29&suchbegriff=immobilienverwalter,403,,,,0,0,
FM-Plus Facility Management GmbH für Wissenschaft + Kultur in NOE,1,https://firmen.wko.at/fm-plus-facility-management-gmbh-f%c3%bcr-wissenschaft-kultur-in-noe/nieder%c3%b6sterreich/?firmaid=8ee145a0-d887-417e-8e71-7ba882a54d5f&standortid=2&standortname=nieder%c3%b6sterreich%20%28bundesland%29&suchbegriff=immobilienverwalter,403,,,,0,0,
FMD Immo-Management e.U.,1,https://firmen.wko.at/fmd-immo-management-eu-fmd-immo-management/tirol/?firmaid=d4d90c32-b401-4f15-b150-96df76be05e6&standortid=7&standortname=tirol%20%28bundesland%29&suchbegriff=immobilienverwalter,403,,,,0,0,
FOHN Immobilienverwaltung GmbH,1,https://firmen.wko.at/fohn-immobilienverwaltung-gmbh/k%c3%a4rnten/?firmaid=359ee1cb-0cf6-48f8-8f6a-4acbeb4fa795&standortid=6&standortname=k%c3%a4rnten%20%28bundesland%29&suchbegriff=immobilienverwalter,403,,,,0,0,
Fonds für temporäres Wohnen in Wien,1,https://firmen.wko.at/fonds-f%c3%bcr-tempor%c3%a4res-wohnen-in-wien/wien/?firmaid=43e76203-31c1-4c07-ba28-75ebdeb32e99&standortid=1&standortname=wien%20%28bundesland%29&suchbegriff=immobilienverwalter,403,,,,0,0,
forum.koup gmbh,1,https://firmen.wko.at/forumkoup-gmbh/nieder%c3%b6sterreich/?firmaid=342bfa82-6c6a-4838-969f-d34b665877f1&standortid=2&standortname=nieder%c3%b6sterreich%20%28bundesland%29&suchbegriff=immobilienverwalter,403,,,,0,0,
Frag Minka Immobilienberatungs GmbH,1,https://firmen.wko.at/frag-minka-immobilienberatungs-gmbh/wien/?firmaid=2ffb0150-bc51-407e-8b5b-9c5c5e3b9707&standortid=1&standortname=wien%20%28bundesland%29&suchbegriff=immobilienverwalter,403,,,,0,0,
Franz Brunner GmbH,1,https://firmen.wko.at/franz-brunner-gmbh/k%c3%a4rnten/?firmaid=b0f9b57a-0a68-4846-b723-644f4c0a31e7&standortid=6&standortname=k%c3%a4rnten%20%28bundesland%29&suchbegriff=immobilienverwalter,403,,,,0,0,
Franz Capoun,1,https://firmen.wko.at/franz-capoun/wien/?firmaid=fc3963e8-12cf-49f1-8b5f-23cd5782b9fd&standortid=1&standortname=wien%20%28bundesland%29&suchbegriff=immobilienverwalter,403,,,,0,0,
"Franz Chreiska, MA",1,https://firmen.wko.at/franz-chreiska-ma-franz-chreiska-ma-immobilienmanagement/wien/?firmaid=b2d04484-4acd-4cb6-89e7-bddf4676492b&standortid=1&standortname=wien%20%28bundesland%29&suchbegriff=immobilienverwalter,403,,,,0,0,
Franz Josef Holler GmbH,1,https://firmen.wko.at/franz-josef-holler-gmbh/steiermark/?firmaid=27dfe4c7-b524-4b18-ad33-0966c4790107&standortid=5&standortname=steiermark%20%28bundesland%29&suchbegriff=immobilienverwalter,403,,,,0,0,
Franz Kramas Gebäudeverwaltung G.m.b.H.,1,https://firmen.wko.at/franz-kramas-geb%c3%a4udeverwaltung-gmbh/wien/?firmaid=cbd09d2d-cff7-4a30-8a18-11710631c757&standortid=1&standortname=wien%20%28bundesland%29&suchbegriff=immobilienverwalter,403,,,,0,0,
Franz Menhart,1,https://firmen.wko.at/franz-menhart-mf-hausbetreuung/steiermark/?firmaid=fb12874d-a3a0-44a4-b7f7-26222e9cee1e&standortid=5&standortname=steiermark%20%28bundesland%29&suchbegriff=immobilienverwalter,403,,,,0,0,
Franz Paleczek,1,https://firmen.wko.at/franz-paleczek/wien/?firmaid=c82ff7bc-46a9-47f4-b73a-02825d0988e7&standortid=1&standortname=wien%20%28bundesland%29&suchbegriff=immobilienverwalter,403,,,,0,0,
Franz Pum Immobilienverwaltungs GmbH,1,https://firmen.wko.at/franz-pum-immobilienverwaltungs-gmbh/nieder%c3%b6sterreich/?firmaid=acf4a365-1812-47e6-82da-749abce9596b&standortid=2&standortname=nieder%c3%b6sterreich%20%28bundesland%29&suchbegriff=immobilienverwalter,403,,,,0,0,
Franz Schnugg,1,https://firmen.wko.at/franz-schnugg/salzburg/?firmaid=fe12dce4-91de-4ca9-92e3-c09ac3e00b7e&standortid=4&standortname=salzburg%20%28bundesland%29&suchbegriff=immobilienverwalter,200,,,,0,4183,
"Franz Voglsanger, Kommanditgesellschaft",1,https://firmen.wko.at/franz-voglsanger-kommanditgesellschaft/tirol/?firmaid=89bcb7b2-cd54-44b1-86b0-2c0a46997feb&standortid=7&standortname=tirol%20%28bundesland%29&suchbegriff=immobilienverwalter,403,,,,0,0,
Franz ZORMANN Gesellschaft m.b.H.,1,https://firmen.wko.at/franz-zormann-gesellschaft-mbh/wien/?firmaid=87c656bd-9b01-4a22-a2c6-214411cce883&standortid=1&standortname=wien%20%28bundesland%29&suchbegriff=immobilienverwalter,403,,,,0,0,
Franz Zöchmeister,1,https://firmen.wko.at/franz-z%c3%b6chmeister-immoteam-z%c3%b6chmeister-re-max-dynamic/nieder%c3%b6sterreich/?firmaid=26f224d6-a772-4a4f-8442-97a0aeff24d4&standortid=2&standortname=nieder%c3%b6sterreich%20%28bundesland%29&suchbegriff=immobilienverwalter,403,,,,0,0,
Freigassner & Amenda Immobilien- gesellschaft mbH,1,https://firmen.wko.at/freigassner-und-amenda-immobilien-gesellschaft-mbh/wien/?firmaid=06c9257e-6105-4df5-b098-4a61e7e911f3&standortid=1&standortname=wien%20%28bundesland%29&suchbegriff=immobilienverwalter,403,,,,0,0,
FREIRAUM Immobilien GmbH,1,https://firmen.wko.at/freiraum-immobilien-gmbh/steiermark/?firmaid=10d08aac-be1a-44f3-9140-5a2339e4f0af&standortid=5&standortname=steiermark%20%28bundesland%29&suchbegriff=immobilienverwalter,403,,,,0,0,
Frieda Rustler Gebäudeverwaltung GmbH & Co KG,6,https://firmen.wko.at/frieda-rustler-geb%c3%a4udeverwaltung-gmbh-und-co-kg/salzburg/?firmaid=eaece165-7f32-4ffe-9a7e-d03f164975ee&standortid=4&standortname=salzburg%20%28bundesland%29&suchbegriff=immobilienverwalter,200,,,,0,2280,
Friedrich & Padelek Gesellschaft m.b.H.,1,https://firmen.wko.at/friedrich-und-padelek-gesellschaft-mbh-fundp-immobilien/wien/?firmaid=0ba2a62d-d6db-43fa-adfb-b4f80d3a60ed&standortid=1&standortname=wien%20%28bundesland%29&suchbegriff=immobilienverwalter,403,,,,0,0,
Friedrich Beinhauer Gesellschaft m.b.H.,1,https://firmen.wko.at/friedrich-beinhauer-gesellschaft-mbh/wien/?firmaid=e9fa9803-b838-42d2-b2d2-a1eb0b45b909&standortid=1&standortname=wien%20%28bundesland%29&suchbegriff=immobilienverwalter,403,,,,0,0,
Friedrich Michael Höbart,1,https://firmen.wko.at/friedrich-michael-h%c3%b6bart-artecielo-immobilien-friedrich-m-h%c3%b6bart/k%c3%a4rnten/?firmaid=166d9a71-f79a-490e-ad1c-a1f25418e208&standortid=6&standortname=k%c3%a4rnten%20%28bundesland%29&suchbegriff=immobilienverwalter,403,,,,0,0,
Friedrich Zagler,1,https://firmen.wko.at/friedrich-zagler-konzessionierter-immobilientreuh%c3%84nder/salzburg/?firmaid=afd08eda-9d0d-4dbb-baf1-3c091b7e0643&standortid=4&standortname=salzburg%20%28bundesland%29&suchbegriff=immobilienverwalter,200,,,,0,3322,
Friesacher Immobilien GmbH,1,https://firmen.wko.at/friesacher-immobilien-gmbh-konzessionierte-immobilien-und-hausverwaltungskanzlei/salzburg/?firmaid=b2a86f4a-adaa-4dfd-8a77-7a5021b47032&standortid=4&standortname=salzburg%20%28bundesland%29&suchbegriff=immobilienverwalter,403,,,,0,0,
FRIPAL - Immobilienverwaltung GmbH,1,https://firmen.wko.at/fripal-immobilienverwaltung-gmbh/steiermark/?firmaid=26a26b65-3fda-4e13-b9b5-c32437089cdc&standortid=5&standortname=steiermark%20%28bundesland%29&suchbegriff=immobilienverwalter,403,,,,0,0,
Fröschl Management GmbH & CoKG,1,https://firmen.wko.at/fr%c3%b6schl-management-gmbh-und-cokg/tirol/?firmaid=b2b4cafa-88d8-4980-bd3e-26da94000433&standortid=7&standortname=tirol%20%28bundesland%29&suchbegriff=immobilienverwalter,403,,,,0,0,
FSG Finanz Service GmbH.,1,https://firmen.wko.at/fsg-finanz-service-gmbh/ober%c3%b6sterreich/?firmaid=c45f00c5-55c7-4f34-8f84-26cc04eb97b3&standortid=3&standortname=ober%c3%b6sterreich%20%28bundesland%29&suchbegriff=immobilienverwalter,403,,,,0,0,
Futschik Immobilienverwalter und Immobilienmakler GmbH,1,https://firmen.wko.at/futschik-immobilienverwalter-und-immobilienmakler-gmbh/wien/?firmaid=51dec7cb-da7d-4343-b110-2da5d33a492f&standortid=1&standortname=wien%20%28bundesland%29&suchbegriff=immobilienverwalter,403,,,,0,0,
FZI Real GmbH,1,https://firmen.wko.at/fzi-real-gmbh-immobilienverwaltung-und-energieverwaltung/wien/?firmaid=5bc5402b-294c-449c-bf3d-77ab0da51557&standortid=1&standortname=wien%20%28bundesland%29&suchbegriff=immobilienverwalter,403,,,,0,0,
FÜRST Immobilien GmbH,1,https://firmen.wko.at/f%c3%9crst-immobilien-gmbh/nieder%c3%b6sterreich/?firmaid=1547cb72-4501-47b6-8fda-968cdf123910&standortid=2&standortname=nieder%c3%b6sterreich%20%28bundesland%29&suchbegriff=immobilienverwalter,403,,,,0,0,
"G-Unternehmensbeteiligung GmbH & Co,1190 Wien, Rampengasse 3-5, KG",1,https://firmen.wko.at/g-unternehmensbeteiligung-gmbh-und-co1190-wien-rampengasse-3-5-kg/wien/?firmaid=8a9a2b2f-1384-4b02-9c4d-796bb4fe4f4e&standortid=1&standortname=wien%20%28bundesland%29&suchbegriff=immobilienverwalter,403,,,,0,0,
G. Kager - Mag. P. Grißmann Gesellschaft m.b.H.,1,https://firmen.wko.at/g-kager-mag-p-gri%c3%9fmann-gesellschaft-mbh-immobilienverwaltung/tirol/?firmaid=ceb34eb3-9210-42b6-8ad1-2e776056ffe9&standortid=7&standortname=tirol%20%28bundesland%29&suchbegriff=immobilienverwalter,403,,,,0,0,
"Gaalhofer Immobilien, Vermittlung & Verwaltung e.U.",1,https://firmen.wko.at/gaalhofer-immobilien-vermittlung-und-verwaltung-eu-gaalhofer-immobilien/nieder%c3%b6sterreich/?firmaid=17d1030e-ac5b-4293-9ddd-0b20f896658f&standortid=2&standortname=nieder%c3%b6sterreich%20%28bundesland%29&suchbegriff=immobilienverwalter,403,,,,0,0,
Gabriela Hildegard Forsthuber,1,https://firmen.wko.at/gabriela-hildegard-forsthuber/k%c3%a4rnten/?firmaid=e7d498a8-6711-4932-87d7-53a8eb880067&standortid=6&standortname=k%c3%a4rnten%20%28bundesland%29&suchbegriff=immobilienverwalter,403,,,,0,0,
Gabriela Margaretha Maria Paky,1,https://firmen.wko.at/gabriela-margaretha-maria-paky/wien/?firmaid=e596eb40-e26c-418b-a6b3-41ba4503fa67&standortid=1&standortname=wien%20%28bundesland%29&suchbegriff=immobilienverwalter,403,,,,0,0,
Gabriele Jatschka,1,https://firmen.wko.at/gabriele-jatschka/wien/?firmaid=4c16582d-e044-416c-be3d-329507695759&standortid=1&standortname=wien%20%28bundesland%29&suchbegriff=immobilienverwalter,403,,,,0,0,
Gabriele Margarete Neskodny,1,https://firmen.wko.at/gabriele-margarete-neskodny/nieder%c3%b6sterreich/?firmaid=54225fb5-6c88-4388-85ba-475e034a2d52&standortid=2&standortname=nieder%c3%b6sterreich%20%28bundesland%29&suchbegriff=immobilienverwalter,403,,,,0,0,
Gangl & Partner OG,1,https://firmen.wko.at/gangl-und-partner-og/salzburg/?firmaid=f487163b-1086-462d-a042-a167909e4f03&standortid=4&standortname=salzburg%20%28bundesland%29&suchbegriff=immobilienverwalter,403,,,,0,0,
GARBE Industrial Real Estate Austria GmbH,1,https://firmen.wko.at/garbe-industrial-real-estate-austria-gmbh/wien/?firmaid=9e3ab3e8-7ca1-4853-90a6-1969b98efa13&standortid=1&standortname=wien%20%28bundesland%29&suchbegriff=immobilienverwalter,403,,,,0,0,
Gass Immobilien GmbH,1,https://firmen.wko.at/gass-immobilien-gmbh/wien/?firmaid=41d8fd2f-2f7e-4e2e-835c-8550583a3db1&standortid=1&standortname=wien%20%28bundesland%29&suchbegriff=immobilienverwalter,403,,,,0,0,
GASTROTEL Hilscher KG,1,https://firmen.wko.at/gastrotel-hilscher-kg/wien/?firmaid=c1251ebb-b9ae-46ba-b353-0246cafe30b4&standortid=1&standortname=wien%20%28bundesland%29&suchbegriff=immobilienverwalter,403,,,,0,0,
GBG Gebäude- und Baumanagement Graz GmbH,1,https://firmen.wko.at/gbg-geb%c3%a4ude-und-baumanagement-graz-gmbh/steiermark/?firmaid=9e5b77c7-357a-45b6-963e-6e35837325e6&standortid=5&standortname=steiermark%20%28bundesland%29&suchbegriff=immobilienverwalter,403,,,,0,0,
GBM GebäudeBetriebsManagement GmbH,1,https://firmen.wko.at/gbm-geb%c3%a4udebetriebsmanagement-gmbh-immobilienverwaltung-centermanagement/wien/?firmaid=957395eb-4352-4277-a567-454238aebeeb&standortid=1&standortname=wien%20%28bundesland%29&suchbegriff=immobilienverwalter,403,,,,0,0,
GDR Admin GmbH,1,https://firmen.wko.at/gdr-admin-gmbh/vorarlberg/?firmaid=33ea9542-9178-4cd3-9c7e-3be9fac1181e&standortid=8&standortname=vorarlberg%20%28bundesland%29&suchbegriff=immobilienverwalter,403,,,,0,0,
Gebrüder Riha Immobilienmanagement GmbH,1,https://firmen.wko.at/gebr%c3%bcder-riha-immobilienmanagement-gmbh/wien/?firmaid=64a666fd-c472-44a3-a47b-676543185dab&standortid=1&standortname=wien%20%28bundesland%29&suchbegriff=immobilienverwalter,403,,,,0,0,
Gebäudeverwaltung Karl und Gertrud Radunsky OHG.,1,https://firmen.wko.at/geb%c3%a4udeverwaltung-karl-und-gertrud-radunsky-ohg/wien/?firmaid=fb6dc84f-4640-4ca8-bf7c-dbb53108ff18&standortid=1&standortname=wien%20%28bundesland%29&suchbegriff=immobilienverwalter,403,,,,0,0,
Gebäudeverwaltung Karner KG,1,https://firmen.wko.at/geb%c3%a4udeverwaltung-karner-kg/wien/?firmaid=d262a309-6d5e-4d4e-85dc-07bd73a32ea9&standortid=1&standortname=wien%20%28bundesland%29&suchbegriff=immobilienverwalter,403,,,,0,0,
Gebäudeverwaltung Kienzl GmbH,1,https://firmen.wko.at/geb%c3%a4udeverwaltung-kienzl-gmbh-immobilientreuh%c3%a4nder/steiermark/?firmaid=33de206c-e17e-4625-9d1e-5d771489faf7&standortid=5&standortname=steiermark%20%28bundesland%29&suchbegriff=immobilienverwalter,403,,,,0,0,
Gebäudeverwaltung Kurt Kreissl GmbH & Co KG,1,https://firmen.wko.at/geb%c3%a4udeverwaltung-kurt-kreissl-gmbh-und-co-kg/wien/?firmaid=90542389-a57d-41e3-be34-9a38174b88a4&standortid=1&standortname=wien%20%28bundesland%29&suchbegriff=immobilienverwalter,403,,,,0,0,
Gebäudeverwaltung Ruthner GmbH,1,https://firmen.wko.at/geb%c3%a4udeverwaltung-ruthner-gmbh/wien/?firmaid=0373d0c6-df56-48d6-90b2-4b8fdf6e2ff8&standortid=1&standortname=wien%20%28bundesland%29&suchbegriff=immobilienverwalter,403,,,,0,0,
Gebäudeverwaltung Winter & Regelsberger GmbH,1,https://firmen.wko.at/geb%c3%a4udeverwaltung-winter-und-regelsberger-gmbh/wien/?firmaid=5e500335-75e1-40d1-8297-7ae21cfc2680&standortid=1&standortname=wien%20%28bundesland%29&suchbegriff=immobilienverwalter,403,,,,0,0,
Generali Real Estate S.p.A.,1,https://firmen.wko.at/generali-real-estate-spa/wien/?firmaid=c590d24d-ef17-4553-b8a6-5ca7754ed321&standortid=1&standortname=wien%20%28bundesland%29&suchbegriff=immobilienverwalter,403,,,,0,0,
"Georg Gasser, BA",1,https://firmen.wko.at/georg-gasser-ba/wien/?firmaid=7fcc74da-a087-4e1f-87eb-acd95d28bf38&standortid=1&standortname=wien%20%28bundesland%29&suchbegriff=immobilienverwalter,403,,,,0,0,
Georg Slawik,1,https://firmen.wko.at/georg-slawik-hausverwaltung-und-immobilienmakler/wien/?firmaid=8e15055f-b94b-4e73-b937-b3e435767a27&standortid=1&standortname=wien%20%28bundesland%29&suchbegriff=immobilienverwalter,403,,,,0,0,
Georg Zielbauer OHG,1,https://firmen.wko.at/georg-zielbauer-ohg/wien/?firmaid=f90dee81-c12a-469e-ad4b-b1974396a017&standortid=1&standortname=wien%20%28bundesland%29&suchbegriff=immobilienverwalter,403,,,,0,0,
Gerersdorfer Immobilien KG,1,https://firmen.wko.at/gerersdorfer-immobilien-kg/wien/?firmaid=ab27cba8-b11a-4bae-b18a-796a742c7c9e&standortid=1&standortname=wien%20%28bundesland%29&suchbegriff=immobilienverwalter,403,,,,0,0,
GERHARD KAGER Gesellschaft mbH,1,https://firmen.wko.at/gerhard-kager-gesellschaft-mbh/wien/?firmaid=9577c3a4-dd3b-4d6b-80e9-aa73e17f6801&standortid=1&standortname=wien%20%28bundesland%29&suchbegriff=immobilienverwalter,403,,,,0,0,
Gerhard Lehner,1,https://firmen.wko.at/gerhard-lehner-immobilien-lehner/ober%c3%b6sterreich/?firmaid=4a7a5aa1-d7f5-4498-88f6-1eb0d27226b4&standortid=3&standortname=ober%c3%b6sterreich%20%28bundesland%29&suchbegriff=immobilienverwalter,403,,,,0,0,
Gerhard Rumplik,1,https://firmen.wko.at/gerhard-rumplik-immobilienverwaltung-immobilienvermittlung-bautr%c3%a4ger/wien/?firmaid=c526bb99-ac55-40d6-ad70-761ea45b5943&standortid=1&standortname=wien%20%28bundesland%29&suchbegriff=immobilienverwalter,403,,,,0,0,
Gerhard Salomon,1,https://firmen.wko.at/gerhard-salomon-immobilienkanzlei-gerhard-salomon/wien/?firmaid=fe4a8799-cb8c-4c2b-b4a0-d518a8c43f41&standortid=1&standortname=wien%20%28bundesland%29&suchbegriff=immobilienverwalter,403,,,,0,0,
"Gerhard Scheucher, MBA",1,https://firmen.wko.at/gerhard-scheucher-mba/steiermark/?firmaid=ffc5a498-d891-4b30-bd28-27b99e67eb76&standortid=5&standortname=steiermark%20%28bundesland%29&suchbegriff=immobilienverwalter,403,,,,0,0,
Gerlinde Reichl,1,https://firmen.wko.at/gerlinde-reichl/wien/?firmaid=5a757823-497f-4057-a1d0-a9333f3dc42a&standortid=1&standortname=wien%20%28bundesland%29&suchbegriff=immobilienverwalter,403,,,,0,0,
Germann Immobilien GmbH,1,https://firmen.wko.at/germann-immobilien-gmbh/vorarlberg/?firmaid=77e5d9f4-020c-4570-b9d9-30775febcf7c&standortid=8&standortname=vorarlberg%20%28bundesland%29&suchbegriff=immobilienverwalter,403,,,,0,0,
Gerold Stadlhuber,1,https://firmen.wko.at/gerold-stadlhuber-immos-immobilien/ober%c3%b6sterreich/?firmaid=59bc887a-b006-47a1-9953-3033afd9def2&standortid=3&standortname=ober%c3%b6sterreich%20%28bundesland%29&suchbegriff=immobilienverwalter,403,,,,0,0,
Gertraud Brigitte Ramerstorfer,1,https://firmen.wko.at/gertraud-brigitte-ramerstorfer-immobilien-ramerstorfer/salzburg/?firmaid=07777aac-a7ef-4b68-bd75-31421f769dc8&standortid=4&standortname=salzburg%20%28bundesland%29&suchbegriff=immobilienverwalter,403,,,,0,0,
Gertraud Mörtl,1,https://firmen.wko.at/gertraud-m%c3%b6rtl/wien/?firmaid=fa4947f6-e539-4616-b433-af1c16a5e97f&standortid=1&standortname=wien%20%28bundesland%29&suchbegriff=immobilienverwalter,403,,,,0,0,
Gertrud M. Grün Ges.m.b.H.,1,https://firmen.wko.at/gertrud-m-gr%c3%bcn-gesmbh/wien/?firmaid=2555cc83-813d-4930-a9da-59f86a8a29b6&standortid=1&standortname=wien%20%28bundesland%29&suchbegriff=immobilienverwalter,403,,,,0,0,
Gertrude Truschnegg,1,https://firmen.wko.at/gertrude-truschnegg-liegenschaftsverwaltung-graz-truschnegg-immobilien/steiermark/?firmaid=835a8d40-4ea4-40f0-8af8-ed18c5c7f277&standortid=5&standortname=steiermark%20%28bundesland%29&suchbegriff=immobilienverwalter,403,,,,0,0,
Gesellschaft zur Betreuung und Verwaltung von Wohnungseigentum m.b.H.,1,https://firmen.wko.at/gesellschaft-zur-betreuung-und-verwaltung-von-wohnungseigentum-mbh/vorarlberg/?firmaid=c181a57d-a696-4744-9430-01e8c7d002c7&standortid=8&standortname=vorarlberg%20%28bundesland%29&suchbegriff=immobilienverwalter,403,,,,0,0,
Gewerbepark Urstein Besitz GmbH & Co KG,1,https://firmen.wko.at/gewerbepark-urstein-besitz-gmbh-und-co-kg/wien/?firmaid=8df35041-6cbd-45f7-b3cb-2a579d249741&standortid=1&standortname=wien%20%28bundesland%29&suchbegriff=immobilienverwalter,403,,,,0,0,
GFR Gebäude- und Facilitymanagement GmbH,1,https://firmen.wko.at/gfr-geb%c3%a4ude-und-facilitymanagement-gmbh/burgenland/?firmaid=08da387d-6f6c-4da3-8605-59bd15de1332&standortid=9&standortname=burgenland%20%28bundesland%29&suchbegriff=immobilienverwalter,403,,,,0,0,
GGJ Beteiligungs GmbH & Co Projekt Eins OG,1,https://firmen.wko.at/ggj-beteiligungs-gmbh-und-co-projekt-eins-og/wien/?firmaid=111cc0e2-c7c0-4703-a244-26945803e2d1&standortid=1&standortname=wien%20%28bundesland%29&suchbegriff=immobilienverwalter,403,,,,0,0,
GIA Real GmbH,1,https://firmen.wko.at/gia-real-gmbh/nieder%c3%b6sterreich/?firmaid=1b5e0d17-e94b-4aee-8528-3753f9f3c7f8&standortid=2&standortname=nieder%c3%b6sterreich%20%28bundesland%29&suchbegriff=immobilienverwalter,403,,,,0,0,
GILDA Handelsgesellschaft m.b.H.,1,https://firmen.wko.at/gilda-handelsgesellschaft-mbh/wien/?firmaid=eb32cf7a-933a-4e32-a45b-06f2a86c7bfb&standortid=1&standortname=wien%20%28bundesland%29&suchbegriff=immobilienverwalter,403,,,,0,0,
GJ-Beteiligungs GmbH,1,https://firmen.wko.at/gj-beteiligungs-gmbh/wien/?firmaid=3db92f8b-9a1e-4623-a721-68ef96b76c23&standortid=1&standortname=wien%20%28bundesland%29&suchbegriff=immobilienverwalter,403,,,,0,0,
GJ-Beteiligungs GmbH & Co Projekt Fünf OG,1,https://firmen.wko.at/gj-beteiligungs-gmbh-und-co-projekt-f%c3%bcnf-og/wien/?firmaid=170d852a-cbf8-40b8-a9e8-9265fe73c268&standortid=1&standortname=wien%20%28bundesland%29&suchbegriff=immobilienverwalter,403,,,,0,0,
Glan Real und Hausverwaltung Ges.m.b.H.,1,https://firmen.wko.at/glan-real-und-hausverwaltung-gesmbh/k%c3%a4rnten/?firmaid=fbf20a51-e020-41d3-a34e-26688ca07c3c&standortid=6&standortname=k%c3%a4rnten%20%28bundesland%29&suchbegriff=immobilienverwalter,403,,,,0,0,
Globale Baugesellschaft m.b.H. & Co. KG.,1,https://firmen.wko.at/globale-baugesellschaft-mbh-und-co-kg/tirol/?firmaid=80f8a544-d6fc-4ff9-b0c6-1c8d108c3a5b&standortid=7&standortname=tirol%20%28bundesland%29&suchbegriff=immobilienverwalter,403,,,,0,0,
GMG Immobilien Invest GmbH,3,https://firmen.wko.at/gmg-immobilien-invest-gmbh/k%c3%a4rnten/?firmaid=c335c737-16a2-48e7-8a76-1a5994a2a6f6&standortid=6&standortname=k%c3%a4rnten%20%28bundesland%29&suchbegriff=immobilienverwalter,403,,,,0,0,
GMK Immo GmbH,1,https://firmen.wko.at/gmk-immo-gmbh/ober%c3%b6sterreich/?firmaid=b7235c72-92b1-4e6b-9195-88f50eaf7711&standortid=3&standortname=ober%c3%b6sterreich%20%28bundesland%29&suchbegriff=immobilienverwalter,403,,,,0,0,
GOLDBECK Parking GmbH,1,https://firmen.wko.at/goldbeck-parking-gmbh/nieder%c3%b6sterreich/?firmaid=b837922a-eeaf-4650-b5eb-27316da0131c&standortid=2&standortname=nieder%c3%b6sterreich%20%28bundesland%29&suchbegriff=immobilienverwalter,403,,,,0,0,
Grabner Immobilien GmbH,1,https://firmen.wko.at/grabner-immobilien-gmbh/burgenland/?firmaid=67d911bb-337f-4bb7-ad5f-0fb6bf3760f4&standortid=9&standortname=burgenland%20%28bundesland%29&suchbegriff=immobilienverwalter,403,,,,0,0,
"Graf Immobilien Besitz-, Entwicklungs- und Verwaltungsgesellschaft m.b.H.",1,https://firmen.wko.at/graf-immobilien-besitz-entwicklungs-und-verwaltungsgesellschaft-mbh/tirol/?firmaid=c9d6191d-5138-4c2e-8bf1-ae01c014f2e8&standortid=7&standortname=tirol%20%28bundesland%29&suchbegriff=immobilienverwalter,403,,,,0,0,
Graf Immobilientreuhand GmbH,1,https://firmen.wko.at/graf-immobilientreuhand-gmbh/ober%c3%b6sterreich/?firmaid=d8d138fa-9114-4b3a-8232-4921e41f7bdc&standortid=3&standortname=ober%c3%b6sterreich%20%28bundesland%29&suchbegriff=immobilienverwalter,403,,,,0,0,
Granit Immobilien GmbH,1,https://firmen.wko.at/granit-immobilien-gmbh/steiermark/?firmaid=5fe716c9-e014-41d9-9845-528786bc992a&standortid=5&standortname=steiermark%20%28bundesland%29&suchbegriff=immobilienverwalter,403,,,,0,0,
GRAWE Immo AG,1,https://firmen.wko.at/grawe-immo-ag/steiermark/?firmaid=3e9afebc-bcab-453c-807d-6ede8fd40f47&standortid=5&standortname=steiermark%20%28bundesland%29&suchbegriff=immobilienverwalter,403,,,,0,0,
Green Wealth GmbH,1,https://firmen.wko.at/green-wealth-gmbh/ober%c3%b6sterreich/?firmaid=9f174825-1a54-4f36-974b-312b8f3fa852&standortid=3&standortname=ober%c3%b6sterreich%20%28bundesland%29&suchbegriff=immobilienverwalter,403,,,,0,0,
Green-Point 62 GmbH,1,https://firmen.wko.at/green-point-62-gmbh/nieder%c3%b6sterreich/?firmaid=b69b1904-5907-4cb4-a270-4dc7727b49cc&standortid=2&standortname=nieder%c3%b6sterreich%20%28bundesland%29&suchbegriff=immobilienverwalter,403,,,,0,0,
Gregor Waltner GmbH,1,https://firmen.wko.at/gregor-waltner-gmbh/nieder%c3%b6sterreich/?firmaid=5e6d5a5e-cbaa-4e09-ac58-3809d561ea79&standortid=2&standortname=nieder%c3%b6sterreich%20%28bundesland%29&suchbegriff=immobilienverwalter,403,,,,0,0,
Greystar Austria GmbH,1,https://firmen.wko.at/greystar-austria-gmbh/wien/?firmaid=92ab8b29-9113-44a7-ae4f-63b0569e11d8&standortid=1&standortname=wien%20%28bundesland%29&suchbegriff=immobilienverwalter,403,,,,0,0,
Grill Immobilienverwaltung GmbH,1,https://firmen.wko.at/grill-immobilienverwaltung-gmbh/steiermark/?firmaid=0f3cafdb-6299-4c17-a2a5-f07b8538a9e2&standortid=5&standortname=steiermark%20%28bundesland%29&suchbegriff=immobilienverwalter,403,,,,0,0,
Grundmann Immobilientreuhand e.U.,1,https://firmen.wko.at/grundmann-immobilientreuhand-eu/wien/?firmaid=bb12a2d4-1b9a-4e04-a4fb-e0850c8bb10e&standortid=1&standortname=wien%20%28bundesland%29&suchbegriff=immobilienverwalter,403,,,,0,0,
Grundwerk GmbH,1,https://firmen.wko.at/grundwerk-gmbh/nieder%c3%b6sterreich/?firmaid=646f1c76-a00b-4a64-9936-2bd1687e717b&standortid=2&standortname=nieder%c3%b6sterreich%20%28bundesland%29&suchbegriff=immobilienverwalter,403,,,,0,0,
Grössing Wiese Bauträger GmbH,1,https://firmen.wko.at/gr%c3%b6ssing-wiese-bautr%c3%a4ger-gmbh/steiermark/?firmaid=cf4b30bd-9370-4c54-baec-99f919359880&standortid=5&standortname=steiermark%20%28bundesland%29&suchbegriff=immobilienverwalter,403,,,,0,0,
GSA Wohnbauträger GmbH,1,https://firmen.wko.at/gsa-wohnbautr%c3%a4ger-gmbh/ober%c3%b6sterreich/?firmaid=9d65930d-0479-4028-9f68-2edde4a97a33&standortid=3&standortname=ober%c3%b6sterreich%20%28bundesland%29&suchbegriff=immobilienverwalter,403,,,,0,0,
GU Bauconsulting KG,1,https://firmen.wko.at/gu-bauconsulting-kg/salzburg/?firmaid=5fe45d3d-f99d-4cc0-a7f4-915d16abeea5&standortid=4&standortname=salzburg%20%28bundesland%29&suchbegriff=immobilienverwalter,200,,,,0,2960,
Gunther Thiel Immobilien Treuhand GmbH,1,https://firmen.wko.at/gunther-thiel-immobilien-treuhand-gmbh/nieder%c3%b6sterreich/?firmaid=9d43c05a-2f17-4bf2-9e39-7cc2960a9c92&standortid=2&standortname=nieder%c3%b6sterreich%20%28bundesland%29&suchbegriff=immobilienverwalter,403,,,,0,0,
Gustav Petri & Co Immobilien-Treuhand Gesellschaft m.b.H.,1,https://firmen.wko.at/gustav-petri-und-co-immobilien-treuhand-gesellschaft-mbh/wien/?firmaid=d82a9284-f4fc-4f66-bee2-17b51a8b26ce&standortid=1&standortname=wien%20%28bundesland%29&suchbegriff=immobilienverwalter,403,,,,0,0,
Gutmann Realinvest GmbH,1,https://firmen.wko.at/gutmann-realinvest-gmbh/nieder%c3%b6sterreich/?firmaid=279c5eee-4f07-4182-b4fe-4979c0b437cf&standortid=2&standortname=nieder%c3%b6sterreich%20%28bundesland%29&suchbegriff=immobilienverwalter,403,,,,0,0,
GUTWEIL Immobilienmanagement GmbH,1,https://firmen.wko.at/gutweil-immobilienmanagement-gmbh/nieder%c3%b6sterreich/?firmaid=a00829fa-a7f8-4ff1-b0b9-d067e018b542&standortid=2&standortname=nieder%c3%b6sterreich%20%28bundesland%29&suchbegriff=immobilienverwalter,403,,,,0,0,
Gutwerk Immobilien Treuhand GmbH,1,https://firmen.wko.at/gutwerk-immobilien-treuhand-gmbh/wien/?firmaid=e98c9dfe-41b4-4b02-820a-17cf04779d16&standortid=1&standortname=wien%20%28bundesland%29&suchbegriff=immobilienverwalter,403,,,,0,0,
GWS Bau- und Verwaltungsgesellschaft m.b.H.,1,https://firmen.wko.at/gws-bau-und-verwaltungsgesellschaft-mbh/steiermark/?firmaid=e6e3e12a-86b4-44e3-a38f-49ba68475820&standortid=5&standortname=steiermark%20%28bundesland%29&suchbegriff=immobilienverwalter,403,,,,0,0,
"GWS NEUNKIRCHEN KOMMUNAL Planungs-, Errichtungs- und Servicegesellschaft m.b.H.",1,https://firmen.wko.at/gws-neunkirchen-kommunal-planungs-errichtungs-und-servicegesellschaft-mbh/nieder%c3%b6sterreich/?firmaid=b8c7b1db-60f8-427e-b6d9-3cc33872c5f3&standortid=2&standortname=nieder%c3%b6sterreich%20%28bundesland%29&suchbegriff=immobilienverwalter,403,,,,0,0,
Gärtner Immobilienverwaltungs- gesellschaft m.b.H.,1,https://firmen.wko.at/g%c3%a4rtner-immobilienverwaltungs-gesellschaft-mbh/tirol/?firmaid=3e9ff07f-7c7c-4efc-ae63-3173788c88d9&standortid=7&standortname=tirol%20%28bundesland%29&suchbegriff=immobilienverwalter,403,,,,0,0,
Göttlicher Immobilienmanagement GmbH.,1,https://firmen.wko.at/g%c3%b6ttlicher-immobilienmanagement-gmbh/wien/?firmaid=ce35904c-3b57-4607-92e0-0c041b20fd9c&standortid=1&standortname=wien%20%28bundesland%29&suchbegriff=immobilienverwalter,403,,,,0,0,
Günter Hanko,1,https://firmen.wko.at/g%c3%bcnter-hanko/nieder%c3%b6sterreich/?firmaid=83518f43-ede3-4cf7-b764-024d590bc74b&standortid=2&standortname=nieder%c3%b6sterreich%20%28bundesland%29&suchbegriff=immobilienverwalter,403,,,,0,0,
Günther Albert Theissl,1,https://firmen.wko.at/g%c3%bcnther-albert-theissl-schilcherland-realit%c3%a4ten-eu/steiermark/?firmaid=6fbd304b-1316-4c7a-8d43-0a47626cde37&standortid=5&standortname=steiermark%20%28bundesland%29&suchbegriff=immobilienverwalter,403,,,,0,0,
Günther Gaßner,1,https://firmen.wko.at/g%c3%bcnther-ga%c3%9fner/vorarlberg/?firmaid=b1013128-69e8-49f1-aa3c-4ee54ac8051d&standortid=8&standortname=vorarlberg%20%28bundesland%29&suchbegriff=immobilienverwalter,403,,,,0,0,
H & R Wohnbau GmbH,1,https://firmen.wko.at/h-und-r-wohnbau-gmbh/tirol/?firmaid=074bd397-3a68-427a-b309-35301cfac934&standortid=7&standortname=tirol%20%28bundesland%29&suchbegriff=immobilienverwalter,403,,,,0,0,
H&R Schmidt OG,1,https://firmen.wko.at/hundr-schmidt-og/wien/?firmaid=7aa90b45-1725-441f-b28d-01004ed0116d&standortid=1&standortname=wien%20%28bundesland%29&suchbegriff=immobilienverwalter,403,,,,0,0,
H.u.W. Müller Immobilien GmbH.,1,https://firmen.wko.at/huw-m%c3%bcller-immobilien-gmbh/wien/?firmaid=46e5b3d5-5ea4-4943-8ae1-ed6f8ec6b9dd&standortid=1&standortname=wien%20%28bundesland%29&suchbegriff=immobilienverwalter,403,,,,0,0,
H2H Asset Management Partners GmbH,1,https://firmen.wko.at/h2h-asset-management-partners-gmbh/nieder%c3%b6sterreich/?firmaid=d236206f-29b2-42f6-953e-a2f9eafe552a&standortid=2&standortname=nieder%c3%b6sterreich%20%28bundesland%29&suchbegriff=immobilienverwalter,403,,,,0,0,
Ha-Part Immobilien GmbH,1,https://firmen.wko.at/ha-part-immobilien-gmbh/salzburg/?firmaid=c27bb161-b42c-4856-8bb2-5ce6c21454d0&standortid=4&standortname=salzburg%20%28bundesland%29&suchbegriff=immobilienverwalter,ERR,,,,0,0,"ReadTimeout(ReadTimeoutError(""HTTPSConnectionPool(host='firmen.wko.at', port=443): Read timed out. (read timeout=45)""))"
Habesohn GmbH,1,https://firmen.wko.at/habesohn-gmbh/wien/?firmaid=4f8d6075-72ff-4e54-8446-5f48a85b328a&standortid=1&standortname=wien%20%28bundesland%29&suchbegriff=immobilienverwalter,403,,,,0,0,
Hafen Wien GmbH,1,https://firmen.wko.at/hafen-wien-gmbh/wien/?firmaid=cf3e7e39-d734-4b04-9bee-0d4cdefc8a0a&standortid=1&standortname=wien%20%28bundesland%29&suchbegriff=immobilienverwalter,403,,,,0,0,
HAGA Wohnbau GmbH,1,https://firmen.wko.at/haga-wohnbau-gmbh/tirol/?firmaid=8f38aabd-517c-40a0-a5b9-704ee0dcf676&standortid=7&standortname=tirol%20%28bundesland%29&suchbegriff=immobilienverwalter,403,,,,0,0,
Hagg VISA Hausverwaltung GmbH,1,https://firmen.wko.at/hagg-visa-hausverwaltung-gmbh/k%c3%a4rnten/?firmaid=9cf04fb9-c9f8-4818-9d4f-3f6584f96b67&standortid=6&standortname=k%c3%a4rnten%20%28bundesland%29&suchbegriff=immobilienverwalter,403,,,,0,0,
HAIDACHER GMBH,1,https://firmen.wko.at/haidacher-gmbh/wien/?firmaid=8d9dde33-0d73-4908-a519-0e65694bb510&standortid=1&standortname=wien%20%28bundesland%29&suchbegriff=immobilienverwalter,403,,,,0,0,
Haidacher-Cyganek GmbH,1,https://firmen.wko.at/haidacher-cyganek-gmbh/wien/?firmaid=c72de367-70f2-41ac-b893-81ffc9e78049&standortid=1&standortname=wien%20%28bundesland%29&suchbegriff=immobilienverwalter,403,,,,0,0,
Hakus Real Immobilienmakler Gesellschaft m.b.H.,1,https://firmen.wko.at/hakus-real-immobilienmakler-gesellschaft-mbh/wien/?firmaid=712a5337-f6ae-4a04-8531-5da206d9e6a5&standortid=1&standortname=wien%20%28bundesland%29&suchbegriff=immobilienverwalter,403,,,,0,0,
HALLAG Kommunal GmbH,1,https://firmen.wko.at/hallag-kommunal-gmbh/tirol/?firmaid=bbf05339-03ae-49ac-9542-22b057b73162&standortid=7&standortname=tirol%20%28bundesland%29&suchbegriff=immobilienverwalter,403,,,,0,0,
Hammerl Immobilien Management GmbH,1,https://firmen.wko.at/hammerl-immobilien-management-gmbh/wien/?firmaid=45e08b32-768a-442c-88b0-d46c39e7971d&standortid=1&standortname=wien%20%28bundesland%29&suchbegriff=immobilienverwalter,403,,,,0,0,
Hannelore Mayr HausverwaltungsGmbH,1,https://firmen.wko.at/hannelore-mayr-hausverwaltungsgmbh/wien/?firmaid=af700b85-055d-4979-bcf1-3e8331969502&standortid=1&standortname=wien%20%28bundesland%29&suchbegriff=immobilienverwalter,403,,,,0,0,
Hannelore Wobrowsky,1,https://firmen.wko.at/hannelore-wobrowsky/wien/?firmaid=2b335208-58c1-4d6b-bb20-fc520c2b9dab&standortid=1&standortname=wien%20%28bundesland%29&suchbegriff=immobilienverwalter,403,,,,0,0,
Hannes Herbst,1,https://firmen.wko.at/hannes-herbst-immobilienverwalter-immobilienmakler/steiermark/?firmaid=41ef18e2-170f-4172-94a2-9faaa045740d&standortid=5&standortname=steiermark%20%28bundesland%29&suchbegriff=immobilienverwalter,403,,,,0,0,
Hannes Stephan Parmetler,1,https://firmen.wko.at/hannes-stephan-parmetler/steiermark/?firmaid=f002585b-2502-46af-a12c-f2aeaa41c63b&standortid=5&standortname=steiermark%20%28bundesland%29&suchbegriff=immobilienverwalter,403,,,,0,0,
Hans Christian Rohazek,1,https://firmen.wko.at/hans-christian-rohazek/wien/?firmaid=912d6af0-cf43-4425-9160-1aebf09c814a&standortid=1&standortname=wien%20%28bundesland%29&suchbegriff=immobilienverwalter,403,,,,0,0,
Happy Homes Plus GmbH,1,https://firmen.wko.at/happy-homes-plus-gmbh/salzburg/?firmaid=53564611-3b05-4874-a891-b49f5cb0dd03&standortid=4&standortname=salzburg%20%28bundesland%29&suchbegriff=immobilienverwalter,403,,,,0,0,
Harald Schippl Immobilien e.U.,1,https://firmen.wko.at/harald-schippl-immobilien-eu/wien/?firmaid=d5f27275-a22f-44d8-a7e9-700cfce56632&standortid=1&standortname=wien%20%28bundesland%29&suchbegriff=immobilienverwalter,403,,,,0,0,
Harald Werfer,1,https://firmen.wko.at/harald-werfer/ober%c3%b6sterreich/?firmaid=52471880-d7de-4e26-8065-6bc38e17b07c&standortid=3&standortname=ober%c3%b6sterreich%20%28bundesland%29&suchbegriff=immobilienverwalter,403,,,,0,0,
Hardegg Gebäudeverwaltung GmbH,1,https://firmen.wko.at/hardegg-geb%c3%a4udeverwaltung-gmbh/wien/?firmaid=9df3a609-d7b5-4f96-8fc7-07e064dccee4&standortid=1&standortname=wien%20%28bundesland%29&suchbegriff=immobilienverwalter,403,,,,0,0,
Hartl & Partner Immobilientreuhand GmbH,1,https://firmen.wko.at/hartl-und-partner-immobilientreuhand-gmbh/salzburg/?firmaid=4a8b6130-ee7a-4549-8770-38ce521b53b9&standortid=4&standortname=salzburg%20%28bundesland%29&suchbegriff=immobilienverwalter,403,,,,0,0,
Hartwig Siegfried Siutz,1,https://firmen.wko.at/hartwig-siegfried-siutz/k%c3%a4rnten/?firmaid=81090563-4ff7-4d77-a92d-4522b20e0825&standortid=6&standortname=k%c3%a4rnten%20%28bundesland%29&suchbegriff=immobilienverwalter,403,,,,0,0,
Hartwig Warmuth Gesellschaft m.b.H.,1,https://firmen.wko.at/hartwig-warmuth-gesellschaft-mbh/k%c3%a4rnten/?firmaid=f84bfc78-937b-4fa7-99c5-676326dce9eb&standortid=6&standortname=k%c3%a4rnten%20%28bundesland%29&suchbegriff=immobilienverwalter,403,,,,0,0,
HAT Immobilien e.U.,1,https://firmen.wko.at/hat-immobilien-eu-verwaltung-vermittlung-management/nieder%c3%b6sterreich/?firmaid=d228cc8c-6268-42c5-9df6-22ae41f72ae0&standortid=2&standortname=nieder%c3%b6sterreich%20%28bundesland%29&suchbegriff=immobilienverwalter,403,,,,0,0,
Haus & Co Immobilientreuhand GmbH,1,https://firmen.wko.at/haus-und-co-immobilientreuhand-gmbh/tirol/?firmaid=0308e256-c978-42f7-ae9f-09de50b96b0f&standortid=7&standortname=tirol%20%28bundesland%29&suchbegriff=immobilienverwalter,403,,,,0,0,
Haus & Grund Immobilien Management GmbH,2,https://firmen.wko.at/haus-und-grund-immobilien-management-gmbh/salzburg/?firmaid=d103a1fd-e6b7-4e9c-98bc-63bf61bb7e87&standortid=4&standortname=salzburg%20%28bundesland%29&suchbegriff=immobilienverwalter,200,,,,0,2130,
Haus- und Objektverwaltung 2020 GmbH,1,https://firmen.wko.at/haus-und-objektverwaltung-2020-gmbh/tirol/?firmaid=35f4115e-8b03-4768-bd8d-d97c6b2f38e5&standortid=7&standortname=tirol%20%28bundesland%29&suchbegriff=immobilienverwalter,403,,,,0,0,
Hauser Immobilienverwaltung Ilse und Günter Kleibner Gesellschaft m.b.H.,1,https://firmen.wko.at/hauser-immobilienverwaltung-ilse-und-g%c3%bcnter-kleibner-gesellschaft-mbh/wien/?firmaid=0bba9499-8c86-462c-97b3-05299b20d052&standortid=1&standortname=wien%20%28bundesland%29&suchbegriff=immobilienverwalter,403,,,,0,0,
Hausmann & Hausmann Gebäudeverwaltung GmbH,1,https://firmen.wko.at/hausmann-und-hausmann-geb%c3%a4udeverwaltung-gmbh-hausmann-und-hausmann-geb%c3%a4udeverwaltung-gmbh/wien/?firmaid=df0a8d0b-e4f7-4fd5-9b15-a3a561664bfb&standortid=1&standortname=wien%20%28bundesland%29&suchbegriff=immobilienverwalter,403,,,,0,0,
Hausverwaltung 4you GmbH,1,https://firmen.wko.at/hausverwaltung-4you-gmbh/wien/?firmaid=eec39ea5-a38e-45d6-be70-7b93abe60001&standortid=1&standortname=wien%20%28bundesland%29&suchbegriff=immobilienverwalter,403,,,,0,0,
Hausverwaltung Con.Ti KG,1,https://firmen.wko.at/hausverwaltung-conti-kg/k%c3%a4rnten/?firmaid=1bdaa856-e4de-47f1-b1ec-6fddb2772423&standortid=6&standortname=k%c3%a4rnten%20%28bundesland%29&suchbegriff=immobilienverwalter,403,,,,0,0,
Hausverwaltung Dr. Brandstetter GmbH,1,https://firmen.wko.at/hausverwaltung-dr-brandstetter-gmbh/wien/?firmaid=9a26e97a-68a8-45cb-8228-c60638d6a7b5&standortid=1&standortname=wien%20%28bundesland%29&suchbegriff=immobilienverwalter,403,,,,0,0,
Hausverwaltung Dr. TÜRR GmbH,1,https://firmen.wko.at/hausverwaltung-dr-t%c3%9crr-gmbh/wien/?firmaid=e508e58e-cf9e-4c85-885f-b919579b3110&standortid=1&standortname=wien%20%28bundesland%29&suchbegriff=immobilienverwalter,403,,,,0,0,
Hausverwaltung Eder GmbH,1,https://firmen.wko.at/hausverwaltung-eder-gmbh/steiermark/?firmaid=36f47ec1-08fd-4d65-8a24-181d5162f2ad&standortid=5&standortname=steiermark%20%28bundesland%29&suchbegriff=immobilienverwalter,403,,,,0,0,
Hausverwaltung GWP GmbH,1,https://firmen.wko.at/hausverwaltung-gwp-gmbh/nieder%c3%b6sterreich/?firmaid=3eb976d2-e052-439e-a514-780b56f09171&standortid=2&standortname=nieder%c3%b6sterreich%20%28bundesland%29&suchbegriff=immobilienverwalter,403,,,,0,0,
Hausverwaltung Hackl GmbH,1,https://firmen.wko.at/hausverwaltung-hackl-gmbh/tirol/?firmaid=08fe2a6f-c208-4a37-8b38-dbb75b49d2c0&standortid=7&standortname=tirol%20%28bundesland%29&suchbegriff=immobilienverwalter,403,,,,0,0,
Hausverwaltung Handschur GmbH,1,https://firmen.wko.at/hausverwaltung-handschur-gmbh/nieder%c3%b6sterreich/?firmaid=18f4fda9-e021-4d2a-b714-1f21a9637653&standortid=2&standortname=nieder%c3%b6sterreich%20%28bundesland%29&suchbegriff=immobilienverwalter,403,,,,0,0,
"Hausverwaltung J. Gombocz & Sohn ""Eigentum"" Gesellschaft m.b.H.",1,https://firmen.wko.at/hausverwaltung-j-gombocz-und-sohn-%22eigentum%22-gesellschaft-mbh/steiermark/?firmaid=31b0152d-f3d8-42d4-acef-1be3f08f15bc&standortid=5&standortname=steiermark%20%28bundesland%29&suchbegriff=immobilienverwalter,403,,,,0,0,
Hausverwaltung Krause & Co KG,1,https://firmen.wko.at/hausverwaltung-krause-und-co-kg/wien/?firmaid=7f3e0c8b-19e7-484a-98a7-6de624bb3a64&standortid=1&standortname=wien%20%28bundesland%29&suchbegriff=immobilienverwalter,403,,,,0,0,
Hausverwaltung Lusser KG,2,https://firmen.wko.at/hausverwaltung-lusser-kg/wien/?firmaid=900f0fa6-36c7-4058-aec3-7f4fb1f7fbe5&standortid=1&standortname=wien%20%28bundesland%29&suchbegriff=immobilienverwalter,403,,,,0,0,
Hausverwaltung Nigg e.U.,1,https://firmen.wko.at/hausverwaltung-nigg-eu/nieder%c3%b6sterreich/?firmaid=130854ed-69e0-4c74-a989-465084b96fd7&standortid=2&standortname=nieder%c3%b6sterreich%20%28bundesland%29&suchbegriff=immobilienverwalter,403,,,,0,0,
Hausverwaltung Obermeier GmbH,1,https://firmen.wko.at/hausverwaltung-obermeier-gmbh/wien/?firmaid=62ebb954-899f-42cb-a089-1174d6c2bd54&standortid=1&standortname=wien%20%28bundesland%29&suchbegriff=immobilienverwalter,403,,,,0,0,
Hausverwaltung Reisch GmbH,1,https://firmen.wko.at/hausverwaltung-reisch-gmbh/tirol/?firmaid=809614e5-ba03-4a7e-9b49-aa570e42e70f&standortid=7&standortname=tirol%20%28bundesland%29&suchbegriff=immobilienverwalter,403,,,,0,0,
Hausverwaltung Rosam GmbH,1,https://firmen.wko.at/hausverwaltung-rosam-gmbh-hausverwaltung-rosam-gmbh/wien/?firmaid=d609f145-2238-464e-8fb8-d908a59cae4d&standortid=1&standortname=wien%20%28bundesland%29&suchbegriff=immobilienverwalter,403,,,,0,0,
Hausverwaltung Schimmel & Partner GmbH,1,https://firmen.wko.at/hausverwaltung-schimmel-und-partner-gmbh/k%c3%a4rnten/?firmaid=3d225365-3e3e-4cfd-9ca0-f56fa69213c4&standortid=6&standortname=k%c3%a4rnten%20%28bundesland%29&suchbegriff=immobilienverwalter,403,,,,0,0,
Hausverwaltung Suppan GmbH,1,https://firmen.wko.at/hausverwaltung-suppan-gmbh/steiermark/?firmaid=67489d4c-069b-4ca4-9754-4f66d022421b&standortid=5&standortname=steiermark%20%28bundesland%29&suchbegriff=immobilienverwalter,403,,,,0,0,
Hausverwaltung und Immobilienmakler Purkarthofer Ges.m.b.H.,1,https://firmen.wko.at/hausverwaltung-und-immobilienmakler-purkarthofer-gesmbh/steiermark/?firmaid=e8fde390-c5f7-4621-80d0-cb7085069128&standortid=5&standortname=steiermark%20%28bundesland%29&suchbegriff=immobilienverwalter,403,,,,0,0,
Hausverwaltung Wohnungs- und Geschäftsvermittlung Dipl.-Ing. Indrak Inh. Erika Rathmann e.U.,1,https://firmen.wko.at/hausverwaltung-wohnungs-und-gesch%c3%a4ftsvermittlung-dipl-ing-indrak-inh-erika-rathmann-eu/wien/?firmaid=00da2b8b-494b-467e-9eb2-39350cccaf1c&standortid=1&standortname=wien%20%28bundesland%29&suchbegriff=immobilienverwalter,403,,,,0,0,
HAUSVERWALTUNG-REALKANZLEI HAGINGER GESELLSCHAFT M.B.H. & CO.KG.,1,https://firmen.wko.at/hausverwaltung-realkanzlei-haginger-gesellschaft-mbh-und-cokg/ober%c3%b6sterreich/?firmaid=9a0b3c85-2196-46ce-8d78-9707dc17869c&standortid=3&standortname=ober%c3%b6sterreich%20%28bundesland%29&suchbegriff=immobilienverwalter,403,,,,0,0,
Hausverwaltungsgesellschaft m.b.H.,1,https://firmen.wko.at/hausverwaltungsgesellschaft-mbh/ober%c3%b6sterreich/?firmaid=67a97ce7-2554-465e-bfc5-4ce88c637384&standortid=3&standortname=ober%c3%b6sterreich%20%28bundesland%29&suchbegriff=immobilienverwalter,403,,,,0,0,
Hauswirth Immobilienverwaltung GmbH,1,https://firmen.wko.at/hauswirth-immobilienverwaltung-gmbh-liegenschaftsbetreuung-hauswirth-immobilienmanagement/wien/?firmaid=c57b394c-4cee-446a-b642-8f454952477b&standortid=1&standortname=wien%20%28bundesland%29&suchbegriff=immobilienverwalter,403,,,,0,0,
Hawlisch & Partner Immobilientreuhand GmbH,1,https://firmen.wko.at/hawlisch-und-partner-immobilientreuhand-gmbh/wien/?firmaid=e17e498c-5f44-4adb-8a8a-37cb5db61fc2&standortid=1&standortname=wien%20%28bundesland%29&suchbegriff=immobilienverwalter,403,,,,0,0,
Hechenberger GmbH,1,https://firmen.wko.at/hechenberger-gmbh/salzburg/?firmaid=54b3a076-263f-4fb6-aa08-6fc9c6dd9059&standortid=4&standortname=salzburg%20%28bundesland%29&suchbegriff=immobilienverwalter,403,,,,0,0,
Hedwig Böhm,1,https://firmen.wko.at/hedwig-b%c3%b6hm/wien/?firmaid=c20bacac-86d9-49c9-b85c-2777ce49aea9&standortid=1&standortname=wien%20%28bundesland%29&suchbegriff=immobilienverwalter,403,,,,0,0,
"Heidi Rannegger, Immobilienverwaltungsges.m.b.H.",1,https://firmen.wko.at/heidi-rannegger-immobilienverwaltungsgesmbh/wien/?firmaid=1d0f4efc-562a-4a04-b33a-10b069234cea&standortid=1&standortname=wien%20%28bundesland%29&suchbegriff=immobilienverwalter,403,,,,0,0,
Heike Claudia Dieber,1,https://firmen.wko.at/heike-claudia-dieber/vorarlberg/?firmaid=c0a476ac-6bf2-4a90-b976-e0f15118406d&standortid=8&standortname=vorarlberg%20%28bundesland%29&suchbegriff=immobilienverwalter,403,,,,0,0,
Heimbach OG,1,https://firmen.wko.at/heimbach-og/vorarlberg/?firmaid=eecfa8d1-4bd5-4db6-8911-924fbbf7c81a&standortid=8&standortname=vorarlberg%20%28bundesland%29&suchbegriff=immobilienverwalter,403,,,,0,0,
Helga Elisabeth Rajetzky,1,https://firmen.wko.at/helga-elisabeth-rajetzky/ober%c3%b6sterreich/?firmaid=1de922b7-77ca-4c8b-bce7-0102f8472ff9&standortid=3&standortname=ober%c3%b6sterreich%20%28bundesland%29&suchbegriff=immobilienverwalter,403,,,,0,0,
Helmut Berger Immobilien u. Hausverwaltungen GmbH,1,https://firmen.wko.at/helmut-berger-immobilien-u-hausverwaltungen-gmbh/salzburg/?firmaid=4ef2c464-6e70-4c17-b987-5ce5f90256ad&standortid=4&standortname=salzburg%20%28bundesland%29&suchbegriff=immobilienverwalter,403,,,,0,0,
Helmut Schak,1,https://firmen.wko.at/helmut-schak/wien/?firmaid=f04f41c1-9b80-4320-94f9-c04a5136c2b6&standortid=1&standortname=wien%20%28bundesland%29&suchbegriff=immobilienverwalter,403,,,,0,0,
Helmut Vucsina,1,https://firmen.wko.at/helmut-vucsina/steiermark/?firmaid=b32d8d8c-1a7e-412b-8a16-56856689895c&standortid=5&standortname=steiermark%20%28bundesland%29&suchbegriff=immobilienverwalter,403,,,,0,0,
HENES Immobilien e.U.,1,https://firmen.wko.at/henes-immobilien-eu/wien/?firmaid=6b33c3d5-7787-4a53-a780-69dd5569f757&standortid=1&standortname=wien%20%28bundesland%29&suchbegriff=immobilienverwalter,403,,,,0,0,
Herakles Immobilien GmbH,1,https://firmen.wko.at/herakles-immobilien-gmbh/wien/?firmaid=ed677d67-161e-4f7b-b370-7c8f27ebb9c3&standortid=1&standortname=wien%20%28bundesland%29&suchbegriff=immobilienverwalter,403,,,,0,0,
Herbert Pelz,1,https://firmen.wko.at/herbert-pelz/wien/?firmaid=5e4d7594-11cb-47d4-be81-4f2c408aa2b0&standortid=1&standortname=wien%20%28bundesland%29&suchbegriff=immobilienverwalter,403,,,,0,0,
Herbert Sampl,2,https://firmen.wko.at/herbert-sampl-immobilienverwaltung/salzburg/?firmaid=09c8645b-83eb-42a4-bb35-d20d11cac28a&standortid=4&standortname=salzburg%20%28bundesland%29&suchbegriff=immobilienverwalter,ERR,,,,0,0,"ReadTimeout(ReadTimeoutError(""HTTPSConnectionPool(host='firmen.wko.at', port=443): Read timed out. (read timeout=45)""))"
Herbert Windbichler Ges.m.b.H.,1,https://firmen.wko.at/herbert-windbichler-gesmbh/wien/?firmaid=909c845a-b84f-4901-af17-3328ae173e0b&standortid=1&standortname=wien%20%28bundesland%29&suchbegriff=immobilienverwalter,403,,,,0,0,
Hermann Rieß GmbH,1,https://firmen.wko.at/hermann-rie%c3%9f-gmbh-remax-family/salzburg/?firmaid=5ef64e33-5818-4868-92e8-570529096de7&standortid=4&standortname=salzburg%20%28bundesland%29&suchbegriff=immobilienverwalter,ERR,,,,0,0,"ReadTimeout(ReadTimeoutError(""HTTPSConnectionPool(host='firmen.wko.at', port=443): Read timed out. (read timeout=45)""))"
HEROS Hausverwaltung e.U.,1,https://firmen.wko.at/heros-hausverwaltung-eu/wien/?firmaid=7c58f48b-36a1-4676-a123-f7a5716ec263&standortid=1&standortname=wien%20%28bundesland%29&suchbegriff=immobilienverwalter,403,,,,0,0,
Herz-ImmoAgentur GmbH,1,https://firmen.wko.at/herz-immoagentur-gmbh-immobilientreuh%c3%a4nder/ober%c3%b6sterreich/?firmaid=25c97c66-2631-48ba-b504-abbfe0b235af&standortid=3&standortname=ober%c3%b6sterreich%20%28bundesland%29&suchbegriff=immobilienverwalter,403,,,,0,0,
Heureka Development & Consulting GmbH,1,https://firmen.wko.at/heureka-development-und-consulting-gmbh/steiermark/?firmaid=6619a0a0-09e2-4ae2-b381-c1c87d77ab0c&standortid=5&standortname=steiermark%20%28bundesland%29&suchbegriff=immobilienverwalter,403,,,,0,0,
HF Immobilien GmbH,1,https://firmen.wko.at/hf-immobilien-gmbh/nieder%c3%b6sterreich/?firmaid=d4444efc-1c38-4e95-a1dd-ae96dbe3433f&standortid=2&standortname=nieder%c3%b6sterreich%20%28bundesland%29&suchbegriff=immobilienverwalter,403,,,,0,0,
HGB Immobilien GmbH,1,https://firmen.wko.at/hgb-immobilien-gmbh/salzburg/?firmaid=9de33189-2af8-4fe3-818f-664490838427&standortid=4&standortname=salzburg%20%28bundesland%29&suchbegriff=immobilienverwalter,ERR,,,,0,0,"ReadTimeout(ReadTimeoutError(""HTTPSConnectionPool(host='firmen.wko.at', port=443): Read timed out. (read timeout=45)""))"
"HGI Handels-, Gewerbe- und Industrieplanungsgesellschaft m.b.H.",1,https://firmen.wko.at/hgi-handels-gewerbe-und-industrieplanungsgesellschaft-mbh/salzburg/?firmaid=7d98d057-a1a6-463d-bbcf-8436269a3335&standortid=4&standortname=salzburg%20%28bundesland%29&suchbegriff=immobilienverwalter,403,,,,0,0,
HHPL Immobilienverwaltung GmbH,1,https://firmen.wko.at/hhpl-immobilienverwaltung-gmbh/nieder%c3%b6sterreich/?firmaid=bc52465a-eac5-4e08-9914-33a5e5b0a7b2&standortid=2&standortname=nieder%c3%b6sterreich%20%28bundesland%29&suchbegriff=immobilienverwalter,403,,,,0,0,
HIB Immobilien GmbH,1,https://firmen.wko.at/hib-immobilien-gmbh/steiermark/?firmaid=dd926fd8-7030-471c-889e-a7b367ff9e8c&standortid=5&standortname=steiermark%20%28bundesland%29&suchbegriff=immobilienverwalter,403,,,,0,0,
HIH Invest Real Estate Austria GmbH,1,https://firmen.wko.at/hih-invest-real-estate-austria-gmbh/wien/?firmaid=876d7bb4-e5d2-42fe-aa85-b5c45daa5959&standortid=1&standortname=wien%20%28bundesland%29&suchbegriff=immobilienverwalter,403,,,,0,0,
Hildegard Antoni-Kahrer,1,https://firmen.wko.at/hildegard-antoni-kahrer/wien/?firmaid=27b08d7b-79b9-4390-9ea1-369dbb6122b4&standortid=1&standortname=wien%20%28bundesland%29&suchbegriff=immobilienverwalter,403,,,,0,0,
Hirschl & Partner Immobilienverwaltungs GmbH,1,https://firmen.wko.at/hirschl-und-partner-immobilienverwaltungs-gmbh-immobilientreuh%c3%a4nder/ober%c3%b6sterreich/?firmaid=5964809b-b896-43bd-a7dc-1d70ffd55a7f&standortid=3&standortname=ober%c3%b6sterreich%20%28bundesland%29&suchbegriff=immobilienverwalter,403,,,,0,0,
HKP fairwaltungsgmbh,1,https://firmen.wko.at/hkp-fairwaltungsgmbh/steiermark/?firmaid=c6363957-7c09-4ff9-bb5b-8fdde0a9a73f&standortid=5&standortname=steiermark%20%28bundesland%29&suchbegriff=immobilienverwalter,403,,,,0,0,
HLV Immobilien GmbH,1,https://firmen.wko.at/hlv-immobilien-gmbh/salzburg/?firmaid=c63b2449-9189-4aa1-85e4-203b2c4b5c40&standortid=4&standortname=salzburg%20%28bundesland%29&suchbegriff=immobilienverwalter,ERR,,,,0,0,"ReadTimeout(ReadTimeoutError(""HTTPSConnectionPool(host='firmen.wko.at', port=443): Read timed out. (read timeout=45)""))"
Hochstaffl Immobilien Verwaltung GmbH,1,https://firmen.wko.at/hochstaffl-immobilien-verwaltung-gmbh/tirol/?firmaid=6944df48-de2f-4017-a0ea-490bb67da4b6&standortid=7&standortname=tirol%20%28bundesland%29&suchbegriff=immobilienverwalter,403,,,,0,0,
HOELLER IMMOBILIEN GmbH,1,https://firmen.wko.at/hoeller-immobilien-gmbh/steiermark/?firmaid=d20854e8-4913-4703-94ef-4a3d525fe769&standortid=5&standortname=steiermark%20%28bundesland%29&suchbegriff=immobilienverwalter,403,,,,0,0,
Hofhans Immobilienmanagement GmbH,1,https://firmen.wko.at/hofhans-immobilienmanagement-gmbh/wien/?firmaid=2459577a-0fea-46b9-8381-56cdc5d544d8&standortid=1&standortname=wien%20%28bundesland%29&suchbegriff=immobilienverwalter,403,,,,0,0,
Holle & Partner Immobilien GmbH,1,https://firmen.wko.at/holle-und-partner-immobilien-gmbh/wien/?firmaid=f7d0e72c-7d64-4924-bf07-82dd9713f4f0&standortid=1&standortname=wien%20%28bundesland%29&suchbegriff=immobilienverwalter,403,,,,0,0,
Holzer & Partner GmbH,1,https://firmen.wko.at/holzer-und-partner-gmbh/tirol/?firmaid=415a1f9d-6817-44dc-b24f-b543131c5225&standortid=7&standortname=tirol%20%28bundesland%29&suchbegriff=immobilienverwalter,403,,,,0,0,
Homebase ImmobilienverwaltungsGmbH,1,https://firmen.wko.at/homebase-immobilienverwaltungsgmbh-immobilienverwaltung/wien/?firmaid=4afce37d-eb09-4515-bed0-84c605f3ff21&standortid=1&standortname=wien%20%28bundesland%29&suchbegriff=immobilienverwalter,403,,,,0,0,
Homevote Labs GmbH,1,https://firmen.wko.at/homevote-labs-gmbh-softwareentwicklung/wien/?firmaid=1cc61671-6b4c-4714-bbd8-01c6ef52fa52&standortid=1&standortname=wien%20%28bundesland%29&suchbegriff=immobilienverwalter,403,,,,0,0,
HOPE GmbH,1,https://firmen.wko.at/hope-gmbh/burgenland/?firmaid=d4b54648-2547-4f2a-a571-c876c43a26ee&standortid=9&standortname=burgenland%20%28bundesland%29&suchbegriff=immobilienverwalter,403,,,,0,0,
Housebook GmbH,1,https://firmen.wko.at/housebook-gmbh/tirol/?firmaid=307bb2d1-44dd-4926-868d-3ed43494d6cb&standortid=7&standortname=tirol%20%28bundesland%29&suchbegriff=immobilienverwalter,403,,,,0,0,
HSK Immobilien GmbH,1,https://firmen.wko.at/hsk-immobilien-gmbh/steiermark/?firmaid=bbd8cc86-3895-43f5-9251-0df50efdd61a&standortid=5&standortname=steiermark%20%28bundesland%29&suchbegriff=immobilienverwalter,403,,,,0,0,
Hubert Freimüller,1,https://firmen.wko.at/hubert-freim%c3%bcller/wien/?firmaid=123fca8f-0a11-436a-a680-21f1fee5cb69&standortid=1&standortname=wien%20%28bundesland%29&suchbegriff=immobilienverwalter,403,,,,0,0,
Hubert Kuen,1,https://firmen.wko.at/hubert-kuen/nieder%c3%b6sterreich/?firmaid=a8fa8473-1686-4ff0-b1b8-c1b2f99c28c9&standortid=2&standortname=nieder%c3%b6sterreich%20%28bundesland%29&suchbegriff=immobilienverwalter,403,,,,0,0,
huma eleven Shopping Center GmbH,1,https://firmen.wko.at/huma-eleven-shopping-center-gmbh/wien/?firmaid=5c64e592-4d55-4659-b460-17a419275c37&standortid=1&standortname=wien%20%28bundesland%29&suchbegriff=immobilienverwalter,403,,,,0,0,
HV 24 Hausverwaltungs GmbH,1,https://firmen.wko.at/hv-24-hausverwaltungs-gmbh/wien/?firmaid=39fe03e0-9056-4b6a-9617-ef818f00d7a8&standortid=1&standortname=wien%20%28bundesland%29&suchbegriff=immobilienverwalter,403,,,,0,0,
HV Grundwert Immobilien GmbH,1,https://firmen.wko.at/hv-grundwert-immobilien-gmbh/wien/?firmaid=a7588441-08af-400f-8660-b88a70dbd453&standortid=1&standortname=wien%20%28bundesland%29&suchbegriff=immobilienverwalter,403,,,,0,0,
HV Hausverwaltung GmbH,1,https://firmen.wko.at/hv-hausverwaltung-gmbh/steiermark/?firmaid=13525332-e6d1-441a-8d8d-a5155eb134f0&standortid=5&standortname=steiermark%20%28bundesland%29&suchbegriff=immobilienverwalter,403,,,,0,0,
HV Pigel GmbH,1,https://firmen.wko.at/hv-pigel-gmbh/wien/?firmaid=a4a6f70a-4d93-42ed-892d-41a3dd8fea94&standortid=1&standortname=wien%20%28bundesland%29&suchbegriff=immobilienverwalter,403,,,,0,0,
HVKA Hausverwaltung Kammerer GmbH,1,https://firmen.wko.at/hvka-hausverwaltung-kammerer-gmbh/salzburg/?firmaid=0cc77cb7-51b9-4085-8682-9d01ca7eb921&standortid=4&standortname=salzburg%20%28bundesland%29&suchbegriff=immobilienverwalter,ERR,,,,0,0,"ReadTimeout(ReadTimeoutError(""HTTPSConnectionPool(host='firmen.wko.at', port=443): Read timed out. (read timeout=45)""))"
HVKA Home Value Kammerer GmbH,1,https://firmen.wko.at/hvka-home-value-kammerer-gmbh/salzburg/?firmaid=34363958-a056-43ec-a3bf-149eed19c862&standortid=4&standortname=salzburg%20%28bundesland%29&suchbegriff=immobilienverwalter,403,,,,0,0,
HZ-Liegenschaftsverwaltungs GmbH & Co KG,1,https://firmen.wko.at/hz-liegenschaftsverwaltungs-gmbh-und-co-kg/steiermark/?firmaid=6fa0c803-0f6d-4e9e-971d-ddeea314c5cb&standortid=5&standortname=steiermark%20%28bundesland%29&suchbegriff=immobilienverwalter,403,,,,0,0,
Häuseradministration Dipl.Ing. Otto Vest-Rusan e.U.,1,https://firmen.wko.at/h%c3%a4useradministration-dipling-otto-vest-rusan-eu/wien/?firmaid=5fe89e0b-d17f-4a3d-9d37-5c1d228be6fc&standortid=1&standortname=wien%20%28bundesland%29&suchbegriff=immobilienverwalter,403,,,,0,0,
Häuseradministration Dipl.Ing. Otto VEST-rusan GmbH,1,https://firmen.wko.at/h%c3%a4useradministration-dipling-otto-vest-rusan-gmbh/wien/?firmaid=42fae25b-d249-44e6-9e8b-3aa8cb52da7a&standortid=1&standortname=wien%20%28bundesland%29&suchbegriff=immobilienverwalter,403,,,,0,0,
HÖS Heimat Österreich Service GesmbH,1,https://firmen.wko.at/h%c3%96s-heimat-%c3%96sterreich-service-gesmbh/salzburg/?firmaid=60b9d09f-16e8-4f20-8463-0305e579475c&standortid=4&standortname=salzburg%20%28bundesland%29&suchbegriff=immobilienverwalter,403,,,,0,0,
HÜBL & PARTNER Immobilien GmbH,1,https://firmen.wko.at/h%c3%9cbl-und-partner-immobilien-gmbh-ehemals-panorama-immobilien-gmbh/wien/?firmaid=7017e4fd-9219-4351-b2dc-665378eb6cb7&standortid=1&standortname=wien%20%28bundesland%29&suchbegriff=immobilienverwalter,403,,,,0,0,
I & Brand Immobilien OG,1,https://firmen.wko.at/i-und-brand-immobilien-og/salzburg/?firmaid=5cf1a454-789d-4672-81d9-bcbbe51437f9&standortid=4&standortname=salzburg%20%28bundesland%29&suchbegriff=immobilienverwalter,ERR,,,,0,0,"ReadTimeout(ReadTimeoutError(""HTTPSConnectionPool(host='firmen.wko.at', port=443): Read timed out. (read timeout=45)""))"
I&P GmbH,1,https://firmen.wko.at/iundp-gmbh/k%c3%a4rnten/?firmaid=3faf81ed-8136-40e2-b11f-1b670ee85856&standortid=6&standortname=k%c3%a4rnten%20%28bundesland%29&suchbegriff=immobilienverwalter,403,,,,0,0,
I&U Immobilientreuhand und Unternehmensberatung GmbH,1,https://firmen.wko.at/iundu-immobilientreuhand-und-unternehmensberatung-gmbh/steiermark/?firmaid=dbbcf2bd-621c-4de0-8bbc-03ebe79e1666&standortid=5&standortname=steiermark%20%28bundesland%29&suchbegriff=immobilienverwalter,403,,,,0,0,
I.G.W. Immobilien GmbH,1,https://firmen.wko.at/igw-immobilien-gmbh/steiermark/?firmaid=4cc2966c-63d7-4a99-a2e4-46c646fbb2d7&standortid=5&standortname=steiermark%20%28bundesland%29&suchbegriff=immobilienverwalter,403,,,,0,0,
I.V.A. Immobilien Verwaltung Treuhand GmbH,1,https://firmen.wko.at/iva-immobilien-verwaltung-treuhand-gmbh/steiermark/?firmaid=9a67cf0d-f569-45e5-8aa4-2b5efbe875eb&standortid=5&standortname=steiermark%20%28bundesland%29&suchbegriff=immobilienverwalter,403,,,,0,0,
I.V.T. Immobilien Treuhand- und Verwaltungsgesellschaft m.b.H.,2,https://firmen.wko.at/ivt-immobilien-treuhand-und-verwaltungsgesellschaft-mbh/tirol/?firmaid=a4e49fa5-5875-4ba7-a078-91d3082e88c5&standortid=7&standortname=tirol%20%28bundesland%29&suchbegriff=immobilienverwalter,403,,,,0,0,
IB Fink GmbH,1,https://firmen.wko.at/ib-fink-gmbh/vorarlberg/?firmaid=56dda940-32b0-4680-8d71-618c9015a60a&standortid=8&standortname=vorarlberg%20%28bundesland%29&suchbegriff=immobilienverwalter,403,,,,0,0,
IB Immobilienbüro Gertrud Lugger OG,1,https://firmen.wko.at/ib-immobilienb%c3%bcro-gertrud-lugger-og/tirol/?firmaid=5f3aa852-ab3d-422e-b1fc-5e96ca44eae7&standortid=7&standortname=tirol%20%28bundesland%29&suchbegriff=immobilienverwalter,403,,,,0,0,
IBM Stelzer GmbH,1,https://firmen.wko.at/ibm-stelzer-gmbh/steiermark/?firmaid=ec31029a-b8c8-4294-8edb-421a43133f92&standortid=5&standortname=steiermark%20%28bundesland%29&suchbegriff=immobilienverwalter,403,,,,0,0,
IBT Verwaltung GmbH,1,https://firmen.wko.at/ibt-verwaltung-gmbh/salzburg/?firmaid=1753a909-e00f-4ee6-89f6-6914da24ba81&standortid=4&standortname=salzburg%20%28bundesland%29&suchbegriff=immobilienverwalter,ERR,,,,0,0,"ReadTimeout(ReadTimeoutError(""HTTPSConnectionPool(host='firmen.wko.at', port=443): Read timed out. (read timeout=45)""))"
IBV-Beteiligungs- und Immobilien Verwaltungsgesellschaft m.b.H.,1,https://firmen.wko.at/ibv-beteiligungs-und-immobilien-verwaltungsgesellschaft-mbh/wien/?firmaid=74f00355-d15f-4108-86cf-5e1805d2a304&standortid=1&standortname=wien%20%28bundesland%29&suchbegriff=immobilienverwalter,403,,,,0,0,
IBW Immobilien GmbH,1,https://firmen.wko.at/ibw-immobilien-gmbh/tirol/?firmaid=4ec60655-cfd8-4da7-9424-96ea0e61cd3f&standortid=7&standortname=tirol%20%28bundesland%29&suchbegriff=immobilienverwalter,403,,,,0,0,
IC-HAUSVERWALTUNG GmbH,1,https://firmen.wko.at/ic-hausverwaltung-gmbh-immobilienverwaltung/wien/?firmaid=0b47dc56-0e34-449c-b8b8-00f23d7a4848&standortid=1&standortname=wien%20%28bundesland%29&suchbegriff=immobilienverwalter,403,,,,0,0,
IDEE Bau und Immobilientreuhand KG,1,https://firmen.wko.at/idee-bau-und-immobilientreuhand-kg-idee-bau-und-immobilientreuhand/nieder%c3%b6sterreich/?firmaid=ef6bfc52-6e0f-4703-84a6-60b51f10f933&standortid=2&standortname=nieder%c3%b6sterreich%20%28bundesland%29&suchbegriff=immobilienverwalter,403,,,,0,0,
Idest Group OG,1,https://firmen.wko.at/idest-group-og/steiermark/?firmaid=279e0a42-88f7-4e0a-9f50-89563de0e970&standortid=5&standortname=steiermark%20%28bundesland%29&suchbegriff=immobilienverwalter,403,,,,0,0,
iFlat GmbH,1,https://firmen.wko.at/iflat-gmbh/ober%c3%b6sterreich/?firmaid=f38393d6-e32b-4009-8444-ddf5a8faa7e8&standortid=3&standortname=ober%c3%b6sterreich%20%28bundesland%29&suchbegriff=immobilienverwalter,403,,,,0,0,
IG Immobilien Management GmbH,1,https://firmen.wko.at/ig-immobilien-management-gmbh/wien/?firmaid=c4d3400e-4a70-4a48-845a-99d6d37c175f&standortid=1&standortname=wien%20%28bundesland%29&suchbegriff=immobilienverwalter,403,,,,0,0,
IGM Immobilienverwaltung GmbH,1,https://firmen.wko.at/igm-immobilienverwaltung-gmbh/wien/?firmaid=af8d3976-cc59-4034-ac30-10dbd58a493a&standortid=1&standortname=wien%20%28bundesland%29&suchbegriff=immobilienverwalter,403,,,,0,0,
IHW Immobilientreuhand GmbH,1,https://firmen.wko.at/ihw-immobilientreuhand-gmbh/steiermark/?firmaid=0a97916b-0b7b-4a9f-8499-21fe6444d502&standortid=5&standortname=steiermark%20%28bundesland%29&suchbegriff=immobilienverwalter,403,,,,0,0,
IKS Immobilienverwaltung Mag. Susanne Kronforst e.U.,1,https://firmen.wko.at/iks-immobilienverwaltung-mag-susanne-kronforst-eu-iks-immobilienverwaltung/wien/?firmaid=87dfb30b-19c7-46f8-8034-da3472cc9c4f&standortid=1&standortname=wien%20%28bundesland%29&suchbegriff=immobilienverwalter,403,,,,0,0,
IM-Quadrat Immobilien Vermittlung & Verwaltung GmbH,2,https://firmen.wko.at/im-quadrat-immobilien-vermittlung-und-verwaltung-gmbh-hausverwaltung/ober%c3%b6sterreich/?firmaid=d8388d6d-ab58-4624-b691-17df5b642214&standortid=3&standortname=ober%c3%b6sterreich%20%28bundesland%29&suchbegriff=immobilienverwalter,403,,,,0,0,
IMG Hausverwaltungs GmbH & Co KG,1,https://firmen.wko.at/img-hausverwaltungs-gmbh-und-co-kg/vorarlberg/?firmaid=63652fbf-2fbe-4abc-943e-a56562e2fbda&standortid=8&standortname=vorarlberg%20%28bundesland%29&suchbegriff=immobilienverwalter,403,,,,0,0,
IMHA Management GmbH,1,https://firmen.wko.at/imha-management-gmbh/steiermark/?firmaid=cacb2420-4e7f-4e15-a20b-38a0a7b4b341&standortid=5&standortname=steiermark%20%28bundesland%29&suchbegriff=immobilienverwalter,403,,,,0,0,
IMK-Hausverwaltung GmbH,1,https://firmen.wko.at/imk-hausverwaltung-gmbh-hausverwaltung-immobilienverwaltung/k%c3%a4rnten/?firmaid=d052b417-c888-4231-aaee-3f6eda89d0b1&standortid=6&standortname=k%c3%a4rnten%20%28bundesland%29&suchbegriff=immobilienverwalter,403,,,,0,0,
IMMO - CONSULT Treuhand und Beratung GmbH,1,https://firmen.wko.at/immo-consult-treuhand-und-beratung-gmbh/salzburg/?firmaid=acb29d8e-4cf1-41a4-887b-6913a76f4a1a&standortid=4&standortname=salzburg%20%28bundesland%29&suchbegriff=immobilienverwalter,ERR,,,,0,0,"ReadTimeout(ReadTimeoutError(""HTTPSConnectionPool(host='firmen.wko.at', port=443): Read timed out. (read timeout=45)""))"
Immo 23 Immobilienentwicklung GmbH,1,https://firmen.wko.at/immo-23-immobilienentwicklung-gmbh/wien/?firmaid=333508c5-4a69-4951-a42b-9d5ddf752c3c&standortid=1&standortname=wien%20%28bundesland%29&suchbegriff=immobilienverwalter,403,,,,0,0,
immo advalue e.U.,1,https://firmen.wko.at/immo-advalue-eu-immoadvalue/wien/?firmaid=c33edb2c-efa7-410f-842e-f44d60d9f4f6&standortid=1&standortname=wien%20%28bundesland%29&suchbegriff=immobilienverwalter,403,,,,0,0,
IMMO AGENTUR BURCHARTZ & KRENN GMBH,1,https://firmen.wko.at/immo-agentur-burchartz-und-krenn-gmbh/nieder%c3%b6sterreich/?firmaid=e8424bb5-c46e-4175-8596-401962d679c2&standortid=2&standortname=nieder%c3%b6sterreich%20%28bundesland%29&suchbegriff=immobilienverwalter,403,,,,0,0,
immo Kössler KG,1,https://firmen.wko.at/immo-k%c3%b6ssler-kg/tirol/?firmaid=e0892fb1-7eca-4819-a07c-d2ebdfb46428&standortid=7&standortname=tirol%20%28bundesland%29&suchbegriff=immobilienverwalter,403,,,,0,0,
IMMO Oberndorfer Fazlali GmbH,1,https://firmen.wko.at/immo-oberndorfer-fazlali-gmbh/salzburg/?firmaid=577ebb8d-9a20-4d3b-8690-43c0549b3528&standortid=4&standortname=salzburg%20%28bundesland%29&suchbegriff=immobilienverwalter,403,,,,0,0,
IMMO Schieferer GmbH,1,https://firmen.wko.at/immo-schieferer-gmbh/salzburg/?firmaid=9563c481-5d76-4caf-908a-0ba481c8a9b2&standortid=4&standortname=salzburg%20%28bundesland%29&suchbegriff=immobilienverwalter,403,,,,0,0,
Immo-Pro Immobilien GmbH,7,https://firmen.wko.at/immo-pro-immobilien-gmbh/salzburg/?firmaid=6bec5d10-4407-4d34-a543-3418549b09be&standortid=4&standortname=salzburg%20%28bundesland%29&suchbegriff=immobilienverwalter,ERR,,,,0,0,"ReadTimeout(ReadTimeoutError(""HTTPSConnectionPool(host='firmen.wko.at', port=443): Read timed out. (read timeout=45)""))"
IMMO-TEAM Hausverwaltung KG,1,https://firmen.wko.at/immo-team-hausverwaltung-kg/tirol/?firmaid=2b107f46-6417-442f-ac5a-e4b20c198883&standortid=7&standortname=tirol%20%28bundesland%29&suchbegriff=immobilienverwalter,403,,,,0,0,
Immo68 Consulting GmbH,1,https://firmen.wko.at/immo68-consulting-gmbh/wien/?firmaid=0d03b828-1654-4283-87d6-4a1c7abd0b74&standortid=1&standortname=wien%20%28bundesland%29&suchbegriff=immobilienverwalter,403,,,,0,0,
Immobilia Obergruber GmbH,1,https://firmen.wko.at/immobilia-obergruber-gmbh-immobilia-obergruber/nieder%c3%b6sterreich/?firmaid=48b53228-4a71-458e-851c-572183ca2036&standortid=2&standortname=nieder%c3%b6sterreich%20%28bundesland%29&suchbegriff=immobilienverwalter,403,,,,0,0,
Immobilias Realitäten e.U.,2,https://firmen.wko.at/immobilias-realit%c3%a4ten-eu-immobilias-realit%c3%a4ten/wien/?firmaid=35842856-e0bd-455d-88fe-d370e7f291f2&standortid=1&standortname=wien%20%28bundesland%29&suchbegriff=immobilienverwalter,403,,,,0,0,
IMMOBILIDEA LWR GmbH,1,https://firmen.wko.at/immobilidea-lwr-gmbh/tirol/?firmaid=72b79c9f-0605-4960-a1a7-66f756ae16c7&standortid=7&standortname=tirol%20%28bundesland%29&suchbegriff=immobilienverwalter,403,,,,0,0,
Immobilien & Hausverwaltung Braun GmbH,1,https://firmen.wko.at/immobilien-und-hausverwaltung-braun-gmbh/tirol/?firmaid=41a2aeb7-631d-44d6-b96e-0a5b9829eb61&standortid=7&standortname=tirol%20%28bundesland%29&suchbegriff=immobilienverwalter,403,,,,0,0,
Immobilien Baden GesmbH,1,https://firmen.wko.at/immobilien-baden-gesmbh/nieder%c3%b6sterreich/?firmaid=e56e9421-010f-4a20-ab7f-5357d518030b&standortid=2&standortname=nieder%c3%b6sterreich%20%28bundesland%29&suchbegriff=immobilienverwalter,403,,,,0,0,
Immobilien Beratung und Service GmbH,1,https://firmen.wko.at/immobilien-beratung-und-service-gmbh-immobilien-beratung-und-service-gmbh/nieder%c3%b6sterreich/?firmaid=d9e6e5b7-5c92-44c0-950e-eac7913e7faf&standortid=2&standortname=nieder%c3%b6sterreich%20%28bundesland%29&suchbegriff=immobilienverwalter,403,,,,0,0,
Immobilien Bremer KG,1,https://firmen.wko.at/immobilien-bremer-kg/wien/?firmaid=fd6b8715-0e46-420d-89e7-c13aab11f1d1&standortid=1&standortname=wien%20%28bundesland%29&suchbegriff=immobilienverwalter,403,,,,0,0,
Immobilien Dr. Jonach GmbH,1,https://firmen.wko.at/immobilien-dr-jonach-gmbh/k%c3%a4rnten/?firmaid=0de36cbf-6523-46e3-8b47-02869f55b163&standortid=6&standortname=k%c3%a4rnten%20%28bundesland%29&suchbegriff=immobilienverwalter,403,,,,0,0,
Immobilien Dr. Rhomberg & Partner KG,1,https://firmen.wko.at/immobilien-dr-rhomberg-und-partner-kg/tirol/?firmaid=365dbdee-ad83-49fa-9f56-4cc643a6d0e5&standortid=7&standortname=tirol%20%28bundesland%29&suchbegriff=immobilienverwalter,403,,,,0,0,
Immobilien Gürtler GmbH,1,https://firmen.wko.at/immobilien-g%c3%bcrtler-gmbh/tirol/?firmaid=056dbdc7-af6b-49a5-83da-08b97bf23064&standortid=7&standortname=tirol%20%28bundesland%29&suchbegriff=immobilienverwalter,403,,,,0,0,
immobilien hoch 3 gmbh,1,https://firmen.wko.at/immobilien-hoch-3-gmbh/tirol/?firmaid=5a56176f-822c-4a96-96f6-06d1e7929ed0&standortid=7&standortname=tirol%20%28bundesland%29&suchbegriff=immobilienverwalter,403,,,,0,0,
Immobilien Investitionen Liegenschaftsverwaltungsgesellschaft m.b.H.,1,https://firmen.wko.at/immobilien-investitionen-liegenschaftsverwaltungsgesellschaft-mbh/wien/?firmaid=133d5960-8255-4f5e-85dd-306be8e4be7a&standortid=1&standortname=wien%20%28bundesland%29&suchbegriff=immobilienverwalter,403,,,,0,0,
Immobilien Kroy OG,1,https://firmen.wko.at/immobilien-kroy-og/salzburg/?firmaid=2de20b3f-72d9-498f-a7bd-b02255df0743&standortid=4&standortname=salzburg%20%28bundesland%29&suchbegriff=immobilienverwalter,ERR,,,,0,0,"ReadTimeout(ReadTimeoutError(""HTTPSConnectionPool(host='firmen.wko.at', port=443): Read timed out. (read timeout=45)""))"
Immobilien Lindenberger eU,1,https://firmen.wko.at/immobilien-lindenberger-eu/ober%c3%b6sterreich/?firmaid=b86e0181-8010-49fa-873a-79a5511a968b&standortid=3&standortname=ober%c3%b6sterreich%20%28bundesland%29&suchbegriff=immobilienverwalter,403,,,,0,0,
Immobilien Linz GmbH,1,https://firmen.wko.at/immobilien-linz-gmbh/ober%c3%b6sterreich/?firmaid=9ae8c201-67bf-4d28-834d-549b503b6136&standortid=3&standortname=ober%c3%b6sterreich%20%28bundesland%29&suchbegriff=immobilienverwalter,403,,,,0,0,
Immobilien Mag. Böhm - Gattringer GmbH,1,https://firmen.wko.at/immobilien-mag-b%c3%b6hm-gattringer-gmbh/ober%c3%b6sterreich/?firmaid=119bfe16-7390-4fe9-a1d8-0243a42f7466&standortid=3&standortname=ober%c3%b6sterreich%20%28bundesland%29&suchbegriff=immobilienverwalter,403,,,,0,0,
IMMOBILIEN MAG. WAITZ GmbH,1,https://firmen.wko.at/immobilien-mag-waitz-gmbh/nieder%c3%b6sterreich/?firmaid=93466950-6b54-4ec2-9dbb-24f8735cb0f9&standortid=2&standortname=nieder%c3%b6sterreich%20%28bundesland%29&suchbegriff=immobilienverwalter,403,,,,0,0,
Immobilien Musker Gesellschaft m.b.H.,1,https://firmen.wko.at/immobilien-musker-gesellschaft-mbh/steiermark/?firmaid=4905fec8-6f42-4752-a54a-2055fb9e9e56&standortid=5&standortname=steiermark%20%28bundesland%29&suchbegriff=immobilienverwalter,403,,,,0,0,
Immobilien Ogris KG,1,https://firmen.wko.at/immobilien-ogris-kg/steiermark/?firmaid=bf06107d-be08-4554-b69d-424c7ec6f3ac&standortid=5&standortname=steiermark%20%28bundesland%29&suchbegriff=immobilienverwalter,403,,,,0,0,
Immobilien Ortner KG,1,https://firmen.wko.at/immobilien-ortner-kg/salzburg/?firmaid=49779fe6-ea63-47b8-89ea-21f6e677a8c0&standortid=4&standortname=salzburg%20%28bundesland%29&suchbegriff=immobilienverwalter,200,3,exact,3 [exact] Telefon: 0662 641 645 E-Mail: office@immobilien-ortner.at Web: http://www.immobilien-ortner.at Adresse: Jakob-Haringer-Straße 3 5020 Salzburg Route planen Über uns 2012 gegründet 3 Mitarbeiter Firmendaten Firmendaten laut Gewerbedatenbank Firmenname: Immobilien Ortner KG Firmenbuchnummer: 605301z Firmengericht: Landesgericht Salzburg GLN (der öffentlichen Verwaltung): 9,1,2245,
Immobilien Ott GmbH,1,https://firmen.wko.at/immobilien-ott-gmbh/nieder%c3%b6sterreich/?firmaid=03845ff0-9e96-4102-9ef7-14443160b950&standortid=2&standortname=nieder%c3%b6sterreich%20%28bundesland%29&suchbegriff=immobilienverwalter,403,,,,0,0,
Immobilien Rothbart GmbH,1,https://firmen.wko.at/immobilien-rothbart-gmbh-immobilienmakler/steiermark/?firmaid=2e746371-bb0f-4c7a-9cde-ced44da18f9f&standortid=5&standortname=steiermark%20%28bundesland%29&suchbegriff=immobilienverwalter,403,,,,0,0,
Immobilien Scheffauer GmbH,1,https://firmen.wko.at/immobilien-scheffauer-gmbh/tirol/?firmaid=1bb8cc90-810a-4e9c-b125-32417e4ae2c7&standortid=7&standortname=tirol%20%28bundesland%29&suchbegriff=immobilienverwalter,403,,,,0,0,
Immobilien St. Pölten GesmbH,1,https://firmen.wko.at/immobilien-st-p%c3%b6lten-gesmbh/nieder%c3%b6sterreich/?firmaid=e5dc51d9-1868-452e-b1bd-0bcff8282de5&standortid=2&standortname=nieder%c3%b6sterreich%20%28bundesland%29&suchbegriff=immobilienverwalter,403,,,,0,0,
Immobilien Tazl GmbH,1,https://firmen.wko.at/immobilien-tazl-gmbh-immobilien-tazl-gmbh/steiermark/?firmaid=431acf6d-9068-47bd-9f08-b235587f1edd&standortid=5&standortname=steiermark%20%28bundesland%29&suchbegriff=immobilienverwalter,403,,,,0,0,
Immobilien Treuhand Hanke & Bodner KG,1,https://firmen.wko.at/immobilien-treuhand-hanke-und-bodner-kg/k%c3%a4rnten/?firmaid=b243c568-5e0c-4d69-845d-088ae10a693a&standortid=6&standortname=k%c3%a4rnten%20%28bundesland%29&suchbegriff=immobilienverwalter,403,,,,0,0,
Immobilien Treuhandschaft Padelek & Padelek GmbH,1,https://firmen.wko.at/immobilien-treuhandschaft-padelek-und-padelek-gmbh-padelek-und-padelek-immobilientreuhand-gmbh/wien/?firmaid=f59019cd-97df-4272-a89f-5f65e6534e5b&standortid=1&standortname=wien%20%28bundesland%29&suchbegriff=immobilienverwalter,403,,,,0,0,
Immobilien Verwaltung Klagenfurt GmbH,1,https://firmen.wko.at/immobilien-verwaltung-klagenfurt-gmbh-immobilien-verwaltung-klagenfurt-gmbh/k%c3%a4rnten/?firmaid=d3e56be0-14f6-4218-bcc3-272c7810184e&standortid=6&standortname=k%c3%a4rnten%20%28bundesland%29&suchbegriff=immobilienverwalter,403,,,,0,0,
Immobilien Weichinger Ges.m.b.H.,1,https://firmen.wko.at/immobilien-weichinger-gesmbh/wien/?firmaid=0e6f8da3-1e24-4ab0-a3fa-1c423200c528&standortid=1&standortname=wien%20%28bundesland%29&suchbegriff=immobilienverwalter,403,,,,0,0,
Immobilien Weiz Treuhand GmbH,1,https://firmen.wko.at/immobilien-weiz-treuhand-gmbh-immobilien-weiz-treuhand-gmbh/steiermark/?firmaid=d9e4e626-05f0-44e8-8127-1c0a51e57869&standortid=5&standortname=steiermark%20%28bundesland%29&suchbegriff=immobilienverwalter,403,,,,0,0,
IMMOBILIEN-ATELIER76 GmbH,1,https://firmen.wko.at/immobilien-atelier76-gmbh/ober%c3%b6sterreich/?firmaid=8dcd2451-fb2f-409c-adce-2761d35ecaeb&standortid=3&standortname=ober%c3%b6sterreich%20%28bundesland%29&suchbegriff=immobilienverwalter,403,,,,0,0,
Immobilien-Commerz Gesellschaft m.b.H.,1,https://firmen.wko.at/immobilien-commerz-gesellschaft-mbh/wien/?firmaid=5dbcbd21-bf88-4fd4-b0af-1589d7e5a926&standortid=1&standortname=wien%20%28bundesland%29&suchbegriff=immobilienverwalter,403,,,,0,0,
Immobilienbüro Dr. Franz Fitzka GmbH,1,https://firmen.wko.at/immobilienb%c3%bcro-dr-franz-fitzka-gmbh/wien/?firmaid=cbe29981-5334-4e9e-8a1c-145865e3bf4c&standortid=1&standortname=wien%20%28bundesland%29&suchbegriff=immobilienverwalter,403,,,,0,0,
Immobilienbüro Franz F. Hofmann Gesellschaft m.b.H.,1,https://firmen.wko.at/immobilienb%c3%bcro-franz-f-hofmann-gesellschaft-mbh/salzburg/?firmaid=cf417d01-99d2-49fe-b8e0-a0ebc19ba3df&standortid=4&standortname=salzburg%20%28bundesland%29&suchbegriff=immobilienverwalter,200,,,,0,2890,
Immobilienkanzlei Dr. Roman Wagner GmbH,1,https://firmen.wko.at/immobilienkanzlei-dr-roman-wagner-gmbh/tirol/?firmaid=39b73964-fcdb-40d7-8b16-791add6d3261&standortid=7&standortname=tirol%20%28bundesland%29&suchbegriff=immobilienverwalter,403,,,,0,0,
Immobilienkanzlei Dr. Weichselbaumer GmbH,1,https://firmen.wko.at/immobilienkanzlei-dr-weichselbaumer-gmbh-immobilienkanzlei-dr-weichselbaumer-gmbh/wien/?firmaid=50687a51-53ac-4d31-b901-844a82287a86&standortid=1&standortname=wien%20%28bundesland%29&suchbegriff=immobilienverwalter,403,,,,0,0,
Immobilienkanzlei Klaus Hanousek GmbH,1,https://firmen.wko.at/immobilienkanzlei-klaus-hanousek-gmbh/wien/?firmaid=2a3d4cb9-2005-4e5e-88b3-7e86b9b4c7dd&standortid=1&standortname=wien%20%28bundesland%29&suchbegriff=immobilienverwalter,403,,,,0,0,
Immobilienkanzlei Mag. Wolf-Dietrich Schneeweiss e.U.,1,https://firmen.wko.at/immobilienkanzlei-mag-wolf-dietrich-schneeweiss-eu/wien/?firmaid=bf8a27a4-170f-47d6-a58d-fd3966bdfeea&standortid=1&standortname=wien%20%28bundesland%29&suchbegriff=immobilienverwalter,403,,,,0,0,
Immobilienkanzlei Vrtala Gesellschaft m.b.H.,1,https://firmen.wko.at/immobilienkanzlei-vrtala-gesellschaft-mbh/wien/?firmaid=7c9d89b0-2c7f-47e4-a6a4-487b8610fc0f&standortid=1&standortname=wien%20%28bundesland%29&suchbegriff=immobilienverwalter,403,,,,0,0,
Immobilienkrake e.U.,1,https://firmen.wko.at/immobilienkrake-eu/steiermark/?firmaid=e1556b3b-4a7a-4b7d-9636-024365ecdea5&standortid=5&standortname=steiermark%20%28bundesland%29&suchbegriff=immobilienverwalter,403,,,,0,0,
Immobilienmanagement Wondrak GmbH,1,https://firmen.wko.at/immobilienmanagement-wondrak-gmbh/wien/?firmaid=db195554-9544-4bb6-b3dc-76bad7dd78d9&standortid=1&standortname=wien%20%28bundesland%29&suchbegriff=immobilienverwalter,403,,,,0,0,
Immobilienring GmbH,1,https://firmen.wko.at/immobilienring-gmbh-immobilienring-gmbh/nieder%c3%b6sterreich/?firmaid=812835dd-6802-4848-a1c6-374eb9505c62&standortid=2&standortname=nieder%c3%b6sterreich%20%28bundesland%29&suchbegriff=immobilienverwalter,403,,,,0,0,
Immobilienservice Diendorfer e.U.,1,https://firmen.wko.at/immobilienservice-diendorfer-eu-wien/wien/?firmaid=7607921b-d1d3-4e66-80aa-616b11232abd&standortid=1&standortname=wien%20%28bundesland%29&suchbegriff=immobilienverwalter,403,,,,0,0,
ImmobilienService West GmbH,1,https://firmen.wko.at/immobilienservice-west-gmbh/tirol/?firmaid=491377ca-925b-4946-b3c0-07b882da3053&standortid=7&standortname=tirol%20%28bundesland%29&suchbegriff=immobilienverwalter,403,,,,0,0,
Immobilientreuhand Baum GmbH,1,https://firmen.wko.at/immobilientreuhand-baum-gmbh/wien/?firmaid=59f5fe09-8e81-40fb-a074-4c8051f42ba8&standortid=1&standortname=wien%20%28bundesland%29&suchbegriff=immobilienverwalter,403,,,,0,0,
Immobilientreuhand Färber-Lang e.U.,1,https://firmen.wko.at/immobilientreuhand-f%c3%a4rber-lang-eu-immobilientreuhand-und-werbeagentur/steiermark/?firmaid=d9e99c9f-34f2-4b73-b153-81c07a675ec7&standortid=5&standortname=steiermark%20%28bundesland%29&suchbegriff=immobilienverwalter,403,,,,0,0,
Immobilientreuhand Geidorf GmbH & Co KG,1,https://firmen.wko.at/immobilientreuhand-geidorf-gmbh-und-co-kg/steiermark/?firmaid=b3607f70-3aa1-440d-b817-6fe13aa49504&standortid=5&standortname=steiermark%20%28bundesland%29&suchbegriff=immobilienverwalter,403,,,,0,0,
Immobilientreuhand Kluger GmbH,1,https://firmen.wko.at/immobilientreuhand-kluger-gmbh/wien/?firmaid=085657f5-9f16-4690-923d-20497f4158bc&standortid=1&standortname=wien%20%28bundesland%29&suchbegriff=immobilienverwalter,403,,,,0,0,
Immobilientreuhand Mag. Stefan Jaklitsch GmbH,1,https://firmen.wko.at/immobilientreuhand-mag-stefan-jaklitsch-gmbh/steiermark/?firmaid=e384d7b0-1a9e-42a9-8e13-c12303ba7f08&standortid=5&standortname=steiermark%20%28bundesland%29&suchbegriff=immobilienverwalter,403,,,,0,0,
Immobilientreuhand Max Medig & Partner Gesellschaft m.b.H.,1,https://firmen.wko.at/immobilientreuhand-max-medig-und-partner-gesellschaft-mbh/salzburg/?firmaid=6396303b-5441-4e0d-bb96-175caa9cadd7&standortid=4&standortname=salzburg%20%28bundesland%29&suchbegriff=immobilienverwalter,200,,,,0,3382,
ImmobilienVerwaltung ALMAK Gesellschaft m.b.H.,1,https://firmen.wko.at/immobilienverwaltung-almak-gesellschaft-mbh-immobilienverwaltung-almak-gesellschaft-mbh/steiermark/?firmaid=6325b915-bee8-4609-a5e4-2cadc0357786&standortid=5&standortname=steiermark%20%28bundesland%29&suchbegriff=immobilienverwalter,403,,,,0,0,
Immobilienverwaltung Barilich GmbH,1,https://firmen.wko.at/immobilienverwaltung-barilich-gmbh/wien/?firmaid=d4c694cc-4cce-406f-9745-a85128fb1a6c&standortid=1&standortname=wien%20%28bundesland%29&suchbegriff=immobilienverwalter,403,,,,0,0,
Immobilienverwaltung Cvitkovits KG,2,https://firmen.wko.at/immobilienverwaltung-cvitkovits-kg/burgenland/?firmaid=05dfb4e7-c0ea-40bc-9402-23c9baaa8024&standortid=9&standortname=burgenland%20%28bundesland%29&suchbegriff=immobilienverwalter,403,,,,0,0,
Immobilienverwaltung Foidl KG,1,https://firmen.wko.at/immobilienverwaltung-foidl-kg/tirol/?firmaid=b0b336aa-1605-488b-ba7e-648abc44f974&standortid=7&standortname=tirol%20%28bundesland%29&suchbegriff=immobilienverwalter,403,,,,0,0,
Immobilienverwaltung Josef Novak,1,https://firmen.wko.at/immobilienverwaltung-josef-novak/wien/?firmaid=881f2fc0-93a1-4fa3-ae7b-0df1817560b1&standortid=1&standortname=wien%20%28bundesland%29&suchbegriff=immobilienverwalter,403,,,,0,0,
Immobilienverwaltung Kleindienst & Rath GmbH,1,https://firmen.wko.at/immobilienverwaltung-kleindienst-und-rath-gmbh/wien/?firmaid=414bc44b-f101-475a-a2ce-1b6b1b262d62&standortid=1&standortname=wien%20%28bundesland%29&suchbegriff=immobilienverwalter,403,,,,0,0,
Immobilienverwaltung Mag. Alois Rosenberger GmbH,1,https://firmen.wko.at/immobilienverwaltung-mag-alois-rosenberger-gmbh-immobilienverwaltung-rosenberger/wien/?firmaid=6d7c802b-1c76-4ed6-a1ab-7f8eb02b1a92&standortid=1&standortname=wien%20%28bundesland%29&suchbegriff=immobilienverwalter,403,,,,0,0,
Immobilienverwaltung Mag. Christian Krenauer Ges.m.b.H.,1,https://firmen.wko.at/immobilienverwaltung-mag-christian-krenauer-gesmbh/wien/?firmaid=35b6fb92-91ef-4863-98b3-e13b4ed28b98&standortid=1&standortname=wien%20%28bundesland%29&suchbegriff=immobilienverwalter,403,,,,0,0,
Immobilienverwaltung Mag. Wölfl GmbH,1,https://firmen.wko.at/immobilienverwaltung-mag-w%c3%b6lfl-gmbh/steiermark/?firmaid=c0348c6e-1dba-41bc-9b32-b1a78291bac4&standortid=5&standortname=steiermark%20%28bundesland%29&suchbegriff=immobilienverwalter,403,,,,0,0,
Immobilienverwaltung Manninger KG,1,https://firmen.wko.at/immobilienverwaltung-manninger-kg/nieder%c3%b6sterreich/?firmaid=5e2f63e5-f684-413a-a33b-62de0a18ebb7&standortid=2&standortname=nieder%c3%b6sterreich%20%28bundesland%29&suchbegriff=immobilienverwalter,403,,,,0,0,
"Immobilienverwaltung Margarete Kaps, Alleininhaber Stefan Sztatecsny e.U.",1,https://firmen.wko.at/immobilienverwaltung-margarete-kaps-alleininhaber-stefan-sztatecsny-eu/wien/?firmaid=cff91b8c-2d54-4f4e-a0bc-22ef151e39c5&standortid=1&standortname=wien%20%28bundesland%29&suchbegriff=immobilienverwalter,403,,,,0,0,
Immobilienverwaltung Nagele GmbH,1,https://firmen.wko.at/immobilienverwaltung-nagele-gmbh/tirol/?firmaid=f580c19c-af86-4822-87e7-ac213a3fc1c7&standortid=7&standortname=tirol%20%28bundesland%29&suchbegriff=immobilienverwalter,403,,,,0,0,
Immobilienverwaltung Schnepfleitner GmbH,1,https://firmen.wko.at/immobilienverwaltung-schnepfleitner-gmbh-immobilienverwaltung-hausverwaltung/steiermark/?firmaid=ae488b12-74c2-4a10-a481-2f4a654ab462&standortid=5&standortname=steiermark%20%28bundesland%29&suchbegriff=immobilienverwalter,403,,,,0,0,
Immobilienverwaltung Schobesberger GmbH,1,https://firmen.wko.at/immobilienverwaltung-schobesberger-gmbh-ivs-gmbh/salzburg/?firmaid=b72846ce-90ea-4b62-83fb-df1d898beef2&standortid=4&standortname=salzburg%20%28bundesland%29&suchbegriff=immobilienverwalter,200,9,exact,"9 [exact] :30-12:00 14:00-17:00 Fr 08:30-12:00 Sa geschlossen So geschlossen MO - DO 8:30 Uhr bis 12:00 Uhr Nachmittags kein Telefonverkehr FR 8:30 Uhr bis 12:00 Uhr Über uns 1999 gegründet 9 Mitarbeiter Wir stehen für zuverlässige und hochwertige Betreuung von Immobilien. Großes persönliches Engagement, Kompetenz und Zukunftsdenken sind die Basis unserer Arbeit. Produkte und Leis",1,5376,
Immobilienverwaltung Sterzinger KG,1,https://firmen.wko.at/immobilienverwaltung-sterzinger-kg/tirol/?firmaid=ccdda5c8-05ef-46b3-8912-2d0c5abf83cc&standortid=7&standortname=tirol%20%28bundesland%29&suchbegriff=immobilienverwalter,403,,,,0,0,
Immobilienverwaltung Wieser KG,1,https://firmen.wko.at/immobilienverwaltung-wieser-kg/steiermark/?firmaid=c7e90dae-1f4c-4fc2-a2a2-cdf1cc9fa070&standortid=5&standortname=steiermark%20%28bundesland%29&suchbegriff=immobilienverwalter,403,,,,0,0,
IMMOBILIX e.U.,2,https://firmen.wko.at/immobilix-eu/steiermark/?firmaid=df9c3668-c44d-4d82-98da-f2d3896011e9&standortid=5&standortname=steiermark%20%28bundesland%29&suchbegriff=immobilienverwalter,403,,,,0,0,
ImmoBuchhaltung GmbH,1,https://firmen.wko.at/immobuchhaltung-gmbh/tirol/?firmaid=b515d36f-fb52-4354-a071-79aae5a8d65c&standortid=7&standortname=tirol%20%28bundesland%29&suchbegriff=immobilienverwalter,403,,,,0,0,
IMMOCENTRAL Immobilientreuhand GmbH,2,https://firmen.wko.at/immocentral-immobilientreuhand-gmbh/nieder%c3%b6sterreich/?firmaid=badcf9d6-38d0-4dcc-8fab-39b8ed58d9d3&standortid=2&standortname=nieder%c3%b6sterreich%20%28bundesland%29&suchbegriff=immobilienverwalter,403,,,,0,0,
ImmoCommerz Management GmbH,1,https://firmen.wko.at/immocommerz-management-gmbh/ober%c3%b6sterreich/?firmaid=2a39bfe1-6c34-41dc-b821-21e6c37d19ac&standortid=3&standortname=ober%c3%b6sterreich%20%28bundesland%29&suchbegriff=immobilienverwalter,403,,,,0,0,
IMMOCON Immobilien Consulting GmbH,1,https://firmen.wko.at/immocon-immobilien-consulting-gmbh/steiermark/?firmaid=1b6ab00d-7251-4be0-b5b8-e83957c01304&standortid=5&standortname=steiermark%20%28bundesland%29&suchbegriff=immobilienverwalter,403,,,,0,0,
IMMOcontract Real Estate Management GmbH,6,https://firmen.wko.at/immocontract-real-estate-management-gmbh/steiermark/?firmaid=dbe2a200-b7a0-42d4-86c9-c84c06edd055&standortid=5&standortname=steiermark%20%28bundesland%29&suchbegriff=immobilienverwalter,403,,,,0,0,
ImmoFlott KG,1,https://firmen.wko.at/immoflott-kg/wien/?firmaid=c3a85a09-8503-460c-ae39-2eb9ff0f0d4d&standortid=1&standortname=wien%20%28bundesland%29&suchbegriff=immobilienverwalter,403,,,,0,0,
IMMOGARANT GEBÄUDEMANAGEMENT Gesellschaft m.b.H.,1,https://firmen.wko.at/immogarant-geb%c3%84udemanagement-gesellschaft-mbh/wien/?firmaid=c4ef1c67-a71f-4dd3-a5fe-aafad47b6b65&standortid=1&standortname=wien%20%28bundesland%29&suchbegriff=immobilienverwalter,403,,,,0,0,
Immokorrekt Hausverwaltung GmbH,1,https://firmen.wko.at/immokorrekt-hausverwaltung-gmbh/tirol/?firmaid=febaa474-e24f-43a6-9a61-67eebc7cff84&standortid=7&standortname=tirol%20%28bundesland%29&suchbegriff=immobilienverwalter,403,,,,0,0,
immoLEHNER & finMOTION GmbH,1,https://firmen.wko.at/immolehner-und-finmotion-gmbh/ober%c3%b6sterreich/?firmaid=c0f8f9b1-61aa-4a4d-8343-77bca41e9006&standortid=3&standortname=ober%c3%b6sterreich%20%28bundesland%29&suchbegriff=immobilienverwalter,403,,,,0,0,
ImmoOffice GmbH,1,https://firmen.wko.at/immooffice-gmbh/wien/?firmaid=7c983caa-3f2c-47cd-940a-cfbf374fcf4b&standortid=1&standortname=wien%20%28bundesland%29&suchbegriff=immobilienverwalter,403,,,,0,0,
Immoplus Immobilienverwaltungs GmbH,1,https://firmen.wko.at/immoplus-immobilienverwaltungs-gmbh/vorarlberg/?firmaid=a5c62ce4-d2d8-472d-85e5-05d52bbab9c5&standortid=8&standortname=vorarlberg%20%28bundesland%29&suchbegriff=immobilienverwalter,403,,,,0,0,
ImmoPure e.U.,1,https://firmen.wko.at/immopure-eu-immopure-e-u/tirol/?firmaid=4c0a7b29-adc4-4b5c-ba36-8f39cec2da02&standortid=7&standortname=tirol%20%28bundesland%29&suchbegriff=immobilienverwalter,403,,,,0,0,
ImmoSun Hausverwaltungs GmbH,1,https://firmen.wko.at/immosun-hausverwaltungs-gmbh/steiermark/?firmaid=513a0fd7-fb29-4470-a762-5c025444175b&standortid=5&standortname=steiermark%20%28bundesland%29&suchbegriff=immobilienverwalter,403,,,,0,0,
IMMOSYS Immobilien GesmbH,1,https://firmen.wko.at/immosys-immobilien-gesmbh/wien/?firmaid=fd796b69-72f5-4896-89f2-2bb64cafae46&standortid=1&standortname=wien%20%28bundesland%29&suchbegriff=immobilienverwalter,403,,,,0,0,
IMMOTAURUS Living & Management GmbH,1,https://firmen.wko.at/immotaurus-living-und-management-gmbh/steiermark/?firmaid=97cd34cd-af4e-4d60-abf6-714b9cb6b9d2&standortid=5&standortname=steiermark%20%28bundesland%29&suchbegriff=immobilienverwalter,403,,,,0,0,
IMMOTEAM4YOU IMMOBILIEN GmbH,1,https://firmen.wko.at/immoteam4you-immobilien-gmbh-immobilienmakler/ober%c3%b6sterreich/?firmaid=0730653b-e32e-47fd-888d-a383b3bc9380&standortid=3&standortname=ober%c3%b6sterreich%20%28bundesland%29&suchbegriff=immobilienverwalter,403,,,,0,0,
IMMOTOTAL Immobilientreuhand GmbH,3,https://firmen.wko.at/immototal-immobilientreuhand-gmbh/nieder%c3%b6sterreich/?firmaid=4dd8d49e-07ed-4c71-ae95-6ac751c87240&standortid=2&standortname=nieder%c3%b6sterreich%20%28bundesland%29&suchbegriff=immobilienverwalter,403,,,,0,0,
ImmoTrading GmbH,2,https://firmen.wko.at/immotrading-gmbh/ober%c3%b6sterreich/?firmaid=fea7c1a7-9d3b-42a9-92b0-521d1cc52e3a&standortid=3&standortname=ober%c3%b6sterreich%20%28bundesland%29&suchbegriff=immobilienverwalter,403,,,,0,0,
IMMOVEWA GmbH,1,https://firmen.wko.at/immovewa-gmbh/salzburg/?firmaid=ab7d3c8d-5006-46e4-b7f3-6a13859e8dc5&standortid=4&standortname=salzburg%20%28bundesland%29&suchbegriff=immobilienverwalter,200,,,,0,1902,
Immovision Immobilienverwaltung Ges.m.b.H.,1,https://firmen.wko.at/immovision-immobilienverwaltung-gesmbh/wien/?firmaid=48369738-ec97-4987-9cc2-17bec53eea89&standortid=1&standortname=wien%20%28bundesland%29&suchbegriff=immobilienverwalter,403,,,,0,0,
Immovium Hausverwaltung e.U.,1,https://firmen.wko.at/immovium-hausverwaltung-eu/nieder%c3%b6sterreich/?firmaid=9133b83f-13bf-4dc8-ae78-e4dce5112a99&standortid=2&standortname=nieder%c3%b6sterreich%20%28bundesland%29&suchbegriff=immobilienverwalter,403,,,,0,0,
ImmoW16 GmbH,1,https://firmen.wko.at/immow16-gmbh/wien/?firmaid=9f8b02dc-0b58-4f7a-be0e-4c7dfb517005&standortid=1&standortname=wien%20%28bundesland%29&suchbegriff=immobilienverwalter,403,,,,0,0,
IMOINVESTIC GmbH,1,https://firmen.wko.at/imoinvestic-gmbh/steiermark/?firmaid=1e5bdf58-62d8-449c-8abf-30dbe9287940&standortid=5&standortname=steiermark%20%28bundesland%29&suchbegriff=immobilienverwalter,403,,,,0,0,
IMOVA Immobilientreuhand GmbH,1,https://firmen.wko.at/imova-immobilientreuhand-gmbh/vorarlberg/?firmaid=59c7bdbf-cc42-4198-9d93-d7a9a7aacd4d&standortid=8&standortname=vorarlberg%20%28bundesland%29&suchbegriff=immobilienverwalter,403,,,,0,0,
IMS Immobilien Gesellschaft m.b.H.,1,https://firmen.wko.at/ims-immobilien-gesellschaft-mbh/steiermark/?firmaid=b691ca9e-6843-4a70-b1b8-834225a005bd&standortid=5&standortname=steiermark%20%28bundesland%29&suchbegriff=immobilienverwalter,403,,,,0,0,
IMS Kollegger GmbH,1,https://firmen.wko.at/ims-kollegger-gmbh-infrastructure-management-services/steiermark/?firmaid=3ab1b42a-a5ba-40f5-98c7-2095844f3dba&standortid=5&standortname=steiermark%20%28bundesland%29&suchbegriff=immobilienverwalter,403,,,,0,0,
IMV Immobilien Management GmbH,4,https://firmen.wko.at/imv-immobilien-management-gmbh/steiermark/?firmaid=8a39d3d5-cfe4-4789-bbbf-1aeed095c331&standortid=5&standortname=steiermark%20%28bundesland%29&suchbegriff=immobilienverwalter,403,,,,0,0,
Increment Real Estate Management GmbH,1,https://firmen.wko.at/increment-real-estate-management-gmbh/steiermark/?firmaid=fb43edca-a759-49f6-8844-e37e8adc3a38&standortid=5&standortname=steiermark%20%28bundesland%29&suchbegriff=immobilienverwalter,403,,,,0,0,
Infranorm Technologie GmbH,1,https://firmen.wko.at/infranorm-technologie-gmbh-infranorm-technologie-gmbh/ober%c3%b6sterreich/?firmaid=c52ce572-9a04-4e0c-a3eb-531cce5a3812&standortid=3&standortname=ober%c3%b6sterreich%20%28bundesland%29&suchbegriff=immobilienverwalter,403,,,,0,0,
Ing. Alfred Helmuth Pehserl,1,https://firmen.wko.at/ing-alfred-helmuth-pehserl/steiermark/?firmaid=e5371691-9a84-4f20-85b2-2180cf714dca&standortid=5&standortname=steiermark%20%28bundesland%29&suchbegriff=immobilienverwalter,403,,,,0,0,
Ing. Andreas Alfred Wollein,1,https://firmen.wko.at/ing-andreas-alfred-wollein-realpartners/wien/?firmaid=9809c4dd-5544-4128-8eab-9d0778f5bd4a&standortid=1&standortname=wien%20%28bundesland%29&suchbegriff=immobilienverwalter,403,,,,0,0,
Ing. Andreas Pristusek,1,https://firmen.wko.at/ing-andreas-pristusek/nieder%c3%b6sterreich/?firmaid=8b244d0a-c1eb-463a-a3b4-4112a5815d7d&standortid=2&standortname=nieder%c3%b6sterreich%20%28bundesland%29&suchbegriff=immobilienverwalter,403,,,,0,0,
Ing. Angelika Theresia Kulmer,1,https://firmen.wko.at/ing-angelika-theresia-kulmer/steiermark/?firmaid=a4c7a88d-12d0-4608-a100-08b87ab540d1&standortid=5&standortname=steiermark%20%28bundesland%29&suchbegriff=immobilienverwalter,403,,,,0,0,
Ing. Christine Friederike Weber,1,https://firmen.wko.at/ing-christine-friederike-weber-immobilientreuh%c3%a4nder-sachverst%c3%a4ndigenb%c3%bcro/nieder%c3%b6sterreich/?firmaid=d39cb9f6-7ab1-4ea8-b69f-f88a3d30d70c&standortid=2&standortname=nieder%c3%b6sterreich%20%28bundesland%29&suchbegriff=immobilienverwalter,403,,,,0,0,
Ing. Claudia Zöberer,1,https://firmen.wko.at/ing-claudia-z%c3%b6berer/steiermark/?firmaid=f7a11bc3-c7c9-46ab-a5d3-9338f3ecf35e&standortid=5&standortname=steiermark%20%28bundesland%29&suchbegriff=immobilienverwalter,403,,,,0,0,
"Ing. Clemens Hirtl, MBA",1,https://firmen.wko.at/ing-clemens-hirtl-mba/nieder%c3%b6sterreich/?firmaid=f1974f99-ad36-48dd-b24d-c60d814438c1&standortid=2&standortname=nieder%c3%b6sterreich%20%28bundesland%29&suchbegriff=immobilienverwalter,403,,,,0,0,
Ing. Hermann Ferdinand Freitag,1,https://firmen.wko.at/ing-hermann-ferdinand-freitag-immobilienverwaltung/steiermark/?firmaid=deef4b36-edfb-4a7f-a9cc-11d0cfd96dcf&standortid=5&standortname=steiermark%20%28bundesland%29&suchbegriff=immobilienverwalter,403,,,,0,0,
Ing. Jerome-Dominique Büchel,1,https://firmen.wko.at/ing-jerome-dominique-b%c3%bcchel/vorarlberg/?firmaid=07c13f49-82ab-470a-ab93-9cdf09ed7e5b&standortid=8&standortname=vorarlberg%20%28bundesland%29&suchbegriff=immobilienverwalter,403,,,,0,0,
Ing. Johann Hirsch,1,https://firmen.wko.at/ing-johann-hirsch/steiermark/?firmaid=2087a78e-f2c6-4ef2-a3aa-7f8984c18380&standortid=5&standortname=steiermark%20%28bundesland%29&suchbegriff=immobilienverwalter,403,,,,0,0,
Ing. Johannes Juri,1,https://firmen.wko.at/ing-johannes-juri-juri-johannes-ing/k%c3%a4rnten/?firmaid=34a36f01-7f13-45fc-9ad5-5222a2aa650d&standortid=6&standortname=k%c3%a4rnten%20%28bundesland%29&suchbegriff=immobilienverwalter,403,,,,0,0,
Ing. Josef Schmuck,1,https://firmen.wko.at/ing-josef-schmuck/steiermark/?firmaid=1c91f5d8-f1d1-43c2-bd80-55562665d6cf&standortid=5&standortname=steiermark%20%28bundesland%29&suchbegriff=immobilienverwalter,403,,,,0,0,
Ing. Kai-Uwe Reisner,1,https://firmen.wko.at/ing-kai-uwe-reisner/burgenland/?firmaid=3d0c88f8-86e1-4298-84df-09b4eedbce81&standortid=9&standortname=burgenland%20%28bundesland%29&suchbegriff=immobilienverwalter,403,,,,0,0,
"Ing. Karl Hannes Bauchinger, MSc",2,https://firmen.wko.at/ing-karl-hannes-bauchinger-msc-bauchinger-baumanagement-und-immobilien/ober%c3%b6sterreich/?firmaid=16daee44-df8d-47d4-b24b-708aebef24e8&standortid=3&standortname=ober%c3%b6sterreich%20%28bundesland%29&suchbegriff=immobilienverwalter,403,,,,0,0,
Ing. Karl-Otto Georg Joachim Oberreiter,1,https://firmen.wko.at/ing-karl-otto-georg-joachim-oberreiter/tirol/?firmaid=161c1d84-17b0-44cd-b3ca-2e9d8c7c5c9f&standortid=7&standortname=tirol%20%28bundesland%29&suchbegriff=immobilienverwalter,403,,,,0,0,
Ing. Mag. (FH) Markus Georg Alexander Maria Wanderer,1,https://firmen.wko.at/ing-mag-fh-markus-georg-alexander-maria-wanderer/wien/?firmaid=64c459ff-694b-407a-ae59-8b115996ea20&standortid=1&standortname=wien%20%28bundesland%29&suchbegriff=immobilienverwalter,403,,,,0,0,
Ing. Mag. Schubert Immobilientreuhand GmbH,1,https://firmen.wko.at/ing-mag-schubert-immobilientreuhand-gmbh/steiermark/?firmaid=b495d897-d251-4dd4-87a7-f53b5d5a5946&standortid=5&standortname=steiermark%20%28bundesland%29&suchbegriff=immobilienverwalter,403,,,,0,0,
Ing. Markus Bodzenta,1,https://firmen.wko.at/ing-markus-bodzenta-bodzenta-immobilien/wien/?firmaid=6369afd3-c43d-4389-b12c-353364ce357e&standortid=1&standortname=wien%20%28bundesland%29&suchbegriff=immobilienverwalter,403,,,,0,0,
Ing. Markus Lumbe,1,https://firmen.wko.at/ing-markus-lumbe/wien/?firmaid=c032f5ca-cf03-479c-9b4b-a4a04fefd781&standortid=1&standortname=wien%20%28bundesland%29&suchbegriff=immobilienverwalter,403,,,,0,0,
ING. MESSNER GmbH,1,https://firmen.wko.at/ing-messner-gmbh-immobilienverwaltung-tb-maschinenbau-it-dienstleistung-sv/k%c3%a4rnten/?firmaid=016143a8-4cd3-4b3f-8358-9e250a1494ec&standortid=6&standortname=k%c3%a4rnten%20%28bundesland%29&suchbegriff=immobilienverwalter,403,,,,0,0,
Ing. Peter Pleschberger,1,https://firmen.wko.at/ing-peter-pleschberger/steiermark/?firmaid=a89dbd72-b3d8-46ce-8e9e-25489c1c8973&standortid=5&standortname=steiermark%20%28bundesland%29&suchbegriff=immobilienverwalter,403,,,,0,0,
Ing. Rupert Franz Leberzipf,1,https://firmen.wko.at/ing-rupert-franz-leberzipf/nieder%c3%b6sterreich/?firmaid=5e67b80c-1aba-4991-8b45-cad4d8b486d0&standortid=2&standortname=nieder%c3%b6sterreich%20%28bundesland%29&suchbegriff=immobilienverwalter,403,,,,0,0,
"Ing. Siegfried Sattlberger, MSc",1,https://firmen.wko.at/ing-siegfried-sattlberger-msc/ober%c3%b6sterreich/?firmaid=0230b24e-3147-47da-811a-48c7167a2779&standortid=3&standortname=ober%c3%b6sterreich%20%28bundesland%29&suchbegriff=immobilienverwalter,403,,,,0,0,
Ing. Simon Jurić,1,https://firmen.wko.at/ing-simon-juri/steiermark/?firmaid=3f3aa2dc-d35d-4755-81ca-fc530db8faba&standortid=5&standortname=steiermark%20%28bundesland%29&suchbegriff=immobilienverwalter,403,,,,0,0,
Ing. Szmolyan KG,1,https://firmen.wko.at/ing-szmolyan-kg/burgenland/?firmaid=d5301375-4568-48c4-b5f9-19680ec66459&standortid=9&standortname=burgenland%20%28bundesland%29&suchbegriff=immobilienverwalter,403,,,,0,0,
"Ing. Thomas Franz Wahl, MPA MBA",1,https://firmen.wko.at/ing-thomas-franz-wahl-mpa-mba-thomas-wahl-immobilien/nieder%c3%b6sterreich/?firmaid=06f314ca-9034-4264-9241-0019bbcae4e3&standortid=2&standortname=nieder%c3%b6sterreich%20%28bundesland%29&suchbegriff=immobilienverwalter,403,,,,0,0,
Ing. Thomas Josef Dietmar Lechthaler,1,https://firmen.wko.at/ing-thomas-josef-dietmar-lechthaler/tirol/?firmaid=4b2ee043-4113-48f9-96de-2ef184a65a02&standortid=7&standortname=tirol%20%28bundesland%29&suchbegriff=immobilienverwalter,403,,,,0,0,
Ing. Thomas Maier,1,https://firmen.wko.at/ing-thomas-maier/steiermark/?firmaid=2c4f41d5-1d66-4ee8-b103-0b16919d9e13&standortid=5&standortname=steiermark%20%28bundesland%29&suchbegriff=immobilienverwalter,403,,,,0,0,
Ing. Werner Wilhelm Bayer,1,https://firmen.wko.at/ing-werner-wilhelm-bayer/burgenland/?firmaid=4205006d-0577-4ffd-8f93-1d689e906979&standortid=9&standortname=burgenland%20%28bundesland%29&suchbegriff=immobilienverwalter,403,,,,0,0,
Ingeborg Fischer Immobilienverwaltung GmbH,1,https://firmen.wko.at/ingeborg-fischer-immobilienverwaltung-gmbh/wien/?firmaid=bc5cb63d-4db3-41a2-9373-06a57915a8a2&standortid=1&standortname=wien%20%28bundesland%29&suchbegriff=immobilienverwalter,403,,,,0,0,
Ingrid Faust,1,https://firmen.wko.at/ingrid-faust-immobilienkanzlei/nieder%c3%b6sterreich/?firmaid=3ccae184-996a-4fa9-aff9-62705df29f32&standortid=2&standortname=nieder%c3%b6sterreich%20%28bundesland%29&suchbegriff=immobilienverwalter,403,,,,0,0,
Ingrid Sonja Thaler,1,https://firmen.wko.at/ingrid-sonja-thaler/vorarlberg/?firmaid=488b1b40-e9f8-4a13-b0e6-5673b0fd5794&standortid=8&standortname=vorarlberg%20%28bundesland%29&suchbegriff=immobilienverwalter,403,,,,0,0,
Ingrid Ursula Kammerer,1,https://firmen.wko.at/ingrid-ursula-kammerer/salzburg/?firmaid=83f2f3fa-46df-4eb7-b13e-845071548727&standortid=4&standortname=salzburg%20%28bundesland%29&suchbegriff=immobilienverwalter,200,,,,0,3139,
InnerCity Immobilienmanagement GmbH,1,https://firmen.wko.at/innercity-immobilienmanagement-gmbh/wien/?firmaid=5ad3bba2-af10-4618-9e81-21a6c95e6051&standortid=1&standortname=wien%20%28bundesland%29&suchbegriff=immobilienverwalter,403,,,,0,0,
Innex Immobilien Treuhand GmbH,1,https://firmen.wko.at/innex-immobilien-treuhand-gmbh/steiermark/?firmaid=2197fc35-9b01-4d9c-bce2-e93d9632ce46&standortid=5&standortname=steiermark%20%28bundesland%29&suchbegriff=immobilienverwalter,403,,,,0,0,
INNEXIS Orth GmbH,1,https://firmen.wko.at/innexis-orth-gmbh/nieder%c3%b6sterreich/?firmaid=48d0e54a-a7d2-4aab-9467-0bca678c656f&standortid=2&standortname=nieder%c3%b6sterreich%20%28bundesland%29&suchbegriff=immobilienverwalter,403,,,,0,0,
InnReal Immobilienverwaltung GmbH,1,https://firmen.wko.at/innreal-immobilienverwaltung-gmbh/tirol/?firmaid=d85bb771-4ab8-4d69-9914-c3f0a8704828&standortid=7&standortname=tirol%20%28bundesland%29&suchbegriff=immobilienverwalter,403,,,,0,0,
Innsbrucker Immobilien GmbH & Co KG,1,https://firmen.wko.at/innsbrucker-immobilien-gmbh-und-co-kg-innsbrucker-immobilien-gmbh-und-co-kg/tirol/?firmaid=771c1558-00de-4130-8ae0-286676641be5&standortid=7&standortname=tirol%20%28bundesland%29&suchbegriff=immobilienverwalter,403,,,,0,0,
Innsbrucker Immobilien Service GmbH,1,https://firmen.wko.at/innsbrucker-immobilien-service-gmbh/tirol/?firmaid=7911c907-4f15-43d6-bc20-16002db4dcb4&standortid=7&standortname=tirol%20%28bundesland%29&suchbegriff=immobilienverwalter,403,,,,0,0,
Innsbrucker Markthallen-Betriebs-gesellschaft m.b.H.,1,https://firmen.wko.at/innsbrucker-markthallen-betriebs-gesellschaft-mbh-markthalle-innsbruck/tirol/?firmaid=3c098902-fb3d-4de1-aaef-f806fb1f427f&standortid=7&standortname=tirol%20%28bundesland%29&suchbegriff=immobilienverwalter,403,,,,0,0,
INS Partner Immobilien GmbH,1,https://firmen.wko.at/ins-partner-immobilien-gmbh-immobilienverwaltung-immobilienvermittlung/ober%c3%b6sterreich/?firmaid=168c6802-c14d-46ff-a568-0adcd84b3bb9&standortid=3&standortname=ober%c3%b6sterreich%20%28bundesland%29&suchbegriff=immobilienverwalter,403,,,,0,0,
International Campus Austria GmbH,1,https://firmen.wko.at/international-campus-austria-gmbh/wien/?firmaid=09505220-ff99-4ca6-843c-4dbfdcd07ada&standortid=1&standortname=wien%20%28bundesland%29&suchbegriff=immobilienverwalter,403,,,,0,0,
Invest Immobilien Vermittlungs- und Verwaltungs GesmbH.,1,https://firmen.wko.at/invest-immobilien-vermittlungs-und-verwaltungs-gesmbh/wien/?firmaid=3a6f2b74-ae66-416f-ab7b-c450b2818582&standortid=1&standortname=wien%20%28bundesland%29&suchbegriff=immobilienverwalter,403,,,,0,0,
INVEST- REAL Immobilientreuhänder Ges.m.b.H.,1,https://firmen.wko.at/invest-real-immobilientreuh%c3%a4nder-gesmbh/nieder%c3%b6sterreich/?firmaid=cebdadd3-1fad-49b3-b546-0be52d96c6e6&standortid=2&standortname=nieder%c3%b6sterreich%20%28bundesland%29&suchbegriff=immobilienverwalter,403,,,,0,0,
Invest-Baubetreuungs GmbH & Co KG,1,https://firmen.wko.at/invest-baubetreuungs-gmbh-und-co-kg/vorarlberg/?firmaid=00b8abe1-485f-4eec-bf65-5c295c1fe128&standortid=8&standortname=vorarlberg%20%28bundesland%29&suchbegriff=immobilienverwalter,403,,,,0,0,
IPC Project Consulting Gesellschaft m.b.H.,1,https://firmen.wko.at/ipc-project-consulting-gesellschaft-mbh/salzburg/?firmaid=84c74cd9-731f-45f9-86c3-13c7e6e02033&standortid=4&standortname=salzburg%20%28bundesland%29&suchbegriff=immobilienverwalter,ERR,,,,0,0,"ReadTimeout(ReadTimeoutError(""HTTPSConnectionPool(host='firmen.wko.at', port=443): Read timed out. (read timeout=45)""))"
IPG - Immobilien Partner GmbH,1,https://firmen.wko.at/ipg-immobilien-partner-gmbh/steiermark/?firmaid=c034cdae-1482-4f84-925b-95e2d390d975&standortid=5&standortname=steiermark%20%28bundesland%29&suchbegriff=immobilienverwalter,403,,,,0,0,
IPML GmbH,1,https://firmen.wko.at/ipml-gmbh/nieder%c3%b6sterreich/?firmaid=e0e1c472-18f9-4f87-9485-52cf38117540&standortid=2&standortname=nieder%c3%b6sterreich%20%28bundesland%29&suchbegriff=immobilienverwalter,403,,,,0,0,
iPunkt-Immobilien GmbH,1,https://firmen.wko.at/ipunkt-immobilien-gmbh/vorarlberg/?firmaid=05222cdf-c464-4694-9510-d92b75bf2227&standortid=8&standortname=vorarlberg%20%28bundesland%29&suchbegriff=immobilienverwalter,403,,,,0,0,
Irving Freund KG,1,https://firmen.wko.at/irving-freund-kg/wien/?firmaid=90e6ef45-0085-40da-b0f2-c7f9f4d95a8f&standortid=1&standortname=wien%20%28bundesland%29&suchbegriff=immobilienverwalter,403,,,,0,0,
IS Immo-Service GmbH,1,https://firmen.wko.at/is-immo-service-gmbh/steiermark/?firmaid=00af0d49-7128-4a17-8ebe-4fbcaea47ed7&standortid=5&standortname=steiermark%20%28bundesland%29&suchbegriff=immobilienverwalter,403,,,,0,0,
Isabella Klee,1,https://firmen.wko.at/isabella-klee/wien/?firmaid=477b8c75-24b8-4a78-b629-67274a8c3a2e&standortid=1&standortname=wien%20%28bundesland%29&suchbegriff=immobilienverwalter,403,,,,0,0,
Isabelle Peneder,1,https://firmen.wko.at/isabelle-peneder/nieder%c3%b6sterreich/?firmaid=3522ab1b-1c5f-47a2-a51f-99f89cadb683&standortid=2&standortname=nieder%c3%b6sterreich%20%28bundesland%29&suchbegriff=immobilienverwalter,403,,,,0,0,
ISG Immoservice GmbH,1,https://firmen.wko.at/isg-immoservice-gmbh/wien/?firmaid=736437e6-f325-4365-a89d-0b023db065ab&standortid=1&standortname=wien%20%28bundesland%29&suchbegriff=immobilienverwalter,403,,,,0,0,
ISG Kommunalbau GmbH,1,https://firmen.wko.at/isg-kommunalbau-gmbh/ober%c3%b6sterreich/?firmaid=57f96659-0e72-47cc-9847-6b94e1915e52&standortid=3&standortname=ober%c3%b6sterreich%20%28bundesland%29&suchbegriff=immobilienverwalter,403,,,,0,0,
"ISK Institut für Standort-, Regional- und Kommunalentwicklung Dr. Mathis & Partner GmbH",1,https://firmen.wko.at/isk-institut-f%c3%bcr-standort-regional-und-kommunalentwicklung-dr-mathis-und-partner-gmbh/vorarlberg/?firmaid=050cbb68-11f9-4b2a-82eb-5bd8c43b89f8&standortid=8&standortname=vorarlberg%20%28bundesland%29&suchbegriff=immobilienverwalter,403,,,,0,0,
ISSUK Projektentwicklungs GmbH,1,https://firmen.wko.at/issuk-projektentwicklungs-gmbh/k%c3%a4rnten/?firmaid=9349e9b8-56a2-4f22-ba78-77dc8ed13a6a&standortid=6&standortname=k%c3%a4rnten%20%28bundesland%29&suchbegriff=immobilienverwalter,403,,,,0,0,
ista Österreich GmbH,1,https://firmen.wko.at/ista-%c3%96sterreich-gmbh/wien/?firmaid=213ad5af-0add-4e26-9f75-44e52383e686&standortid=1&standortname=wien%20%28bundesland%29&suchbegriff=immobilienverwalter,403,,,,0,0,
ISW Hausverwaltung GmbH,1,https://firmen.wko.at/isw-hausverwaltung-gmbh/tirol/?firmaid=684b4fd1-2a84-41d3-a8fd-9495e63a117c&standortid=7&standortname=tirol%20%28bundesland%29&suchbegriff=immobilienverwalter,403,,,,0,0,
ITHV Immobilienverwaltung GmbH,1,https://firmen.wko.at/ithv-immobilienverwaltung-gmbh/wien/?firmaid=4768cfc1-ac00-4ff4-9c93-995df32e8013&standortid=1&standortname=wien%20%28bundesland%29&suchbegriff=immobilienverwalter,403,,,,0,0,
ITK Immobilienverwaltung GmbH,1,https://firmen.wko.at/itk-immobilienverwaltung-gmbh/nieder%c3%b6sterreich/?firmaid=f480e483-9389-4be5-88fa-aba52562fa0a&standortid=2&standortname=nieder%c3%b6sterreich%20%28bundesland%29&suchbegriff=immobilienverwalter,403,,,,0,0,
ITV-Realitäten Gesellschaft m.b.H.,1,https://firmen.wko.at/itv-realit%c3%a4ten-gesellschaft-mbh/wien/?firmaid=70dd1d5c-9f2b-433c-9742-aa2088cff217&standortid=1&standortname=wien%20%28bundesland%29&suchbegriff=immobilienverwalter,403,,,,0,0,
IV Zoder GmbH,1,https://firmen.wko.at/iv-zoder-gmbh/wien/?firmaid=7fcde66c-ddfe-4ceb-b0f5-a0bc7d12e331&standortid=1&standortname=wien%20%28bundesland%29&suchbegriff=immobilienverwalter,403,,,,0,0,
IVAM Immobilien Verwaltung & Asset Management GmbH,1,https://firmen.wko.at/ivam-immobilien-verwaltung-und-asset-management-gmbh/wien/?firmaid=7908353c-79d7-498e-b731-23cb5a338f95&standortid=1&standortname=wien%20%28bundesland%29&suchbegriff=immobilienverwalter,403,,,,0,0,
IVB-Immobilienvermarktung und Bauträger Ges.m.b.H.,1,https://firmen.wko.at/ivb-immobilienvermarktung-und-bautr%c3%a4ger-gesmbh/burgenland/?firmaid=cb9c2ef1-4df2-4ce4-8b62-8e9dec5ab0fe&standortid=9&standortname=burgenland%20%28bundesland%29&suchbegriff=immobilienverwalter,403,,,,0,0,
IVG-Immobilien Vertrieb GmbH,1,https://firmen.wko.at/ivg-immobilien-vertrieb-gmbh-immowolf-immobilien/ober%c3%b6sterreich/?firmaid=1958aaf2-ddb6-44d6-a0fa-5ce04b82afb3&standortid=3&standortname=ober%c3%b6sterreich%20%28bundesland%29&suchbegriff=immobilienverwalter,403,,,,0,0,
IVM Immobilien Verwaltung & Management GmbH,1,https://firmen.wko.at/ivm-immobilien-verwaltung-und-management-gmbh/salzburg/?firmaid=2ebbb3f6-a5cb-4026-b9b5-caf59c8e1f0c&standortid=4&standortname=salzburg%20%28bundesland%29&suchbegriff=immobilienverwalter,200,,,,0,2124,
IVN Immo GmbH,1,https://firmen.wko.at/ivn-immo-gmbh/steiermark/?firmaid=75491df1-c6af-4bca-8901-a6852ad331d0&standortid=5&standortname=steiermark%20%28bundesland%29&suchbegriff=immobilienverwalter,403,,,,0,0,
IVVS GmbH Immobilienverwaltung- und Vermittlung Steiger,1,https://firmen.wko.at/ivvs-gmbh-immobilienverwaltung-und-vermittlung-steiger/nieder%c3%b6sterreich/?firmaid=0592c9d6-87a1-4eb3-8300-8d5d775f4195&standortid=2&standortname=nieder%c3%b6sterreich%20%28bundesland%29&suchbegriff=immobilienverwalter,403,,,,0,0,
IWB Institut für Wirtschaftsberatung GmbH,1,https://firmen.wko.at/iwb-institut-f%c3%bcr-wirtschaftsberatung-gmbh/ober%c3%b6sterreich/?firmaid=76fb1bbf-53da-41cc-a6d2-8408ba6db091&standortid=3&standortname=ober%c3%b6sterreich%20%28bundesland%29&suchbegriff=immobilienverwalter,403,,,,0,0,
IWE Immobilien Wert Entwicklung GmbH,1,https://firmen.wko.at/iwe-immobilien-wert-entwicklung-gmbh/wien/?firmaid=732f8d3e-e68a-4449-8228-36013cb09c5b&standortid=1&standortname=wien%20%28bundesland%29&suchbegriff=immobilienverwalter,403,,,,0,0,
J. u. E. Wild Immobilientreuhänder GmbH,1,https://firmen.wko.at/j-u-e-wild-immobilientreuh%c3%a4nder-gmbh/wien/?firmaid=30a80a02-80a2-42e4-8642-b292267494f7&standortid=1&standortname=wien%20%28bundesland%29&suchbegriff=immobilienverwalter,403,,,,0,0,
Jacqueline Weißborn,2,https://firmen.wko.at/jacqueline-wei%c3%9fborn-weissborn-immobilien/wien/?firmaid=41b07193-3f6f-48a5-ae13-24f5c088bed5&standortid=1&standortname=wien%20%28bundesland%29&suchbegriff=immobilienverwalter,403,,,,0,0,
JAJ Immobiliendienstleistungen OG & Co KG,1,https://firmen.wko.at/jaj-immobiliendienstleistungen-og-und-co-kg/wien/?firmaid=5c09ebf9-1102-4ee0-ab4b-0127e1e58a2f&standortid=1&standortname=wien%20%28bundesland%29&suchbegriff=immobilienverwalter,403,,,,0,0,
Jakob Immobilienberatungs GmbH,1,https://firmen.wko.at/jakob-immobilienberatungs-gmbh-landstra%c3%9fe-hauptstra%c3%9fe-107-1030-wien/wien/?firmaid=428a9c49-1b74-4d12-9a5e-fe69e2de6ab3&standortid=1&standortname=wien%20%28bundesland%29&suchbegriff=immobilienverwalter,403,,,,0,0,
JAWO Immobilien Gesellschaft m.b.H.,1,https://firmen.wko.at/jawo-immobilien-gesellschaft-mbh/ober%c3%b6sterreich/?firmaid=415b0d8c-f23c-4d5b-96fe-44e25e0c155c&standortid=3&standortname=ober%c3%b6sterreich%20%28bundesland%29&suchbegriff=immobilienverwalter,403,,,,0,0,
JB Immo GmbH,1,https://firmen.wko.at/jb-immo-gmbh-jb-immo-gmbh/ober%c3%b6sterreich/?firmaid=71c613f8-51f4-4297-97e9-fa758fce81db&standortid=3&standortname=ober%c3%b6sterreich%20%28bundesland%29&suchbegriff=immobilienverwalter,403,,,,0,0,
JCS Accounting & Estate OG,2,https://firmen.wko.at/jcs-accounting-und-estate-og/steiermark/?firmaid=4d19884d-645f-488e-9b4e-4555c065bcba&standortid=5&standortname=steiermark%20%28bundesland%29&suchbegriff=immobilienverwalter,403,,,,0,0,
Jennifer Zechmeister,1,https://firmen.wko.at/jennifer-zechmeister/wien/?firmaid=531dd593-2a54-42b5-9d09-06c7d187bdb1&standortid=1&standortname=wien%20%28bundesland%29&suchbegriff=immobilienverwalter,403,,,,0,0,
JHP GmbH,1,https://firmen.wko.at/jhp-gmbh/ober%c3%b6sterreich/?firmaid=7ed2c657-6408-4cf1-b57c-0e6de0171158&standortid=3&standortname=ober%c3%b6sterreich%20%28bundesland%29&suchbegriff=immobilienverwalter,403,,,,0,0,
Jochen Egger,1,https://firmen.wko.at/jochen-egger/vorarlberg/?firmaid=d78a8a9a-caed-45d7-b1f8-4f3a34716a66&standortid=8&standortname=vorarlberg%20%28bundesland%29&suchbegriff=immobilienverwalter,403,,,,0,0,
Joham Immobilien GmbH,1,https://firmen.wko.at/joham-immobilien-gmbh/steiermark/?firmaid=6588ad3e-6c31-4dae-b499-03c610f98ad7&standortid=5&standortname=steiermark%20%28bundesland%29&suchbegriff=immobilienverwalter,403,,,,0,0,
Johann Buzanich Gesellschaft m.b.H.,1,https://firmen.wko.at/johann-buzanich-gesellschaft-mbh/wien/?firmaid=809211bc-524c-4986-b82b-27f6f9c30d66&standortid=1&standortname=wien%20%28bundesland%29&suchbegriff=immobilienverwalter,403,,,,0,0,
Johann Böhler Handelsgesellschaft mbH & Co KG,1,https://firmen.wko.at/johann-b%c3%b6hler-handelsgesellschaft-mbh-und-co-kg/vorarlberg/?firmaid=013bd1a9-0ef0-45fb-bee8-07286c167f0e&standortid=8&standortname=vorarlberg%20%28bundesland%29&suchbegriff=immobilienverwalter,403,,,,0,0,
Johann Georg Lindner,1,https://firmen.wko.at/johann-georg-lindner/nieder%c3%b6sterreich/?firmaid=09d79ec6-98aa-4834-abec-fca134f620d5&standortid=2&standortname=nieder%c3%b6sterreich%20%28bundesland%29&suchbegriff=immobilienverwalter,403,,,,0,0,
Johann Grubinger Consulting e.U.,1,https://firmen.wko.at/johann-grubinger-consulting-eu-grubinger-consulting-eu/salzburg/?firmaid=5604aa8e-3308-4120-808b-753dc6b5b122&standortid=4&standortname=salzburg%20%28bundesland%29&suchbegriff=immobilienverwalter,200,3,exact,3 [exact] e planen Öffnungszeiten: Mo 09:00-17:00 Di 09:00-17:00 Mi 09:00-17:00 Do 09:00-17:00 Fr 09:00-15:00 Sa geschlossen So geschlossen Termine nach Vereinbarung Über uns 2015 gegründet 3 Mitarbeiter Grubinger Consulting – Bringing our the best of your business! Werden Sie mit unserer Hilfe erfolgreicher! Wir haben uns auf die Weiterentwicklung der Abläufe in Ihrem Unternehmen,1,12294,
Johann Vigl,1,https://firmen.wko.at/johann-vigl-immobilientreuh%c3%a4nder-und-sachverst%c3%a4ndiger/tirol/?firmaid=9666b570-6242-4c25-8783-8c0ec974e384&standortid=7&standortname=tirol%20%28bundesland%29&suchbegriff=immobilienverwalter,403,,,,0,0,
"Jonas Maximilian Balleisen, MA",1,https://firmen.wko.at/jonas-maximilian-balleisen-ma/wien/?firmaid=0238468b-8348-459c-b225-0189cb20b923&standortid=1&standortname=wien%20%28bundesland%29&suchbegriff=immobilienverwalter,403,,,,0,0,
Jones Lang LaSalle GmbH,1,https://firmen.wko.at/jones-lang-lasalle-gmbh/wien/?firmaid=501422b1-44b7-4e11-88df-cae9009aa887&standortid=1&standortname=wien%20%28bundesland%29&suchbegriff=immobilienverwalter,403,,,,0,0,
Josef Devich,1,https://firmen.wko.at/josef-devich/wien/?firmaid=306a79f8-7b5a-4340-9d4e-17544ae05174&standortid=1&standortname=wien%20%28bundesland%29&suchbegriff=immobilienverwalter,403,,,,0,0,
Josef Rohr Gebäudeverwaltung GmbH,1,https://firmen.wko.at/josef-rohr-geb%c3%a4udeverwaltung-gmbh/wien/?firmaid=46741d4a-6927-4c69-b50f-5f8efa6a477b&standortid=1&standortname=wien%20%28bundesland%29&suchbegriff=immobilienverwalter,403,,,,0,0,
JR Leistbares Wohnen Immobilienverwaltungs GmbH,1,https://firmen.wko.at/jr-leistbares-wohnen-immobilienverwaltungs-gmbh/steiermark/?firmaid=1e675bde-13e3-4f57-b52b-118c43c87aed&standortid=5&standortname=steiermark%20%28bundesland%29&suchbegriff=immobilienverwalter,403,,,,0,0,
JSL Immobilien e.U.,1,https://firmen.wko.at/jsl-immobilien-eu/wien/?firmaid=0a19164a-c31f-46e0-826b-74ff7306b6bd&standortid=1&standortname=wien%20%28bundesland%29&suchbegriff=immobilienverwalter,403,,,,0,0,
JT Immobilientreuhänder GmbH,1,https://firmen.wko.at/jt-immobilientreuh%c3%a4nder-gmbh/nieder%c3%b6sterreich/?firmaid=c133982f-d45b-4d85-b12a-7c2d854ed665&standortid=2&standortname=nieder%c3%b6sterreich%20%28bundesland%29&suchbegriff=immobilienverwalter,403,,,,0,0,
Juniperus GmbH,1,https://firmen.wko.at/juniperus-gmbh/nieder%c3%b6sterreich/?firmaid=1c87120b-d70d-4416-b176-521d03c2ec68&standortid=2&standortname=nieder%c3%b6sterreich%20%28bundesland%29&suchbegriff=immobilienverwalter,403,,,,0,0,
Jurai Immobilien Gesellschaft mit beschränkter Haftung,1,https://firmen.wko.at/jurai-immobilien-gesellschaft-mit-beschr%c3%a4nkter-haftung/nieder%c3%b6sterreich/?firmaid=2ea86cdd-632b-480f-97db-05a0cffc453a&standortid=2&standortname=nieder%c3%b6sterreich%20%28bundesland%29&suchbegriff=immobilienverwalter,403,,,,0,0,
Just Immobilien GmbH,1,https://firmen.wko.at/just-immobilien-gmbh/ober%c3%b6sterreich/?firmaid=1b3cda87-cd36-4380-a367-952459a8b989&standortid=3&standortname=ober%c3%b6sterreich%20%28bundesland%29&suchbegriff=immobilienverwalter,403,,,,0,0,
Jutta Tauber,1,https://firmen.wko.at/jutta-tauber/wien/?firmaid=696e397d-5e6d-47e9-bb56-676b35b106d2&standortid=1&standortname=wien%20%28bundesland%29&suchbegriff=immobilienverwalter,403,,,,0,0,
K100 Projektmanagement und Beteiligungs GmbH,1,https://firmen.wko.at/k100-projektmanagement-und-beteiligungs-gmbh/steiermark/?firmaid=9867ddd1-88f9-4c05-b1be-9c44b57d4a6c&standortid=5&standortname=steiermark%20%28bundesland%29&suchbegriff=immobilienverwalter,403,,,,0,0,
Kager-Knapp Immobilien GmbH,1,https://firmen.wko.at/kager-knapp-immobilien-gmbh/wien/?firmaid=53d91b08-59e5-4dab-8779-5ad89237fda0&standortid=1&standortname=wien%20%28bundesland%29&suchbegriff=immobilienverwalter,403,,,,0,0,
Kaindl Immobilienmanagement GmbH,1,https://firmen.wko.at/kaindl-immobilienmanagement-gmbh/tirol/?firmaid=ede1307f-91c0-4f60-9791-c1a75b3ab695&standortid=7&standortname=tirol%20%28bundesland%29&suchbegriff=immobilienverwalter,403,,,,0,0,
Kainz Immobilien GmbH,1,https://firmen.wko.at/kainz-immobilien-gmbh/tirol/?firmaid=7a2f8e15-d462-4e1b-90af-36d0ba8e88ec&standortid=7&standortname=tirol%20%28bundesland%29&suchbegriff=immobilienverwalter,403,,,,0,0,
Kaiserburg Hotel-Betriebsgesellschaft m.b.H.,1,https://firmen.wko.at/kaiserburg-hotel-betriebsgesellschaft-mbh/k%c3%a4rnten/?firmaid=515eee30-635a-48aa-a754-12c65ef9bdb3&standortid=6&standortname=k%c3%a4rnten%20%28bundesland%29&suchbegriff=immobilienverwalter,403,,,,0,0,
Kaiserer Immobilien und Hausverwaltungs GmbH,1,https://firmen.wko.at/kaiserer-immobilien-und-hausverwaltungs-gmbh/tirol/?firmaid=b9e7f7f1-17ea-40a5-a187-612ad6a1b632&standortid=7&standortname=tirol%20%28bundesland%29&suchbegriff=immobilienverwalter,403,,,,0,0,
KALA Immobilienmanagement GmbH,2,https://firmen.wko.at/kala-immobilienmanagement-gmbh/ober%c3%b6sterreich/?firmaid=02b59784-8383-4778-ab3d-9f4269796431&standortid=3&standortname=ober%c3%b6sterreich%20%28bundesland%29&suchbegriff=immobilienverwalter,403,,,,0,0,
KANNON Immobilienmanagement GmbH,1,https://firmen.wko.at/kannon-immobilienmanagement-gmbh/steiermark/?firmaid=a6a3872a-9dbd-498d-ae28-59aaad66825d&standortid=5&standortname=steiermark%20%28bundesland%29&suchbegriff=immobilienverwalter,403,,,,0,0,
Kanzlei Harald Altenbacher e.U.,1,https://firmen.wko.at/kanzlei-harald-altenbacher-eu-altenbacher-consulting/steiermark/?firmaid=348b5937-1a22-4b7e-9ae7-3377410b955d&standortid=5&standortname=steiermark%20%28bundesland%29&suchbegriff=immobilienverwalter,403,,,,0,0,
KAPPACHER-SELINA Hausverwaltung GmbH,1,https://firmen.wko.at/kappacher-selina-hausverwaltung-gmbh-immobilientreuh%c3%a4nder/salzburg/?firmaid=5415d9e1-c8a8-4f86-ac2a-bf21d780840a&standortid=4&standortname=salzburg%20%28bundesland%29&suchbegriff=immobilienverwalter,ERR,,,,0,0,"ReadTimeout(ReadTimeoutError(""HTTPSConnectionPool(host='firmen.wko.at', port=443): Read timed out. (read timeout=45)""))"
KAPS Immobilientreuhand GmbH,1,https://firmen.wko.at/kaps-immobilientreuhand-gmbh/wien/?firmaid=012dda6d-c4d0-42a1-b5f8-764e6e59552c&standortid=1&standortname=wien%20%28bundesland%29&suchbegriff=immobilienverwalter,403,,,,0,0,
Karall Immobilien GmbH,1,https://firmen.wko.at/karall-immobilien-gmbh/wien/?firmaid=100d5b72-635e-4b47-a3fd-b92e81ecea69&standortid=1&standortname=wien%20%28bundesland%29&suchbegriff=immobilienverwalter,403,,,,0,0,
Karin Ladler,1,https://firmen.wko.at/karin-ladler-karin-ladler-immobilien/nieder%c3%b6sterreich/?firmaid=a4482e10-02fd-45f6-9830-fee49acc42c5&standortid=2&standortname=nieder%c3%b6sterreich%20%28bundesland%29&suchbegriff=immobilienverwalter,403,,,,0,0,
Karin Reitbauer,1,https://firmen.wko.at/karin-reitbauer/wien/?firmaid=440b9db4-1f3e-46f1-ba8b-876229ea10cb&standortid=1&standortname=wien%20%28bundesland%29&suchbegriff=immobilienverwalter,403,,,,0,0,
Karin Schuster KG Immobilienverwaltung,2,https://firmen.wko.at/karin-schuster-kg-immobilienverwaltung/nieder%c3%b6sterreich/?firmaid=ad5ccbb4-c45d-495a-b005-e78b6dce9c67&standortid=2&standortname=nieder%c3%b6sterreich%20%28bundesland%29&suchbegriff=immobilienverwalter,403,,,,0,0,
Karl Hausmeister,1,https://firmen.wko.at/karl-hausmeister/tirol/?firmaid=334cf56b-1917-464e-a634-1268ab8dda6b&standortid=7&standortname=tirol%20%28bundesland%29&suchbegriff=immobilienverwalter,403,,,,0,0,
Karl Johann Vielgrader,1,https://firmen.wko.at/karl-johann-vielgrader/wien/?firmaid=460c5ac3-bc3c-4146-819a-70c8b7516da0&standortid=1&standortname=wien%20%28bundesland%29&suchbegriff=immobilienverwalter,403,,,,0,0,
Karl Schwarzl Immobilien GmbH,1,https://firmen.wko.at/karl-schwarzl-immobilien-gmbh/steiermark/?firmaid=afb49b12-a2cd-4c96-a72c-8fcd140a96fe&standortid=5&standortname=steiermark%20%28bundesland%29&suchbegriff=immobilienverwalter,403,,,,0,0,
"Karl Wolfgang Schwarz, MBA",1,https://firmen.wko.at/karl-wolfgang-schwarz-mba/burgenland/?firmaid=c202980e-2c4e-438e-8dd4-3d6f8873cea5&standortid=9&standortname=burgenland%20%28bundesland%29&suchbegriff=immobilienverwalter,403,,,,0,0,
Karos Immobilientreuhand GmbH. & Co. KG,1,https://firmen.wko.at/karos-immobilientreuhand-gmbh-und-co-kg/wien/?firmaid=64a26d43-ec1d-4489-8d81-376e488f73ed&standortid=1&standortname=wien%20%28bundesland%29&suchbegriff=immobilienverwalter,403,,,,0,0,
Karrenblick Immobilien GmbH,1,https://firmen.wko.at/karrenblick-immobilien-gmbh/vorarlberg/?firmaid=46c72839-88d7-49ae-b2f3-070c39060418&standortid=8&standortname=vorarlberg%20%28bundesland%29&suchbegriff=immobilienverwalter,403,,,,0,0,
Kaswurm Immobilien & Wohnbau GmbH,1,https://firmen.wko.at/kaswurm-immobilien-und-wohnbau-gmbh/wien/?firmaid=8bdd8a2f-de78-455a-961e-26d413dae852&standortid=1&standortname=wien%20%28bundesland%29&suchbegriff=immobilienverwalter,403,,,,0,0,
Kathrin Zauner,1,https://firmen.wko.at/kathrin-zauner/ober%c3%b6sterreich/?firmaid=bf249efa-d0bb-4032-93c6-a8f8ce11e009&standortid=3&standortname=ober%c3%b6sterreich%20%28bundesland%29&suchbegriff=immobilienverwalter,403,,,,0,0,
Katja Lerchbacher,1,https://firmen.wko.at/katja-lerchbacher/steiermark/?firmaid=82b15e8e-07ff-4b0b-a49b-0d19fab8f4ca&standortid=5&standortname=steiermark%20%28bundesland%29&suchbegriff=immobilienverwalter,403,,,,0,0,
Katrin Elisabeth Pechtl-Haring,1,https://firmen.wko.at/katrin-elisabeth-pechtl-haring-immobilien-pechtl-katrin/tirol/?firmaid=ee01f0ee-d6b9-4010-bd79-63da58744ddb&standortid=7&standortname=tirol%20%28bundesland%29&suchbegriff=immobilienverwalter,403,,,,0,0,
KEB Immobilienverwaltung GmbH,1,https://firmen.wko.at/keb-immobilienverwaltung-gmbh/wien/?firmaid=f9fe2b68-6a7c-452e-a9be-bf75fc6d03fb&standortid=1&standortname=wien%20%28bundesland%29&suchbegriff=immobilienverwalter,403,,,,0,0,
Kerschbaumer Immobilien GmbH.,1,https://firmen.wko.at/kerschbaumer-immobilien-gmbh/nieder%c3%b6sterreich/?firmaid=ea03a04e-e642-4a86-b1da-46d945aef76f&standortid=2&standortname=nieder%c3%b6sterreich%20%28bundesland%29&suchbegriff=immobilienverwalter,403,,,,0,0,
KGAL Asset Management Österreich GmbH,1,https://firmen.wko.at/kgal-asset-management-%c3%96sterreich-gmbh/wien/?firmaid=ba673f0a-a9be-43f3-a2f7-cf3785d3a08a&standortid=1&standortname=wien%20%28bundesland%29&suchbegriff=immobilienverwalter,403,,,,0,0,
KIBB Immobilien GmbH,1,https://firmen.wko.at/kibb-immobilien-gmbh/wien/?firmaid=1abea1f8-b61b-405a-873a-22e8ad6430bf&standortid=1&standortname=wien%20%28bundesland%29&suchbegriff=immobilienverwalter,403,,,,0,0,
KIEGLER Immobilien GmbH,1,https://firmen.wko.at/kiegler-immobilien-gmbh/nieder%c3%b6sterreich/?firmaid=3a7460d1-7953-43a9-be07-f7decd2a0878&standortid=2&standortname=nieder%c3%b6sterreich%20%28bundesland%29&suchbegriff=immobilienverwalter,403,,,,0,0,
Kiene Immobilienverwaltung GmbH,1,https://firmen.wko.at/kiene-immobilienverwaltung-gmbh/vorarlberg/?firmaid=c44c26b3-7765-43f5-b0c3-45a74673ece7&standortid=8&standortname=vorarlberg%20%28bundesland%29&suchbegriff=immobilienverwalter,403,,,,0,0,
KIESLING & PARTNER KG,1,https://firmen.wko.at/kiesling-und-partner-kg-kieslingundpartner-kg/wien/?firmaid=94f5180a-bebe-46c8-8c2b-2ae6c01edf03&standortid=1&standortname=wien%20%28bundesland%29&suchbegriff=immobilienverwalter,403,,,,0,0,
KIM Kärntner Immobilienmanagement GmbH,1,https://firmen.wko.at/kim-k%c3%a4rntner-immobilienmanagement-gmbh/k%c3%a4rnten/?firmaid=154d28c8-8b83-4a6f-a7d4-1369f4b8c802&standortid=6&standortname=k%c3%a4rnten%20%28bundesland%29&suchbegriff=immobilienverwalter,403,,,,0,0,
Kirchhofer Immobilien GmbH,1,https://firmen.wko.at/kirchhofer-immobilien-gmbh/nieder%c3%b6sterreich/?firmaid=1b70e63c-f950-4755-a8f1-4e6ce4e4bd03&standortid=2&standortname=nieder%c3%b6sterreich%20%28bundesland%29&suchbegriff=immobilienverwalter,403,,,,0,0,
Kirnig Immobilien Consulting & Verwaltung e.U.,1,https://firmen.wko.at/kirnig-immobilien-consulting-und-verwaltung-eu-kimco-kirnig-immobilien-consulting/wien/?firmaid=856bb295-2dde-42c2-99bd-90c3424aea66&standortid=1&standortname=wien%20%28bundesland%29&suchbegriff=immobilienverwalter,403,,,,0,0,
"Kitzpichl, Realitäten Gesellschaft m.b.H.",1,https://firmen.wko.at/kitzpichl-realit%c3%a4ten-gesellschaft-mbh/tirol/?firmaid=def3a0e8-aaaf-423e-b170-371cb66dc421&standortid=7&standortname=tirol%20%28bundesland%29&suchbegriff=immobilienverwalter,403,,,,0,0,
KKG & KAT Immobilien GmbH,1,https://firmen.wko.at/kkg-und-kat-immobilien-gmbh/k%c3%a4rnten/?firmaid=a3d090fc-3c1a-4965-b570-f81b17570c10&standortid=6&standortname=k%c3%a4rnten%20%28bundesland%29&suchbegriff=immobilienverwalter,403,,,,0,0,
Klaus Josef Angerer,1,https://firmen.wko.at/klaus-josef-angerer-bk-check-betriebskosten-pr%c3%bcfung/salzburg/?firmaid=96e382e1-c84c-4003-b033-35ff9a1392ed&standortid=4&standortname=salzburg%20%28bundesland%29&suchbegriff=immobilienverwalter,ERR,,,,0,0,"ReadTimeout(ReadTimeoutError(""HTTPSConnectionPool(host='firmen.wko.at', port=443): Read timed out. (read timeout=45)""))"
Klaus Sommerauer,1,https://firmen.wko.at/klaus-sommerauer/steiermark/?firmaid=43347c6a-026c-4c00-8d3e-02c196644076&standortid=5&standortname=steiermark%20%28bundesland%29&suchbegriff=immobilienverwalter,403,,,,0,0,
Klebl Immobilien GmbH,3,https://firmen.wko.at/klebl-immobilien-gmbh/salzburg/?firmaid=00c26607-98c1-4fd2-b72f-c9037667cc40&standortid=4&standortname=salzburg%20%28bundesland%29&suchbegriff=immobilienverwalter,ERR,,,,0,0,"ReadTimeout(ReadTimeoutError(""HTTPSConnectionPool(host='firmen.wko.at', port=443): Read timed out. (read timeout=45)""))"
Klein & Co Immobilienmanagement GmbH,1,https://firmen.wko.at/klein-und-co-immobilienmanagement-gmbh/nieder%c3%b6sterreich/?firmaid=27467aa0-3d54-4a2c-8eb2-a04388a6f520&standortid=2&standortname=nieder%c3%b6sterreich%20%28bundesland%29&suchbegriff=immobilienverwalter,403,,,,0,0,
KLHB Immobilien e.U.,1,https://firmen.wko.at/klhb-immobilien-eu/wien/?firmaid=0c098096-8a84-4eb9-abc1-7965c7ffa964&standortid=1&standortname=wien%20%28bundesland%29&suchbegriff=immobilienverwalter,403,,,,0,0,
KLINGER Immobilien GmbH,1,https://firmen.wko.at/klinger-immobilien-gmbh/wien/?firmaid=81253897-99f6-41ee-b606-df8317489cd3&standortid=1&standortname=wien%20%28bundesland%29&suchbegriff=immobilienverwalter,403,,,,0,0,
km2 verwaltungs & vermittlungs GmbH,1,https://firmen.wko.at/km2-verwaltungs-und-vermittlungs-gmbh/tirol/?firmaid=b34a4bcb-c517-43be-beda-e06a66475a8c&standortid=7&standortname=tirol%20%28bundesland%29&suchbegriff=immobilienverwalter,403,,,,0,0,
KMP Immobilien GmbH,1,https://firmen.wko.at/kmp-immobilien-gmbh/steiermark/?firmaid=c37164a8-5a54-4773-8a4e-4d532042bef7&standortid=5&standortname=steiermark%20%28bundesland%29&suchbegriff=immobilienverwalter,403,,,,0,0,
Koch & Partner Immobilien GmbH,1,https://firmen.wko.at/koch-und-partner-immobilien-gmbh/nieder%c3%b6sterreich/?firmaid=3b56e94c-04f0-49bd-86b7-e99d8c873cfe&standortid=2&standortname=nieder%c3%b6sterreich%20%28bundesland%29&suchbegriff=immobilienverwalter,403,,,,0,0,
KOHLFÜRST Consulting Ges.m.b.H.,1,https://firmen.wko.at/kohlf%c3%9crst-consulting-gesmbh-kohlf%c3%9crst-online-marketing/salzburg/?firmaid=f94150e4-d1f5-4e8f-9e1d-3ed389c6c803&standortid=4&standortname=salzburg%20%28bundesland%29&suchbegriff=immobilienverwalter,200,,,,0,8537,
Komm.Rat Prof. Hans P. Wertitsch Immobilien- und Vermögenstreuhand GmbH,1,https://firmen.wko.at/kommrat-prof-hans-p-wertitsch-immobilien-und-verm%c3%b6genstreuhand-gmbh/wien/?firmaid=d566cb3c-d6e3-41f1-9451-671cd10f539e&standortid=1&standortname=wien%20%28bundesland%29&suchbegriff=immobilienverwalter,403,,,,0,0,
Kommunalgesellschaft Völkermarkt GmbH,1,https://firmen.wko.at/kommunalgesellschaft-v%c3%b6lkermarkt-gmbh/k%c3%a4rnten/?firmaid=e6ace78c-5c8d-49bc-97b7-b2ba05d4629d&standortid=6&standortname=k%c3%a4rnten%20%28bundesland%29&suchbegriff=immobilienverwalter,403,,,,0,0,
Kompetent Immobilien GmbH,1,https://firmen.wko.at/kompetent-immobilien-gmbh/steiermark/?firmaid=094a2ca0-8d4e-4126-9eac-1bab1065fe58&standortid=5&standortname=steiermark%20%28bundesland%29&suchbegriff=immobilienverwalter,403,,,,0,0,
Kovac Management GmbH,1,https://firmen.wko.at/kovac-management-gmbh/steiermark/?firmaid=29ac2bfc-e91c-4eef-a414-0456b12c95e0&standortid=5&standortname=steiermark%20%28bundesland%29&suchbegriff=immobilienverwalter,403,,,,0,0,
KP Real GmbH,1,https://firmen.wko.at/kp-real-gmbh/k%c3%a4rnten/?firmaid=99d5cd82-79b0-445d-8d7c-1da64b7d54d2&standortid=6&standortname=k%c3%a4rnten%20%28bundesland%29&suchbegriff=immobilienverwalter,403,,,,0,0,
KR Prof. Alfons Herbert Adolf Maria Metzger,1,https://firmen.wko.at/kr-prof-alfons-herbert-adolf-maria-metzger/wien/?firmaid=6ebfbbd7-6ebe-4df8-8adc-10d83afbbf11&standortid=1&standortname=wien%20%28bundesland%29&suchbegriff=immobilienverwalter,403,,,,0,0,
KR Walter Baumgartner Immobilien GmbH,1,https://firmen.wko.at/kr-walter-baumgartner-immobilien-gmbh-kr-walter-baumgartner-immobilien-gmbh/wien/?firmaid=f92a63b7-0d46-48af-b34c-2d20e7d98f5d&standortid=1&standortname=wien%20%28bundesland%29&suchbegriff=immobilienverwalter,403,,,,0,0,
Kraftfeld Immobilien e.U.,1,https://firmen.wko.at/kraftfeld-immobilien-eu/k%c3%a4rnten/?firmaid=22ceb058-5b5b-48c2-ac03-7cad0e885a2b&standortid=6&standortname=k%c3%a4rnten%20%28bundesland%29&suchbegriff=immobilienverwalter,403,,,,0,0,
Krause Immobilien und IT GmbH,1,https://firmen.wko.at/krause-immobilien-und-it-gmbh-krause-immobilien-und-it-gmbh/wien/?firmaid=cb3de5b0-2d51-4729-a914-577b04548d1d&standortid=1&standortname=wien%20%28bundesland%29&suchbegriff=immobilienverwalter,403,,,,0,0,
Krauß & Co GmbH,1,https://firmen.wko.at/krau%c3%9f-und-co-gmbh/wien/?firmaid=d6dcd120-0668-4e86-a2bd-5343edcee966&standortid=1&standortname=wien%20%28bundesland%29&suchbegriff=immobilienverwalter,403,,,,0,0,
KREFINA Immobilien GmbH,1,https://firmen.wko.at/krefina-immobilien-gmbh/wien/?firmaid=161f273a-6a3c-491e-9ad3-02959796c975&standortid=1&standortname=wien%20%28bundesland%29&suchbegriff=immobilienverwalter,403,,,,0,0,
Kren Immobilien G.m.b.H.,1,https://firmen.wko.at/kren-immobilien-gmbh/wien/?firmaid=478b433a-1ef6-4f60-8a0a-2884a80c58b5&standortid=1&standortname=wien%20%28bundesland%29&suchbegriff=immobilienverwalter,403,,,,0,0,
KRENAUER & SODOMA Immobilienverwaltung GmbH,1,https://firmen.wko.at/krenauer-und-sodoma-immobilienverwaltung-gmbh/wien/?firmaid=417eb7e7-631d-4b66-9e5c-cc216acd6421&standortid=1&standortname=wien%20%28bundesland%29&suchbegriff=immobilienverwalter,403,,,,0,0,
Krenn Wohnbauservice KG,1,https://firmen.wko.at/krenn-wohnbauservice-kg/steiermark/?firmaid=46cdd173-a379-4fac-ad0f-78f0edd1441c&standortid=5&standortname=steiermark%20%28bundesland%29&suchbegriff=immobilienverwalter,403,,,,0,0,
Kristian Zimmermann,3,https://firmen.wko.at/kristian-zimmermann/nieder%c3%b6sterreich/?firmaid=55b2fac7-4152-4bd4-adaa-28d5435bba83&standortid=2&standortname=nieder%c3%b6sterreich%20%28bundesland%29&suchbegriff=immobilienverwalter,403,,,,0,0,
KROCON Asset Management GmbH,1,https://firmen.wko.at/krocon-asset-management-gmbh/wien/?firmaid=ea8820d5-8868-418f-b028-9948ede50117&standortid=1&standortname=wien%20%28bundesland%29&suchbegriff=immobilienverwalter,403,,,,0,0,
Kronberger Immobilienverwaltung GmbH,1,https://firmen.wko.at/kronberger-immobilienverwaltung-gmbh/wien/?firmaid=937a21d3-ff46-45a0-9974-e2e7d308fd78&standortid=1&standortname=wien%20%28bundesland%29&suchbegriff=immobilienverwalter,403,,,,0,0,
kte Immobilienverwaltung FlexCo,1,https://firmen.wko.at/kte-immobilienverwaltung-flexco/tirol/?firmaid=4070d969-ca67-4598-811c-6e48cd8c0c43&standortid=7&standortname=tirol%20%28bundesland%29&suchbegriff=immobilienverwalter,403,,,,0,0,
Kubu Immobilien e.U.,1,https://firmen.wko.at/kubu-immobilien-eu/wien/?firmaid=7d72edb2-4e70-4200-a48a-bb7dc4c6f7f2&standortid=1&standortname=wien%20%28bundesland%29&suchbegriff=immobilienverwalter,403,,,,0,0,
KW Immobilien GmbH,1,https://firmen.wko.at/kw-immobilien-gmbh-immobilienmakler-immobilienverwalter-bautr%c3%a4ger/burgenland/?firmaid=f689d452-7ad5-4f67-93c2-430593202b55&standortid=9&standortname=burgenland%20%28bundesland%29&suchbegriff=immobilienverwalter,403,,,,0,0,
Lackner & Lackner GmbH & Co. KG.,1,https://firmen.wko.at/lackner-und-lackner-gmbh-und-co-kg/steiermark/?firmaid=3a41c0b8-2efc-449d-94e5-5c3bf82a191d&standortid=5&standortname=steiermark%20%28bundesland%29&suchbegriff=immobilienverwalter,403,,,,0,0,
Laimer Hausverwaltung GmbH,1,https://firmen.wko.at/laimer-hausverwaltung-gmbh/ober%c3%b6sterreich/?firmaid=a227e96c-3185-408b-a180-17b78aead17a&standortid=3&standortname=ober%c3%b6sterreich%20%28bundesland%29&suchbegriff=immobilienverwalter,403,,,,0,0,
Landeshauptstadt Graz,1,https://firmen.wko.at/landeshauptstadt-graz/steiermark/?firmaid=7b339cc9-ab35-498e-ac62-336b60c2a60b&standortid=5&standortname=steiermark%20%28bundesland%29&suchbegriff=immobilienverwalter,403,,,,0,0,
Lang & Partner Financial Advisory GmbH,1,https://firmen.wko.at/lang-und-partner-financial-advisory-gmbh/steiermark/?firmaid=7694897c-c008-438d-b3cf-1841193a84fe&standortid=5&standortname=steiermark%20%28bundesland%29&suchbegriff=immobilienverwalter,403,,,,0,0,
Lang Living GmbH,1,https://firmen.wko.at/lang-living-gmbh/ober%c3%b6sterreich/?firmaid=f5152069-9bde-44e3-a314-fcdef70237b7&standortid=3&standortname=ober%c3%b6sterreich%20%28bundesland%29&suchbegriff=immobilienverwalter,403,,,,0,0,
Lanzer Immobilien Gmbh,1,https://firmen.wko.at/lanzer-immobilien-gmbh/steiermark/?firmaid=2ec64479-0e1a-42b7-b971-113f2c5c83e6&standortid=5&standortname=steiermark%20%28bundesland%29&suchbegriff=immobilienverwalter,403,,,,0,0,
Lasserus Immobilienverwaltungs GmbH,1,https://firmen.wko.at/lasserus-immobilienverwaltungs-gmbh/steiermark/?firmaid=7eb5a8ad-82c9-49c2-8823-b22e8b19154a&standortid=5&standortname=steiermark%20%28bundesland%29&suchbegriff=immobilienverwalter,403,,,,0,0,
Laura Isabella Oberhueber,1,https://firmen.wko.at/laura-isabella-oberhueber/tirol/?firmaid=343980eb-db11-47ce-bf7c-555254003721&standortid=7&standortname=tirol%20%28bundesland%29&suchbegriff=immobilienverwalter,403,,,,0,0,
"Leander Kiridus, BSc, MA",1,https://firmen.wko.at/leander-kiridus-bsc-ma/wien/?firmaid=c4986241-1c49-4300-b441-62fafc297105&standortid=1&standortname=wien%20%28bundesland%29&suchbegriff=immobilienverwalter,403,,,,0,0,
Lebensräume Bau- und Verwaltungsgesellschaft mbH,1,https://firmen.wko.at/lebensr%c3%a4ume-bau-und-verwaltungsgesellschaft-mbh/ober%c3%b6sterreich/?firmaid=45d7bbac-bee1-4e7a-9e75-5cb0660994ca&standortid=3&standortname=ober%c3%b6sterreich%20%28bundesland%29&suchbegriff=immobilienverwalter,403,,,,0,0,
Leitgöb Hausverwaltung GmbH,2,https://firmen.wko.at/leitg%c3%b6b-hausverwaltung-gmbh/salzburg/?firmaid=0d349152-ab87-43fc-8530-6ccc2e0a8a6d&standortid=4&standortname=salzburg%20%28bundesland%29&suchbegriff=immobilienverwalter,200,,,,0,2120,
Leitner Immobilien & Service GmbH,1,https://firmen.wko.at/leitner-immobilien-und-service-gmbh/ober%c3%b6sterreich/?firmaid=46e92144-b230-488e-ab83-7968126b8b80&standortid=3&standortname=ober%c3%b6sterreich%20%28bundesland%29&suchbegriff=immobilienverwalter,403,,,,0,0,
Leitner Real Immobilientreuhand Gesellschaft m.b.H.,1,https://firmen.wko.at/leitner-real-immobilientreuhand-gesellschaft-mbh/wien/?firmaid=915a2775-5598-4cb5-9c3c-538e29be9a63&standortid=1&standortname=wien%20%28bundesland%29&suchbegriff=immobilienverwalter,403,,,,0,0,
LENIKUS Verwaltungs GmbH,1,https://firmen.wko.at/lenikus-verwaltungs-gmbh/wien/?firmaid=96d8652f-eb12-4a46-a9f5-2028d9efe3a6&standortid=1&standortname=wien%20%28bundesland%29&suchbegriff=immobilienverwalter,403,,,,0,0,
Leopold Peer,1,https://firmen.wko.at/leopold-peer/salzburg/?firmaid=3f01758b-ea4f-4c8f-b8fb-41760f8cb47d&standortid=4&standortname=salzburg%20%28bundesland%29&suchbegriff=immobilienverwalter,ERR,,,,0,0,"ReadTimeout(ReadTimeoutError(""HTTPSConnectionPool(host='firmen.wko.at', port=443): Read timed out. (read timeout=45)""))"
LERPERGER Immobilien GmbH,1,https://firmen.wko.at/lerperger-immobilien-gmbh/ober%c3%b6sterreich/?firmaid=737b8f34-d550-49df-a5bf-4974fd012737&standortid=3&standortname=ober%c3%b6sterreich%20%28bundesland%29&suchbegriff=immobilienverwalter,403,,,,0,0,
LESTRA Hausverwaltung GmbH,1,https://firmen.wko.at/lestra-hausverwaltung-gmbh/ober%c3%b6sterreich/?firmaid=b2b6a5c0-f4f7-40bc-a979-e695db5fa81d&standortid=3&standortname=ober%c3%b6sterreich%20%28bundesland%29&suchbegriff=immobilienverwalter,403,,,,0,0,
Letzbor Hausverwaltungs GmbH,1,https://firmen.wko.at/letzbor-hausverwaltungs-gmbh/ober%c3%b6sterreich/?firmaid=14b10043-baa0-4221-b62a-edb35be42897&standortid=3&standortname=ober%c3%b6sterreich%20%28bundesland%29&suchbegriff=immobilienverwalter,403,,,,0,0,
LH3S Asset Management GmbH,1,https://firmen.wko.at/lh3s-asset-management-gmbh/wien/?firmaid=f716179c-3658-47b3-a7e9-8d7502a2c134&standortid=1&standortname=wien%20%28bundesland%29&suchbegriff=immobilienverwalter,403,,,,0,0,
Lick & Partner GmbH,1,https://firmen.wko.at/lick-und-partner-gmbh/vorarlberg/?firmaid=4a3297dd-f2c0-47df-b4d0-8ae76aeb20df&standortid=8&standortname=vorarlberg%20%28bundesland%29&suchbegriff=immobilienverwalter,403,,,,0,0,
LIFING Gebäudetechnik & Verwaltung GmbH,2,https://firmen.wko.at/lifing-geb%c3%a4udetechnik-und-verwaltung-gmbh/nieder%c3%b6sterreich/?firmaid=5cf4ca88-6ff6-40d1-83dd-30c3a03e0a82&standortid=2&standortname=nieder%c3%b6sterreich%20%28bundesland%29&suchbegriff=immobilienverwalter,403,,,,0,0,
LIM-MANAGEMENT GmbH,1,https://firmen.wko.at/lim-management-gmbh-immobilienverwaltung/wien/?firmaid=010eeb90-7e9f-41ce-b393-6ee8d3c325f3&standortid=1&standortname=wien%20%28bundesland%29&suchbegriff=immobilienverwalter,403,,,,0,0,
Lindner & Partner GmbH,1,https://firmen.wko.at/lindner-und-partner-gmbh/wien/?firmaid=d8aef0ba-a7d8-461a-a9df-020908fe0f0d&standortid=1&standortname=wien%20%28bundesland%29&suchbegriff=immobilienverwalter,403,,,,0,0,
Lindner Real Immobilientreuhand e.U.,1,https://firmen.wko.at/lindner-real-immobilientreuhand-eu/nieder%c3%b6sterreich/?firmaid=099a0edc-be81-417b-892a-a455b7347df9&standortid=2&standortname=nieder%c3%b6sterreich%20%28bundesland%29&suchbegriff=immobilienverwalter,403,,,,0,0,
Lininger Immobilienmanagement GmbH & Co KG,1,https://firmen.wko.at/lininger-immobilienmanagement-gmbh-und-co-kg/nieder%c3%b6sterreich/?firmaid=c8d31033-4a7c-4247-813d-20bbdd4d618f&standortid=2&standortname=nieder%c3%b6sterreich%20%28bundesland%29&suchbegriff=immobilienverwalter,403,,,,0,0,
Lintner OG,1,https://firmen.wko.at/lintner-og/wien/?firmaid=f04a5663-2058-40f3-a99e-8c2c5b112f1a&standortid=1&standortname=wien%20%28bundesland%29&suchbegriff=immobilienverwalter,403,,,,0,0,
Lisa Martina Moser,1,https://firmen.wko.at/lisa-martina-moser-moser-immobilien/k%c3%a4rnten/?firmaid=dd01476d-3bf8-4a49-bd83-89eb6d4b324b&standortid=6&standortname=k%c3%a4rnten%20%28bundesland%29&suchbegriff=immobilienverwalter,403,,,,0,0,
lius property gmbh,1,https://firmen.wko.at/lius-property-gmbh/wien/?firmaid=a802e463-dc92-4c65-ad33-167ccf87f80b&standortid=1&standortname=wien%20%28bundesland%29&suchbegriff=immobilienverwalter,403,,,,0,0,
LIVEG - Immobilienverwaltungs- gesellschaft m.b.H.,1,https://firmen.wko.at/liveg-immobilienverwaltungs-gesellschaft-mbh/burgenland/?firmaid=00a2cd9a-d6f0-4da3-8b13-e6301212c068&standortid=9&standortname=burgenland%20%28bundesland%29&suchbegriff=immobilienverwalter,403,,,,0,0,
LIVEG Liegenschaftsverwaltung GmbH,1,https://firmen.wko.at/liveg-liegenschaftsverwaltung-gmbh/ober%c3%b6sterreich/?firmaid=613c68d6-2531-4cfa-ba64-bb74c6264baa&standortid=3&standortname=ober%c3%b6sterreich%20%28bundesland%29&suchbegriff=immobilienverwalter,403,,,,0,0,
Living Solution MW GmbH,1,https://firmen.wko.at/living-solution-mw-gmbh/ober%c3%b6sterreich/?firmaid=138530d7-9d7c-4d7d-b77c-4cc242eab427&standortid=3&standortname=ober%c3%b6sterreich%20%28bundesland%29&suchbegriff=immobilienverwalter,403,,,,0,0,
LMH Immobilienmanagement GmbH,1,https://firmen.wko.at/lmh-immobilienmanagement-gmbh/tirol/?firmaid=99c1a6b9-e6d1-45e4-9650-a920244a4b08&standortid=7&standortname=tirol%20%28bundesland%29&suchbegriff=immobilienverwalter,403,,,,0,0,
LMN-Estate GmbH,1,https://firmen.wko.at/lmn-estate-gmbh/wien/?firmaid=43416cd6-7c51-4df8-b5c5-aa6a1817bf95&standortid=1&standortname=wien%20%28bundesland%29&suchbegriff=immobilienverwalter,403,,,,0,0,
LOGOS IMMOBILIEN e.U.,1,https://firmen.wko.at/logos-immobilien-eu/vorarlberg/?firmaid=073dd919-5944-42a6-8680-dfde40e63c1e&standortid=8&standortname=vorarlberg%20%28bundesland%29&suchbegriff=immobilienverwalter,403,,,,0,0,
Lorenz Karall,1,https://firmen.wko.at/lorenz-karall/wien/?firmaid=17d54686-ee2e-458d-9ad7-56e85f2f69c5&standortid=1&standortname=wien%20%28bundesland%29&suchbegriff=immobilienverwalter,403,,,,0,0,
LOVT Immobilien GmbH,1,https://firmen.wko.at/lovt-immobilien-gmbh/steiermark/?firmaid=c93f6c80-cdf2-4d4a-a2eb-df4fd8034aa6&standortid=5&standortname=steiermark%20%28bundesland%29&suchbegriff=immobilienverwalter,403,,,,0,0,
LP Immobilientreuhand GmbH,1,https://firmen.wko.at/lp-immobilientreuhand-gmbh/nieder%c3%b6sterreich/?firmaid=2534adf3-562b-4e1d-a0e0-0a0b90482b44&standortid=2&standortname=nieder%c3%b6sterreich%20%28bundesland%29&suchbegriff=immobilienverwalter,403,,,,0,0,
LP Verwaltung GmbH,1,https://firmen.wko.at/lp-verwaltung-gmbh/wien/?firmaid=a2806d03-f6f6-4899-9c26-ac4b993980b6&standortid=1&standortname=wien%20%28bundesland%29&suchbegriff=immobilienverwalter,403,,,,0,0,
LPZ Verwaltung GmbH,1,https://firmen.wko.at/lpz-verwaltung-gmbh/nieder%c3%b6sterreich/?firmaid=6cba3384-74d0-4a39-880f-488d4a457f75&standortid=2&standortname=nieder%c3%b6sterreich%20%28bundesland%29&suchbegriff=immobilienverwalter,403,,,,0,0,
LSE Liegenschaftsstrukturentwicklungs GmbH,1,https://firmen.wko.at/lse-liegenschaftsstrukturentwicklungs-gmbh/wien/?firmaid=76a37968-cd13-4dbc-9aec-a72a9560042b&standortid=1&standortname=wien%20%28bundesland%29&suchbegriff=immobilienverwalter,403,,,,0,0,
LSH Facility GmbH,1,https://firmen.wko.at/lsh-facility-gmbh/steiermark/?firmaid=8be56156-19d5-47f3-a247-a0d23424a306&standortid=5&standortname=steiermark%20%28bundesland%29&suchbegriff=immobilienverwalter,403,,,,0,0,
LUC Facility- und Brandschutzmanagement e.U.,1,https://firmen.wko.at/luc-facility-und-brandschutzmanagement-eu-facility-und-brandschutzmanagement/steiermark/?firmaid=8f682b0d-163d-436c-b46d-11ff28dc357d&standortid=5&standortname=steiermark%20%28bundesland%29&suchbegriff=immobilienverwalter,403,,,,0,0,
Ludwig Engel GmbH & Co KG,1,https://firmen.wko.at/ludwig-engel-gmbh-und-co-kg/ober%c3%b6sterreich/?firmaid=cca2cc83-ee6f-4961-82a4-057b83a30277&standortid=3&standortname=ober%c3%b6sterreich%20%28bundesland%29&suchbegriff=immobilienverwalter,403,,,,0,0,
Ludwig Haigermoser,1,https://firmen.wko.at/ludwig-haigermoser-interrest-real-estate-trust-full-service-agentur/salzburg/?firmaid=c3976005-1a11-4b50-9f1d-613fb86c0924&standortid=4&standortname=salzburg%20%28bundesland%29&suchbegriff=immobilienverwalter,ERR,,,,0,0,"ReadTimeout(ReadTimeoutError(""HTTPSConnectionPool(host='firmen.wko.at', port=443): Read timed out. (read timeout=45)""))"
"Ludwig Hallas, Immobilienverwaltung Gesellschaft m.b.H.",1,https://firmen.wko.at/ludwig-hallas-immobilienverwaltung-gesellschaft-mbh/wien/?firmaid=1488ee5c-9ebe-4391-a73f-50b34e432d8d&standortid=1&standortname=wien%20%28bundesland%29&suchbegriff=immobilienverwalter,403,,,,0,0,
Luf & Co. Gesellschaft m.b.H.,1,https://firmen.wko.at/luf-und-co-gesellschaft-mbh/wien/?firmaid=d5a31d06-6b89-4db8-9107-1c64f8687143&standortid=1&standortname=wien%20%28bundesland%29&suchbegriff=immobilienverwalter,403,,,,0,0,
Lugner City GmbH,1,https://firmen.wko.at/lugner-city-gmbh/wien/?firmaid=07edb1a8-032b-4845-b025-284d88b8dd8b&standortid=1&standortname=wien%20%28bundesland%29&suchbegriff=immobilienverwalter,403,,,,0,0,
Lukas Berthold Sutter,1,https://firmen.wko.at/lukas-berthold-sutter/steiermark/?firmaid=8896536c-2ccd-49f4-b4db-9f065b6cc5ef&standortid=5&standortname=steiermark%20%28bundesland%29&suchbegriff=immobilienverwalter,403,,,,0,0,
"Lukas Ludwig Adami, MSc",1,https://firmen.wko.at/lukas-ludwig-adami-msc/wien/?firmaid=b5df2f09-3f6d-4b07-b74f-328dbe5db34d&standortid=1&standortname=wien%20%28bundesland%29&suchbegriff=immobilienverwalter,403,,,,0,0,
Lumya Living AT GmbH,1,https://firmen.wko.at/lumya-living-at-gmbh/wien/?firmaid=9e616703-a59a-466e-b0ee-4b422a99450d&standortid=1&standortname=wien%20%28bundesland%29&suchbegriff=immobilienverwalter,403,,,,0,0,
LV Bau GmbH,1,https://firmen.wko.at/lv-bau-gmbh/nieder%c3%b6sterreich/?firmaid=81083c0c-1eaa-4933-b6f3-05f8bb7201f0&standortid=2&standortname=nieder%c3%b6sterreich%20%28bundesland%29&suchbegriff=immobilienverwalter,403,,,,0,0,
Länderrealitäten Hammerl GmbH & Co.KG.,1,https://firmen.wko.at/l%c3%a4nderrealit%c3%a4ten-hammerl-gmbh-und-cokg/steiermark/?firmaid=5a5fffc4-6e7f-4455-a96c-78fc9affd86b&standortid=5&standortname=steiermark%20%28bundesland%29&suchbegriff=immobilienverwalter,403,,,,0,0,
M F Immobilien Consulting GmbH,1,https://firmen.wko.at/m-f-immobilien-consulting-gmbh-mf-immobilien-consulting-gmbh/wien/?firmaid=ef49c089-155a-44c7-b9ce-ee78df281fb8&standortid=1&standortname=wien%20%28bundesland%29&suchbegriff=immobilienverwalter,403,,,,0,0,
M-Immobilien Verwaltungs GmbH & Co KG,1,https://firmen.wko.at/m-immobilien-verwaltungs-gmbh-und-co-kg/vorarlberg/?firmaid=881fe0ee-41d1-4771-8d94-2005044d6912&standortid=8&standortname=vorarlberg%20%28bundesland%29&suchbegriff=immobilienverwalter,403,,,,0,0,
m.e. Immobilien GmbH,1,https://firmen.wko.at/me-immobilien-gmbh-immobilienmakler/ober%c3%b6sterreich/?firmaid=a65788bd-cbe1-42aa-8b97-77fde5a13349&standortid=3&standortname=ober%c3%b6sterreich%20%28bundesland%29&suchbegriff=immobilienverwalter,403,,,,0,0,
Maddalena Monika Steinbacher,1,https://firmen.wko.at/maddalena-monika-steinbacher-steinbacher-immobilien-management/tirol/?firmaid=f9ccd58b-e2dd-4ee2-8b0c-1bbcae5c8dc0&standortid=7&standortname=tirol%20%28bundesland%29&suchbegriff=immobilienverwalter,403,,,,0,0,
Madela Immobilientreuhand GmbH,1,https://firmen.wko.at/madela-immobilientreuhand-gmbh/wien/?firmaid=d5576731-618e-449d-b5d5-9812bb8ab2a3&standortid=1&standortname=wien%20%28bundesland%29&suchbegriff=immobilienverwalter,403,,,,0,0,
Mag Inge Maria Brändle,1,https://firmen.wko.at/mag-inge-maria-br%c3%a4ndle/vorarlberg/?firmaid=3abd97db-2abb-4d31-b402-caaa5f637a59&standortid=8&standortname=vorarlberg%20%28bundesland%29&suchbegriff=immobilienverwalter,403,,,,0,0,
Mag. (FH) Alexander Edelhauser,1,https://firmen.wko.at/mag-fh-alexander-edelhauser/wien/?firmaid=bd500d3f-544a-4ac9-83a7-dcc43ef06c92&standortid=1&standortname=wien%20%28bundesland%29&suchbegriff=immobilienverwalter,403,,,,0,0,
Mag. (FH) Alexandra Bischof,1,https://firmen.wko.at/mag-fh-alexandra-bischof/vorarlberg/?firmaid=421c2b3d-5d36-4a6e-b5b0-689786cd7f06&standortid=8&standortname=vorarlberg%20%28bundesland%29&suchbegriff=immobilienverwalter,403,,,,0,0,
Mag. (FH) Armin Hilpold,1,https://firmen.wko.at/mag-fh-armin-hilpold-hausverwaltung-hilpold/tirol/?firmaid=2fcf86cb-a717-4335-91d2-342db637ccfe&standortid=7&standortname=tirol%20%28bundesland%29&suchbegriff=immobilienverwalter,403,,,,0,0,
Mag. (FH) Gerald Schmidt,1,https://firmen.wko.at/mag-fh-gerald-schmidt/nieder%c3%b6sterreich/?firmaid=c8070710-ae9c-4a04-a2ea-a2d8d19f1cc0&standortid=2&standortname=nieder%c3%b6sterreich%20%28bundesland%29&suchbegriff=immobilienverwalter,403,,,,0,0,
Mag. (FH) Gertrud Rieder,1,https://firmen.wko.at/mag-fh-gertrud-rieder-rieder-immobilien-management/tirol/?firmaid=68525e6b-3f83-4bf7-b842-6ed1a4728e43&standortid=7&standortname=tirol%20%28bundesland%29&suchbegriff=immobilienverwalter,403,,,,0,0,
Mag. (FH) Jennifer Anna Müllner,1,https://firmen.wko.at/mag-fh-jennifer-anna-m%c3%bcllner/wien/?firmaid=a3340aee-fb6e-4241-9866-74a35dca8b42&standortid=1&standortname=wien%20%28bundesland%29&suchbegriff=immobilienverwalter,403,,,,0,0,
Mag. (FH) Karin Ingrid Fommer-Aust,1,https://firmen.wko.at/mag-fh-karin-ingrid-fommer-aust/wien/?firmaid=39861738-bf58-46c0-a07c-4886b5e7697c&standortid=1&standortname=wien%20%28bundesland%29&suchbegriff=immobilienverwalter,403,,,,0,0,
Mag. (FH) Markus Priwalow,1,https://firmen.wko.at/mag-fh-markus-priwalow-liberty-real/wien/?firmaid=78283999-66fc-43e3-b0b5-7ada068505c3&standortid=1&standortname=wien%20%28bundesland%29&suchbegriff=immobilienverwalter,403,,,,0,0,
Mag. (FH) Thomas Hermann Trenkwalder,1,https://firmen.wko.at/mag-fh-thomas-hermann-trenkwalder-steuernrat-magfh-thomas-trenkwalder-steuerberater/tirol/?firmaid=38e8e465-1cdc-49c0-a845-19d98f908dea&standortid=7&standortname=tirol%20%28bundesland%29&suchbegriff=immobilienverwalter,403,,,,0,0,
Mag. (FH) Wilhelm Hager,1,https://firmen.wko.at/mag-fh-wilhelm-hager/nieder%c3%b6sterreich/?firmaid=10bc827a-33b1-46ad-9dc5-8b2980b2aacd&standortid=2&standortname=nieder%c3%b6sterreich%20%28bundesland%29&suchbegriff=immobilienverwalter,403,,,,0,0,
Mag. Alexander Oliver Grainer,1,https://firmen.wko.at/mag-alexander-oliver-grainer-mag-alexander-grainer-immobilienverwaltung/wien/?firmaid=aaac58ca-fdba-4452-bf0b-9e3fc8fbcf01&standortid=1&standortname=wien%20%28bundesland%29&suchbegriff=immobilienverwalter,403,,,,0,0,
Mag. Alexander Paleczek,1,https://firmen.wko.at/mag-alexander-paleczek/wien/?firmaid=833e68f4-959f-4a5a-af4a-67c139e4a7f9&standortid=1&standortname=wien%20%28bundesland%29&suchbegriff=immobilienverwalter,403,,,,0,0,
Mag. Alexandra Richling,1,https://firmen.wko.at/mag-alexandra-richling/wien/?firmaid=0cb1c8a5-67c0-4eb6-ac2c-243caff148fe&standortid=1&standortname=wien%20%28bundesland%29&suchbegriff=immobilienverwalter,403,,,,0,0,
Mag. Aline Sophie Anna Ehrenfried,1,https://firmen.wko.at/mag-aline-sophie-anna-ehrenfried/wien/?firmaid=a2dc1f14-c7d4-4467-b8e4-864d1613f632&standortid=1&standortname=wien%20%28bundesland%29&suchbegriff=immobilienverwalter,403,,,,0,0,
Mag. Andreas Christian Baumgartner,1,https://firmen.wko.at/mag-andreas-christian-baumgartner/k%c3%a4rnten/?firmaid=90d82d17-0879-40e4-b087-59105d6cec0e&standortid=6&standortname=k%c3%a4rnten%20%28bundesland%29&suchbegriff=immobilienverwalter,403,,,,0,0,
Mag. Andreas Karl Hamerle,1,https://firmen.wko.at/mag-andreas-karl-hamerle/nieder%c3%b6sterreich/?firmaid=5112ab91-e5f9-4bb8-9c38-ac42849b5e03&standortid=2&standortname=nieder%c3%b6sterreich%20%28bundesland%29&suchbegriff=immobilienverwalter,403,,,,0,0,
Mag. Andreas Pommerening,1,https://firmen.wko.at/mag-andreas-pommerening/wien/?firmaid=f74c5e6c-c732-45fd-bcb5-9b8899258089&standortid=1&standortname=wien%20%28bundesland%29&suchbegriff=immobilienverwalter,403,,,,0,0,
Mag. Angela Maria Lackinger,2,https://firmen.wko.at/mag-angela-maria-lackinger/nieder%c3%b6sterreich/?firmaid=0602cc89-47e0-418e-861f-e4fdd6c0f84c&standortid=2&standortname=nieder%c3%b6sterreich%20%28bundesland%29&suchbegriff=immobilienverwalter,403,,,,0,0,
Mag. Angelika Filek,1,https://firmen.wko.at/mag-angelika-filek-filek-immobilien/wien/?firmaid=72fd073b-df2b-48db-a1f4-191f6fe2f8e7&standortid=1&standortname=wien%20%28bundesland%29&suchbegriff=immobilienverwalter,403,,,,0,0,
Mag. Angelika Sabine Mayer,1,https://firmen.wko.at/mag-angelika-sabine-mayer/wien/?firmaid=3a2498f6-3a98-4f65-818f-5f38304a98b5&standortid=1&standortname=wien%20%28bundesland%29&suchbegriff=immobilienverwalter,403,,,,0,0,
Mag. Armin Vuketich e.U.,1,https://firmen.wko.at/mag-armin-vuketich-eu/tirol/?firmaid=71dc50c2-d8ef-4ba3-9116-4b9762cec6fa&standortid=7&standortname=tirol%20%28bundesland%29&suchbegriff=immobilienverwalter,403,,,,0,0,
Mag. Barbara Gabriele Waltersdorfer,1,https://firmen.wko.at/mag-barbara-gabriele-waltersdorfer/k%c3%a4rnten/?firmaid=05fecd51-249b-468c-a185-134b01111bb8&standortid=6&standortname=k%c3%a4rnten%20%28bundesland%29&suchbegriff=immobilienverwalter,403,,,,0,0,
Mag. Birgit Gabriele Wilhelm,1,https://firmen.wko.at/mag-birgit-gabriele-wilhelm/wien/?firmaid=50e71bb2-18ee-4f46-83db-5000e2df53e1&standortid=1&standortname=wien%20%28bundesland%29&suchbegriff=immobilienverwalter,403,,,,0,0,
Mag. Brigitta Claudia van Ommen,1,https://firmen.wko.at/mag-brigitta-claudia-van-ommen/wien/?firmaid=47d61160-7968-4d9d-b905-3a8822743fdf&standortid=1&standortname=wien%20%28bundesland%29&suchbegriff=immobilienverwalter,403,,,,0,0,
Mag. Brigitte Klein,1,https://firmen.wko.at/mag-brigitte-klein/ober%c3%b6sterreich/?firmaid=ab3b2b6f-d2ba-4d9f-9de1-7b938a3c392e&standortid=3&standortname=ober%c3%b6sterreich%20%28bundesland%29&suchbegriff=immobilienverwalter,403,,,,0,0,
Mag. Christian Auer,1,https://firmen.wko.at/mag-christian-auer/steiermark/?firmaid=03b62992-c2be-4bd8-91c6-7efc6e585123&standortid=5&standortname=steiermark%20%28bundesland%29&suchbegriff=immobilienverwalter,403,,,,0,0,
Mag. Christoph Leonhard Korosec,1,https://firmen.wko.at/mag-christoph-leonhard-korosec/nieder%c3%b6sterreich/?firmaid=fee36c01-5577-436d-96a3-cd43ff7d3dfb&standortid=2&standortname=nieder%c3%b6sterreich%20%28bundesland%29&suchbegriff=immobilienverwalter,403,,,,0,0,
Mag. Claudia Johanna Buchanan,1,https://firmen.wko.at/mag-claudia-johanna-buchanan/tirol/?firmaid=810022a5-c2f6-489f-a522-4185e03734c0&standortid=7&standortname=tirol%20%28bundesland%29&suchbegriff=immobilienverwalter,403,,,,0,0,
Mag. Corinna Margarete Gulder,1,https://firmen.wko.at/mag-corinna-margarete-gulder/wien/?firmaid=8b69973a-48e5-4ad9-8253-3892555576c9&standortid=1&standortname=wien%20%28bundesland%29&suchbegriff=immobilienverwalter,403,,,,0,0,
Mag. Daniela und Harald Podobnig Immobilien Treuhand-Gesellschaft m.b.H.,1,https://firmen.wko.at/mag-daniela-und-harald-podobnig-immobilien-treuhand-gesellschaft-mbh/wien/?firmaid=25aa57d5-d057-4484-850d-2fe7a6aefef7&standortid=1&standortname=wien%20%28bundesland%29&suchbegriff=immobilienverwalter,403,,,,0,0,
Mag. Daniela Wachsmann,1,https://firmen.wko.at/mag-daniela-wachsmann/wien/?firmaid=6b938e37-538d-47d1-86db-1b384479a717&standortid=1&standortname=wien%20%28bundesland%29&suchbegriff=immobilienverwalter,403,,,,0,0,
Mag. David Reisinger-Witzmann,1,https://firmen.wko.at/mag-david-reisinger-witzmann/ober%c3%b6sterreich/?firmaid=1662fbb2-f55e-446b-9241-3e2461d94b5c&standortid=3&standortname=ober%c3%b6sterreich%20%28bundesland%29&suchbegriff=immobilienverwalter,403,,,,0,0,
Mag. Doris Schreiner GmbH,1,https://firmen.wko.at/mag-doris-schreiner-gmbh/burgenland/?firmaid=2857f9ea-1305-43b2-8040-f9d585444806&standortid=9&standortname=burgenland%20%28bundesland%29&suchbegriff=immobilienverwalter,403,,,,0,0,
Mag. Dr. Claudia Houben,1,https://firmen.wko.at/mag-dr-claudia-houben/wien/?firmaid=b37fe9ec-340a-4600-99bb-0f043ec99905&standortid=1&standortname=wien%20%28bundesland%29&suchbegriff=immobilienverwalter,403,,,,0,0,
Mag. Dr. Claudia Maria Müllner,1,https://firmen.wko.at/mag-dr-claudia-maria-m%c3%bcllner/nieder%c3%b6sterreich/?firmaid=c905967e-af48-4513-8e4a-d388a98d2417&standortid=2&standortname=nieder%c3%b6sterreich%20%28bundesland%29&suchbegriff=immobilienverwalter,403,,,,0,0,
Mag. Dr. Edith Mann,1,https://firmen.wko.at/mag-dr-edith-mann-immobilien-dr-edith-mann-hausverwaltung-maklerin-beratung/tirol/?firmaid=90a328cb-d8c8-4e09-b35e-ba3b5a16feba&standortid=7&standortname=tirol%20%28bundesland%29&suchbegriff=immobilienverwalter,403,,,,0,0,
Mag. Dr. Felicitas Claudia Tuchmann,1,https://firmen.wko.at/mag-dr-felicitas-claudia-tuchmann/wien/?firmaid=bf31a223-6f2a-48d8-9a63-1a84654682dd&standortid=1&standortname=wien%20%28bundesland%29&suchbegriff=immobilienverwalter,403,,,,0,0,
Mag. Dr. Johanna Arco,1,https://firmen.wko.at/mag-dr-johanna-arco/wien/?firmaid=4d984eb5-8476-4428-83ff-85b21c426f0d&standortid=1&standortname=wien%20%28bundesland%29&suchbegriff=immobilienverwalter,403,,,,0,0,
Mag. Dr. KommR Raimund Engelbert Neuwirther,1,https://firmen.wko.at/mag-dr-kommr-raimund-engelbert-neuwirther/k%c3%a4rnten/?firmaid=ee16df9d-10ac-4ce9-85f8-d36808110b67&standortid=6&standortname=k%c3%a4rnten%20%28bundesland%29&suchbegriff=immobilienverwalter,403,,,,0,0,
Mag. Dr. Kurt Denk,1,https://firmen.wko.at/mag-dr-kurt-denk/wien/?firmaid=e1f0d681-4410-44e4-95e6-f5af5ca5fdeb&standortid=1&standortname=wien%20%28bundesland%29&suchbegriff=immobilienverwalter,403,,,,0,0,
Mag. Dr. Markus Günter Köck,1,https://firmen.wko.at/mag-dr-markus-g%c3%bcnter-k%c3%b6ck-immobilien-management-dr-koeck/tirol/?firmaid=2435b7a9-0fd0-42d7-8870-95a70ef8512a&standortid=7&standortname=tirol%20%28bundesland%29&suchbegriff=immobilienverwalter,403,,,,0,0,
Mag. Dr. Markus Johannes Singer,1,https://firmen.wko.at/mag-dr-markus-johannes-singer/wien/?firmaid=1b5d021e-346d-440e-af17-72d5246cba93&standortid=1&standortname=wien%20%28bundesland%29&suchbegriff=immobilienverwalter,403,,,,0,0,
Mag. Dr. Stefan Malainer,1,https://firmen.wko.at/mag-dr-stefan-malainer/wien/?firmaid=831ca9ce-8edc-43cd-91ec-e6a4a81d7d67&standortid=1&standortname=wien%20%28bundesland%29&suchbegriff=immobilienverwalter,403,,,,0,0,
Mag. Dr. Vanessa Rosina Pöttinger-Semm,1,https://firmen.wko.at/mag-dr-vanessa-rosina-p%c3%b6ttinger-semm/nieder%c3%b6sterreich/?firmaid=8a12e611-939e-433b-a252-64a9a26367e0&standortid=2&standortname=nieder%c3%b6sterreich%20%28bundesland%29&suchbegriff=immobilienverwalter,403,,,,0,0,
Mag. Edgar Müller,1,https://firmen.wko.at/mag-edgar-m%c3%bcller-immobilienverwaltung-mag-edgar-m%c3%bcller/wien/?firmaid=57416153-5814-4bc5-bac7-3f60f2e85ba8&standortid=1&standortname=wien%20%28bundesland%29&suchbegriff=immobilienverwalter,403,,,,0,0,
Mag. Elisabeth Dorschner,1,https://firmen.wko.at/mag-elisabeth-dorschner/wien/?firmaid=f1a12750-0f69-431e-81b5-2e09756e243d&standortid=1&standortname=wien%20%28bundesland%29&suchbegriff=immobilienverwalter,403,,,,0,0,
Mag. Elisabeth Hedwig Edtmayr,1,https://firmen.wko.at/mag-elisabeth-hedwig-edtmayr/wien/?firmaid=3de8c6e4-65ad-4da1-9348-bcdb42bd7717&standortid=1&standortname=wien%20%28bundesland%29&suchbegriff=immobilienverwalter,403,,,,0,0,
Mag. Elisabeth Kittl,1,https://firmen.wko.at/mag-elisabeth-kittl-immobilientreuh%c3%a4nderin-eingeschr%c3%a4nkt-auf-makler-verwalter/wien/?firmaid=9bbdae3b-06bc-4472-9d5a-66c566dff23b&standortid=1&standortname=wien%20%28bundesland%29&suchbegriff=immobilienverwalter,403,,,,0,0,
Mag. Ellen Christina Moll,1,https://firmen.wko.at/mag-ellen-christina-moll/tirol/?firmaid=b4ae6d52-d4dc-4d80-a89e-e568dd6918bf&standortid=7&standortname=tirol%20%28bundesland%29&suchbegriff=immobilienverwalter,403,,,,0,0,
Mag. Erwin Josef Hammerlitz,1,https://firmen.wko.at/mag-erwin-josef-hammerlitz/ober%c3%b6sterreich/?firmaid=d2439e99-4575-42af-87c6-a83d6b979f35&standortid=3&standortname=ober%c3%b6sterreich%20%28bundesland%29&suchbegriff=immobilienverwalter,403,,,,0,0,
Mag. Eva Kaserer Immobilien und Hausverwaltung GmbH & Co. KG,1,https://firmen.wko.at/mag-eva-kaserer-immobilien-und-hausverwaltung-gmbh-und-co-kg/salzburg/?firmaid=d2b1972b-c5ad-4842-b83b-097c3da14c72&standortid=4&standortname=salzburg%20%28bundesland%29&suchbegriff=immobilienverwalter,ERR,,,,0,0,"ReadTimeout(ReadTimeoutError(""HTTPSConnectionPool(host='firmen.wko.at', port=443): Read timed out. (read timeout=45)""))"
Mag. Felix Reinhard Hohenberg,1,https://firmen.wko.at/mag-felix-reinhard-hohenberg/steiermark/?firmaid=d745d9d7-4b8d-4f2e-976c-6cc4498b016e&standortid=5&standortname=steiermark%20%28bundesland%29&suchbegriff=immobilienverwalter,403,,,,0,0,
Mag. Ferdinand Gaugeler,1,https://firmen.wko.at/mag-ferdinand-gaugeler/steiermark/?firmaid=231ed9d9-883c-41a3-a047-04b63a6fb1d4&standortid=5&standortname=steiermark%20%28bundesland%29&suchbegriff=immobilienverwalter,403,,,,0,0,
Mag. Florian Strobl,1,https://firmen.wko.at/mag-florian-strobl/wien/?firmaid=9e1dcfca-5a40-425d-b506-a5255811ddad&standortid=1&standortname=wien%20%28bundesland%29&suchbegriff=immobilienverwalter,403,,,,0,0,
Mag. Franz Josef Pfeifenberger,1,https://firmen.wko.at/mag-franz-josef-pfeifenberger-fp-immo/tirol/?firmaid=896d6720-f4c8-4b1f-ae55-ab0ccf38bf24&standortid=7&standortname=tirol%20%28bundesland%29&suchbegriff=immobilienverwalter,403,,,,0,0,
Mag. Fünder Hausverwaltungs GmbH,1,https://firmen.wko.at/mag-f%c3%bcnder-hausverwaltungs-gmbh/wien/?firmaid=53ef40af-b11c-485f-9014-191183e623c0&standortid=1&standortname=wien%20%28bundesland%29&suchbegriff=immobilienverwalter,403,,,,0,0,
Mag. Gabriele Hubacek,1,https://firmen.wko.at/mag-gabriele-hubacek/wien/?firmaid=1e0b8f5f-4bb4-44a1-910b-401bc1c2c1af&standortid=1&standortname=wien%20%28bundesland%29&suchbegriff=immobilienverwalter,403,,,,0,0,
Mag. Gabriele Richter,1,https://firmen.wko.at/mag-gabriele-richter/wien/?firmaid=d3317753-4c38-45e1-b5a1-9eae92147617&standortid=1&standortname=wien%20%28bundesland%29&suchbegriff=immobilienverwalter,403,,,,0,0,
Mag. Gerald Scharler,1,https://firmen.wko.at/mag-gerald-scharler/salzburg/?firmaid=166aa37f-3293-4d96-94cb-c702a923648a&standortid=4&standortname=salzburg%20%28bundesland%29&suchbegriff=immobilienverwalter,ERR,,,,0,0,"ReadTimeout(ReadTimeoutError(""HTTPSConnectionPool(host='firmen.wko.at', port=443): Read timed out. (read timeout=45)""))"
Mag. Gerhard Leopoldine Marousek,1,https://firmen.wko.at/mag-gerhard-leopoldine-marousek/wien/?firmaid=843e1150-a026-4b98-ae36-01dfbb65c841&standortid=1&standortname=wien%20%28bundesland%29&suchbegriff=immobilienverwalter,403,,,,0,0,
Mag. Gregor Johannes Marberger,1,https://firmen.wko.at/mag-gregor-johannes-marberger/tirol/?firmaid=d47421e6-ddd7-4ca0-bc10-3b8a726bf1e9&standortid=7&standortname=tirol%20%28bundesland%29&suchbegriff=immobilienverwalter,403,,,,0,0,
Mag. Gregor Rozmyslowski,1,https://firmen.wko.at/mag-gregor-rozmyslowski/wien/?firmaid=f3a02347-44a7-4f15-9b3a-47537ce4bc99&standortid=1&standortname=wien%20%28bundesland%29&suchbegriff=immobilienverwalter,403,,,,0,0,
Mag. Harald Köppl,1,https://firmen.wko.at/mag-harald-k%c3%b6ppl/steiermark/?firmaid=40f9e4e1-57d6-4e8d-b712-51ff6a6a09e9&standortid=5&standortname=steiermark%20%28bundesland%29&suchbegriff=immobilienverwalter,403,,,,0,0,
Mag. Harald Lajlar,1,https://firmen.wko.at/mag-harald-lajlar/tirol/?firmaid=f38f3f14-8525-41f6-a819-e27c4a040bff&standortid=7&standortname=tirol%20%28bundesland%29&suchbegriff=immobilienverwalter,403,,,,0,0,
Mag. Heidelinde Weissofner-Goriup,1,https://firmen.wko.at/mag-heidelinde-weissofner-goriup-wego-immobilien/steiermark/?firmaid=e937c069-0aef-44fd-9ede-74b12c06196a&standortid=5&standortname=steiermark%20%28bundesland%29&suchbegriff=immobilienverwalter,403,,,,0,0,
Mag. Hemma Elisabeth Schmölz-Neuwirther,1,https://firmen.wko.at/mag-hemma-elisabeth-schm%c3%b6lz-neuwirther/wien/?firmaid=0c3c3934-e686-4d93-8ba6-4e2e9ddd0305&standortid=1&standortname=wien%20%28bundesland%29&suchbegriff=immobilienverwalter,403,,,,0,0,
Mag. Herbert Scheiblmair,1,https://firmen.wko.at/mag-herbert-scheiblmair/ober%c3%b6sterreich/?firmaid=3ed809ad-57b6-49ff-808c-d048ff9f7023&standortid=3&standortname=ober%c3%b6sterreich%20%28bundesland%29&suchbegriff=immobilienverwalter,403,,,,0,0,
"Mag. Herwig Ringhofer, BA",1,https://firmen.wko.at/mag-herwig-ringhofer-ba/wien/?firmaid=c9a2baeb-7147-4010-8446-86d7249f49ed&standortid=1&standortname=wien%20%28bundesland%29&suchbegriff=immobilienverwalter,403,,,,0,0,
Mag. Hirschler & Partner Immobilien-Ges.m.b.H.,2,https://firmen.wko.at/mag-hirschler-und-partner-immobilien-gesmbh/k%c3%a4rnten/?firmaid=4a37c71b-980d-41b4-b3d7-9259dcf8f74b&standortid=6&standortname=k%c3%a4rnten%20%28bundesland%29&suchbegriff=immobilienverwalter,403,,,,0,0,
Mag. Humitsch Immobilien Verwaltungs GmbH,1,https://firmen.wko.at/mag-humitsch-immobilien-verwaltungs-gmbh/steiermark/?firmaid=290b0093-1b68-4d6f-a672-ab897a0bba41&standortid=5&standortname=steiermark%20%28bundesland%29&suchbegriff=immobilienverwalter,403,,,,0,0,
Mag. Ilse Tötterström,1,https://firmen.wko.at/mag-ilse-t%c3%b6tterstr%c3%b6m/wien/?firmaid=c6ba9479-19a7-4a9f-adf2-2367d18388c1&standortid=1&standortname=wien%20%28bundesland%29&suchbegriff=immobilienverwalter,403,,,,0,0,
Mag. Iris Germ,1,https://firmen.wko.at/mag-iris-germ-immo-germ-mag-iris-germ-immobilien/k%c3%a4rnten/?firmaid=8c116ad8-eae4-4b31-ba2b-099064712e20&standortid=6&standortname=k%c3%a4rnten%20%28bundesland%29&suchbegriff=immobilienverwalter,403,,,,0,0,
Mag. Iris Schmatz,1,https://firmen.wko.at/mag-iris-schmatz/wien/?firmaid=08093180-cb16-42ae-adb5-77df66a634ba&standortid=1&standortname=wien%20%28bundesland%29&suchbegriff=immobilienverwalter,403,,,,0,0,
Mag. Jasmine Glaser,1,https://firmen.wko.at/mag-jasmine-glaser/steiermark/?firmaid=797e1c0d-4d55-482e-895a-7d35355b92ec&standortid=5&standortname=steiermark%20%28bundesland%29&suchbegriff=immobilienverwalter,403,,,,0,0,
Mag. Johann Adorjan,1,https://firmen.wko.at/mag-johann-adorjan-immobilientreuh%c3%84nder/burgenland/?firmaid=93b0b41b-f6c9-4ee7-8ff6-34fcdaf0cd40&standortid=9&standortname=burgenland%20%28bundesland%29&suchbegriff=immobilienverwalter,403,,,,0,0,
Mag. Karin Irmgard Philipp,1,https://firmen.wko.at/mag-karin-irmgard-philipp-immobilien-mag-philipp-vermittlung-u-verwaltung/steiermark/?firmaid=c7c65557-05a3-470f-8cd9-742ded526421&standortid=5&standortname=steiermark%20%28bundesland%29&suchbegriff=immobilienverwalter,403,,,,0,0,
Mag. Karl Stessl,1,https://firmen.wko.at/mag-karl-stessl/steiermark/?firmaid=5a28de9d-b6d6-4caa-abac-c428dd8061a8&standortid=5&standortname=steiermark%20%28bundesland%29&suchbegriff=immobilienverwalter,403,,,,0,0,
Mag. Klaus Baumgartner,1,https://firmen.wko.at/mag-klaus-baumgartner/wien/?firmaid=489d4a37-260a-425a-b578-40939bf853e4&standortid=1&standortname=wien%20%28bundesland%29&suchbegriff=immobilienverwalter,403,,,,0,0,
Mag. Klaus Strohmeier e.U.,1,https://firmen.wko.at/mag-klaus-strohmeier-eu/steiermark/?firmaid=23e2c7c4-80b4-414e-9eac-bb8852121dbb&standortid=5&standortname=steiermark%20%28bundesland%29&suchbegriff=immobilienverwalter,403,,,,0,0,
Mag. Klaus Winter,1,https://firmen.wko.at/mag-klaus-winter/salzburg/?firmaid=3630e75d-e760-4a0f-b718-c0c38120458e&standortid=4&standortname=salzburg%20%28bundesland%29&suchbegriff=immobilienverwalter,200,,,,0,2362,
Mag. Klaus-Dieter Stingl,1,https://firmen.wko.at/mag-klaus-dieter-stingl-mag-stingl-klaus-immobilienverwaltung/nieder%c3%b6sterreich/?firmaid=cb0292ef-b703-4906-80a5-0a223c23a567&standortid=2&standortname=nieder%c3%b6sterreich%20%28bundesland%29&suchbegriff=immobilienverwalter,403,,,,0,0,
Mag. Kofler Vermögenstreuhand GmbH,1,https://firmen.wko.at/mag-kofler-verm%c3%b6genstreuhand-gmbh-immobilenverwaltung-makler-und-facility-services/vorarlberg/?firmaid=06048534-253e-497e-9d00-3c5cae47f74b&standortid=8&standortname=vorarlberg%20%28bundesland%29&suchbegriff=immobilienverwalter,403,,,,0,0,
Mag. Konstantin Florian Lasserus,1,https://firmen.wko.at/mag-konstantin-florian-lasserus-immobilienverwaltung/steiermark/?firmaid=650bd052-ee71-404a-b87b-370eb028ae91&standortid=5&standortname=steiermark%20%28bundesland%29&suchbegriff=immobilienverwalter,403,,,,0,0,
Mag. Lesser Immobilienverwaltungs GmbH,2,https://firmen.wko.at/mag-lesser-immobilienverwaltungs-gmbh/steiermark/?firmaid=6ca31221-77f8-4d1a-beeb-ea1b5e3e33b8&standortid=5&standortname=steiermark%20%28bundesland%29&suchbegriff=immobilienverwalter,403,,,,0,0,
Mag. Manfred Grob,1,https://firmen.wko.at/mag-manfred-grob/wien/?firmaid=7dc53a76-0a36-4893-9f7a-47bd29980332&standortid=1&standortname=wien%20%28bundesland%29&suchbegriff=immobilienverwalter,403,,,,0,0,
Mag. Marie-Theres Scherbaum,1,https://firmen.wko.at/mag-marie-theres-scherbaum-mag-scherbaum-marie-theres/wien/?firmaid=dc856e51-9200-4ad0-9a83-25dfd1f06002&standortid=1&standortname=wien%20%28bundesland%29&suchbegriff=immobilienverwalter,403,,,,0,0,
Mag. Markus Christoph Wörndle,1,https://firmen.wko.at/mag-markus-christoph-w%c3%b6rndle-immobilienverwaltung-und-vermittlung/tirol/?firmaid=b8a36bc6-cc92-44a2-aefe-105f2470b325&standortid=7&standortname=tirol%20%28bundesland%29&suchbegriff=immobilienverwalter,403,,,,0,0,
Mag. Martin Oliva,1,https://firmen.wko.at/mag-martin-oliva/wien/?firmaid=b244df86-0d1a-4d48-8893-e95865a6164f&standortid=1&standortname=wien%20%28bundesland%29&suchbegriff=immobilienverwalter,403,,,,0,0,
Mag. Martin Weislein,1,https://firmen.wko.at/mag-martin-weislein/wien/?firmaid=dee59667-f29e-4fc2-b992-09e9c6cf13a5&standortid=1&standortname=wien%20%28bundesland%29&suchbegriff=immobilienverwalter,403,,,,0,0,
Mag. Martin Winklehner,1,https://firmen.wko.at/mag-martin-winklehner/ober%c3%b6sterreich/?firmaid=e4fe4ee9-ab0d-4375-a7dd-6f95d1e6c491&standortid=3&standortname=ober%c3%b6sterreich%20%28bundesland%29&suchbegriff=immobilienverwalter,403,,,,0,0,
"Mag. Michael Kres, LL.M.",1,https://firmen.wko.at/mag-michael-kres-llm/steiermark/?firmaid=ca797ef6-1f4e-4a58-9559-a60e9ea25dc2&standortid=5&standortname=steiermark%20%28bundesland%29&suchbegriff=immobilienverwalter,403,,,,0,0,
Mag. Michael Moser,1,https://firmen.wko.at/mag-michael-moser/nieder%c3%b6sterreich/?firmaid=0ca5ddb1-af52-41ae-b0ff-3edd198bba78&standortid=2&standortname=nieder%c3%b6sterreich%20%28bundesland%29&suchbegriff=immobilienverwalter,403,,,,0,0,
Mag. Michael Thomas Karner,1,https://firmen.wko.at/mag-michael-thomas-karner/ober%c3%b6sterreich/?firmaid=069b1e46-2f1f-42f4-b601-81ad6d0609f5&standortid=3&standortname=ober%c3%b6sterreich%20%28bundesland%29&suchbegriff=immobilienverwalter,403,,,,0,0,
Mag. Michaela Dorothee Beznaus,2,https://firmen.wko.at/mag-michaela-dorothee-beznaus/nieder%c3%b6sterreich/?firmaid=3d893d4b-23c1-4f93-9a1b-07af81fe0ce5&standortid=2&standortname=nieder%c3%b6sterreich%20%28bundesland%29&suchbegriff=immobilienverwalter,403,,,,0,0,
Mag. Monika Maria Aurelia Beneš,1,https://firmen.wko.at/mag-monika-maria-aurelia-bene/wien/?firmaid=f603833e-112d-4439-8e42-5de6b8f8e3c2&standortid=1&standortname=wien%20%28bundesland%29&suchbegriff=immobilienverwalter,403,,,,0,0,
Mag. Monika Reiterer,1,https://firmen.wko.at/mag-monika-reiterer/tirol/?firmaid=da8a61bd-b9ec-4405-9aa4-ba84bc8e32fa&standortid=7&standortname=tirol%20%28bundesland%29&suchbegriff=immobilienverwalter,403,,,,0,0,
Mag. Oliver Felix Geissler,1,https://firmen.wko.at/mag-oliver-felix-geissler/steiermark/?firmaid=d562c585-4645-4906-9b2f-8f09a53cdf48&standortid=5&standortname=steiermark%20%28bundesland%29&suchbegriff=immobilienverwalter,403,,,,0,0,
Mag. Patrizia Fellner,1,https://firmen.wko.at/mag-patrizia-fellner/steiermark/?firmaid=097266ac-b48f-4acc-8155-ef5d33e27661&standortid=5&standortname=steiermark%20%28bundesland%29&suchbegriff=immobilienverwalter,403,,,,0,0,
Mag. Peter Lichtenegger,1,https://firmen.wko.at/mag-peter-lichtenegger/steiermark/?firmaid=c0742101-a877-45b9-b4a9-840568e1b7d9&standortid=5&standortname=steiermark%20%28bundesland%29&suchbegriff=immobilienverwalter,403,,,,0,0,
Mag. Petra Maria Reisner,2,https://firmen.wko.at/mag-petra-maria-reisner/steiermark/?firmaid=c3f7d0cf-4aaf-423b-b095-8bed3b8a572a&standortid=5&standortname=steiermark%20%28bundesland%29&suchbegriff=immobilienverwalter,403,,,,0,0,
Mag. Pfeifer Immobilien GmbH,1,https://firmen.wko.at/mag-pfeifer-immobilien-gmbh-mp-immobilien/wien/?firmaid=dbbc4cd9-b9fd-4927-94b1-6b66402c5e4e&standortid=1&standortname=wien%20%28bundesland%29&suchbegriff=immobilienverwalter,403,,,,0,0,
Mag. phil. Michael Zechmeister,1,https://firmen.wko.at/mag-phil-michael-zechmeister/wien/?firmaid=708b4869-35a7-4483-9c7f-1939d503c132&standortid=1&standortname=wien%20%28bundesland%29&suchbegriff=immobilienverwalter,403,,,,0,0,
Mag. Pia Christine Jacoby,1,https://firmen.wko.at/mag-pia-christine-jacoby/salzburg/?firmaid=fad0793a-63fe-4789-85ff-b40797ea1639&standortid=4&standortname=salzburg%20%28bundesland%29&suchbegriff=immobilienverwalter,200,,,,0,3220,
Mag. Rainer Plöb,1,https://firmen.wko.at/mag-rainer-pl%c3%b6b/wien/?firmaid=41d80f04-bace-4e66-9e54-563a4bdec2fb&standortid=1&standortname=wien%20%28bundesland%29&suchbegriff=immobilienverwalter,403,,,,0,0,
Mag. Regina Hammerl,1,https://firmen.wko.at/mag-regina-hammerl/wien/?firmaid=104d3ec4-8713-45a5-bc7a-6f7a06378957&standortid=1&standortname=wien%20%28bundesland%29&suchbegriff=immobilienverwalter,403,,,,0,0,
Mag. Renate Seidler,1,https://firmen.wko.at/mag-renate-seidler/wien/?firmaid=9d44c52b-7cd5-43ca-af2b-2a97f4398f34&standortid=1&standortname=wien%20%28bundesland%29&suchbegriff=immobilienverwalter,403,,,,0,0,
Mag. rer. soc. oec. Heinrich Pretscher,1,https://firmen.wko.at/mag-rer-soc-oec-heinrich-pretscher/wien/?firmaid=4077967e-74a7-4ca9-b6b7-300e96226453&standortid=1&standortname=wien%20%28bundesland%29&suchbegriff=immobilienverwalter,403,,,,0,0,
"Mag. Roland Alfred Manseder, MBA",1,https://firmen.wko.at/mag-roland-alfred-manseder-mba-manseder-immobilien-inhab-mag-roland-manseder-mba/nieder%c3%b6sterreich/?firmaid=8ef52da3-417d-4099-ba32-de4e8dea19ba&standortid=2&standortname=nieder%c3%b6sterreich%20%28bundesland%29&suchbegriff=immobilienverwalter,403,,,,0,0,
Mag. Schneidhofer Immobilien e.U.,1,https://firmen.wko.at/mag-schneidhofer-immobilien-eu-fair-immobilien-und-hausverwaltung/steiermark/?firmaid=738412f6-e94c-4cad-a4cb-17cb5f490f21&standortid=5&standortname=steiermark%20%28bundesland%29&suchbegriff=immobilienverwalter,403,,,,0,0,
Mag. Susanne Ogris,1,https://firmen.wko.at/mag-susanne-ogris/k%c3%a4rnten/?firmaid=96010c54-1b43-469e-8409-d1fb504a2a87&standortid=6&standortname=k%c3%a4rnten%20%28bundesland%29&suchbegriff=immobilienverwalter,403,,,,0,0,
Mag. Thomas Engelits,1,https://firmen.wko.at/mag-thomas-engelits/wien/?firmaid=1c1074a9-12c2-4241-8236-529cd63fd8bd&standortid=1&standortname=wien%20%28bundesland%29&suchbegriff=immobilienverwalter,403,,,,0,0,
Mag. Thomas Frey,1,https://firmen.wko.at/mag-thomas-frey-frey-flaeche-thomas-frey-immobilien/wien/?firmaid=181d7ec4-6522-4b79-9352-cd3b12fc8c2f&standortid=1&standortname=wien%20%28bundesland%29&suchbegriff=immobilienverwalter,403,,,,0,0,
Mag. Udo Weinberger Immobilien GmbH,1,https://firmen.wko.at/mag-udo-weinberger-immobilien-gmbh/wien/?firmaid=eccf5e87-4d88-4de3-bed3-56767bf4f52f&standortid=1&standortname=wien%20%28bundesland%29&suchbegriff=immobilienverwalter,403,,,,0,0,
Mag. Ursula Kölbl-Kasper,1,https://firmen.wko.at/mag-ursula-k%c3%b6lbl-kasper/steiermark/?firmaid=51b4e82c-25b3-481c-9ead-89938b138443&standortid=5&standortname=steiermark%20%28bundesland%29&suchbegriff=immobilienverwalter,403,,,,0,0,
Mag. Viktoria Renate Schandl,1,https://firmen.wko.at/mag-viktoria-renate-schandl/burgenland/?firmaid=95636412-0aaa-4ded-b412-2ce78f177e19&standortid=9&standortname=burgenland%20%28bundesland%29&suchbegriff=immobilienverwalter,403,,,,0,0,
Mag. Walter Hadlauer,1,https://firmen.wko.at/mag-walter-hadlauer-whimmobilien/tirol/?firmaid=8f032452-51cf-4938-ab94-83ab731e6dcf&standortid=7&standortname=tirol%20%28bundesland%29&suchbegriff=immobilienverwalter,403,,,,0,0,
Mag. Wolfgang Bachler,1,https://firmen.wko.at/mag-wolfgang-bachler/steiermark/?firmaid=29bace32-32c2-4b5d-84af-e6914359f48b&standortid=5&standortname=steiermark%20%28bundesland%29&suchbegriff=immobilienverwalter,403,,,,0,0,
Mag. Wolfgang Erwin Fischer,1,https://firmen.wko.at/mag-wolfgang-erwin-fischer/tirol/?firmaid=0a44e229-7dbc-448e-a09b-6658c7e8aa3b&standortid=7&standortname=tirol%20%28bundesland%29&suchbegriff=immobilienverwalter,403,,,,0,0,
Mag.(FH) Sonja Maria Liedermann,1,https://firmen.wko.at/magfh-sonja-maria-liedermann/nieder%c3%b6sterreich/?firmaid=9a1048b2-3458-4e19-85e4-eed5ed4f7008&standortid=2&standortname=nieder%c3%b6sterreich%20%28bundesland%29&suchbegriff=immobilienverwalter,403,,,,0,0,
Mag.Dr. August Karl Reschreiter,2,https://firmen.wko.at/magdr-august-karl-reschreiter/nieder%c3%b6sterreich/?firmaid=e5e0eab7-c9fa-4aba-8550-7ad3be423b1a&standortid=2&standortname=nieder%c3%b6sterreich%20%28bundesland%29&suchbegriff=immobilienverwalter,403,,,,0,0,
Magic Square Immobilien GmbH,1,https://firmen.wko.at/magic-square-immobilien-gmbh/wien/?firmaid=e9a60f10-41ab-4588-bc91-5dda628591e8&standortid=1&standortname=wien%20%28bundesland%29&suchbegriff=immobilienverwalter,403,,,,0,0,
Maier&Ko Immobilienverwaltungs GmbH,1,https://firmen.wko.at/maierundko-immobilienverwaltungs-gmbh/wien/?firmaid=b02ca945-3faa-42e9-9583-8f88b6be0d85&standortid=1&standortname=wien%20%28bundesland%29&suchbegriff=immobilienverwalter,403,,,,0,0,
Maja Isabella Steinwender-Schmuck,1,https://firmen.wko.at/maja-isabella-steinwender-schmuck/steiermark/?firmaid=ca24733e-ced9-4b38-a251-5aef3266bba9&standortid=5&standortname=steiermark%20%28bundesland%29&suchbegriff=immobilienverwalter,403,,,,0,0,
Malainer Immobilienverwaltungs GmbH,1,https://firmen.wko.at/malainer-immobilienverwaltungs-gmbh/wien/?firmaid=7f5eb8a4-35b3-4656-afa3-78c921cf5187&standortid=1&standortname=wien%20%28bundesland%29&suchbegriff=immobilienverwalter,403,,,,0,0,
Malloth Immobilien GmbH,2,https://firmen.wko.at/malloth-immobilien-gmbh/burgenland/?firmaid=5d15086d-ef3f-46aa-8daa-b8dd692980ef&standortid=9&standortname=burgenland%20%28bundesland%29&suchbegriff=immobilienverwalter,403,,,,0,0,
Manfred Hofer,1,https://firmen.wko.at/manfred-hofer/burgenland/?firmaid=0ec6b344-fd59-4b84-9951-09b96b7942f4&standortid=9&standortname=burgenland%20%28bundesland%29&suchbegriff=immobilienverwalter,403,,,,0,0,
Manfred Michael Patterer,1,https://firmen.wko.at/manfred-michael-patterer-expose-hausverwaltungen/k%c3%a4rnten/?firmaid=ec3b9e18-bcc7-486d-884f-c17e93484f71&standortid=6&standortname=k%c3%a4rnten%20%28bundesland%29&suchbegriff=immobilienverwalter,403,,,,0,0,
Manfred Penkner,1,https://firmen.wko.at/manfred-penkner/ober%c3%b6sterreich/?firmaid=cb25e68c-eefa-4191-bb7a-8ae75f7c82d1&standortid=3&standortname=ober%c3%b6sterreich%20%28bundesland%29&suchbegriff=immobilienverwalter,403,,,,0,0,
Mantler Immobilien KG,1,https://firmen.wko.at/mantler-immobilien-kg/wien/?firmaid=41551721-e340-4857-8b84-a561f3a87b67&standortid=1&standortname=wien%20%28bundesland%29&suchbegriff=immobilienverwalter,403,,,,0,0,
"Manuel Walter Roscher, MSc BSc",1,https://firmen.wko.at/manuel-walter-roscher-msc-bsc/k%c3%a4rnten/?firmaid=fca4bd17-6d11-4848-8cf1-aba3125d1b74&standortid=6&standortname=k%c3%a4rnten%20%28bundesland%29&suchbegriff=immobilienverwalter,403,,,,0,0,
Manuela Fasching,1,https://firmen.wko.at/manuela-fasching/steiermark/?firmaid=4b92d8ab-a5e6-4be9-98ff-38c857764e88&standortid=5&standortname=steiermark%20%28bundesland%29&suchbegriff=immobilienverwalter,403,,,,0,0,
Manuela Gabriel,1,https://firmen.wko.at/manuela-gabriel/k%c3%a4rnten/?firmaid=14d844c9-90a2-413a-9d12-318abb93324b&standortid=6&standortname=k%c3%a4rnten%20%28bundesland%29&suchbegriff=immobilienverwalter,403,,,,0,0,
Margret Maria Bergmann,1,https://firmen.wko.at/margret-maria-bergmann/salzburg/?firmaid=bf324efe-8769-4488-a74e-3a59f4d56b08&standortid=4&standortname=salzburg%20%28bundesland%29&suchbegriff=immobilienverwalter,ERR,,,,0,0,"ReadTimeout(ReadTimeoutError(""HTTPSConnectionPool(host='firmen.wko.at', port=443): Read timed out. (read timeout=45)""))"
Mari Immobilien & Hausverwaltung OG,1,https://firmen.wko.at/mari-immobilien-und-hausverwaltung-og/k%c3%a4rnten/?firmaid=5dc77234-bd41-4880-a2a9-ed983c785f3d&standortid=6&standortname=k%c3%a4rnten%20%28bundesland%29&suchbegriff=immobilienverwalter,403,,,,0,0,
Maria Elisabeth Schuler,1,https://firmen.wko.at/maria-elisabeth-schuler/tirol/?firmaid=0b2a7649-9931-4e09-9332-44576ced6a3b&standortid=7&standortname=tirol%20%28bundesland%29&suchbegriff=immobilienverwalter,403,,,,0,0,
Maria Hummer Ges.m.b.H.,1,https://firmen.wko.at/maria-hummer-gesmbh/nieder%c3%b6sterreich/?firmaid=3e7b115e-1922-4f8e-9888-3b705beac90f&standortid=2&standortname=nieder%c3%b6sterreich%20%28bundesland%29&suchbegriff=immobilienverwalter,403,,,,0,0,
Marian Zupa,1,https://firmen.wko.at/marian-zupa/wien/?firmaid=1f38be82-2fe9-4d70-ad60-8514f4bb4c54&standortid=1&standortname=wien%20%28bundesland%29&suchbegriff=immobilienverwalter,403,,,,0,0,
Marianne Strasser,1,https://firmen.wko.at/marianne-strasser-hausverwaltung/steiermark/?firmaid=c6ea81df-e3c1-482f-afef-52c16007b4db&standortid=5&standortname=steiermark%20%28bundesland%29&suchbegriff=immobilienverwalter,403,,,,0,0,
Mario Auer,1,https://firmen.wko.at/mario-auer/tirol/?firmaid=bc39b9ca-abf0-4b53-952d-a28bd9c011b0&standortid=7&standortname=tirol%20%28bundesland%29&suchbegriff=immobilienverwalter,403,,,,0,0,
Marktgemeinde Perchtoldsdorf,1,https://firmen.wko.at/marktgemeinde-perchtoldsdorf/nieder%c3%b6sterreich/?firmaid=92da2ccc-bfcd-4bd5-a7d4-42d8edbb676f&standortid=2&standortname=nieder%c3%b6sterreich%20%28bundesland%29&suchbegriff=immobilienverwalter,403,,,,0,0,
Markus Alfons Längle,1,https://firmen.wko.at/markus-alfons-l%c3%a4ngle-l%c3%a4ngle-markus-geb%c3%a4udeverwaltung/vorarlberg/?firmaid=b082751b-29c4-4e47-b1b7-0464a3add2f5&standortid=8&standortname=vorarlberg%20%28bundesland%29&suchbegriff=immobilienverwalter,403,,,,0,0,
Markus Christian Leitner,1,https://firmen.wko.at/markus-christian-leitner/nieder%c3%b6sterreich/?firmaid=d585c529-2672-441d-935e-855ba74a8688&standortid=2&standortname=nieder%c3%b6sterreich%20%28bundesland%29&suchbegriff=immobilienverwalter,403,,,,0,0,
Markus Schuster,1,https://firmen.wko.at/markus-schuster/ober%c3%b6sterreich/?firmaid=33b414e4-7c14-4070-b537-611bf7ee1546&standortid=3&standortname=ober%c3%b6sterreich%20%28bundesland%29&suchbegriff=immobilienverwalter,403,,,,0,0,
Marlies Reitstätter,1,https://firmen.wko.at/marlies-reitst%c3%a4tter/salzburg/?firmaid=0ccef216-f81b-461f-ac9b-f88c68004747&standortid=4&standortname=salzburg%20%28bundesland%29&suchbegriff=immobilienverwalter,200,,,,0,2762,
MARO Immobilienmanagement GmbH,1,https://firmen.wko.at/maro-immobilienmanagement-gmbh/nieder%c3%b6sterreich/?firmaid=696525af-87fe-41cd-9576-0cad98e8af65&standortid=2&standortname=nieder%c3%b6sterreich%20%28bundesland%29&suchbegriff=immobilienverwalter,403,,,,0,0,
Marsalek Immobilien GmbH,1,https://firmen.wko.at/marsalek-immobilien-gmbh/steiermark/?firmaid=faeca2e9-0d80-450f-b41a-6ae5b33abedb&standortid=5&standortname=steiermark%20%28bundesland%29&suchbegriff=immobilienverwalter,403,,,,0,0,
Martha Schwab,1,https://firmen.wko.at/martha-schwab/steiermark/?firmaid=2021b4b4-54e5-44b1-926a-c613df928279&standortid=5&standortname=steiermark%20%28bundesland%29&suchbegriff=immobilienverwalter,403,,,,0,0,
Martin Gigler Immobilienverwaltung e.U.,1,https://firmen.wko.at/martin-gigler-immobilienverwaltung-eu-martin-gigler-immobilienverwaltung-eu/vorarlberg/?firmaid=f62555e4-fd58-4d7e-a709-db0c44d743b3&standortid=8&standortname=vorarlberg%20%28bundesland%29&suchbegriff=immobilienverwalter,403,,,,0,0,
Martin Penz,1,https://firmen.wko.at/martin-penz-a-v-f-p-allgemeiner-verm%c3%96gens-und-finanz-partner/tirol/?firmaid=043a4e3d-289c-4eb0-bc6c-1379d6e7f6f5&standortid=7&standortname=tirol%20%28bundesland%29&suchbegriff=immobilienverwalter,403,,,,0,0,
Martin Reicher,1,https://firmen.wko.at/martin-reicher-amiento-martin-reicher/wien/?firmaid=e2e19ccb-889e-4e6a-9096-5a5359d80911&standortid=1&standortname=wien%20%28bundesland%29&suchbegriff=immobilienverwalter,403,,,,0,0,
MARTIN Vermögenstreuhand e.U.,1,https://firmen.wko.at/martin-verm%c3%b6genstreuhand-eu/vorarlberg/?firmaid=90bd81e4-87e9-4fa1-906b-415a6672f9a1&standortid=8&standortname=vorarlberg%20%28bundesland%29&suchbegriff=immobilienverwalter,403,,,,0,0,
Martina Huber,1,https://firmen.wko.at/martina-huber/ober%c3%b6sterreich/?firmaid=9b6ba9bf-5a91-4d7f-9fd6-35e5d12c8c42&standortid=3&standortname=ober%c3%b6sterreich%20%28bundesland%29&suchbegriff=immobilienverwalter,403,,,,0,0,
Martinuzzi Gesellschaft m.b.H.,1,https://firmen.wko.at/martinuzzi-gesellschaft-mbh-martinuzzi-gesmbh-immobilien-und-realit%c3%a4ten-fn-92276a/wien/?firmaid=746d8b50-c207-42c2-aa0a-f88f9d85dd8a&standortid=1&standortname=wien%20%28bundesland%29&suchbegriff=immobilienverwalter,403,,,,0,0,
MARUS OG,1,https://firmen.wko.at/marus-og/wien/?firmaid=a5e68bbc-9ab7-4671-a85d-82e62ef3548e&standortid=1&standortname=wien%20%28bundesland%29&suchbegriff=immobilienverwalter,403,,,,0,0,
Maschke & Bayerl Gesellschaft m.b.H.,1,https://firmen.wko.at/maschke-und-bayerl-gesellschaft-mbh/wien/?firmaid=09627f08-6025-444e-8865-a60ac26aa912&standortid=1&standortname=wien%20%28bundesland%29&suchbegriff=immobilienverwalter,403,,,,0,0,
MATERNA Immobilienmanagement GmbH,1,https://firmen.wko.at/materna-immobilienmanagement-gmbh/wien/?firmaid=86eb42bf-b76b-4fc4-8548-e446919ef9a4&standortid=1&standortname=wien%20%28bundesland%29&suchbegriff=immobilienverwalter,403,,,,0,0,
MATRA GmbH,1,https://firmen.wko.at/matra-gmbh/k%c3%a4rnten/?firmaid=94dc6e0d-9e53-456d-8a81-eebf98208397&standortid=6&standortname=k%c3%a4rnten%20%28bundesland%29&suchbegriff=immobilienverwalter,403,,,,0,0,
Matthias Koffer GmbH,1,https://firmen.wko.at/matthias-koffer-gmbh-hausverwaltung-koffer/wien/?firmaid=88f9fb90-c92f-4203-ad8f-111b7c510a41&standortid=1&standortname=wien%20%28bundesland%29&suchbegriff=immobilienverwalter,403,,,,0,0,
MAUTNER MARKHOF Immobilienverwaltungsges.m.b.H.,1,https://firmen.wko.at/mautner-markhof-immobilienverwaltungsgesmbh/wien/?firmaid=a9093aca-ab84-4958-a564-9aa3b6fff53d&standortid=1&standortname=wien%20%28bundesland%29&suchbegriff=immobilienverwalter,403,,,,0,0,
MAWIN Immobilien GmbH,1,https://firmen.wko.at/mawin-immobilien-gmbh/steiermark/?firmaid=8783c573-8e3c-46c8-b1b8-661732de5bc4&standortid=5&standortname=steiermark%20%28bundesland%29&suchbegriff=immobilienverwalter,403,,,,0,0,
Max Mario Jäger,1,https://firmen.wko.at/max-mario-j%c3%a4ger/steiermark/?firmaid=19664234-d783-4306-99fc-d4eaca5a48e5&standortid=5&standortname=steiermark%20%28bundesland%29&suchbegriff=immobilienverwalter,403,,,,0,0,
maxiimmo GmbH,1,https://firmen.wko.at/maxiimmo-gmbh/vorarlberg/?firmaid=da7b95c0-0ee1-4ee6-a974-ec66ea8b7299&standortid=8&standortname=vorarlberg%20%28bundesland%29&suchbegriff=immobilienverwalter,403,,,,0,0,
McArthurGlen Management Gesellschaft m.b.H.,2,https://firmen.wko.at/mcarthurglen-management-gesellschaft-mbh/salzburg/?firmaid=c68fab59-adde-430d-b054-1eb93956904f&standortid=4&standortname=salzburg%20%28bundesland%29&suchbegriff=immobilienverwalter,200,,,,0,2356,
mehr:wert Hausverwaltung GmbH,1,https://firmen.wko.at/mehrwert-hausverwaltung-gmbh/salzburg/?firmaid=ce7840ab-bb12-4527-b11c-50c192ab9848&standortid=4&standortname=salzburg%20%28bundesland%29&suchbegriff=immobilienverwalter,200,,,,0,2885,
Mehrwert Liegenschaftsverwaltung GmbH,1,https://firmen.wko.at/mehrwert-liegenschaftsverwaltung-gmbh/steiermark/?firmaid=eb272d21-abd7-455a-9cea-bc87fc2eb1c7&standortid=5&standortname=steiermark%20%28bundesland%29&suchbegriff=immobilienverwalter,403,,,,0,0,
MEILAND Management GmbH,1,https://firmen.wko.at/meiland-management-gmbh/steiermark/?firmaid=57c61b4c-3fb2-481d-a3e3-46a44ae01cd7&standortid=5&standortname=steiermark%20%28bundesland%29&suchbegriff=immobilienverwalter,403,,,,0,0,
Meister & Pilgram GmbH,1,https://firmen.wko.at/meister-und-pilgram-gmbh/nieder%c3%b6sterreich/?firmaid=6360b3b3-76da-4a23-b0b5-1189f77dbb14&standortid=2&standortname=nieder%c3%b6sterreich%20%28bundesland%29&suchbegriff=immobilienverwalter,403,,,,0,0,
Meister & Pilgram HV GmbH,1,https://firmen.wko.at/meister-und-pilgram-hv-gmbh/wien/?firmaid=3a4120a7-b6bb-4df6-9528-6aee681a9dad&standortid=1&standortname=wien%20%28bundesland%29&suchbegriff=immobilienverwalter,403,,,,0,0,
Melamar GmbH,1,https://firmen.wko.at/melamar-gmbh/k%c3%a4rnten/?firmaid=7d8c779c-2023-43d9-be06-9669560c2d95&standortid=6&standortname=k%c3%a4rnten%20%28bundesland%29&suchbegriff=immobilienverwalter,403,,,,0,0,
Meritoria e.U.,1,https://firmen.wko.at/meritoria-eu/tirol/?firmaid=8e29a854-10e6-41b7-a7b5-2ece54c68815&standortid=7&standortname=tirol%20%28bundesland%29&suchbegriff=immobilienverwalter,403,,,,0,0,
MERKURREAL GmbH & Co KG,1,https://firmen.wko.at/merkurreal-gmbh-und-co-kg-immobilienverwaltung-immobilienmakler/wien/?firmaid=c48ad5ae-bb73-416e-84fc-cb32fc2f5d6f&standortid=1&standortname=wien%20%28bundesland%29&suchbegriff=immobilienverwalter,403,,,,0,0,
Mersich Immobilien GmbH,1,https://firmen.wko.at/mersich-immobilien-gmbh-verwaltung-und-vermarktung-von-immobilien/nieder%c3%b6sterreich/?firmaid=f685b028-2ab0-4f51-b932-2a82896abdda&standortid=2&standortname=nieder%c3%b6sterreich%20%28bundesland%29&suchbegriff=immobilienverwalter,403,,,,0,0,
Merstallinger & Wachsmann OG,1,https://firmen.wko.at/merstallinger-und-wachsmann-og-immobilienverwaltung/wien/?firmaid=e958007c-a991-43da-adb6-c010c83472a3&standortid=1&standortname=wien%20%28bundesland%29&suchbegriff=immobilienverwalter,403,,,,0,0,
MERWEDE GmbH,1,https://firmen.wko.at/merwede-gmbh/salzburg/?firmaid=0da042a0-2643-451b-a920-16de1a74c1a3&standortid=4&standortname=salzburg%20%28bundesland%29&suchbegriff=immobilienverwalter,200,,,,0,3516,
MGH Immobilientreuhand GmbH,1,https://firmen.wko.at/mgh-immobilientreuhand-gmbh/wien/?firmaid=73e2b891-27a3-424f-a156-c2dba5190cd0&standortid=1&standortname=wien%20%28bundesland%29&suchbegriff=immobilienverwalter,403,,,,0,0,
Michael Chalupa Immobilienverwaltung GmbH,1,https://firmen.wko.at/michael-chalupa-immobilienverwaltung-gmbh/wien/?firmaid=64f8692e-5172-47f7-b212-1a7178c1d0f1&standortid=1&standortname=wien%20%28bundesland%29&suchbegriff=immobilienverwalter,403,,,,0,0,
Michael Klinger Immobilien e.U.,1,https://firmen.wko.at/michael-klinger-immobilien-eu/wien/?firmaid=3036f5c1-8d69-44a3-b639-2d509e983792&standortid=1&standortname=wien%20%28bundesland%29&suchbegriff=immobilienverwalter,403,,,,0,0,
Michael Oberbauer,1,https://firmen.wko.at/michael-oberbauer-immobilienverwalter-immobilienmakler/wien/?firmaid=db532b0d-ef83-4474-897b-eb81a4d5e7fb&standortid=1&standortname=wien%20%28bundesland%29&suchbegriff=immobilienverwalter,403,,,,0,0,
Michael Resch Immobilienconsulting e.U.,1,https://firmen.wko.at/michael-resch-immobilienconsulting-eu/wien/?firmaid=6d885acf-69e1-412b-8245-b6e145f6b30b&standortid=1&standortname=wien%20%28bundesland%29&suchbegriff=immobilienverwalter,403,,,,0,0,
Michael Scheichbrein Immobilienverwaltungsgesellschaft m.b.H.,1,https://firmen.wko.at/michael-scheichbrein-immobilienverwaltungsgesellschaft-mbh/wien/?firmaid=972c6f89-eb13-49c0-8000-3e1e7fa7789e&standortid=1&standortname=wien%20%28bundesland%29&suchbegriff=immobilienverwalter,403,,,,0,0,
"Michael Siegfried Blažić, Dipl. IM",1,https://firmen.wko.at/michael-siegfried-blai-dipl-im/steiermark/?firmaid=d8742d15-16db-4c15-9923-e1d3df0f9124&standortid=5&standortname=steiermark%20%28bundesland%29&suchbegriff=immobilienverwalter,403,,,,0,0,
Michaela Arbesleitner,1,https://firmen.wko.at/michaela-arbesleitner-arbesleitner-immobilien/steiermark/?firmaid=c7ca6aa3-86c8-4872-afc5-ee3e35a21568&standortid=5&standortname=steiermark%20%28bundesland%29&suchbegriff=immobilienverwalter,403,,,,0,0,
Michaela Dorfer,1,https://firmen.wko.at/michaela-dorfer-kren-und-dorfer/steiermark/?firmaid=75e432d5-e4c9-4ad2-aa77-8e66b61f8a76&standortid=5&standortname=steiermark%20%28bundesland%29&suchbegriff=immobilienverwalter,403,,,,0,0,
Michaela Hofer,1,https://firmen.wko.at/michaela-hofer-immobilienservice-michaela-hofer/nieder%c3%b6sterreich/?firmaid=0d566840-1be3-40ae-ac36-87b26f32644c&standortid=2&standortname=nieder%c3%b6sterreich%20%28bundesland%29&suchbegriff=immobilienverwalter,403,,,,0,0,
Michaela Schultz,1,https://firmen.wko.at/michaela-schultz/nieder%c3%b6sterreich/?firmaid=4299ab83-8c28-4561-92b1-a98f0fb912ea&standortid=2&standortname=nieder%c3%b6sterreich%20%28bundesland%29&suchbegriff=immobilienverwalter,403,,,,0,0,
MID Realverwaltung GmbH,1,https://firmen.wko.at/mid-realverwaltung-gmbh/k%c3%a4rnten/?firmaid=d950512c-4bae-4049-86cd-03322d1b1213&standortid=6&standortname=k%c3%a4rnten%20%28bundesland%29&suchbegriff=immobilienverwalter,403,,,,0,0,
mietplus GmbH,1,https://firmen.wko.at/mietplus-gmbh/vorarlberg/?firmaid=224381e1-2a58-45bf-8340-d0c0c5a2a0a5&standortid=8&standortname=vorarlberg%20%28bundesland%29&suchbegriff=immobilienverwalter,403,,,,0,0,
MIETWERT Gebäude und Maschinenvermietung GmbH,1,https://firmen.wko.at/mietwert-geb%c3%a4ude-und-maschinenvermietung-gmbh/nieder%c3%b6sterreich/?firmaid=fb47d314-7287-4ed4-a5cf-5d28362fa171&standortid=2&standortname=nieder%c3%b6sterreich%20%28bundesland%29&suchbegriff=immobilienverwalter,403,,,,0,0,
Millennium City Betriebsges.m.b.H.,1,https://firmen.wko.at/millennium-city-betriebsgesmbh/wien/?firmaid=382f6e45-1202-4827-bbd8-3b6ebf8034b7&standortid=1&standortname=wien%20%28bundesland%29&suchbegriff=immobilienverwalter,403,,,,0,0,
Millennium Tower Verwaltungs- und Service-Ges.m.b.H.,1,https://firmen.wko.at/millennium-tower-verwaltungs-und-service-gesmbh/wien/?firmaid=46c9e387-5cec-4db0-924c-45173e0604fc&standortid=1&standortname=wien%20%28bundesland%29&suchbegriff=immobilienverwalter,403,,,,0,0,
Mirvete Ismaili-Miftari,1,https://firmen.wko.at/mirvete-ismaili-miftari/nieder%c3%b6sterreich/?firmaid=553c50e9-4127-4b11-b619-acfead416fc4&standortid=2&standortname=nieder%c3%b6sterreich%20%28bundesland%29&suchbegriff=immobilienverwalter,403,,,,0,0,
Mittelsmann Philipp Sulek GmbH,2,https://firmen.wko.at/mittelsmann-philipp-sulek-gmbh/wien/?firmaid=a0127f94-1fa4-4068-a8af-849ce89ab754&standortid=1&standortname=wien%20%28bundesland%29&suchbegriff=immobilienverwalter,403,,,,0,0,
MIVO Immobilienmanagement GmbH,1,https://firmen.wko.at/mivo-immobilienmanagement-gmbh/wien/?firmaid=38f99977-c133-440b-b95c-79e0a8e1c568&standortid=1&standortname=wien%20%28bundesland%29&suchbegriff=immobilienverwalter,403,,,,0,0,
MIVOG Immobilienverwertungs- und Verwaltungsgesellschaft m.b.H.,1,https://firmen.wko.at/mivog-immobilienverwertungs-und-verwaltungsgesellschaft-mbh/steiermark/?firmaid=53bb5c86-616d-4130-9d62-18cf1180738e&standortid=5&standortname=steiermark%20%28bundesland%29&suchbegriff=immobilienverwalter,403,,,,0,0,
MK Immobilienverwaltung GmbH,1,https://firmen.wko.at/mk-immobilienverwaltung-gmbh/k%c3%a4rnten/?firmaid=7a8abad1-d4f0-4d74-80a8-c46b86719579&standortid=6&standortname=k%c3%a4rnten%20%28bundesland%29&suchbegriff=immobilienverwalter,403,,,,0,0,
MKI Moser Immobilien GmbH,1,https://firmen.wko.at/mki-moser-immobilien-gmbh/steiermark/?firmaid=fc93f4a7-ac93-4371-afea-45f5996105fa&standortid=5&standortname=steiermark%20%28bundesland%29&suchbegriff=immobilienverwalter,403,,,,0,0,
MMag. Dr. Matthias Eduard Gass,1,https://firmen.wko.at/mmag-dr-matthias-eduard-gass/nieder%c3%b6sterreich/?firmaid=fc274671-946d-4298-a394-33b3475a2348&standortid=2&standortname=nieder%c3%b6sterreich%20%28bundesland%29&suchbegriff=immobilienverwalter,403,,,,0,0,
"MMag. Elisabeth Marie-Thérèse Herberstein, Bakk, MAS",1,https://firmen.wko.at/mmag-elisabeth-marie-thrse-herberstein-bakk-mas/wien/?firmaid=38fce70e-6767-4004-987c-2a91d5ab850e&standortid=1&standortname=wien%20%28bundesland%29&suchbegriff=immobilienverwalter,403,,,,0,0,
MMag. Sebastian Johann Strasshofer,1,https://firmen.wko.at/mmag-sebastian-johann-strasshofer-hausverwaltung/tirol/?firmaid=bbcabfc1-51ae-4229-b5ab-ff21b8993932&standortid=7&standortname=tirol%20%28bundesland%29&suchbegriff=immobilienverwalter,403,,,,0,0,
MMB Real Estate 24/7 GmbH,1,https://firmen.wko.at/mmb-real-estate-24-7-gmbh/wien/?firmaid=1ee38997-fed4-44d3-a1a3-8caf6fce911b&standortid=1&standortname=wien%20%28bundesland%29&suchbegriff=immobilienverwalter,403,,,,0,0,
MMI Holding GmbH,1,https://firmen.wko.at/mmi-holding-gmbh/nieder%c3%b6sterreich/?firmaid=34f5c326-055b-40e9-93cf-da5f824e9782&standortid=2&standortname=nieder%c3%b6sterreich%20%28bundesland%29&suchbegriff=immobilienverwalter,403,,,,0,0,
Moderna.immo Real Estate GmbH,1,https://firmen.wko.at/modernaimmo-real-estate-gmbh/k%c3%a4rnten/?firmaid=2b122a60-af5b-4dcd-95db-182955c31a01&standortid=6&standortname=k%c3%a4rnten%20%28bundesland%29&suchbegriff=immobilienverwalter,403,,,,0,0,
Moeller-Real Realitätenvermittlungs- und Verwaltungsgesellschaft mit beschränkter Haftung,1,https://firmen.wko.at/moeller-real-realit%c3%a4tenvermittlungs-und-verwaltungsgesellschaft-mit-beschr%c3%a4nkter-haftung-moeller-real-gmbh/wien/?firmaid=62f44f20-a7c9-46fa-bdda-899331f44e92&standortid=1&standortname=wien%20%28bundesland%29&suchbegriff=immobilienverwalter,403,,,,0,0,
Mohren Immo GmbH & Co KG,1,https://firmen.wko.at/mohren-immo-gmbh-und-co-kg/vorarlberg/?firmaid=d9b6c973-c614-4567-90a3-8f38c68fdd0c&standortid=8&standortname=vorarlberg%20%28bundesland%29&suchbegriff=immobilienverwalter,403,,,,0,0,
Momentum Solid GmbH,1,https://firmen.wko.at/momentum-solid-gmbh/tirol/?firmaid=3de6249c-4a3c-479c-a9d0-7a366fe7b742&standortid=7&standortname=tirol%20%28bundesland%29&suchbegriff=immobilienverwalter,403,,,,0,0,
Monika Auguste Gröbl-Jurai,2,https://firmen.wko.at/monika-auguste-gr%c3%b6bl-jurai/nieder%c3%b6sterreich/?firmaid=25ad5cb2-6ede-4edc-b728-df8f43c7d99a&standortid=2&standortname=nieder%c3%b6sterreich%20%28bundesland%29&suchbegriff=immobilienverwalter,403,,,,0,0,
Monika Brugger,1,https://firmen.wko.at/monika-brugger/tirol/?firmaid=b18fcec7-1849-43c4-9853-31d44e843760&standortid=7&standortname=tirol%20%28bundesland%29&suchbegriff=immobilienverwalter,403,,,,0,0,
MONREAL Immobilienmanagement GmbH,1,https://firmen.wko.at/monreal-immobilienmanagement-gmbh/wien/?firmaid=ba0c63ab-a9e3-4d25-8c43-30f1641934df&standortid=1&standortname=wien%20%28bundesland%29&suchbegriff=immobilienverwalter,403,,,,0,0,
MONTFORT Immobilien Treuhand GmbH,1,https://firmen.wko.at/montfort-immobilien-treuhand-gmbh/vorarlberg/?firmaid=0e2780ee-0281-4b7a-8dc4-ba38549b5e6f&standortid=8&standortname=vorarlberg%20%28bundesland%29&suchbegriff=immobilienverwalter,403,,,,0,0,
Morawitz Immobilien GmbH,1,https://firmen.wko.at/morawitz-immobilien-gmbh/wien/?firmaid=ac84e7c9-1964-4f42-883d-c06ca598932c&standortid=1&standortname=wien%20%28bundesland%29&suchbegriff=immobilienverwalter,403,,,,0,0,
MOVE GmbH & Co KG,1,https://firmen.wko.at/move-gmbh-und-co-kg/ober%c3%b6sterreich/?firmaid=846866ae-0426-442b-a13c-215ee6f6be40&standortid=3&standortname=ober%c3%b6sterreich%20%28bundesland%29&suchbegriff=immobilienverwalter,403,,,,0,0,
MSc Oliver Thalhamer,1,https://firmen.wko.at/msc-oliver-thalhamer-immobilientreuhand-thalhamer/steiermark/?firmaid=80f5b12c-8fd8-4b2c-bfab-4b27d9c18f89&standortid=5&standortname=steiermark%20%28bundesland%29&suchbegriff=immobilienverwalter,403,,,,0,0,
MSP Immobilientreuhänder GmbH,1,https://firmen.wko.at/msp-immobilientreuh%c3%a4nder-gmbh/wien/?firmaid=b1cc90cc-370c-4ee6-aad1-4f93255bc523&standortid=1&standortname=wien%20%28bundesland%29&suchbegriff=immobilienverwalter,403,,,,0,0,
MSP Markus Management GmbH,1,https://firmen.wko.at/msp-markus-management-gmbh/wien/?firmaid=b64c3f93-9263-47c8-8a3a-134e04f2588c&standortid=1&standortname=wien%20%28bundesland%29&suchbegriff=immobilienverwalter,403,,,,0,0,
MT Immobilienmanagement OG,1,https://firmen.wko.at/mt-immobilienmanagement-og/tirol/?firmaid=76a6d93b-41e1-4d20-8e36-6a97c115ae83&standortid=7&standortname=tirol%20%28bundesland%29&suchbegriff=immobilienverwalter,403,,,,0,0,
Multi Property GmbH,1,https://firmen.wko.at/multi-property-gmbh/wien/?firmaid=af482b42-bba8-40b9-9831-27dc7ada42b2&standortid=1&standortname=wien%20%28bundesland%29&suchbegriff=immobilienverwalter,403,,,,0,0,
MW Immobilienberatungs- und -beteiligungs GmbH,1,https://firmen.wko.at/mw-immobilienberatungs-und-beteiligungs-gmbh/nieder%c3%b6sterreich/?firmaid=b87ee15b-f3f7-49cc-b82a-04fd3b6503ee&standortid=2&standortname=nieder%c3%b6sterreich%20%28bundesland%29&suchbegriff=immobilienverwalter,403,,,,0,0,
MyPropz Bauträger GmbH,1,https://firmen.wko.at/mypropz-bautr%c3%a4ger-gmbh/steiermark/?firmaid=0cdb7294-db2b-4b42-9e68-c7584bba247d&standortid=5&standortname=steiermark%20%28bundesland%29&suchbegriff=immobilienverwalter,403,,,,0,0,
Müller & Trampitsch OHG Nachfolger Mag.(FH) Grammanitsch Philipp e.U.,1,https://firmen.wko.at/m%c3%bcller-und-trampitsch-ohg-nachfolger-magfh-grammanitsch-philipp-eu/nieder%c3%b6sterreich/?firmaid=6f4c40e8-1bd1-4aee-a225-46726d044742&standortid=2&standortname=nieder%c3%b6sterreich%20%28bundesland%29&suchbegriff=immobilienverwalter,403,,,,0,0,
MÜLLER REAL GmbH,1,https://firmen.wko.at/m%c3%9cller-real-gmbh/tirol/?firmaid=4652e4a5-7888-4539-96db-abec26af4e56&standortid=7&standortname=tirol%20%28bundesland%29&suchbegriff=immobilienverwalter,403,,,,0,0,
N2 Immobilienverwaltung GmbH,1,https://firmen.wko.at/n2-immobilienverwaltung-gmbh/wien/?firmaid=cf98a296-93a7-4e00-bc08-ace1e384475c&standortid=1&standortname=wien%20%28bundesland%29&suchbegriff=immobilienverwalter,403,,,,0,0,
NA-Vision GmbH,1,https://firmen.wko.at/na-vision-gmbh/tirol/?firmaid=e7397e72-0dfc-4ac4-8dcf-60b47af42104&standortid=7&standortname=tirol%20%28bundesland%29&suchbegriff=immobilienverwalter,403,,,,0,0,
Nagy Immobilien GmbH,1,https://firmen.wko.at/nagy-immobilien-gmbh/wien/?firmaid=d254481b-2e8d-4e8f-9ef3-0f2f0e1d35ef&standortid=1&standortname=wien%20%28bundesland%29&suchbegriff=immobilienverwalter,403,,,,0,0,
NAYA Immobilienverwaltung GmbH,1,https://firmen.wko.at/naya-immobilienverwaltung-gmbh/wien/?firmaid=d2377854-5a81-486b-ab95-d8f6610e2fe9&standortid=1&standortname=wien%20%28bundesland%29&suchbegriff=immobilienverwalter,403,,,,0,0,
Neni-Immobilien GmbH,1,https://firmen.wko.at/neni-immobilien-gmbh/nieder%c3%b6sterreich/?firmaid=4cee45e2-193b-40ff-a652-72443e34450b&standortid=2&standortname=nieder%c3%b6sterreich%20%28bundesland%29&suchbegriff=immobilienverwalter,403,,,,0,0,
NEUBAU Projekt Management Ges.m.b.H.,1,https://firmen.wko.at/neubau-projekt-management-gesmbh/wien/?firmaid=099d3e3a-22bd-41f3-ade0-97460815e2ee&standortid=1&standortname=wien%20%28bundesland%29&suchbegriff=immobilienverwalter,403,,,,0,0,
NEUREAL GmbH,1,https://firmen.wko.at/neureal-gmbh/nieder%c3%b6sterreich/?firmaid=a7d9d6dd-9d76-4822-a51d-899de0a3a0ac&standortid=2&standortname=nieder%c3%b6sterreich%20%28bundesland%29&suchbegriff=immobilienverwalter,403,,,,0,0,
Nexuz Immobilien GmbH,1,https://firmen.wko.at/nexuz-immobilien-gmbh/wien/?firmaid=e298ec43-9c3a-4ca3-9f50-eb5473f68b29&standortid=1&standortname=wien%20%28bundesland%29&suchbegriff=immobilienverwalter,403,,,,0,0,
NGL Immobilien GmbH,1,https://firmen.wko.at/ngl-immobilien-gmbh/tirol/?firmaid=30964164-ec63-4d45-b2e0-4b6d1f55348d&standortid=7&standortname=tirol%20%28bundesland%29&suchbegriff=immobilienverwalter,403,,,,0,0,
Nicola Fischer Immobilienverwaltung GmbH,1,https://firmen.wko.at/nicola-fischer-immobilienverwaltung-gmbh-immobilienverwaltung/wien/?firmaid=fe3d817b-7911-4220-9318-9b0bb636198c&standortid=1&standortname=wien%20%28bundesland%29&suchbegriff=immobilienverwalter,403,,,,0,0,
Nicole Eichinger,1,https://firmen.wko.at/nicole-eichinger-eh-hausverwaltung/nieder%c3%b6sterreich/?firmaid=c7e90f9c-9b6f-43c5-8e15-330dd37db326&standortid=2&standortname=nieder%c3%b6sterreich%20%28bundesland%29&suchbegriff=immobilienverwalter,403,,,,0,0,
Nicolette Bründl e.U.,1,https://firmen.wko.at/nicolette-br%c3%bcndl-eu-verwaltung-und-beratung/wien/?firmaid=26e4d97a-d151-4c74-9410-609b3c5cd4a5&standortid=1&standortname=wien%20%28bundesland%29&suchbegriff=immobilienverwalter,403,,,,0,0,
Niederösterreichischer Haus- und Wohnungseigentümerverband,1,https://firmen.wko.at/nieder%c3%b6sterreichischer-haus-und-wohnungseigent%c3%bcmerverband-n%c3%96-haus-und-wohnungseigent%c3%bcmerverband/nieder%c3%b6sterreich/?firmaid=479e6162-caa4-4b4e-a245-9168a369f9ec&standortid=2&standortname=nieder%c3%b6sterreich%20%28bundesland%29&suchbegriff=immobilienverwalter,403,,,,0,0,
Niki Immobilien KG,1,https://firmen.wko.at/niki-immobilien-kg/salzburg/?firmaid=b6b47c41-ee9d-44cf-af1c-ab402304a255&standortid=4&standortname=salzburg%20%28bundesland%29&suchbegriff=immobilienverwalter,200,,,,0,2815,
Nives Immobilien e.U.,1,https://firmen.wko.at/nives-immobilien-eu/tirol/?firmaid=8b440d5c-7200-4528-8125-73a25e0259d7&standortid=7&standortname=tirol%20%28bundesland%29&suchbegriff=immobilienverwalter,403,,,,0,0,
NLVG GmbH,1,https://firmen.wko.at/nlvg-gmbh/nieder%c3%b6sterreich/?firmaid=46e63f2d-f112-4071-bad4-0396ccb27cc8&standortid=2&standortname=nieder%c3%b6sterreich%20%28bundesland%29&suchbegriff=immobilienverwalter,403,,,,0,0,
NNC Freizeitpark BetriebsgmbH,1,https://firmen.wko.at/nnc-freizeitpark-betriebsgmbh/wien/?firmaid=4fbea29e-8e03-4509-a545-cf6146648e0d&standortid=1&standortname=wien%20%28bundesland%29&suchbegriff=immobilienverwalter,403,,,,0,0,
"Norbert Sendlhofer, BA MSc MBA",1,https://firmen.wko.at/norbert-sendlhofer-ba-msc-mba-unternehmensberatung-steuer-und-wirtschaftsberatung/salzburg/?firmaid=476956b3-1b09-4382-9e12-5ddc2adbe6e5&standortid=4&standortname=salzburg%20%28bundesland%29&suchbegriff=immobilienverwalter,200,,,,0,3733,
Norikum Wohnungsbaugesellschaft m.b.H.,2,https://firmen.wko.at/norikum-wohnungsbaugesellschaft-mbh/ober%c3%b6sterreich/?firmaid=6d794c20-f8be-4804-b6ef-6afdaf75e230&standortid=3&standortname=ober%c3%b6sterreich%20%28bundesland%29&suchbegriff=immobilienverwalter,403,,,,0,0,
NPI Immo Invest & Verwaltung GmbH,1,https://firmen.wko.at/npi-immo-invest-und-verwaltung-gmbh/wien/?firmaid=06f369b9-33a8-421f-9b72-724d50bd848d&standortid=1&standortname=wien%20%28bundesland%29&suchbegriff=immobilienverwalter,403,,,,0,0,
NSC Immobilien Holding GmbH,1,https://firmen.wko.at/nsc-immobilien-holding-gmbh/wien/?firmaid=efa103b6-c6a3-4841-9e73-64f0ba5d841d&standortid=1&standortname=wien%20%28bundesland%29&suchbegriff=immobilienverwalter,403,,,,0,0,
NTH Immobilienmanagement GmbH,1,https://firmen.wko.at/nth-immobilienmanagement-gmbh-immobilienverwaltung/wien/?firmaid=74da9289-56ff-45cb-be2b-259cd97d78f9&standortid=1&standortname=wien%20%28bundesland%29&suchbegriff=immobilienverwalter,403,,,,0,0,
Nuveen Management Austria GmbH,1,https://firmen.wko.at/nuveen-management-austria-gmbh/wien/?firmaid=dc000391-10ab-45cc-b2df-5931482f123a&standortid=1&standortname=wien%20%28bundesland%29&suchbegriff=immobilienverwalter,403,,,,0,0,
NV Immobilien GmbH,3,https://firmen.wko.at/nv-immobilien-gmbh/nieder%c3%b6sterreich/?firmaid=af42e25e-cdfc-4328-8df2-c011a4c322f2&standortid=2&standortname=nieder%c3%b6sterreich%20%28bundesland%29&suchbegriff=immobilienverwalter,403,,,,0,0,
Oberbank Infrastruktur Management GmbH,1,https://firmen.wko.at/oberbank-infrastruktur-management-gmbh/ober%c3%b6sterreich/?firmaid=497108f5-ef0d-4c15-b650-52d895fea493&standortid=3&standortname=ober%c3%b6sterreich%20%28bundesland%29&suchbegriff=immobilienverwalter,403,,,,0,0,
Obermair Immobilien GmbH,1,https://firmen.wko.at/obermair-immobilien-gmbh/ober%c3%b6sterreich/?firmaid=bcf0932e-db4c-4741-95ec-e03fe5965be7&standortid=3&standortname=ober%c3%b6sterreich%20%28bundesland%29&suchbegriff=immobilienverwalter,403,,,,0,0,
OBJEKTA Immobiliengesellschaft m.b.H.,1,https://firmen.wko.at/objekta-immobiliengesellschaft-mbh/wien/?firmaid=502ee319-966c-4fd0-8145-2a2d50b7c33f&standortid=1&standortname=wien%20%28bundesland%29&suchbegriff=immobilienverwalter,403,,,,0,0,
obwalt - Immobilienverwaltung GmbH,1,https://firmen.wko.at/obwalt-immobilienverwaltung-gmbh/wien/?firmaid=4cb21eba-aa4c-4db0-b70e-a88bf290bcc8&standortid=1&standortname=wien%20%28bundesland%29&suchbegriff=immobilienverwalter,403,,,,0,0,
OCS Bauprojektierungs- u. VertriebsgmbH,1,https://firmen.wko.at/ocs-bauprojektierungs-u-vertriebsgmbh-ocs-bauprojektierungs-und-vertriebsgesmbh/ober%c3%b6sterreich/?firmaid=1906abfa-a952-4ae3-9d24-005ed2a27ce2&standortid=3&standortname=ober%c3%b6sterreich%20%28bundesland%29&suchbegriff=immobilienverwalter,403,,,,0,0,
OCS Hausverwaltungs GmbH,1,https://firmen.wko.at/ocs-hausverwaltungs-gmbh/ober%c3%b6sterreich/?firmaid=a2b6df69-4d83-47cf-aca5-46f086ea03e5&standortid=3&standortname=ober%c3%b6sterreich%20%28bundesland%29&suchbegriff=immobilienverwalter,403,,,,0,0,
oekopark Errichtungs GmbH,1,https://firmen.wko.at/oekopark-errichtungs-gmbh/steiermark/?firmaid=7cb7b497-97e0-417d-ab39-ca45fe99a45f&standortid=5&standortname=steiermark%20%28bundesland%29&suchbegriff=immobilienverwalter,403,,,,0,0,
Oesterreichische Bau- und Grundstückgesellschaft m.b.H.,1,https://firmen.wko.at/oesterreichische-bau-und-grundst%c3%bcckgesellschaft-mbh/wien/?firmaid=05a38325-21f3-4e09-a380-112ae227a89b&standortid=1&standortname=wien%20%28bundesland%29&suchbegriff=immobilienverwalter,403,,,,0,0,
Ogris & Kamber Immobilien GmbH,1,https://firmen.wko.at/ogris-und-kamber-immobilien-gmbh/k%c3%a4rnten/?firmaid=dbd43381-e2cb-40d9-956e-c8641b2a2ad6&standortid=6&standortname=k%c3%a4rnten%20%28bundesland%29&suchbegriff=immobilienverwalter,403,,,,0,0,
OLBRICH Immobilientreuhand GmbH,1,https://firmen.wko.at/olbrich-immobilientreuhand-gmbh-immobilienverwaltung/steiermark/?firmaid=1afed682-0bff-44c7-9dad-d6333d75887a&standortid=5&standortname=steiermark%20%28bundesland%29&suchbegriff=immobilienverwalter,403,,,,0,0,
"Olga Schellenberger, BSc",1,https://firmen.wko.at/olga-schellenberger-bsc/steiermark/?firmaid=ab41b27b-506c-4d88-8111-1a570e343fe4&standortid=5&standortname=steiermark%20%28bundesland%29&suchbegriff=immobilienverwalter,403,,,,0,0,
OLYMP Realitäten Ges.m.b.H.,1,https://firmen.wko.at/olymp-realit%c3%a4ten-gesmbh-olymp-realit%c3%a4ten-gesmbh/wien/?firmaid=1384440b-b68e-4fbd-b7e1-6274026234ad&standortid=1&standortname=wien%20%28bundesland%29&suchbegriff=immobilienverwalter,403,,,,0,0,
OM Objektmanagement GmbH,2,https://firmen.wko.at/om-objektmanagement-gmbh/salzburg/?firmaid=876f338d-ac6c-492f-955a-75f189c79885&standortid=4&standortname=salzburg%20%28bundesland%29&suchbegriff=immobilienverwalter,200,,,,0,5912,
Optimizer Immobilienmanagement GmbH & Co KG,1,https://firmen.wko.at/optimizer-immobilienmanagement-gmbh-und-co-kg-unternehmensberatung-und-immobilienmanagement/tirol/?firmaid=30cde127-366e-4996-a5a9-de1dd78cdebc&standortid=7&standortname=tirol%20%28bundesland%29&suchbegriff=immobilienverwalter,403,,,,0,0,
Optimus-Beteiligungsgesellschaft m.b.H.,1,https://firmen.wko.at/optimus-beteiligungsgesellschaft-mbh/salzburg/?firmaid=6af38976-fe8f-4397-9ebb-f199801032ba&standortid=4&standortname=salzburg%20%28bundesland%29&suchbegriff=immobilienverwalter,200,,,,0,2096,
Oswald H. Borger Gesellschaft m.b.H.,1,https://firmen.wko.at/oswald-h-borger-gesellschaft-mbh/nieder%c3%b6sterreich/?firmaid=b2cd8a6b-3ddc-43af-a000-1200e3fe132d&standortid=2&standortname=nieder%c3%b6sterreich%20%28bundesland%29&suchbegriff=immobilienverwalter,403,,,,0,0,
Otto Anton Brunner,1,https://firmen.wko.at/otto-anton-brunner/wien/?firmaid=135f84af-cc58-46c9-a128-d8a5bce1ed33&standortid=1&standortname=wien%20%28bundesland%29&suchbegriff=immobilienverwalter,403,,,,0,0,
Otto Friedrich & Partner Immobilientreuhand GmbH,1,https://firmen.wko.at/otto-friedrich-und-partner-immobilientreuhand-gmbh-otto-friedrich-und-partner-immobilientreuhand-gmbh/wien/?firmaid=3fc44adb-2a7a-46b9-a84e-7e8289dfe3ab&standortid=1&standortname=wien%20%28bundesland%29&suchbegriff=immobilienverwalter,403,,,,0,0,
P&L Immobilien GmbH,1,https://firmen.wko.at/pundl-immobilien-gmbh/wien/?firmaid=68b02cd4-131f-40ef-830c-6d40b6e3a69c&standortid=1&standortname=wien%20%28bundesland%29&suchbegriff=immobilienverwalter,403,,,,0,0,
P&M Immobilien GmbH,1,https://firmen.wko.at/pundm-immobilien-gmbh/vorarlberg/?firmaid=46da88eb-f069-4064-b88b-15fcbdad5417&standortid=8&standortname=vorarlberg%20%28bundesland%29&suchbegriff=immobilienverwalter,403,,,,0,0,
P17 Immobilienservice GmbH,1,https://firmen.wko.at/p17-immobilienservice-gmbh/ober%c3%b6sterreich/?firmaid=3d5db5ed-13ba-437a-acd3-5d43f080f3fe&standortid=3&standortname=ober%c3%b6sterreich%20%28bundesland%29&suchbegriff=immobilienverwalter,403,,,,0,0,
P4R management e.U.,1,https://firmen.wko.at/p4r-management-eu/nieder%c3%b6sterreich/?firmaid=b6db4af7-570b-4e2f-8331-511db0c33f7c&standortid=2&standortname=nieder%c3%b6sterreich%20%28bundesland%29&suchbegriff=immobilienverwalter,403,,,,0,0,
Palladio Immobilien GmbH,1,https://firmen.wko.at/palladio-immobilien-gmbh/wien/?firmaid=6f77e8b8-4109-46d6-ac85-12ad559c2ce4&standortid=1&standortname=wien%20%28bundesland%29&suchbegriff=immobilienverwalter,403,,,,0,0,
PANREAL GmbH,1,https://firmen.wko.at/panreal-gmbh/burgenland/?firmaid=8fc19df8-49cf-4b6a-9ba8-57b7b07a70a3&standortid=9&standortname=burgenland%20%28bundesland%29&suchbegriff=immobilienverwalter,403,,,,0,0,
Park & Control PAC Austria GmbH,1,https://firmen.wko.at/park-und-control-pac-austria-gmbh/wien/?firmaid=dd99d9ff-ca2a-4710-91a0-1cfa34b4bb13&standortid=1&standortname=wien%20%28bundesland%29&suchbegriff=immobilienverwalter,403,,,,0,0,
Parkrecht Verwaltungs GmbH,1,https://firmen.wko.at/parkrecht-verwaltungs-gmbh/ober%c3%b6sterreich/?firmaid=1ef4b6ae-73be-43ae-a9d7-911b6d4a3b3a&standortid=3&standortname=ober%c3%b6sterreich%20%28bundesland%29&suchbegriff=immobilienverwalter,403,,,,0,0,
"Patricia Alice Malloth, M.A.",1,https://firmen.wko.at/patricia-alice-malloth-ma/nieder%c3%b6sterreich/?firmaid=937d824e-9add-4ba3-9df6-8ed28c71a531&standortid=2&standortname=nieder%c3%b6sterreich%20%28bundesland%29&suchbegriff=immobilienverwalter,403,,,,0,0,
Patrick Gigler,1,https://firmen.wko.at/patrick-gigler/tirol/?firmaid=39458843-151c-4a26-9b69-f9430aa6a1a5&standortid=7&standortname=tirol%20%28bundesland%29&suchbegriff=immobilienverwalter,403,,,,0,0,
Patrick Moser,1,https://firmen.wko.at/patrick-moser/wien/?firmaid=87b427f7-bf15-4a56-a543-c6790d0ddf2a&standortid=1&standortname=wien%20%28bundesland%29&suchbegriff=immobilienverwalter,403,,,,0,0,
Paul Josef Herzog,1,https://firmen.wko.at/paul-josef-herzog-immobiliensachverst%c3%a4ndigenb%c3%bcro/salzburg/?firmaid=20e487cf-5085-4ef6-8e97-276f81c75346&standortid=4&standortname=salzburg%20%28bundesland%29&suchbegriff=immobilienverwalter,200,,,,0,2447,
PAUSCHENWEIN immobilien GmbH & Co KG,1,https://firmen.wko.at/pauschenwein-immobilien-gmbh-und-co-kg/steiermark/?firmaid=3f31c415-ce32-4c4f-93dd-4e5e7cc9e033&standortid=5&standortname=steiermark%20%28bundesland%29&suchbegriff=immobilienverwalter,403,,,,0,0,
PDS Personal and Defence Solutions GmbH,1,https://firmen.wko.at/pds-personal-and-defence-solutions-gmbh/burgenland/?firmaid=a5797912-9ea6-4340-bb23-994d5dcb4390&standortid=9&standortname=burgenland%20%28bundesland%29&suchbegriff=immobilienverwalter,403,,,,0,0,
Pecosa Property GmbH,1,https://firmen.wko.at/pecosa-property-gmbh/wien/?firmaid=c56af068-3acc-427d-9ac0-3041de9ff604&standortid=1&standortname=wien%20%28bundesland%29&suchbegriff=immobilienverwalter,403,,,,0,0,
Pehn & Partner GmbH,1,https://firmen.wko.at/pehn-und-partner-gmbh/nieder%c3%b6sterreich/?firmaid=3e4c2e75-3c45-44fd-8d12-0f9d4187880e&standortid=2&standortname=nieder%c3%b6sterreich%20%28bundesland%29&suchbegriff=immobilienverwalter,403,,,,0,0,
PEMA Real Estate Services GmbH,2,https://firmen.wko.at/pema-real-estate-services-gmbh-pema-real-estate-services-gmbh/tirol/?firmaid=d680fd59-77df-4d42-bd5f-47d77ed171db&standortid=7&standortname=tirol%20%28bundesland%29&suchbegriff=immobilienverwalter,403,,,,0,0,
PENTAPLUS Immobilienverwaltungs- gesellschaft mbH,1,https://firmen.wko.at/pentaplus-immobilienverwaltungs-gesellschaft-mbh/wien/?firmaid=3d804e84-7478-46ed-ae51-1495dded8dcb&standortid=1&standortname=wien%20%28bundesland%29&suchbegriff=immobilienverwalter,403,,,,0,0,
PER Immobilien GmbH,1,https://firmen.wko.at/per-immobilien-gmbh/ober%c3%b6sterreich/?firmaid=04b15dea-e5f6-4116-8604-c497a552cbab&standortid=3&standortname=ober%c3%b6sterreich%20%28bundesland%29&suchbegriff=immobilienverwalter,403,,,,0,0,
Peschak Immobilien GmbH,1,https://firmen.wko.at/peschak-immobilien-gmbh/nieder%c3%b6sterreich/?firmaid=1aa51ffc-121f-43eb-b960-1e8795390e81&standortid=2&standortname=nieder%c3%b6sterreich%20%28bundesland%29&suchbegriff=immobilienverwalter,403,,,,0,0,
Peter Robert Nemeth,2,https://firmen.wko.at/peter-robert-nemeth-geb%c3%a4udeverwaltung-realit%c3%a4tenkanzlei/wien/?firmaid=672130c5-2a15-4648-8679-0dc7f37c3628&standortid=1&standortname=wien%20%28bundesland%29&suchbegriff=immobilienverwalter,403,,,,0,0,
Peter Rudolf Lang,1,https://firmen.wko.at/peter-rudolf-lang/nieder%c3%b6sterreich/?firmaid=27bfef95-970c-4b0d-be54-b6135db7f6dd&standortid=2&standortname=nieder%c3%b6sterreich%20%28bundesland%29&suchbegriff=immobilienverwalter,403,,,,0,0,
Peter und Oliver Nemeth Gebäudeverwaltung-Realitätenkanzlei OG,1,https://firmen.wko.at/peter-und-oliver-nemeth-geb%c3%a4udeverwaltung-realit%c3%a4tenkanzlei-og/wien/?firmaid=7dabe413-224e-47cc-a527-a15e5a27014d&standortid=1&standortname=wien%20%28bundesland%29&suchbegriff=immobilienverwalter,403,,,,0,0,
Peter Wuk Gesellschaft m.b.H.,1,https://firmen.wko.at/peter-wuk-gesellschaft-mbh/wien/?firmaid=b1fd37f0-c5b7-436b-a701-8c343af4e108&standortid=1&standortname=wien%20%28bundesland%29&suchbegriff=immobilienverwalter,403,,,,0,0,
Petra Claudia Grünhut,1,https://firmen.wko.at/petra-claudia-gr%c3%bcnhut-akzentreal-hausverwaltung-und-immobilienvermittlung/wien/?firmaid=9e72afe3-b9d5-4d43-a79f-a30f191a1148&standortid=1&standortname=wien%20%28bundesland%29&suchbegriff=immobilienverwalter,403,,,,0,0,
Petra Friedrich,1,https://firmen.wko.at/petra-friedrich/steiermark/?firmaid=a388274a-fc51-4269-8ea7-896cfcdb56ea&standortid=5&standortname=steiermark%20%28bundesland%29&suchbegriff=immobilienverwalter,403,,,,0,0,
Petra Hoyos,1,https://firmen.wko.at/petra-hoyos/wien/?firmaid=bfd2eaaf-37e3-492c-9314-6f70ae48c8db&standortid=1&standortname=wien%20%28bundesland%29&suchbegriff=immobilienverwalter,403,,,,0,0,
Petra Lackner,1,https://firmen.wko.at/petra-lackner/nieder%c3%b6sterreich/?firmaid=b208d635-d41e-4418-b182-2c3138ba4e86&standortid=2&standortname=nieder%c3%b6sterreich%20%28bundesland%29&suchbegriff=immobilienverwalter,403,,,,0,0,
Petzenhauser GmbH,1,https://firmen.wko.at/petzenhauser-gmbh/steiermark/?firmaid=593dff4f-bfe3-4520-8ceb-9b936fad3579&standortid=5&standortname=steiermark%20%28bundesland%29&suchbegriff=immobilienverwalter,403,,,,0,0,
PF Holding FlexCo,1,https://firmen.wko.at/pf-holding-flexco/nieder%c3%b6sterreich/?firmaid=e54deabc-5605-4baf-9951-97238d50e106&standortid=2&standortname=nieder%c3%b6sterreich%20%28bundesland%29&suchbegriff=immobilienverwalter,403,,,,0,0,
PFG Liegenschaftsbewirtschaftungs GmbH &Co KG,2,https://firmen.wko.at/pfg-liegenschaftsbewirtschaftungs-gmbh-undco-kg/salzburg/?firmaid=e3a6e719-cf2f-4fae-baa7-66ed02613d23&standortid=4&standortname=salzburg%20%28bundesland%29&suchbegriff=immobilienverwalter,200,,,,0,2182,
PHE Immodevelopment KG,1,https://firmen.wko.at/phe-immodevelopment-kg/wien/?firmaid=3ed9305f-93ae-4e7a-909b-09fd0f99261a&standortid=1&standortname=wien%20%28bundesland%29&suchbegriff=immobilienverwalter,403,,,,0,0,
Phil Gabriel Marius Freimüller,1,https://firmen.wko.at/phil-gabriel-marius-freim%c3%bcller/wien/?firmaid=fddb2225-523d-4868-8982-5c4ddd9b3a80&standortid=1&standortname=wien%20%28bundesland%29&suchbegriff=immobilienverwalter,403,,,,0,0,
Philip Gottfried Steinkogler,1,https://firmen.wko.at/philip-gottfried-steinkogler-immobilien-philip-steinkogler/ober%c3%b6sterreich/?firmaid=d4ace399-4591-476c-85ee-4338a9f62e4d&standortid=3&standortname=ober%c3%b6sterreich%20%28bundesland%29&suchbegriff=immobilienverwalter,403,,,,0,0,
Philipp Beck,1,https://firmen.wko.at/philipp-beck/wien/?firmaid=c449253e-08d2-4ad2-8391-d4e8b621ed8d&standortid=1&standortname=wien%20%28bundesland%29&suchbegriff=immobilienverwalter,403,,,,0,0,
Phillipp Immobilien - HausverwaltungGmbH,1,https://firmen.wko.at/phillipp-immobilien-hausverwaltunggmbh/tirol/?firmaid=6a41d47a-434f-4ba1-859a-7fe68320562e&standortid=7&standortname=tirol%20%28bundesland%29&suchbegriff=immobilienverwalter,403,,,,0,0,
Phorus Management GmbH,1,https://firmen.wko.at/phorus-management-gmbh/wien/?firmaid=b5adf4f5-5a76-4802-be81-400203013c67&standortid=1&standortname=wien%20%28bundesland%29&suchbegriff=immobilienverwalter,403,,,,0,0,
PIANO NOBILE IMMOBILIEN e.U.,1,https://firmen.wko.at/piano-nobile-immobilien-eu/wien/?firmaid=d717f443-c83c-4e11-90cb-283b7e346bb3&standortid=1&standortname=wien%20%28bundesland%29&suchbegriff=immobilienverwalter,403,,,,0,0,
PIK SÜD GMBH,1,https://firmen.wko.at/pik-s%c3%9cd-gmbh/burgenland/?firmaid=8e2fb242-628e-4c68-824c-f4c16751f4c3&standortid=9&standortname=burgenland%20%28bundesland%29&suchbegriff=immobilienverwalter,403,,,,0,0,
Pilger Facility Management GmbH,1,https://firmen.wko.at/pilger-facility-management-gmbh-pilger-facility-management-gmbh/steiermark/?firmaid=1b94a864-0632-43f4-bea9-935376c4e5dc&standortid=5&standortname=steiermark%20%28bundesland%29&suchbegriff=immobilienverwalter,403,,,,0,0,
Pinetz Holding GmbH,1,https://firmen.wko.at/pinetz-holding-gmbh/burgenland/?firmaid=342a80cf-396a-4caf-bd49-21fe98f4d993&standortid=9&standortname=burgenland%20%28bundesland%29&suchbegriff=immobilienverwalter,403,,,,0,0,
PKomm - Pressbaumer Kommunal GmbH,1,https://firmen.wko.at/pkomm-pressbaumer-kommunal-gmbh/nieder%c3%b6sterreich/?firmaid=db4f8dd0-9b3e-4024-8e45-ad25d007ffe4&standortid=2&standortname=nieder%c3%b6sterreich%20%28bundesland%29&suchbegriff=immobilienverwalter,403,,,,0,0,
place2live GmbH,1,https://firmen.wko.at/place2live-gmbh/wien/?firmaid=26787a55-139b-42e5-9820-2ad9c785465a&standortid=1&standortname=wien%20%28bundesland%29&suchbegriff=immobilienverwalter,403,,,,0,0,
PLANK MACHEK Elisabeth Christoph Immobilienverwaltungen Gesellschaft m.b.H.,1,https://firmen.wko.at/plank-machek-elisabeth-christoph-immobilienverwaltungen-gesellschaft-mbh/wien/?firmaid=57227830-ce1e-4e1d-bfcc-10f3403a8af2&standortid=1&standortname=wien%20%28bundesland%29&suchbegriff=immobilienverwalter,403,,,,0,0,
Plansee Group Functions Austria GmbH,1,https://firmen.wko.at/plansee-group-functions-austria-gmbh/tirol/?firmaid=edeced92-e158-4d2a-bb71-12c83aa3d684&standortid=7&standortname=tirol%20%28bundesland%29&suchbegriff=immobilienverwalter,403,,,,0,0,
Plan² - Architektur und Projektmanagement GmbH,1,https://firmen.wko.at/plan2-architektur-und-projektmanagement-gmbh/wien/?firmaid=ac6e83e0-6c6c-4fa2-ad05-b9246579b491&standortid=1&standortname=wien%20%28bundesland%29&suchbegriff=immobilienverwalter,403,,,,0,0,
Plasser ImmobilienVerwaltung e.U.,1,https://firmen.wko.at/plasser-immobilienverwaltung-eu-planungsb%c3%bcro/ober%c3%b6sterreich/?firmaid=65fc917e-b44f-49d6-85cc-07082ae7e94d&standortid=3&standortname=ober%c3%b6sterreich%20%28bundesland%29&suchbegriff=immobilienverwalter,403,,,,0,0,
PM 8 GmbH,1,https://firmen.wko.at/pm-8-gmbh/salzburg/?firmaid=40e4e9ec-0fb4-4148-923a-212502c5a7b4&standortid=4&standortname=salzburg%20%28bundesland%29&suchbegriff=immobilienverwalter,200,,,,0,1930,
PMV Immobilien Management GmbH,4,https://firmen.wko.at/pmv-immobilien-management-gmbh/nieder%c3%b6sterreich/?firmaid=c4916f64-6ef3-4734-bb82-7f766585b87d&standortid=2&standortname=nieder%c3%b6sterreich%20%28bundesland%29&suchbegriff=immobilienverwalter,403,,,,0,0,
Poetsch Immobilien GmbH,3,https://firmen.wko.at/poetsch-immobilien-gmbh-poetsch-immobilien-gmbh/salzburg/?firmaid=553af8c1-0d9d-4b43-9007-2637fa7ec7cc&standortid=4&standortname=salzburg%20%28bundesland%29&suchbegriff=immobilienverwalter,200,,,,0,5638,
PORR AG,1,https://firmen.wko.at/porr-ag-bauunternehmen/wien/?firmaid=3eb99f33-504f-4247-b1b6-013e7be301c4&standortid=1&standortname=wien%20%28bundesland%29&suchbegriff=immobilienverwalter,403,,,,0,0,
Porsche Immobilien Gesellschaft m.b.H.,1,https://firmen.wko.at/porsche-immobilien-gesellschaft-mbh/salzburg/?firmaid=3aca3e73-9ff6-46d0-8b65-21435521cb21&standortid=4&standortname=salzburg%20%28bundesland%29&suchbegriff=immobilienverwalter,200,,,,0,3191,
Pottensteiner Kommunalbetriebs GmbH,1,https://firmen.wko.at/pottensteiner-kommunalbetriebs-gmbh/nieder%c3%b6sterreich/?firmaid=c57d74d1-bfbc-4d50-a5ab-113ef5e70c16&standortid=2&standortname=nieder%c3%b6sterreich%20%28bundesland%29&suchbegriff=immobilienverwalter,403,,,,0,0,
PR Immobilien GmbH,1,https://firmen.wko.at/pr-immobilien-gmbh/salzburg/?firmaid=a2e7bda3-d888-49b8-b400-3ff981704c9f&standortid=4&standortname=salzburg%20%28bundesland%29&suchbegriff=immobilienverwalter,200,,,,0,1942,
praetorium immobilien gmbh,1,https://firmen.wko.at/praetorium-immobilien-gmbh/tirol/?firmaid=0415e388-c8c0-48e8-bf8b-c182e98d08f4&standortid=7&standortname=tirol%20%28bundesland%29&suchbegriff=immobilienverwalter,403,,,,0,0,
Praher Real GmbH,1,https://firmen.wko.at/praher-real-gmbh/ober%c3%b6sterreich/?firmaid=1b230408-83c7-4240-b513-c5b67472c685&standortid=3&standortname=ober%c3%b6sterreich%20%28bundesland%29&suchbegriff=immobilienverwalter,403,,,,0,0,
Prater Wien GmbH,1,https://firmen.wko.at/prater-wien-gmbh/wien/?firmaid=79a2a0ac-ce6d-4c78-8843-834946307af3&standortid=1&standortname=wien%20%28bundesland%29&suchbegriff=immobilienverwalter,403,,,,0,0,
PRETSCH Immobilientreuhand GmbH,1,https://firmen.wko.at/pretsch-immobilientreuhand-gmbh-pretsch-immobilientreuhand-gmbh/wien/?firmaid=51e5275f-ffa6-4a4e-a2dd-a0d1975912c9&standortid=1&standortname=wien%20%28bundesland%29&suchbegriff=immobilienverwalter,403,,,,0,0,
PRIMO IMMOBILIEN HAUSVERWALTUNG GESELLSCHAFT M.B.H.,1,https://firmen.wko.at/primo-immobilien-hausverwaltung-gesellschaft-mbh/salzburg/?firmaid=eb19818a-58db-41ae-b908-2f95aa6d3510&standortid=4&standortname=salzburg%20%28bundesland%29&suchbegriff=immobilienverwalter,200,,,,0,4210,
primus IMMOBILIEN GmbH,1,https://firmen.wko.at/primus-immobilien-gmbh/vorarlberg/?firmaid=7b9bd624-5179-4c7f-a904-c332006980af&standortid=8&standortname=vorarlberg%20%28bundesland%29&suchbegriff=immobilienverwalter,403,,,,0,0,
PRISMA Finanzmanagement GmbH,1,https://firmen.wko.at/prisma-finanzmanagement-gmbh/vorarlberg/?firmaid=d4eab480-35ac-42f3-99d4-6a05364a92ae&standortid=8&standortname=vorarlberg%20%28bundesland%29&suchbegriff=immobilienverwalter,403,,,,0,0,
PRISMA Zentrum für Standort- und Regionalentwicklung GmbH,3,https://firmen.wko.at/%22prisma%22-zentrum-f%c3%bcr-standort-und-regionalentwicklung-gmbh/salzburg/?firmaid=c4259ce0-2340-4dbd-bdf9-6cf297ee7b3d&standortid=4&standortname=salzburg%20%28bundesland%29&suchbegriff=immobilienverwalter,200,,,,0,2748,
Pristusek & Partner Immobilienverwaltung GmbH,1,https://firmen.wko.at/pristusek-und-partner-immobilienverwaltung-gmbh/nieder%c3%b6sterreich/?firmaid=2296a69f-fe21-4316-be95-56fcb0d0695b&standortid=2&standortname=nieder%c3%b6sterreich%20%28bundesland%29&suchbegriff=immobilienverwalter,403,,,,0,0,
PROCON Wohnbau GmbH,1,https://firmen.wko.at/procon-wohnbau-gmbh-procon-wohnbau-gmbh/ober%c3%b6sterreich/?firmaid=0617d3bb-1e81-4a80-aa12-073c6a5949c9&standortid=3&standortname=ober%c3%b6sterreich%20%28bundesland%29&suchbegriff=immobilienverwalter,403,,,,0,0,
PROCOR IMMO OG,1,https://firmen.wko.at/procor-immo-og/wien/?firmaid=c824f110-770a-48f2-8cf9-41e4e478fbfd&standortid=1&standortname=wien%20%28bundesland%29&suchbegriff=immobilienverwalter,403,,,,0,0,
Prof Dr Thomas Keppert Immobilientreuhand GmbH,1,https://firmen.wko.at/prof-dr-thomas-keppert-immobilientreuhand-gmbh-immobilienverwalter/wien/?firmaid=ad3f3399-53ab-4eff-8f16-f92f428f2955&standortid=1&standortname=wien%20%28bundesland%29&suchbegriff=immobilienverwalter,403,,,,0,0,
PROFECT Immobilienverwaltung GmbH.,1,https://firmen.wko.at/profect-immobilienverwaltung-gmbh/wien/?firmaid=28c92e27-76b9-4c34-b481-4ca828069054&standortid=1&standortname=wien%20%28bundesland%29&suchbegriff=immobilienverwalter,403,,,,0,0,
PROFUNDUS Verwaltung und Vermittlung von Immobilien GmbH,1,https://firmen.wko.at/profundus-verwaltung-und-vermittlung-von-immobilien-gmbh-profundus-verwaltung-ung-vermittlung-von-immobilien-gmbh/nieder%c3%b6sterreich/?firmaid=74839516-685b-4ee5-8b00-27e652de49a9&standortid=2&standortname=nieder%c3%b6sterreich%20%28bundesland%29&suchbegriff=immobilienverwalter,403,,,,0,0,
PROIMMO CONSULTING e.U.,1,https://firmen.wko.at/proimmo-consulting-eu-proimmo-consulting-eu/wien/?firmaid=a26d1032-5114-447b-a53e-67273608d502&standortid=1&standortname=wien%20%28bundesland%29&suchbegriff=immobilienverwalter,403,,,,0,0,
Projektum GmbH,1,https://firmen.wko.at/projektum-gmbh/vorarlberg/?firmaid=5148b141-164f-4a7e-a8be-8ad19aeb8ebd&standortid=8&standortname=vorarlberg%20%28bundesland%29&suchbegriff=immobilienverwalter,403,,,,0,0,
proVentus Immobilienverwaltung - Stefan Langhammer e.U.,1,https://firmen.wko.at/proventus-immobilienverwaltung-stefan-langhammer-eu-proventus-immobilienverwaltung/wien/?firmaid=7a48eb54-0e31-4b69-8fec-01e1bb4e3c72&standortid=1&standortname=wien%20%28bundesland%29&suchbegriff=immobilienverwalter,403,,,,0,0,
proVentus immobilienverwaltung GmbH,1,https://firmen.wko.at/proventus-immobilienverwaltung-gmbh/wien/?firmaid=b6498aff-70a6-4959-9d34-7b82dedb9d91&standortid=1&standortname=wien%20%28bundesland%29&suchbegriff=immobilienverwalter,403,,,,0,0,
PUHV GmbH,1,https://firmen.wko.at/puhv-gmbh/steiermark/?firmaid=d327653b-7d17-433f-8aab-c1b76fab862b&standortid=5&standortname=steiermark%20%28bundesland%29&suchbegriff=immobilienverwalter,403,,,,0,0,
Pura Vida GmbH,1,https://firmen.wko.at/pura-vida-gmbh/ober%c3%b6sterreich/?firmaid=ebd03765-da9f-4cd0-8921-86add53e9efd&standortid=3&standortname=ober%c3%b6sterreich%20%28bundesland%29&suchbegriff=immobilienverwalter,403,,,,0,0,
Pures Bauen Immobilientreuhand GmbH,1,https://firmen.wko.at/pures-bauen-immobilientreuhand-gmbh/steiermark/?firmaid=0035b9b8-eceb-4af9-9421-5469669ff6c2&standortid=5&standortname=steiermark%20%28bundesland%29&suchbegriff=immobilienverwalter,403,,,,0,0,
Pusta & Partner HausverwaltungsGmbH,1,https://firmen.wko.at/pusta-und-partner-hausverwaltungsgmbh-immobilientreuh%c3%a4nder-verwalter/wien/?firmaid=a1db2e73-f7c0-43f0-9b66-ab991ef0bd7b&standortid=1&standortname=wien%20%28bundesland%29&suchbegriff=immobilienverwalter,403,,,,0,0,
PwC Advisory Services GmbH,1,https://firmen.wko.at/pwc-advisory-services-gmbh/wien/?firmaid=d334756a-162d-4af4-8d6b-37522ee0aa92&standortid=1&standortname=wien%20%28bundesland%29&suchbegriff=immobilienverwalter,403,,,,0,0,
PÜHRINGER Hausverwaltung & Immobilien GmbH & Co KG,1,https://firmen.wko.at/p%c3%9chringer-hausverwaltung-und-immobilien-gmbh-und-co-kg/tirol/?firmaid=6cedac63-45ff-49c7-b18a-5b6f07252d55&standortid=7&standortname=tirol%20%28bundesland%29&suchbegriff=immobilienverwalter,403,,,,0,0,
Qualitas Immobilien GmbH,1,https://firmen.wko.at/qualitas-immobilien-gmbh/k%c3%a4rnten/?firmaid=3d519425-f0dc-4da7-894e-1c4c167a75dd&standortid=6&standortname=k%c3%a4rnten%20%28bundesland%29&suchbegriff=immobilienverwalter,403,,,,0,0,
r.m-s consulting gmbh,1,https://firmen.wko.at/rm-s-consulting-gmbh/nieder%c3%b6sterreich/?firmaid=29bb2ddb-2f5c-4c49-b6b2-09d5b10cf830&standortid=2&standortname=nieder%c3%b6sterreich%20%28bundesland%29&suchbegriff=immobilienverwalter,403,,,,0,0,
Racoon Property GmbH,1,https://firmen.wko.at/racoon-property-gmbh/nieder%c3%b6sterreich/?firmaid=d75b571b-2687-41d7-b473-1688ec0d65e2&standortid=2&standortname=nieder%c3%b6sterreich%20%28bundesland%29&suchbegriff=immobilienverwalter,403,,,,0,0,
Radakovits Hausverwaltung GmbH,2,https://firmen.wko.at/radakovits-hausverwaltung-gmbh/burgenland/?firmaid=2115f5c1-4af3-4c1b-b46d-6cbffb7cf821&standortid=9&standortname=burgenland%20%28bundesland%29&suchbegriff=immobilienverwalter,403,,,,0,0,
Raiffeisen Property International GmbH,1,https://firmen.wko.at/raiffeisen-property-international-gmbh/wien/?firmaid=ff35460f-d41f-4063-8b42-b23ca262ba80&standortid=1&standortname=wien%20%28bundesland%29&suchbegriff=immobilienverwalter,403,,,,0,0,
Raiffeisen Realitäten Betreuung Tirol GmbH,1,https://firmen.wko.at/raiffeisen-realit%c3%a4ten-betreuung-tirol-gmbh/tirol/?firmaid=58a6068a-c7cb-4d7d-8c99-54835331d4fa&standortid=7&standortname=tirol%20%28bundesland%29&suchbegriff=immobilienverwalter,403,,,,0,0,
"Rainer Realitätenvermittlungs-, Hausverwaltungs- und Wirtschaftsgüter- verwertungs GmbH",1,https://firmen.wko.at/rainer-realit%c3%a4tenvermittlungs-hausverwaltungs-und-wirtschaftsg%c3%bcter-verwertungs-gmbh/wien/?firmaid=1a121a9e-18eb-4b90-9643-215eb00182ce&standortid=1&standortname=wien%20%28bundesland%29&suchbegriff=immobilienverwalter,403,,,,0,0,
Ralph Salzner Immobilientreuhänder GmbH,1,https://firmen.wko.at/ralph-salzner-immobilientreuh%c3%a4nder-gmbh/wien/?firmaid=a3d680e0-cc86-4ef8-a405-1dcb223a3611&standortid=1&standortname=wien%20%28bundesland%29&suchbegriff=immobilienverwalter,403,,,,0,0,
Rasalas e.U.,1,https://firmen.wko.at/rasalas-eu/wien/?firmaid=3dfa9c9d-fde5-47a1-9a52-dea8a48fbb6a&standortid=1&standortname=wien%20%28bundesland%29&suchbegriff=immobilienverwalter,403,,,,0,0,
Raumgut Immobilien GmbH,1,https://firmen.wko.at/raumgut-immobilien-gmbh/vorarlberg/?firmaid=87c07c67-61ab-44a2-8105-33d6ae5c8330&standortid=8&standortname=vorarlberg%20%28bundesland%29&suchbegriff=immobilienverwalter,403,,,,0,0,
RBO GmbH,1,https://firmen.wko.at/rbo-gmbh/vorarlberg/?firmaid=f567db5d-44ef-4e0f-b0a1-64a74debc6e6&standortid=8&standortname=vorarlberg%20%28bundesland%29&suchbegriff=immobilienverwalter,403,,,,0,0,
RE Immobilienverwaltung GmbH,1,https://firmen.wko.at/re-immobilienverwaltung-gmbh-realest-immobilien/steiermark/?firmaid=d6499ac2-7ebf-46f7-963b-cc84634e677e&standortid=5&standortname=steiermark%20%28bundesland%29&suchbegriff=immobilienverwalter,403,,,,0,0,
Real 2000 Immobilienbeteiligungs- gesellschaft m.b.H.,1,https://firmen.wko.at/real-2000-immobilienbeteiligungs-gesellschaft-mbh/burgenland/?firmaid=508cc20b-c01b-42b8-8975-2dd3d971912f&standortid=9&standortname=burgenland%20%28bundesland%29&suchbegriff=immobilienverwalter,403,,,,0,0,
REAL ESTATE PARTNER Realitäten & Immobilien Consulting Services GmbH,1,https://firmen.wko.at/real-estate-partner-realit%c3%a4ten-und-immobilien-consulting-services-gmbh/wien/?firmaid=3879f6ac-3226-40a8-a07b-0fb57c6c59cb&standortid=1&standortname=wien%20%28bundesland%29&suchbegriff=immobilienverwalter,403,,,,0,0,
Real Immobilien e.U.,1,https://firmen.wko.at/real-immobilien-eu/nieder%c3%b6sterreich/?firmaid=0d5acef2-959e-48bd-8e65-bea90d1b0ae5&standortid=2&standortname=nieder%c3%b6sterreich%20%28bundesland%29&suchbegriff=immobilienverwalter,403,,,,0,0,
Real Immobilien Treuhand GmbH,1,https://firmen.wko.at/real-immobilien-treuhand-gmbh-immobilientreuhandgesellschaft/nieder%c3%b6sterreich/?firmaid=2daf00c2-7301-4041-86a1-4f74cf7aef68&standortid=2&standortname=nieder%c3%b6sterreich%20%28bundesland%29&suchbegriff=immobilienverwalter,403,,,,0,0,
Real-Finanz-Gesellschaft m.b.H.,1,https://firmen.wko.at/real-finanz-gesellschaft-mbh/salzburg/?firmaid=deab13de-5d4b-4871-ae1b-2db6ff5ac9a8&standortid=4&standortname=salzburg%20%28bundesland%29&suchbegriff=immobilienverwalter,200,,,,0,4035,
Real-Treuhandverwaltungs - Gesellschaft m.b.H.,1,https://firmen.wko.at/real-treuhandverwaltungs-gesellschaft-mbh/wien/?firmaid=ceb1f63f-afc9-47ee-bbe1-3587f40b7f55&standortid=1&standortname=wien%20%28bundesland%29&suchbegriff=immobilienverwalter,403,,,,0,0,
REAL-WOHNBAUGESELLSCHAFT M.B.H.,1,https://firmen.wko.at/real-wohnbaugesellschaft-mbh/k%c3%a4rnten/?firmaid=12d1088f-f0af-436c-9503-486334e3f55c&standortid=6&standortname=k%c3%a4rnten%20%28bundesland%29&suchbegriff=immobilienverwalter,403,,,,0,0,
REAL3 Immobilien GmbH,2,https://firmen.wko.at/real3-immobilien-gmbh/wien/?firmaid=106defab-a532-4e31-9969-09e4b7d8d88f&standortid=1&standortname=wien%20%28bundesland%29&suchbegriff=immobilienverwalter,403,,,,0,0,
Realbesitz - Gesellschaft m.b.H. & Co. Verwaltungs - KG.,1,https://firmen.wko.at/realbesitz-gesellschaft-mbh-und-co-verwaltungs-kg/wien/?firmaid=7b356204-9148-4c29-8aa3-51deea14d3a4&standortid=1&standortname=wien%20%28bundesland%29&suchbegriff=immobilienverwalter,403,,,,0,0,
Realbüro Dr. Schmid Gesellschaft m.b.H.,1,https://firmen.wko.at/realb%c3%bcro-dr-schmid-gesellschaft-mbh/salzburg/?firmaid=72211bd4-694c-47cf-977f-a1c3b89544ec&standortid=4&standortname=salzburg%20%28bundesland%29&suchbegriff=immobilienverwalter,200,,,,0,4316,
Realbüro Knitl Gesellschaft m.b.H.,1,https://firmen.wko.at/realb%c3%bcro-knitl-gesellschaft-mbh/steiermark/?firmaid=931aad3b-8504-471c-aed2-697a68319f84&standortid=5&standortname=steiermark%20%28bundesland%29&suchbegriff=immobilienverwalter,403,,,,0,0,
REALIA Liegenschaftsservice Gesellschaft m.b.H.,1,https://firmen.wko.at/realia-liegenschaftsservice-gesellschaft-mbh/ober%c3%b6sterreich/?firmaid=0f23c2c8-8beb-4e89-9b55-419fc3bd07a7&standortid=3&standortname=ober%c3%b6sterreich%20%28bundesland%29&suchbegriff=immobilienverwalter,403,,,,0,0,
RealIntent Immobilien GmbH.,1,https://firmen.wko.at/realintent-immobilien-gmbh-klassische-hausverwaltung/wien/?firmaid=b89e6626-9a69-4de6-b04f-27718fe23cdd&standortid=1&standortname=wien%20%28bundesland%29&suchbegriff=immobilienverwalter,403,,,,0,0,
Realitas GmbH,1,https://firmen.wko.at/realitas-gmbh-realitas-gmbh/nieder%c3%b6sterreich/?firmaid=8a0ac1a6-5ece-4cd0-a797-1cfadf1d2249&standortid=2&standortname=nieder%c3%b6sterreich%20%28bundesland%29&suchbegriff=immobilienverwalter,403,,,,0,0,
REALITÄTEN - INVEST Immobilientreuhand- und Wohnbaugesellschaft m.b.H,1,https://firmen.wko.at/realit%c3%84ten-invest-immobilientreuhand-und-wohnbaugesellschaft-mbh/k%c3%a4rnten/?firmaid=d26add51-4448-41ba-9e77-0a5c9993f997&standortid=6&standortname=k%c3%a4rnten%20%28bundesland%29&suchbegriff=immobilienverwalter,403,,,,0,0,
Realitäten Gossy GmbH,1,https://firmen.wko.at/realit%c3%a4ten-gossy-gmbh/burgenland/?firmaid=49192d06-95d7-4f08-823b-c25a73721384&standortid=9&standortname=burgenland%20%28bundesland%29&suchbegriff=immobilienverwalter,403,,,,0,0,
Realitäten Ofner GmbH,1,https://firmen.wko.at/realit%c3%a4ten-ofner-gmbh/nieder%c3%b6sterreich/?firmaid=60fd78ee-46d1-403f-9b23-87ed856d5b3b&standortid=2&standortname=nieder%c3%b6sterreich%20%28bundesland%29&suchbegriff=immobilienverwalter,403,,,,0,0,
Realitäten Perkonig Immobilientreuhand KG,1,https://firmen.wko.at/realit%c3%a4ten-perkonig-immobilientreuhand-kg-realit%c3%a4ten-pekronig-immobilientreuhand-kg/k%c3%a4rnten/?firmaid=57ccecee-fdb2-4028-bc25-d410ad01a7ef&standortid=6&standortname=k%c3%a4rnten%20%28bundesland%29&suchbegriff=immobilienverwalter,403,,,,0,0,
Realitätenverwaltung Kreutz GmbH,1,https://firmen.wko.at/realit%c3%a4tenverwaltung-kreutz-gmbh/k%c3%a4rnten/?firmaid=f96dccbb-4661-45ee-9989-e5b53ca9f9f4&standortid=6&standortname=k%c3%a4rnten%20%28bundesland%29&suchbegriff=immobilienverwalter,403,,,,0,0,
Realkanzlei Edlauer Immobilientreuhänder GmbH & Co.KG,1,https://firmen.wko.at/realkanzlei-edlauer-immobilientreuh%c3%a4nder-gmbh-und-cokg/nieder%c3%b6sterreich/?firmaid=a90b4c34-4fd2-4954-8b5e-c3cf0f829d28&standortid=2&standortname=nieder%c3%b6sterreich%20%28bundesland%29&suchbegriff=immobilienverwalter,403,,,,0,0,
Realkanzlei Ferdinand König Gesellschaft m.b.H.,2,https://firmen.wko.at/realkanzlei-ferdinand-k%c3%b6nig-gesellschaft-mbh/nieder%c3%b6sterreich/?firmaid=84347b3a-fda1-4606-8b9e-1dcb944bc8d3&standortid=2&standortname=nieder%c3%b6sterreich%20%28bundesland%29&suchbegriff=immobilienverwalter,403,,,,0,0,
Realkanzlei Leissner GmbH,1,https://firmen.wko.at/realkanzlei-leissner-gmbh/wien/?firmaid=f88a46b7-bf6e-45a0-ae6d-40db42215ed9&standortid=1&standortname=wien%20%28bundesland%29&suchbegriff=immobilienverwalter,403,,,,0,0,
Realkanzlei Renate Überbacher GmbH,1,https://firmen.wko.at/realkanzlei-renate-%c3%9cberbacher-gmbh/wien/?firmaid=f775e014-394f-4b53-9b49-c8e199391352&standortid=1&standortname=wien%20%28bundesland%29&suchbegriff=immobilienverwalter,403,,,,0,0,
Realkanzlei Sodoma e.U.,1,https://firmen.wko.at/realkanzlei-sodoma-eu/wien/?firmaid=120fa33b-5951-432e-97f7-048b1b0af49f&standortid=1&standortname=wien%20%28bundesland%29&suchbegriff=immobilienverwalter,403,,,,0,0,
Realkanzlei Wutzl GmbH,1,https://firmen.wko.at/realkanzlei-wutzl-gmbh-realkanzlei-wutzl-gmbh/nieder%c3%b6sterreich/?firmaid=ab35ae16-a2fb-478e-bc65-2c3a63b8091d&standortid=2&standortname=nieder%c3%b6sterreich%20%28bundesland%29&suchbegriff=immobilienverwalter,403,,,,0,0,
Realset e.U.,1,https://firmen.wko.at/realset-eu/wien/?firmaid=3fe75a29-1a3f-4cd6-b06c-1a2a3546d11e&standortid=1&standortname=wien%20%28bundesland%29&suchbegriff=immobilienverwalter,403,,,,0,0,
Realty Management DHSS GmbH,2,https://firmen.wko.at/realty-management-dhss-gmbh/steiermark/?firmaid=5e1560d4-4694-481e-ae07-06160d24f8cf&standortid=5&standortname=steiermark%20%28bundesland%29&suchbegriff=immobilienverwalter,403,,,,0,0,
Realverwaltung GmbH,1,https://firmen.wko.at/realverwaltung-gmbh/k%c3%a4rnten/?firmaid=4f8bab4e-76b5-4c93-a9d7-3190d7d88a6f&standortid=6&standortname=k%c3%a4rnten%20%28bundesland%29&suchbegriff=immobilienverwalter,403,,,,0,0,
RECONDO Retail Real Estate GmbH,1,https://firmen.wko.at/recondo-retail-real-estate-gmbh/wien/?firmaid=8ed977e6-a88b-4da5-ba97-092d47692b92&standortid=1&standortname=wien%20%28bundesland%29&suchbegriff=immobilienverwalter,403,,,,0,0,
Referenz Immobilien GmbH,1,https://firmen.wko.at/referenz-immobilien-gmbh-referenz-immobilien-gmbh/nieder%c3%b6sterreich/?firmaid=087b56d7-4086-440c-a203-1995513394cd&standortid=2&standortname=nieder%c3%b6sterreich%20%28bundesland%29&suchbegriff=immobilienverwalter,403,,,,0,0,
Regelsberger Liegenschaftsverwaltungs GmbH,1,https://firmen.wko.at/regelsberger-liegenschaftsverwaltungs-gmbh-regelsberger/wien/?firmaid=1d374c8c-fb7b-4f39-90fd-6262b56ec2a8&standortid=1&standortname=wien%20%28bundesland%29&suchbegriff=immobilienverwalter,403,,,,0,0,
Regina Stanger Immobilienverwaltung GmbH,1,https://firmen.wko.at/regina-stanger-immobilienverwaltung-gmbh/tirol/?firmaid=96a12b1a-b482-4ec1-9755-e73ed280405e&standortid=7&standortname=tirol%20%28bundesland%29&suchbegriff=immobilienverwalter,403,,,,0,0,
Reich & Redl Immobilien Consulting GmbH,1,https://firmen.wko.at/reich-und-redl-immobilien-consulting-gmbh/wien/?firmaid=2e974660-30c4-44e8-b15c-62afc6f9cc62&standortid=1&standortname=wien%20%28bundesland%29&suchbegriff=immobilienverwalter,403,,,,0,0,
Reif-Guttenbrunner-Immobilien GmbH,1,https://firmen.wko.at/reif-guttenbrunner-immobilien-gmbh/vorarlberg/?firmaid=56ad8f84-2a95-417e-bda1-342622e54908&standortid=8&standortname=vorarlberg%20%28bundesland%29&suchbegriff=immobilienverwalter,403,,,,0,0,
Reikersdorfer Hausverwaltung GmbH,2,https://firmen.wko.at/reikersdorfer-hausverwaltung-gmbh-hausverwaltung/nieder%c3%b6sterreich/?firmaid=c0b1a7d3-0117-4dfd-86d9-7b64fb89f0d0&standortid=2&standortname=nieder%c3%b6sterreich%20%28bundesland%29&suchbegriff=immobilienverwalter,403,,,,0,0,
Reimann Immobilien GmbH,1,https://firmen.wko.at/reimann-immobilien-gmbh/vorarlberg/?firmaid=487c4d1d-ae64-4cc2-bcde-35e6716c7c74&standortid=8&standortname=vorarlberg%20%28bundesland%29&suchbegriff=immobilienverwalter,403,,,,0,0,
Reinberg & Partner Immobilienberatung GmbH,1,https://firmen.wko.at/reinberg-und-partner-immobilienberatung-gmbh/wien/?firmaid=cdf7ec63-df90-4341-b59a-074f3cc3032a&standortid=1&standortname=wien%20%28bundesland%29&suchbegriff=immobilienverwalter,403,,,,0,0,
Reindl Immobilien e.U.,1,https://firmen.wko.at/reindl-immobilien-eu-re-max-immobilien-andreas-reindl-re-max-v%c3%b6cklabruck-und-re/ober%c3%b6sterreich/?firmaid=e5cd389a-b734-4a00-910d-223e96b437d9&standortid=3&standortname=ober%c3%b6sterreich%20%28bundesland%29&suchbegriff=immobilienverwalter,403,,,,0,0,
Reinhard Gigler,1,https://firmen.wko.at/reinhard-gigler/vorarlberg/?firmaid=98404062-51ad-4107-961a-84c8aa5ad056&standortid=8&standortname=vorarlberg%20%28bundesland%29&suchbegriff=immobilienverwalter,403,,,,0,0,
Reischauer Consulting GmbH,1,https://firmen.wko.at/reischauer-consulting-gmbh-unternehmensberatung-werbeagentur-immobilienentwicklung/ober%c3%b6sterreich/?firmaid=acd9c9ad-109b-4238-bc9d-0ad409607508&standortid=3&standortname=ober%c3%b6sterreich%20%28bundesland%29&suchbegriff=immobilienverwalter,403,,,,0,0,
REIWAG Facility Services GmbH,1,https://firmen.wko.at/reiwag-facility-services-gmbh/wien/?firmaid=ccd49180-ebb3-460d-a3e1-c311d3b25cf9&standortid=1&standortname=wien%20%28bundesland%29&suchbegriff=immobilienverwalter,403,,,,0,0,
RELESTA Immobilientreuhand GmbH,1,https://firmen.wko.at/relesta-immobilientreuhand-gmbh/vorarlberg/?firmaid=59fc3919-0434-410d-8cb1-31a242f34e21&standortid=8&standortname=vorarlberg%20%28bundesland%29&suchbegriff=immobilienverwalter,403,,,,0,0,
Rella Facility GmbH,1,https://firmen.wko.at/rella-facility-gmbh/wien/?firmaid=fe09ea7c-8975-478c-aa88-7a46ef352510&standortid=1&standortname=wien%20%28bundesland%29&suchbegriff=immobilienverwalter,403,,,,0,0,
REMplus GmbH,1,https://firmen.wko.at/remplus-gmbh/salzburg/?firmaid=a96a8907-6033-429d-9686-3cfdebae3b20&standortid=4&standortname=salzburg%20%28bundesland%29&suchbegriff=immobilienverwalter,200,,,,0,2823,
Renate Anna Krenn,1,https://firmen.wko.at/renate-anna-krenn/wien/?firmaid=bbe9ed8d-dc30-43dc-a522-6f2d164247c8&standortid=1&standortname=wien%20%28bundesland%29&suchbegriff=immobilienverwalter,403,,,,0,0,
Renate Rupp,1,https://firmen.wko.at/renate-rupp/wien/?firmaid=b75f55dc-d909-471f-8554-ecb2b6254746&standortid=1&standortname=wien%20%28bundesland%29&suchbegriff=immobilienverwalter,403,,,,0,0,
"Rene Christoph Fürntrath, BA, MA, MSc",1,https://firmen.wko.at/rene-christoph-f%c3%bcrntrath-ba-ma-msc/steiermark/?firmaid=5a710803-f231-4d39-ba43-8cbde7a77321&standortid=5&standortname=steiermark%20%28bundesland%29&suchbegriff=immobilienverwalter,403,,,,0,0,
Reos GmbH,1,https://firmen.wko.at/reos-gmbh/wien/?firmaid=7da31202-6701-4ea7-9738-ff8017d16662&standortid=1&standortname=wien%20%28bundesland%29&suchbegriff=immobilienverwalter,403,,,,0,0,
RES Immobilienverwaltung GmbH,1,https://firmen.wko.at/res-immobilienverwaltung-gmbh-res-immobilienverwaltung-gmbh/wien/?firmaid=65a232ee-baac-4ccf-a4fa-d120bd2ac7ec&standortid=1&standortname=wien%20%28bundesland%29&suchbegriff=immobilienverwalter,403,,,,0,0,
Reset Gruppe GmbH,1,https://firmen.wko.at/reset-gruppe-gmbh-reset-gruppe-gmbh/salzburg/?firmaid=7f0504b9-2515-4b0b-b2ae-371077479128&standortid=4&standortname=salzburg%20%28bundesland%29&suchbegriff=immobilienverwalter,200,56,exact,56 [exact] 08:00-17:00 Do 08:00-17:00 Fr 08:00-14:00 Sa geschlossen So geschlossen Per Mail jederzeit erreichbar unter office@reset-gruppe.at Unsere Zertifizierungen Über uns 2018 gegründet 56 Mitarbeiter Wir sind eine Unternehmensgruppe die hauptsächlich im Bereich der Denkmal- Fassaden- und Gebäudereinigung tätig ist. Vormals als Reset Reinigung OG bekannt wurde die Gruppe 2020 g,1,10945,
REV Realitäten Erhaltungs- und Verwaltungsgesellschaft m.b.H.,1,https://firmen.wko.at/rev-realit%c3%a4ten-erhaltungs-und-verwaltungsgesellschaft-mbh/wien/?firmaid=77a6cde9-3bf9-48fb-b478-52e1d63cd0b1&standortid=1&standortname=wien%20%28bundesland%29&suchbegriff=immobilienverwalter,403,,,,0,0,
Revital Immobilien GmbH,1,https://firmen.wko.at/revital-immobilien-gmbh/vorarlberg/?firmaid=cd238533-420c-45a6-aba6-5e2b6ca31160&standortid=8&standortname=vorarlberg%20%28bundesland%29&suchbegriff=immobilienverwalter,403,,,,0,0,
Revival Immobilien GmbH,1,https://firmen.wko.at/revival-immobilien-gmbh-immobilienverwalter-und-immobilienmakler/wien/?firmaid=078c5dc9-280d-4c65-be30-4ddcaac3eb54&standortid=1&standortname=wien%20%28bundesland%29&suchbegriff=immobilienverwalter,403,,,,0,0,
RG Beteiligungs GmbH,1,https://firmen.wko.at/rg-beteiligungs-gmbh/salzburg/?firmaid=763ec84f-961e-4020-aade-dfaf2d5a25fa&standortid=4&standortname=salzburg%20%28bundesland%29&suchbegriff=immobilienverwalter,200,,,,0,2833,
RH1 Immobilien GmbH,1,https://firmen.wko.at/rh1-immobilien-gmbh/steiermark/?firmaid=0efde20f-8a6e-4812-ad97-0fc13d4bac4c&standortid=5&standortname=steiermark%20%28bundesland%29&suchbegriff=immobilienverwalter,403,,,,0,0,
Riccabona Immobilien GmbH,1,https://firmen.wko.at/riccabona-immobilien-gmbh-immobilientreuh%c3%a4nder/tirol/?firmaid=5dcc678f-9851-4bec-bf1d-301c1971b55a&standortid=7&standortname=tirol%20%28bundesland%29&suchbegriff=immobilienverwalter,403,,,,0,0,
Richard Kvasnicka,1,https://firmen.wko.at/richard-kvasnicka-k-und-k-liegenschaftsverwaltung/wien/?firmaid=d0f5df7d-e1f3-43f1-b1ff-8ff48954c7a2&standortid=1&standortname=wien%20%28bundesland%29&suchbegriff=immobilienverwalter,403,,,,0,0,
Richter Immobilientreuhand GmbH,1,https://firmen.wko.at/richter-immobilientreuhand-gmbh/steiermark/?firmaid=191154b0-b4ec-474a-b8d4-7978acd21b61&standortid=5&standortname=steiermark%20%28bundesland%29&suchbegriff=immobilienverwalter,403,,,,0,0,
RIEDER Immobilien GesmbH,2,https://firmen.wko.at/rieder-immobilien-gesmbh/wien/?firmaid=4ca463a3-dd04-4f3a-9cbe-b10c10dbe1ab&standortid=1&standortname=wien%20%28bundesland%29&suchbegriff=immobilienverwalter,403,,,,0,0,
Riedergarten Immobilien Management GmbH,1,https://firmen.wko.at/riedergarten-immobilien-management-gmbh/k%c3%a4rnten/?firmaid=cbfc78f2-03c8-4b3b-ba0f-8903a2b4b13e&standortid=6&standortname=k%c3%a4rnten%20%28bundesland%29&suchbegriff=immobilienverwalter,403,,,,0,0,
Riefenthaler GmbH,1,https://firmen.wko.at/riefenthaler-gmbh/wien/?firmaid=3f92d924-0f9d-4b99-85f3-77f631479f57&standortid=1&standortname=wien%20%28bundesland%29&suchbegriff=immobilienverwalter,403,,,,0,0,
Riepl Pascal Immobilien GmbH,1,https://firmen.wko.at/riepl-pascal-immobilien-gmbh/wien/?firmaid=8ea2ada2-b3b9-451a-b08c-6696870c012f&standortid=1&standortname=wien%20%28bundesland%29&suchbegriff=immobilienverwalter,403,,,,0,0,
Riessbacher Hausverwaltung GmbH,1,https://firmen.wko.at/riessbacher-hausverwaltung-gmbh/wien/?firmaid=c3a118df-e737-4aec-bd01-1ab384f4fdf8&standortid=1&standortname=wien%20%28bundesland%29&suchbegriff=immobilienverwalter,403,,,,0,0,
Rihacek RealitätenService GmbH,2,https://firmen.wko.at/rihacek-realit%c3%a4tenservice-gmbh-realit%c3%a4tenservice-gmbh/wien/?firmaid=782a0f4c-901f-4562-bb1e-8795923e6daa&standortid=1&standortname=wien%20%28bundesland%29&suchbegriff=immobilienverwalter,403,,,,0,0,
Rimmo Immobilientreuhand Mag. Sichra KG,2,https://firmen.wko.at/rimmo-immobilientreuhand-mag-sichra-kg/wien/?firmaid=9aae8a9b-0b05-4ec5-bca1-ad58e1c8f2d9&standortid=1&standortname=wien%20%28bundesland%29&suchbegriff=immobilienverwalter,403,,,,0,0,
RIMMO Prime Hausverwaltung Nord GmbH,1,https://firmen.wko.at/rimmo-prime-hausverwaltung-nord-gmbh/steiermark/?firmaid=960037a0-3ca5-4990-bb9b-9a7dd7a4dfba&standortid=5&standortname=steiermark%20%28bundesland%29&suchbegriff=immobilienverwalter,403,,,,0,0,
RIMMO Prime Immobilienverwaltung GmbH,1,https://firmen.wko.at/rimmo-prime-immobilienverwaltung-gmbh/wien/?firmaid=1c2c09e9-f07d-4f30-944d-af4fe984bd50&standortid=1&standortname=wien%20%28bundesland%29&suchbegriff=immobilienverwalter,403,,,,0,0,
RIMMO Prime Real Property GmbH,1,https://firmen.wko.at/rimmo-prime-real-property-gmbh/wien/?firmaid=03a1738a-fbe6-40b0-9f26-39e3cf724795&standortid=1&standortname=wien%20%28bundesland%29&suchbegriff=immobilienverwalter,403,,,,0,0,
Rimo Immobilien GmbH,1,https://firmen.wko.at/rimo-immobilien-gmbh/vorarlberg/?firmaid=aa689a91-87ef-44fc-a674-a623e0fff406&standortid=8&standortname=vorarlberg%20%28bundesland%29&suchbegriff=immobilienverwalter,403,,,,0,0,
Rita Anna Kohler,1,https://firmen.wko.at/rita-anna-kohler-kohler-immobilien/vorarlberg/?firmaid=afe3f223-9cbf-462f-b976-b48011ec0b4b&standortid=8&standortname=vorarlberg%20%28bundesland%29&suchbegriff=immobilienverwalter,403,,,,0,0,
RIVOLA Immobilienverwaltung & Immobilienmakler GmbH,1,https://firmen.wko.at/rivola-immobilienverwaltung-und-immobilienmakler-gmbh/wien/?firmaid=f489e0de-09c6-41ba-8b5a-19e511bb2d51&standortid=1&standortname=wien%20%28bundesland%29&suchbegriff=immobilienverwalter,403,,,,0,0,
RKSK Holding GmbH,1,https://firmen.wko.at/rksk-holding-gmbh/wien/?firmaid=17b7fe2f-bf33-426c-ad06-9dc937dfef4f&standortid=1&standortname=wien%20%28bundesland%29&suchbegriff=immobilienverwalter,403,,,,0,0,
Robert Anton Friedrich Waisocher,1,https://firmen.wko.at/robert-anton-friedrich-waisocher/steiermark/?firmaid=78673394-93ba-46a3-a881-ab29ae5bbf47&standortid=5&standortname=steiermark%20%28bundesland%29&suchbegriff=immobilienverwalter,403,,,,0,0,
Robert Kalandra e.U.,3,https://firmen.wko.at/robert-kalandra-eu/wien/?firmaid=18af057d-47f1-476d-9e8e-db59e12c2cbc&standortid=1&standortname=wien%20%28bundesland%29&suchbegriff=immobilienverwalter,403,,,,0,0,
Robert Kracmar,1,https://firmen.wko.at/robert-kracmar/wien/?firmaid=46af299a-80c9-4bb3-8a59-fa9027a8c8fd&standortid=1&standortname=wien%20%28bundesland%29&suchbegriff=immobilienverwalter,403,,,,0,0,
Robert Riepl e.U.,1,https://firmen.wko.at/robert-riepl-eu/wien/?firmaid=450026d0-cd2c-469e-8d3b-fe49d485c7ae&standortid=1&standortname=wien%20%28bundesland%29&suchbegriff=immobilienverwalter,403,,,,0,0,
roegg holding gmbh,1,https://firmen.wko.at/roegg-holding-gmbh/k%c3%a4rnten/?firmaid=f5f49180-d1ef-4139-9ebe-bf83279db20b&standortid=6&standortname=k%c3%a4rnten%20%28bundesland%29&suchbegriff=immobilienverwalter,403,,,,0,0,
ROI Immobilientreuhand GmbH,1,https://firmen.wko.at/roi-immobilientreuhand-gmbh/wien/?firmaid=ad2a7e71-6520-4bfd-a78c-1ca846b85575&standortid=1&standortname=wien%20%28bundesland%29&suchbegriff=immobilienverwalter,403,,,,0,0,
Roman Alois Jöchl,1,https://firmen.wko.at/roman-alois-j%c3%b6chl/tirol/?firmaid=90b798a1-0389-4590-94c3-10a513ccd1f8&standortid=7&standortname=tirol%20%28bundesland%29&suchbegriff=immobilienverwalter,403,,,,0,0,
Rosemarie Lammer,1,https://firmen.wko.at/rosemarie-lammer/steiermark/?firmaid=d5b97b1e-8080-44a0-be28-ad9366b254d9&standortid=5&standortname=steiermark%20%28bundesland%29&suchbegriff=immobilienverwalter,403,,,,0,0,
Roßauer Lände 47-49 Liegenschaftsverwaltungs GmbH,1,https://firmen.wko.at/ro%c3%9fauer-l%c3%a4nde-47-49-liegenschaftsverwaltungs-gmbh/wien/?firmaid=6c8bb66a-336b-49a7-add8-104c95c7f62a&standortid=1&standortname=wien%20%28bundesland%29&suchbegriff=immobilienverwalter,403,,,,0,0,
Rossmann & Radlspöck Immobilienverwaltung GmbH,1,https://firmen.wko.at/rossmann-und-radlsp%c3%b6ck-immobilienverwaltung-gmbh/wien/?firmaid=54d59b50-5797-418d-a1df-7d8b78940041&standortid=1&standortname=wien%20%28bundesland%29&suchbegriff=immobilienverwalter,403,,,,0,0,
RST Realitäten-Service-Treuhand GmbH,1,https://firmen.wko.at/rst-realit%c3%a4ten-service-treuhand-gmbh/steiermark/?firmaid=0e9ae284-108a-40be-967e-5336173fa66b&standortid=5&standortname=steiermark%20%28bundesland%29&suchbegriff=immobilienverwalter,403,,,,0,0,
RUBINUS Immobilien Management GmbH & Co KG,1,https://firmen.wko.at/rubinus-immobilien-management-gmbh-und-co-kg-rubinus-immobilien/wien/?firmaid=91206057-d5fb-462d-9551-83c27981f2c6&standortid=1&standortname=wien%20%28bundesland%29&suchbegriff=immobilienverwalter,403,,,,0,0,
Rudolf Legler,1,https://firmen.wko.at/rudolf-legler-legler-real/wien/?firmaid=3f35aef1-da44-4c3c-84f1-168797efd7e3&standortid=1&standortname=wien%20%28bundesland%29&suchbegriff=immobilienverwalter,403,,,,0,0,
Rudolf Spitzer Immobilien GmbH,1,https://firmen.wko.at/rudolf-spitzer-immobilien-gmbh/wien/?firmaid=d7a85d9c-a6bb-4598-9c77-81e980ec9a3d&standortid=1&standortname=wien%20%28bundesland%29&suchbegriff=immobilienverwalter,403,,,,0,0,
Rudolf Stefan Brandstätter,1,https://firmen.wko.at/rudolf-stefan-brandst%c3%a4tter/k%c3%a4rnten/?firmaid=f932f602-c0ab-4093-a1d7-12036c6ae0e0&standortid=6&standortname=k%c3%a4rnten%20%28bundesland%29&suchbegriff=immobilienverwalter,403,,,,0,0,
Rudolf Steiner,1,https://firmen.wko.at/rudolf-steiner/tirol/?firmaid=52381ad0-bb11-4c84-9418-ca58049c824f&standortid=7&standortname=tirol%20%28bundesland%29&suchbegriff=immobilienverwalter,403,,,,0,0,
RUPERTUS Vermögensverwaltungs- und Beteiligungsgesellschaft m.b.H.,1,https://firmen.wko.at/rupertus-verm%c3%b6gensverwaltungs-und-beteiligungsgesellschaft-mbh/wien/?firmaid=a2426ba5-7467-4bf4-a7fd-4be6242963f9&standortid=1&standortname=wien%20%28bundesland%29&suchbegriff=immobilienverwalter,403,,,,0,0,
RVW GmbH,1,https://firmen.wko.at/rvw-gmbh/steiermark/?firmaid=9413f060-a842-49c7-ac0a-290171225ad4&standortid=5&standortname=steiermark%20%28bundesland%29&suchbegriff=immobilienverwalter,403,,,,0,0,
s IM Immobilien Management GmbH,1,https://firmen.wko.at/s-im-immobilien-management-gmbh/steiermark/?firmaid=14ec942d-34e7-495d-8720-1f7b24cb08f6&standortid=5&standortname=steiermark%20%28bundesland%29&suchbegriff=immobilienverwalter,403,,,,0,0,
S&A Immobilientreuhand GmbH,1,https://firmen.wko.at/sunda-immobilientreuhand-gmbh/steiermark/?firmaid=146f72cf-f8a1-40b7-a2a8-5cdf3d6b1702&standortid=5&standortname=steiermark%20%28bundesland%29&suchbegriff=immobilienverwalter,403,,,,0,0,
S-COMMERZ Immobilienvermittlung GmbH,1,https://firmen.wko.at/s-commerz-immobilienvermittlung-gmbh-s-commerz-immobilienvermittlung/nieder%c3%b6sterreich/?firmaid=8174ea0c-a359-4072-a215-888599992513&standortid=2&standortname=nieder%c3%b6sterreich%20%28bundesland%29&suchbegriff=immobilienverwalter,403,,,,0,0,
"S-Real, Realitätenvermittlungs- und -verwaltungs Gesellschaft m.b.H.",1,https://firmen.wko.at/s-real-realit%c3%a4tenvermittlungs-und-verwaltungs-gesellschaft-mbh-s-real-wiener-neustadt/nieder%c3%b6sterreich/?firmaid=8d6eb48b-a952-4e8b-bfc2-1fbc29f2a9db&standortid=2&standortname=nieder%c3%b6sterreich%20%28bundesland%29&suchbegriff=immobilienverwalter,403,,,,0,0,
S.O. Hausverwaltung GmbH,1,https://firmen.wko.at/so-hausverwaltung-gmbh/k%c3%a4rnten/?firmaid=1c1493d4-9675-4ce5-98be-6037d1100bae&standortid=6&standortname=k%c3%a4rnten%20%28bundesland%29&suchbegriff=immobilienverwalter,403,,,,0,0,
S.U.N. B1300 Zertifizierungs GmbH,1,https://firmen.wko.at/sun-b1300-zertifizierungs-gmbh/nieder%c3%b6sterreich/?firmaid=04e036c5-257f-4584-8d60-b0c5d5b8212b&standortid=2&standortname=nieder%c3%b6sterreich%20%28bundesland%29&suchbegriff=immobilienverwalter,403,,,,0,0,
S3G Immobilienverwaltung OG,1,https://firmen.wko.at/s3g-immobilienverwaltung-og-s3g-die-immoverwaltung/nieder%c3%b6sterreich/?firmaid=fa0aa03d-de98-4def-ac08-c22109e64b22&standortid=2&standortname=nieder%c3%b6sterreich%20%28bundesland%29&suchbegriff=immobilienverwalter,403,,,,0,0,
Saalfeldner Bauträger GmbH,1,https://firmen.wko.at/saalfeldner-bautr%c3%a4ger-gmbh/salzburg/?firmaid=0cb0425e-a8ab-4e50-96f0-5ea96291d97b&standortid=4&standortname=salzburg%20%28bundesland%29&suchbegriff=immobilienverwalter,200,,,,0,2860,
Sabo+Mandl & Tomaschek Immobilien GmbH,1,https://firmen.wko.at/sabomandl-und-tomaschek-immobilien-gmbh/wien/?firmaid=2dc15e46-bd71-4b0c-9b35-5e3feaac897c&standortid=1&standortname=wien%20%28bundesland%29&suchbegriff=immobilienverwalter,403,,,,0,0,
Sabrina Sacher,1,https://firmen.wko.at/sabrina-sacher/ober%c3%b6sterreich/?firmaid=4e1a5dbd-c5db-424c-87f4-43f13c96eecc&standortid=3&standortname=ober%c3%b6sterreich%20%28bundesland%29&suchbegriff=immobilienverwalter,403,,,,0,0,
Salinen Immobilien Gesellschaft m.b.H.,1,https://firmen.wko.at/salinen-immobilien-gesellschaft-mbh/ober%c3%b6sterreich/?firmaid=965c52fa-7ffe-48a6-9d66-df144be7dff1&standortid=3&standortname=ober%c3%b6sterreich%20%28bundesland%29&suchbegriff=immobilienverwalter,403,,,,0,0,
Salzburg Wohnbau GmbH,1,https://firmen.wko.at/salzburg-wohnbau-gmbh-immobilientreuh%c3%a4nder-immobilienmakler-immobilienverwalter/salzburg/?firmaid=73b2127c-dd25-4908-a82e-82bf680f9849&standortid=4&standortname=salzburg%20%28bundesland%29&suchbegriff=immobilienverwalter,200,107,exact,"107 [exact] 17:00 Di 08:00-12:00 12:30-17:00 Mi 08:00-12:00 12:30-17:00 Do 08:00-12:00 12:30-17:00 Fr 08:00-12:00 Sa geschlossen So geschlossen Unsere Zertifizierungen Über uns 2001 gegründet 107 Mitarbeiter Hinweis Unser Lehrbetriebsprofil in der WKO Lehrbetriebsübersicht Zur Lehrbetriebdetailseite Produktkataloge Erlaubte Tätigkeiten (Baumeister) Planung, Berechnung, Bauleitung, Bau",1,5323,
Sargant Immobilien e.U.,1,https://firmen.wko.at/sargant-immobilien-eu/vorarlberg/?firmaid=1de4b6d6-d0f3-4c0d-8497-71c25c86df02&standortid=8&standortname=vorarlberg%20%28bundesland%29&suchbegriff=immobilienverwalter,403,,,,0,0,
Satzer Immobilientreuhand e.U.,1,https://firmen.wko.at/satzer-immobilientreuhand-eu-immobilienmakler-und-immobilienverwalter/nieder%c3%b6sterreich/?firmaid=2e5a1c26-74f4-45a9-a998-9634d0a849bf&standortid=2&standortname=nieder%c3%b6sterreich%20%28bundesland%29&suchbegriff=immobilienverwalter,403,,,,0,0,
SAVONAROLA Baumanagement GmbH,1,https://firmen.wko.at/savonarola-baumanagement-gmbh/ober%c3%b6sterreich/?firmaid=14f3f9b9-017d-47d2-be56-08907bc1ef0f&standortid=3&standortname=ober%c3%b6sterreich%20%28bundesland%29&suchbegriff=immobilienverwalter,403,,,,0,0,
Schantl ITH Immobilientreuhand GmbH,1,https://firmen.wko.at/schantl-ith-immobilientreuhand-gmbh/steiermark/?firmaid=73a17c7d-58b2-4680-9152-ed57c88b9198&standortid=5&standortname=steiermark%20%28bundesland%29&suchbegriff=immobilienverwalter,403,,,,0,0,
Schibl Immobilien GmbH,1,https://firmen.wko.at/schibl-immobilien-gmbh/wien/?firmaid=297465d3-f4d1-4cc0-bac2-7d5304fdbc25&standortid=1&standortname=wien%20%28bundesland%29&suchbegriff=immobilienverwalter,403,,,,0,0,
Schlosser Gesellschaft m.b.H.,1,https://firmen.wko.at/schlosser-gesellschaft-mbh/wien/?firmaid=8841affd-e664-4d9b-9e84-e191a810e3d5&standortid=1&standortname=wien%20%28bundesland%29&suchbegriff=immobilienverwalter,403,,,,0,0,
Schmied Immobilien KG,1,https://firmen.wko.at/schmied-immobilien-kg-schmied-immobilien-kg/ober%c3%b6sterreich/?firmaid=12cc28f8-a510-4a02-881e-c89aeae516d4&standortid=3&standortname=ober%c3%b6sterreich%20%28bundesland%29&suchbegriff=immobilienverwalter,403,,,,0,0,
Schmied-SELINA Verwaltung GmbH,1,https://firmen.wko.at/schmied-selina-verwaltung-gmbh/ober%c3%b6sterreich/?firmaid=67115313-7b0f-405d-a520-d297a202b757&standortid=3&standortname=ober%c3%b6sterreich%20%28bundesland%29&suchbegriff=immobilienverwalter,403,,,,0,0,
SCHNELLINGER Immobilientreuhänder GmbH,1,https://firmen.wko.at/schnellinger-immobilientreuh%c3%a4nder-gmbh/salzburg/?firmaid=b336c210-f1a9-4d48-8e0d-2008835f357a&standortid=4&standortname=salzburg%20%28bundesland%29&suchbegriff=immobilienverwalter,200,,,,0,2697,
Scholz Immobilien Management GmbH,1,https://firmen.wko.at/scholz-immobilien-management-gmbh/wien/?firmaid=0bf1dd2f-2902-45cd-955d-f2036e87e1ae&standortid=1&standortname=wien%20%28bundesland%29&suchbegriff=immobilienverwalter,403,,,,0,0,
SCHRACK Immobilien Projekt Consulting Ges.m.b.H.,1,https://firmen.wko.at/schrack-immobilien-projekt-consulting-gesmbh/wien/?firmaid=534663ac-2163-4837-9ff6-8bbfb5d0b47f&standortid=1&standortname=wien%20%28bundesland%29&suchbegriff=immobilienverwalter,403,,,,0,0,
Schreibeis Immobilien GmbH,1,https://firmen.wko.at/schreibeis-immobilien-gmbh/nieder%c3%b6sterreich/?firmaid=132973b5-b5d2-42cb-8b1c-01433ef2a664&standortid=2&standortname=nieder%c3%b6sterreich%20%28bundesland%29&suchbegriff=immobilienverwalter,403,,,,0,0,
Schwaiger Planungs GmbH,1,https://firmen.wko.at/schwaiger-planungs-gmbh/salzburg/?firmaid=1633f328-f1f9-4e1d-bc89-717d4fa302c3&standortid=4&standortname=salzburg%20%28bundesland%29&suchbegriff=immobilienverwalter,200,,,,0,2579,
Schwarz Immobilientreuhand GmbH,1,https://firmen.wko.at/schwarz-immobilientreuhand-gmbh/salzburg/?firmaid=23ec42bb-a471-413c-8925-91569fd91753&standortid=4&standortname=salzburg%20%28bundesland%29&suchbegriff=immobilienverwalter,200,,,,0,2129,
Schwarzataler Immobilien Treuhandgesellschaft m.b.H.,1,https://firmen.wko.at/schwarzataler-immobilien-treuhandgesellschaft-mbh-schwarzataler-immobilien/nieder%c3%b6sterreich/?firmaid=3aef2f25-c51c-4c49-815f-d4ff5fffc84b&standortid=2&standortname=nieder%c3%b6sterreich%20%28bundesland%29&suchbegriff=immobilienverwalter,403,,,,0,0,
Schwechater Wohnbau GmbH,1,https://firmen.wko.at/schwechater-wohnbau-gmbh/nieder%c3%b6sterreich/?firmaid=b54d0812-fed9-412c-9e84-1b2ec8ab96e0&standortid=2&standortname=nieder%c3%b6sterreich%20%28bundesland%29&suchbegriff=immobilienverwalter,403,,,,0,0,
Schwetz Strategics GmbH,1,https://firmen.wko.at/schwetz-strategics-gmbh/wien/?firmaid=26b0d61e-d4f1-4b21-a1ff-4aca5303739a&standortid=1&standortname=wien%20%28bundesland%29&suchbegriff=immobilienverwalter,403,,,,0,0,
Schönberg Hausverwaltung GmbH,1,https://firmen.wko.at/sch%c3%b6nberg-hausverwaltung-gmbh/k%c3%a4rnten/?firmaid=98e9ff37-8d72-4a38-99f2-386e12be5ea8&standortid=6&standortname=k%c3%a4rnten%20%28bundesland%29&suchbegriff=immobilienverwalter,403,,,,0,0,
Schönberg Immobilientreuhand GmbH,1,https://firmen.wko.at/sch%c3%b6nberg-immobilientreuhand-gmbh-sch%c3%b6nberg-immobilien/steiermark/?firmaid=f3c23cfb-ea12-41ca-bff5-568a219f1f0e&standortid=5&standortname=steiermark%20%28bundesland%29&suchbegriff=immobilienverwalter,403,,,,0,0,
SCHÖNHAUS Immobilien GmbH,1,https://firmen.wko.at/sch%c3%96nhaus-immobilien-gmbh/wien/?firmaid=cd79eae6-8712-448f-9415-a016d88327f5&standortid=1&standortname=wien%20%28bundesland%29&suchbegriff=immobilienverwalter,403,,,,0,0,
SCN Management GmbH,1,https://firmen.wko.at/scn-management-gmbh/wien/?firmaid=ca01e0df-a8c6-42c3-8d19-31c0fe437567&standortid=1&standortname=wien%20%28bundesland%29&suchbegriff=immobilienverwalter,403,,,,0,0,
SDD Gebäudemanagement GmbH,1,https://firmen.wko.at/sdd-geb%c3%a4udemanagement-gmbh/wien/?firmaid=25f89424-f583-4b36-97ed-517585b59d70&standortid=1&standortname=wien%20%28bundesland%29&suchbegriff=immobilienverwalter,403,,,,0,0,
SE Facility Management OG,1,https://firmen.wko.at/se-facility-management-og-kufstein/tirol/?firmaid=b175b15e-46cc-4bc2-9869-9e8631d2ff9d&standortid=7&standortname=tirol%20%28bundesland%29&suchbegriff=immobilienverwalter,403,,,,0,0,
SECURITAS Hausverwaltungs GmbH,1,https://firmen.wko.at/securitas-hausverwaltungs-gmbh/tirol/?firmaid=f3b7f2d3-7d47-4926-8e6d-995c6f6e8a58&standortid=7&standortname=tirol%20%28bundesland%29&suchbegriff=immobilienverwalter,403,,,,0,0,
SEE.HAUS Weiden Betriebs GmbH,1,https://firmen.wko.at/seehaus-weiden-betriebs-gmbh/burgenland/?firmaid=0a6241f8-a7a9-402e-8600-1b8a87cf1253&standortid=9&standortname=burgenland%20%28bundesland%29&suchbegriff=immobilienverwalter,403,,,,0,0,
seeligsolutions e.U.,1,https://firmen.wko.at/seeligsolutions-eu-hausverwaltungen-und-unternehmensberatungen/tirol/?firmaid=a263d7f0-362f-41bd-ad5c-4cdc434cbe67&standortid=7&standortname=tirol%20%28bundesland%29&suchbegriff=immobilienverwalter,403,,,,0,0,
Seepark Weiden Verwaltungs- und Betriebsgesellschaft m.b.H.,1,https://firmen.wko.at/seepark-weiden-verwaltungs-und-betriebsgesellschaft-mbh-feriendorf-seepark-weiden/burgenland/?firmaid=b4d9989b-104e-4005-9785-7b72cb178cec&standortid=9&standortname=burgenland%20%28bundesland%29&suchbegriff=immobilienverwalter,403,,,,0,0,
Seifert Immobilien GmbH,1,https://firmen.wko.at/seifert-immobilien-gmbh/steiermark/?firmaid=92a6586b-57f9-4f07-9769-77b60d88a5a1&standortid=5&standortname=steiermark%20%28bundesland%29&suchbegriff=immobilienverwalter,403,,,,0,0,
Seiser GmbH,1,https://firmen.wko.at/seiser-gmbh/nieder%c3%b6sterreich/?firmaid=a7b3f896-a944-45ac-ab61-33dc83b59cae&standortid=2&standortname=nieder%c3%b6sterreich%20%28bundesland%29&suchbegriff=immobilienverwalter,403,,,,0,0,
SELINA Hausverwaltung u. Facility-Management GmbH,1,https://firmen.wko.at/selina-hausverwaltung-u-facility-management-gmbh/ober%c3%b6sterreich/?firmaid=e8721e18-5865-4785-8031-3924364e297c&standortid=3&standortname=ober%c3%b6sterreich%20%28bundesland%29&suchbegriff=immobilienverwalter,403,,,,0,0,
Selina Verwaltung und Gebäudemanagement GmbH,1,https://firmen.wko.at/selina-verwaltung-und-geb%c3%a4udemanagement-gmbh/salzburg/?firmaid=198ccb10-822e-4539-b43a-68ac27cec563&standortid=4&standortname=salzburg%20%28bundesland%29&suchbegriff=immobilienverwalter,200,,,,0,2909,
Sell&Stay Vermarktungs GmbH,1,https://firmen.wko.at/sellundstay-vermarktungs-gmbh/wien/?firmaid=da8e886c-a108-4bc7-b008-34c5635ff195&standortid=1&standortname=wien%20%28bundesland%29&suchbegriff=immobilienverwalter,403,,,,0,0,
SEMAG Beratungs- und Beteiligungs ges.m.b.H.,1,https://firmen.wko.at/semag-beratungs-und-beteiligungs-gesmbh/wien/?firmaid=3022f566-ea84-4ca6-ba52-1ffecc64039a&standortid=1&standortname=wien%20%28bundesland%29&suchbegriff=immobilienverwalter,403,,,,0,0,
Semmernegg Immobilien GmbH,1,https://firmen.wko.at/semmernegg-immobilien-gmbh/steiermark/?firmaid=e50bd482-f689-4da0-8ec8-c732893aa549&standortid=5&standortname=steiermark%20%28bundesland%29&suchbegriff=immobilienverwalter,403,,,,0,0,
Semper Immobilia GmbH,1,https://firmen.wko.at/semper-immobilia-gmbh/wien/?firmaid=f15b9ee7-3952-4808-8ce8-20e6d2c9c36f&standortid=1&standortname=wien%20%28bundesland%29&suchbegriff=immobilienverwalter,403,,,,0,0,
Semper Immobilia GmbH & Co KG,1,https://firmen.wko.at/semper-immobilia-gmbh-und-co-kg/wien/?firmaid=b2c9626f-eb77-4760-b8a1-83eecc9cd980&standortid=1&standortname=wien%20%28bundesland%29&suchbegriff=immobilienverwalter,403,,,,0,0,
SERIA Immobilien & Treuhand GmbH,1,https://firmen.wko.at/seria-immobilien-und-treuhand-gmbh-hausverwaltung-vermittlung-verkauf/steiermark/?firmaid=0e2d9d35-5d13-4736-b993-a3a09946b0a6&standortid=5&standortname=steiermark%20%28bundesland%29&suchbegriff=immobilienverwalter,403,,,,0,0,
SerioPro FlexCo,1,https://firmen.wko.at/seriopro-flexco-seriopro-hausverwaltung/tirol/?firmaid=ca834623-2c04-47d1-8d1a-6d1981b3c70f&standortid=7&standortname=tirol%20%28bundesland%29&suchbegriff=immobilienverwalter,403,,,,0,0,
SES Center Management GmbH,8,https://firmen.wko.at/ses-center-management-gmbh/salzburg/?firmaid=79f71352-b685-432e-bc8b-21f56895e524&standortid=4&standortname=salzburg%20%28bundesland%29&suchbegriff=immobilienverwalter,403,,,,0,0,
SF Bau KG,1,https://firmen.wko.at/sf-bau-kg/steiermark/?firmaid=59d74c6c-0a17-4b53-be3f-9fa22f3e4032&standortid=5&standortname=steiermark%20%28bundesland%29&suchbegriff=immobilienverwalter,403,,,,0,0,
Shopbörse Immoconsulting GmbH,1,https://firmen.wko.at/shopb%c3%b6rse-immoconsulting-gmbh-centerprise-group/wien/?firmaid=2e08e14b-5f46-4477-ac36-34d52f9be122&standortid=1&standortname=wien%20%28bundesland%29&suchbegriff=immobilienverwalter,403,,,,0,0,
SI-Schaflechner Immobilienverwaltung e.U.,1,https://firmen.wko.at/si-schaflechner-immobilienverwaltung-eu-immobilienverwaltung/k%c3%a4rnten/?firmaid=a7c198ea-bee0-468b-b701-f441d02e5b0a&standortid=6&standortname=k%c3%a4rnten%20%28bundesland%29&suchbegriff=immobilienverwalter,403,,,,0,0,
SIDE asset management GmbH,1,https://firmen.wko.at/side-asset-management-gmbh/wien/?firmaid=4c0cf2cb-2e2d-4950-832b-b37831b2863e&standortid=1&standortname=wien%20%28bundesland%29&suchbegriff=immobilienverwalter,403,,,,0,0,
Sieglinde Zarnhofer,1,https://firmen.wko.at/sieglinde-zarnhofer-immobilientreuh%c3%a4nder/salzburg/?firmaid=0b565d07-7aa1-4016-9cc3-531936972044&standortid=4&standortname=salzburg%20%28bundesland%29&suchbegriff=immobilienverwalter,200,,,,0,2921,
Siemens Aktiengesellschaft Österreich,1,https://firmen.wko.at/siemens-aktiengesellschaft-%c3%96sterreich/wien/?firmaid=088db3f9-eb2a-442b-89ab-298051ea16b5&standortid=1&standortname=wien%20%28bundesland%29&suchbegriff=immobilienverwalter,403,,,,0,0,
Signitas Immobilien GmbH,1,https://firmen.wko.at/signitas-immobilien-gmbh/ober%c3%b6sterreich/?firmaid=a55fa2d4-4e96-4ac6-b2c5-0476c0406f8c&standortid=3&standortname=ober%c3%b6sterreich%20%28bundesland%29&suchbegriff=immobilienverwalter,403,,,,0,0,
Siller Real Estate Holding GmbH,1,https://firmen.wko.at/siller-real-estate-holding-gmbh/k%c3%a4rnten/?firmaid=421196f8-5006-450a-966c-7782377b89cd&standortid=6&standortname=k%c3%a4rnten%20%28bundesland%29&suchbegriff=immobilienverwalter,403,,,,0,0,
Silver Panther Immo GmbH,1,https://firmen.wko.at/silver-panther-immo-gmbh/steiermark/?firmaid=3115ce68-99dc-455e-ad25-a470064ea9be&standortid=5&standortname=steiermark%20%28bundesland%29&suchbegriff=immobilienverwalter,403,,,,0,0,
Silvia Bischof,1,https://firmen.wko.at/silvia-bischof-immo-existentia/vorarlberg/?firmaid=fa4d6e60-5fc0-4e25-a246-b2a7289492dd&standortid=8&standortname=vorarlberg%20%28bundesland%29&suchbegriff=immobilienverwalter,403,,,,0,0,
SIMA Immobilien GmbH,1,https://firmen.wko.at/sima-immobilien-gmbh/vorarlberg/?firmaid=23582085-ac39-4f6c-8117-c9390f55a29d&standortid=8&standortname=vorarlberg%20%28bundesland%29&suchbegriff=immobilienverwalter,403,,,,0,0,
Simmo Real GmbH,1,https://firmen.wko.at/simmo-real-gmbh/nieder%c3%b6sterreich/?firmaid=7133f94f-406f-43c4-928e-51f982382cec&standortid=2&standortname=nieder%c3%b6sterreich%20%28bundesland%29&suchbegriff=immobilienverwalter,403,,,,0,0,
Simon Kain KG,1,https://firmen.wko.at/simon-kain-kg/ober%c3%b6sterreich/?firmaid=aede043f-5ea1-4b1e-9018-5a1f7f9e9318&standortid=3&standortname=ober%c3%b6sterreich%20%28bundesland%29&suchbegriff=immobilienverwalter,403,,,,0,0,
SIMPLEX Immobilientreuhand GmbH,1,https://firmen.wko.at/simplex-immobilientreuhand-gmbh-immobilienverwaltung/vorarlberg/?firmaid=3335d6c5-c188-49e8-aa5d-7a200ca0b39a&standortid=8&standortname=vorarlberg%20%28bundesland%29&suchbegriff=immobilienverwalter,403,,,,0,0,
Sirius Immobilien GmbH,1,https://firmen.wko.at/sirius-immobilien-gmbh/ober%c3%b6sterreich/?firmaid=f576b145-2145-4c92-98d5-a42a5f1da12b&standortid=3&standortname=ober%c3%b6sterreich%20%28bundesland%29&suchbegriff=immobilienverwalter,403,,,,0,0,
Sittler Consulting GmbH,1,https://firmen.wko.at/sittler-consulting-gmbh/wien/?firmaid=bb7e0872-75f1-442a-a379-49023d42810a&standortid=1&standortname=wien%20%28bundesland%29&suchbegriff=immobilienverwalter,403,,,,0,0,
SITUP Management KG,1,https://firmen.wko.at/situp-management-kg/salzburg/?firmaid=b2beca64-7332-4333-bf73-ad77d2db560d&standortid=4&standortname=salzburg%20%28bundesland%29&suchbegriff=immobilienverwalter,200,,,,0,1967,
SIU Liegenschaftsverwaltung GmbH,1,https://firmen.wko.at/siu-liegenschaftsverwaltung-gmbh/wien/?firmaid=262d9ef5-bd4a-49b2-9974-153f62af8452&standortid=1&standortname=wien%20%28bundesland%29&suchbegriff=immobilienverwalter,403,,,,0,0,
SK - Immobiliengesellschaft m.b.H.,1,https://firmen.wko.at/sk-immobiliengesellschaft-mbh/nieder%c3%b6sterreich/?firmaid=79e57f26-bd22-450a-9a72-4c36d8668f89&standortid=2&standortname=nieder%c3%b6sterreich%20%28bundesland%29&suchbegriff=immobilienverwalter,403,,,,0,0,
SKH Hausverwaltung GmbH,1,https://firmen.wko.at/skh-hausverwaltung-gmbh/ober%c3%b6sterreich/?firmaid=d43ad2f9-2e05-4a49-b423-7d8e1bf06b35&standortid=3&standortname=ober%c3%b6sterreich%20%28bundesland%29&suchbegriff=immobilienverwalter,403,,,,0,0,
skpr Hausverwaltung GmbH & Co KG,1,https://firmen.wko.at/skpr-hausverwaltung-gmbh-und-co-kg/wien/?firmaid=8291902a-39d5-41c8-887c-cfdc6115ab5d&standortid=1&standortname=wien%20%28bundesland%29&suchbegriff=immobilienverwalter,403,,,,0,0,
smart Immobilienmanagement GmbH,1,https://firmen.wko.at/smart-immobilienmanagement-gmbh/wien/?firmaid=43a3262d-0fe1-4295-92d5-cfabf4a838f9&standortid=1&standortname=wien%20%28bundesland%29&suchbegriff=immobilienverwalter,403,,,,0,0,
SMG Facility Management GmbH,1,https://firmen.wko.at/smg-facility-management-gmbh/steiermark/?firmaid=bb3c19e0-bdcb-4553-9c16-216e7ec252f2&standortid=5&standortname=steiermark%20%28bundesland%29&suchbegriff=immobilienverwalter,403,,,,0,0,
SOB Bauträger GmbH,1,https://firmen.wko.at/sob-bautr%c3%a4ger-gmbh/steiermark/?firmaid=b30bd92b-51e1-4e54-abf0-650673c95ef1&standortid=5&standortname=steiermark%20%28bundesland%29&suchbegriff=immobilienverwalter,403,,,,0,0,
Soller Immobilienverwaltung GmbH,1,https://firmen.wko.at/soller-immobilienverwaltung-gmbh/vorarlberg/?firmaid=d4c4545c-496d-4426-b5d2-b10c74901528&standortid=8&standortname=vorarlberg%20%28bundesland%29&suchbegriff=immobilienverwalter,403,,,,0,0,
SPA & GOLF RESORT Bad Waltersdorf GmbH,1,https://firmen.wko.at/spa-und-golf-resort-bad-waltersdorf-gmbh/steiermark/?firmaid=21241acf-3396-4482-ac09-0b998ec63dfb&standortid=5&standortname=steiermark%20%28bundesland%29&suchbegriff=immobilienverwalter,403,,,,0,0,
Spatz Immobilien GmbH,1,https://firmen.wko.at/spatz-immobilien-gmbh/wien/?firmaid=e7b74a8f-bef0-4882-9e80-55fcb9f23486&standortid=1&standortname=wien%20%28bundesland%29&suchbegriff=immobilienverwalter,403,,,,0,0,
SPERER Immobilien GmbH,1,https://firmen.wko.at/sperer-immobilien-gmbh/ober%c3%b6sterreich/?firmaid=27dd8931-aaeb-470d-82cf-4c94346282ac&standortid=3&standortname=ober%c3%b6sterreich%20%28bundesland%29&suchbegriff=immobilienverwalter,403,,,,0,0,
Spiegelfeld Immobilien GmbH,1,https://firmen.wko.at/spiegelfeld-immobilien-gmbh-spiegelfeld-immobilien/wien/?firmaid=8d040ee8-5660-4c84-a68d-25a7ba0d5d76&standortid=1&standortname=wien%20%28bundesland%29&suchbegriff=immobilienverwalter,403,,,,0,0,
Spiti Immobilien GmbH,1,https://firmen.wko.at/spiti-immobilien-gmbh/steiermark/?firmaid=a0ce20ee-5a35-4af6-9695-a0f7eb246a5d&standortid=5&standortname=steiermark%20%28bundesland%29&suchbegriff=immobilienverwalter,403,,,,0,0,
SPK OÖ Immobilien GmbH,1,https://firmen.wko.at/spk-o%c3%96-immobilien-gmbh/ober%c3%b6sterreich/?firmaid=eee770e4-0e83-41f3-9752-3ed7d76ede43&standortid=3&standortname=ober%c3%b6sterreich%20%28bundesland%29&suchbegriff=immobilienverwalter,403,,,,0,0,
SPK OÖ M2 Immobilien GmbH,1,https://firmen.wko.at/spk-o%c3%96-m2-immobilien-gmbh/ober%c3%b6sterreich/?firmaid=327b279c-efe8-4041-8e61-110c3e4c3a1e&standortid=3&standortname=ober%c3%b6sterreich%20%28bundesland%29&suchbegriff=immobilienverwalter,403,,,,0,0,
Spree Verwaltung GmbH,1,https://firmen.wko.at/spree-verwaltung-gmbh/ober%c3%b6sterreich/?firmaid=345e5546-d3d2-4085-862d-07459c9a0d6d&standortid=3&standortname=ober%c3%b6sterreich%20%28bundesland%29&suchbegriff=immobilienverwalter,403,,,,0,0,
Stadt Wien - Wiener Wohnen Kundenservice GmbH,3,https://firmen.wko.at/stadt-wien-wiener-wohnen-kundenservice-gmbh/wien/?firmaid=6d3a9567-4ce0-428f-8f49-1cf77a313b02&standortid=1&standortname=wien%20%28bundesland%29&suchbegriff=immobilienverwalter,403,,,,0,0,
Stadt-Immobilien-Gesellschaft St.Veit/Glan GmbH,1,https://firmen.wko.at/stadt-immobilien-gesellschaft-stveit-glan-gmbh/k%c3%a4rnten/?firmaid=ce4e9bc9-e7d1-43a5-97e2-5213c4aa6bbc&standortid=6&standortname=k%c3%a4rnten%20%28bundesland%29&suchbegriff=immobilienverwalter,403,,,,0,0,
Stadtgemeinde Gmünd,1,https://firmen.wko.at/stadtgemeinde-gm%c3%bcnd/nieder%c3%b6sterreich/?firmaid=1275d06b-d649-4d58-a555-1fa092bf932a&standortid=2&standortname=nieder%c3%b6sterreich%20%28bundesland%29&suchbegriff=immobilienverwalter,403,,,,0,0,
Stefan Grach,1,https://firmen.wko.at/stefan-grach/steiermark/?firmaid=608de71d-8245-4566-8cbf-29804125d55b&standortid=5&standortname=steiermark%20%28bundesland%29&suchbegriff=immobilienverwalter,403,,,,0,0,
Stefan Stocker,1,https://firmen.wko.at/stefan-stocker-immobilientreuh%c3%a4nder-finanzdienstleistung/wien/?firmaid=024b0e5a-fa14-4a6a-95c6-3061c89686ae&standortid=1&standortname=wien%20%28bundesland%29&suchbegriff=immobilienverwalter,403,,,,0,0,
Steffan Bruckner,1,https://firmen.wko.at/steffan-bruckner-immobilienverwaltung/nieder%c3%b6sterreich/?firmaid=5b42d94d-b95f-4f84-89e5-9d833542e2b8&standortid=2&standortname=nieder%c3%b6sterreich%20%28bundesland%29&suchbegriff=immobilienverwalter,403,,,,0,0,
Stegbuchner Hausverwaltung GmbH,1,https://firmen.wko.at/stegbuchner-hausverwaltung-gmbh/ober%c3%b6sterreich/?firmaid=58da5a31-c176-4408-89ac-2ffb838fef7e&standortid=3&standortname=ober%c3%b6sterreich%20%28bundesland%29&suchbegriff=immobilienverwalter,403,,,,0,0,
Steinbauer Bau- und Immobilientreuhand GmbH,1,https://firmen.wko.at/steinbauer-bau-und-immobilientreuhand-gmbh-baumeister-bautr%c3%a4ger-immobilienmakler-immobilienverwalter/wien/?firmaid=e1b0e8a8-93ad-4dcc-959b-78fb067877db&standortid=1&standortname=wien%20%28bundesland%29&suchbegriff=immobilienverwalter,403,,,,0,0,
Steinbock Immobilien GmbH & CoKG,1,https://firmen.wko.at/steinbock-immobilien-gmbh-und-cokg/tirol/?firmaid=dac01aa1-b62f-430c-9c39-f6ffdb1563b2&standortid=7&standortname=tirol%20%28bundesland%29&suchbegriff=immobilienverwalter,403,,,,0,0,
Steiner & Wanner Wohnbau Gesellschaft mbH,1,https://firmen.wko.at/steiner-und-wanner-wohnbau-gesellschaft-mbh/salzburg/?firmaid=51b807e5-2854-4fc0-83ec-7e2aead60da6&standortid=4&standortname=salzburg%20%28bundesland%29&suchbegriff=immobilienverwalter,200,,,,0,4012,
Steinkogler Immobilientreuhand GmbH,2,https://firmen.wko.at/steinkogler-immobilientreuhand-gmbh/tirol/?firmaid=73f0eccf-ccca-4d13-b87a-42afb825dda7&standortid=7&standortname=tirol%20%28bundesland%29&suchbegriff=immobilienverwalter,403,,,,0,0,
Steinkogler Projektentwicklungs GmbH,1,https://firmen.wko.at/steinkogler-projektentwicklungs-gmbh/ober%c3%b6sterreich/?firmaid=abffe50e-1c04-4c53-9462-f6b330df9eec&standortid=3&standortname=ober%c3%b6sterreich%20%28bundesland%29&suchbegriff=immobilienverwalter,403,,,,0,0,
Steinkogler Wohnbau und Vermietungs GmbH,1,https://firmen.wko.at/steinkogler-wohnbau-und-vermietungs-gmbh/ober%c3%b6sterreich/?firmaid=f9e8c3ad-bce1-4320-90e0-68ce7adb7ba0&standortid=3&standortname=ober%c3%b6sterreich%20%28bundesland%29&suchbegriff=immobilienverwalter,403,,,,0,0,
Steirische Wirtschaftsförderungsgesellschaft m.b.H.,1,https://firmen.wko.at/steirische-wirtschaftsf%c3%b6rderungsgesellschaft-mbh/steiermark/?firmaid=cca256c3-4cbd-432a-bf9d-1277ba730c7f&standortid=5&standortname=steiermark%20%28bundesland%29&suchbegriff=immobilienverwalter,403,,,,0,0,
STIA Immo GmbH,1,https://firmen.wko.at/stia-immo-gmbh/steiermark/?firmaid=3e363b6c-43db-4478-b89c-0a4379ea52ba&standortid=5&standortname=steiermark%20%28bundesland%29&suchbegriff=immobilienverwalter,403,,,,0,0,
Stieglmayer Gebäudeverwaltung e.U.,1,https://firmen.wko.at/stieglmayer-geb%c3%a4udeverwaltung-eu/wien/?firmaid=2fc237c5-3bb9-4fd9-a16b-2c3f2593de9b&standortid=1&standortname=wien%20%28bundesland%29&suchbegriff=immobilienverwalter,403,,,,0,0,
Stiller & Hohla Immobilientreuhänder GmbH,1,https://firmen.wko.at/stiller-und-hohla-immobilientreuh%c3%a4nder-gmbh/salzburg/?firmaid=7a1bd960-03ae-4c71-a887-9adeda32eef0&standortid=4&standortname=salzburg%20%28bundesland%29&suchbegriff=immobilienverwalter,200,,,,0,4038,
Stingl Immobilien GmbH,1,https://firmen.wko.at/stingl-immobilien-gmbh/wien/?firmaid=a2307aee-c13d-4365-aa39-1ac330e76598&standortid=1&standortname=wien%20%28bundesland%29&suchbegriff=immobilienverwalter,403,,,,0,0,
STRABAG BRVZ GmbH,2,https://firmen.wko.at/strabag-brvz-gmbh/k%c3%a4rnten/?firmaid=d1ccf6a0-65b3-496b-827d-072ba99a7852&standortid=6&standortname=k%c3%a4rnten%20%28bundesland%29&suchbegriff=immobilienverwalter,403,,,,0,0,
STRABAG Property and Facility Services GmbH,1,https://firmen.wko.at/strabag-property-and-facility-services-gmbh/wien/?firmaid=fbeabe35-12a5-4bf9-931b-0bfc5bb85e79&standortid=1&standortname=wien%20%28bundesland%29&suchbegriff=immobilienverwalter,403,,,,0,0,
Stricker Beteiligungs GmbH,1,https://firmen.wko.at/stricker-beteiligungs-gmbh/salzburg/?firmaid=e1bf3826-a11a-4e1d-966e-85906c37673f&standortid=4&standortname=salzburg%20%28bundesland%29&suchbegriff=immobilienverwalter,200,,,,0,2032,
Strohmaier Holding GmbH,1,https://firmen.wko.at/strohmaier-holding-gmbh/steiermark/?firmaid=d7a18e0f-0d26-4bd1-b862-79b6797975b3&standortid=5&standortname=steiermark%20%28bundesland%29&suchbegriff=immobilienverwalter,403,,,,0,0,
Stüger Immobilientreuhänder e.U.,1,https://firmen.wko.at/st%c3%bcger-immobilientreuh%c3%a4nder-eu-st%c3%bcger-immobilientreuh%c3%a4nder/ober%c3%b6sterreich/?firmaid=985be17a-1c9a-4cef-9a40-28b404c76c5d&standortid=3&standortname=ober%c3%b6sterreich%20%28bundesland%29&suchbegriff=immobilienverwalter,403,,,,0,0,
Substantia GmbH,1,https://firmen.wko.at/substantia-gmbh/nieder%c3%b6sterreich/?firmaid=dfaa5e1c-d79d-4006-9b1f-52e1d45758fc&standortid=2&standortname=nieder%c3%b6sterreich%20%28bundesland%29&suchbegriff=immobilienverwalter,403,,,,0,0,
Supernova Invest GmbH,1,https://firmen.wko.at/supernova-invest-gmbh/steiermark/?firmaid=67cb3908-ab37-401e-bacf-b2226a9e2757&standortid=5&standortname=steiermark%20%28bundesland%29&suchbegriff=immobilienverwalter,403,,,,0,0,
Susanna Pichl-Patak e.U.,1,https://firmen.wko.at/susanna-pichl-patak-eu-immobilien-pichl/wien/?firmaid=c174955e-457f-4cf5-95bf-d2435896e6da&standortid=1&standortname=wien%20%28bundesland%29&suchbegriff=immobilienverwalter,403,,,,0,0,
Susanne Pigel,1,https://firmen.wko.at/susanne-pigel/wien/?firmaid=527fc2c2-add5-4202-8816-44ad641e81f0&standortid=1&standortname=wien%20%28bundesland%29&suchbegriff=immobilienverwalter,403,,,,0,0,
SUSNJARA Immobilientreuhand GmbH,1,https://firmen.wko.at/susnjara-immobilientreuhand-gmbh/nieder%c3%b6sterreich/?firmaid=718e381c-ec92-4e91-8ca7-3ddca7a7fac5&standortid=2&standortname=nieder%c3%b6sterreich%20%28bundesland%29&suchbegriff=immobilienverwalter,403,,,,0,0,
SV Dr. Heinz Muhr GmbH,1,https://firmen.wko.at/sv-dr-heinz-muhr-gmbh/wien/?firmaid=3083b585-3f11-40c5-9ab5-99af4f4c188e&standortid=1&standortname=wien%20%28bundesland%29&suchbegriff=immobilienverwalter,403,,,,0,0,
SWB Real GmbH,1,https://firmen.wko.at/swb-real-gmbh/salzburg/?firmaid=7144f75f-2006-4277-b6af-6d3b91e7d924&standortid=4&standortname=salzburg%20%28bundesland%29&suchbegriff=immobilienverwalter,200,,,,0,3520,
Szabina Haiderer,1,https://firmen.wko.at/szabina-haiderer/nieder%c3%b6sterreich/?firmaid=7222bd7a-1114-4563-8a4d-852aaf756cf9&standortid=2&standortname=nieder%c3%b6sterreich%20%28bundesland%29&suchbegriff=immobilienverwalter,403,,,,0,0,
Tabakfabrik Linz Entwicklungs- und Betriebsgesellschaft mbH,1,https://firmen.wko.at/tabakfabrik-linz-entwicklungs-und-betriebsgesellschaft-mbh/ober%c3%b6sterreich/?firmaid=df0251fa-a6a5-4fcd-8f45-53dcd9b8babf&standortid=3&standortname=ober%c3%b6sterreich%20%28bundesland%29&suchbegriff=immobilienverwalter,403,,,,0,0,
team19 Wohnservice GmbH,1,https://firmen.wko.at/team19-wohnservice-gmbh/wien/?firmaid=f6c170f5-3589-4d84-a549-3e5725880fb6&standortid=1&standortname=wien%20%28bundesland%29&suchbegriff=immobilienverwalter,403,,,,0,0,
Teamwork Gebäudeservice GmbH,1,https://firmen.wko.at/teamwork-geb%c3%a4udeservice-gmbh/wien/?firmaid=b4add91e-1334-41a9-8a31-0c10654655e0&standortid=1&standortname=wien%20%28bundesland%29&suchbegriff=immobilienverwalter,403,,,,0,0,
Technopark Raaba Projektentwicklung GmbH,1,https://firmen.wko.at/technopark-raaba-projektentwicklung-gmbh-technopark-raaba-holding/steiermark/?firmaid=e5e35b96-7c14-4d28-8dc5-057bdd2499ef&standortid=5&standortname=steiermark%20%28bundesland%29&suchbegriff=immobilienverwalter,403,,,,0,0,
TELLUS Realitäten GmbH,1,https://firmen.wko.at/tellus-realit%c3%a4ten-gmbh/ober%c3%b6sterreich/?firmaid=5eaec339-c7b5-43bf-bb75-932aa8ffff6f&standortid=3&standortname=ober%c3%b6sterreich%20%28bundesland%29&suchbegriff=immobilienverwalter,403,,,,0,0,
Telser & Treffer Immobilienverwaltung OG,1,https://firmen.wko.at/telser-und-treffer-immobilienverwaltung-og/tirol/?firmaid=97921c5d-860f-4422-9909-8f39a8b19528&standortid=7&standortname=tirol%20%28bundesland%29&suchbegriff=immobilienverwalter,403,,,,0,0,
Terra Immobilien Gesellschaft m.b.H.,2,https://firmen.wko.at/terra-immobilien-gesellschaft-mbh/tirol/?firmaid=7b8c6cff-7954-4b9d-8daa-5f01ed4aa320&standortid=7&standortname=tirol%20%28bundesland%29&suchbegriff=immobilienverwalter,403,,,,0,0,
Terra Managementberatung und Liegenschaftsverwaltung GmbH,1,https://firmen.wko.at/terra-managementberatung-und-liegenschaftsverwaltung-gmbh/wien/?firmaid=15648758-7d58-4806-8b05-47ddb4ea0a33&standortid=1&standortname=wien%20%28bundesland%29&suchbegriff=immobilienverwalter,403,,,,0,0,
TFM Bau GmbH,1,https://firmen.wko.at/tfm-bau-gmbh/salzburg/?firmaid=a887f936-a868-4f30-94f1-286b64a59575&standortid=4&standortname=salzburg%20%28bundesland%29&suchbegriff=immobilienverwalter,200,,,,0,4842,
Thomann & Partner Immobilienverwaltung KG,1,https://firmen.wko.at/thomann-und-partner-immobilienverwaltung-kg/steiermark/?firmaid=4487db5b-7f68-433e-ac79-587513b1c382&standortid=5&standortname=steiermark%20%28bundesland%29&suchbegriff=immobilienverwalter,403,,,,0,0,
Thomas Johannes Hafner,1,https://firmen.wko.at/thomas-johannes-hafner/steiermark/?firmaid=74a77af7-7337-457a-bca0-78d6bde97887&standortid=5&standortname=steiermark%20%28bundesland%29&suchbegriff=immobilienverwalter,403,,,,0,0,
Thomas Josef Grasl,1,https://firmen.wko.at/thomas-josef-grasl-grasl-immobilien/tirol/?firmaid=62f53fec-56a7-4472-874a-a681ddc69293&standortid=7&standortname=tirol%20%28bundesland%29&suchbegriff=immobilienverwalter,403,,,,0,0,
Thomas Manfred Posch,1,https://firmen.wko.at/thomas-manfred-posch-immobilienverwaltung-und-immobilienvermittlung/wien/?firmaid=6f9a9ece-0693-43cb-83a8-609eb9d6ef92&standortid=1&standortname=wien%20%28bundesland%29&suchbegriff=immobilienverwalter,403,,,,0,0,
Thomas Priemayer,1,https://firmen.wko.at/thomas-priemayer/wien/?firmaid=12f1c526-a51e-4218-9364-0355dd211ec2&standortid=1&standortname=wien%20%28bundesland%29&suchbegriff=immobilienverwalter,403,,,,0,0,
Thomas Sassin,1,https://firmen.wko.at/thomas-sassin/tirol/?firmaid=c9061478-4dde-47dc-9821-f7d6a696fcef&standortid=7&standortname=tirol%20%28bundesland%29&suchbegriff=immobilienverwalter,403,,,,0,0,
"Thomas Schanda, M.A.",1,https://firmen.wko.at/thomas-schanda-ma/nieder%c3%b6sterreich/?firmaid=9f3c8405-2eaf-43a7-8ddf-0bfedf06062f&standortid=2&standortname=nieder%c3%b6sterreich%20%28bundesland%29&suchbegriff=immobilienverwalter,403,,,,0,0,
Thomas Schmaus,1,https://firmen.wko.at/thomas-schmaus/wien/?firmaid=44905bf1-4172-4a6e-9f48-8eae81f486d9&standortid=1&standortname=wien%20%28bundesland%29&suchbegriff=immobilienverwalter,403,,,,0,0,
"Thomas Stangl, BA",1,https://firmen.wko.at/thomas-stangl-ba/wien/?firmaid=4d8ad805-8954-40fe-8502-4cb40309d97e&standortid=1&standortname=wien%20%28bundesland%29&suchbegriff=immobilienverwalter,403,,,,0,0,
"Thomas Weselsky, Gebäudeverwaltung Gesellschaft m.b.H.",1,https://firmen.wko.at/thomas-weselsky-geb%c3%a4udeverwaltung-gesellschaft-mbh/wien/?firmaid=cc0f5072-bb47-4b83-ab18-2b04c8b956db&standortid=1&standortname=wien%20%28bundesland%29&suchbegriff=immobilienverwalter,403,,,,0,0,
Thurn & Bauer Hausverwaltung GmbH,1,https://firmen.wko.at/thurn-und-bauer-hausverwaltung-gmbh/wien/?firmaid=2ff1793f-e754-4c04-bad6-3913bba1aabd&standortid=1&standortname=wien%20%28bundesland%29&suchbegriff=immobilienverwalter,403,,,,0,0,
THW I.MOTION GmbH,1,https://firmen.wko.at/thw-imotion-gmbh/tirol/?firmaid=e6763508-ac9e-4611-9685-fb374917c2ed&standortid=7&standortname=tirol%20%28bundesland%29&suchbegriff=immobilienverwalter,403,,,,0,0,
Tieber Immobilien GmbH,1,https://firmen.wko.at/tieber-immobilien-gmbh/steiermark/?firmaid=b7f18eb5-df77-43be-a820-1730a8b8961b&standortid=5&standortname=steiermark%20%28bundesland%29&suchbegriff=immobilienverwalter,403,,,,0,0,
Tietze Immobilien GmbH,1,https://firmen.wko.at/tietze-immobilien-gmbh/wien/?firmaid=2f9e2cc7-9ad6-4753-8d42-2a18e391d6d9&standortid=1&standortname=wien%20%28bundesland%29&suchbegriff=immobilienverwalter,403,,,,0,0,
Tiroler Kommunalbau Entwicklungs- und Errichtungs GmbH,1,https://firmen.wko.at/tiroler-kommunalbau-entwicklungs-und-errichtungs-gmbh/tirol/?firmaid=33447c86-15b7-465f-8c6e-7052c438dd95&standortid=7&standortname=tirol%20%28bundesland%29&suchbegriff=immobilienverwalter,403,,,,0,0,
TIV Tiroler Immobilien und Vertriebs GmbH,1,https://firmen.wko.at/tiv-tiroler-immobilien-und-vertriebs-gmbh/tirol/?firmaid=6af2aa29-d20f-4870-9a2a-564aaaf9e285&standortid=7&standortname=tirol%20%28bundesland%29&suchbegriff=immobilienverwalter,403,,,,0,0,
TKKT Hausverwaltung KG,1,https://firmen.wko.at/tkkt-hausverwaltung-kg/wien/?firmaid=c14af2d1-7dbb-43c5-970b-2fafe5a2c451&standortid=1&standortname=wien%20%28bundesland%29&suchbegriff=immobilienverwalter,403,,,,0,0,
TLV Tiroler Liegenschaftsverwaltung Gesellschaft m.b.H.,1,https://firmen.wko.at/tlv-tiroler-liegenschaftsverwaltung-gesellschaft-mbh/tirol/?firmaid=362cc8a3-3256-4df2-a1fa-32d1e60a0036&standortid=7&standortname=tirol%20%28bundesland%29&suchbegriff=immobilienverwalter,403,,,,0,0,
TMT Immobilien GmbH,1,https://firmen.wko.at/tmt-immobilien-gmbh/wien/?firmaid=b7bef335-93a4-4163-8bf5-b3ff45802d3c&standortid=1&standortname=wien%20%28bundesland%29&suchbegriff=immobilienverwalter,403,,,,0,0,
Tobias Josef Griesshofer,1,https://firmen.wko.at/tobias-josef-griesshofer-liegenschaftsverwaltung-griesshofer/steiermark/?firmaid=1c0b47a8-798d-4933-af91-b6ab96c43195&standortid=5&standortname=steiermark%20%28bundesland%29&suchbegriff=immobilienverwalter,403,,,,0,0,
Tooo-Immo Immobilien Ges.m.b.H.,1,https://firmen.wko.at/tooo-immo-immobilien-gesmbh/steiermark/?firmaid=317785d2-1140-4264-84f4-d1267112e167&standortid=5&standortname=steiermark%20%28bundesland%29&suchbegriff=immobilienverwalter,403,,,,0,0,
TOP SPEED Immobilien e.U.,1,https://firmen.wko.at/top-speed-immobilien-eu/steiermark/?firmaid=6f27655c-0eeb-4be7-b2fd-57246348835f&standortid=5&standortname=steiermark%20%28bundesland%29&suchbegriff=immobilienverwalter,403,,,,0,0,
TOPOS Hausverwaltung GmbH,1,https://firmen.wko.at/topos-hausverwaltung-gmbh/steiermark/?firmaid=d272e212-fe0b-4c45-82a9-3dbddb5fd8c0&standortid=5&standortname=steiermark%20%28bundesland%29&suchbegriff=immobilienverwalter,403,,,,0,0,
TP Besitz GmbH,1,https://firmen.wko.at/tp-besitz-gmbh/wien/?firmaid=ca79cc5f-014a-4d07-912c-79307b2ac609&standortid=1&standortname=wien%20%28bundesland%29&suchbegriff=immobilienverwalter,403,,,,0,0,
Traisen-Gölsental Regionalentwicklungs GmbH,1,https://firmen.wko.at/traisen-g%c3%b6lsental-regionalentwicklungs-gmbh/nieder%c3%b6sterreich/?firmaid=495cb2c8-5ca3-494b-bb0e-04310cde91b6&standortid=2&standortname=nieder%c3%b6sterreich%20%28bundesland%29&suchbegriff=immobilienverwalter,403,,,,0,0,
Traunmüller Realitäten GmbH,1,https://firmen.wko.at/traunm%c3%bcller-realit%c3%a4ten-gmbh/ober%c3%b6sterreich/?firmaid=d91bda2e-f31c-4ad2-be9f-871b8cd6aac9&standortid=3&standortname=ober%c3%b6sterreich%20%28bundesland%29&suchbegriff=immobilienverwalter,403,,,,0,0,
TREMMO Trend Immobilien Verwaltung GmbH,1,https://firmen.wko.at/tremmo-trend-immobilien-verwaltung-gmbh/wien/?firmaid=ec4946a2-b2e6-451a-a833-9def89f5ddb0&standortid=1&standortname=wien%20%28bundesland%29&suchbegriff=immobilienverwalter,403,,,,0,0,
Trenker REAL GmbH,2,https://firmen.wko.at/trenker-real-gmbh/steiermark/?firmaid=c49ebdd2-1158-4822-b0bd-415aab6eda01&standortid=5&standortname=steiermark%20%28bundesland%29&suchbegriff=immobilienverwalter,403,,,,0,0,
Trestler Immobilien GmbH,1,https://firmen.wko.at/trestler-immobilien-gmbh/wien/?firmaid=fe9b3ff1-10b1-45c2-ba30-66ceabaaddc2&standortid=1&standortname=wien%20%28bundesland%29&suchbegriff=immobilienverwalter,403,,,,0,0,
TREUHANDREAL e.U.,1,https://firmen.wko.at/treuhandreal-eu-immobilienvermittlung-hausverwaltung/nieder%c3%b6sterreich/?firmaid=a2799bed-d513-4705-a71a-bcd399c8b8cd&standortid=2&standortname=nieder%c3%b6sterreich%20%28bundesland%29&suchbegriff=immobilienverwalter,403,,,,0,0,
Tribera Real Estate Management AT GmbH,1,https://firmen.wko.at/tribera-real-estate-management-at-gmbh/wien/?firmaid=4d5801c9-c20d-4a19-8dc3-221dc3557d9f&standortid=1&standortname=wien%20%28bundesland%29&suchbegriff=immobilienverwalter,403,,,,0,0,
TRICORE Verwaltungsgesellschaft m.b.H.,1,https://firmen.wko.at/tricore-verwaltungsgesellschaft-mbh/wien/?firmaid=3a0e61d6-3507-4373-968d-9c6f223cdd3a&standortid=1&standortname=wien%20%28bundesland%29&suchbegriff=immobilienverwalter,403,,,,0,0,
TRUDOMO GMBH,1,https://firmen.wko.at/trudomo-gmbh/steiermark/?firmaid=982d2cec-fd46-4dae-8189-41187803ad6d&standortid=5&standortname=steiermark%20%28bundesland%29&suchbegriff=immobilienverwalter,403,,,,0,0,
TULA Real Service GmbH,1,https://firmen.wko.at/tula-real-service-gmbh/wien/?firmaid=a45cf64f-0d54-4f09-bfb1-353eacf50406&standortid=1&standortname=wien%20%28bundesland%29&suchbegriff=immobilienverwalter,403,,,,0,0,
U.M. Bau AG,1,https://firmen.wko.at/um-bau-ag/wien/?firmaid=ebdbb023-c8eb-4f08-bc6c-3f7da0e88a29&standortid=1&standortname=wien%20%28bundesland%29&suchbegriff=immobilienverwalter,403,,,,0,0,
U4 Immobilien Consulting GmbH,1,https://firmen.wko.at/u4-immobilien-consulting-gmbh/steiermark/?firmaid=ac28187b-b030-4883-aba3-2f79d25f37bf&standortid=5&standortname=steiermark%20%28bundesland%29&suchbegriff=immobilienverwalter,403,,,,0,0,
UBM Development AG,2,https://firmen.wko.at/ubm-development-ag/tirol/?firmaid=70ab9b7a-4d0c-4e55-8d1b-0e85d20788e3&standortid=7&standortname=tirol%20%28bundesland%29&suchbegriff=immobilienverwalter,403,,,,0,0,
UBM Development Österreich GmbH,1,https://firmen.wko.at/ubm-development-%c3%96sterreich-gmbh-projektentwicklung/wien/?firmaid=ed995734-1e33-4bad-b927-49375d6eea57&standortid=1&standortname=wien%20%28bundesland%29&suchbegriff=immobilienverwalter,403,,,,0,0,
UK Immobilien GmbH,1,https://firmen.wko.at/uk-immobilien-gmbh-uk-immobilien-gmbh/salzburg/?firmaid=fbee657d-5270-4e66-8eb4-453d9b833173&standortid=4&standortname=salzburg%20%28bundesland%29&suchbegriff=immobilienverwalter,200,,,,0,5629,
Ulreich VerwaltungsGmbH,1,https://firmen.wko.at/ulreich-verwaltungsgmbh/wien/?firmaid=e0e7f760-3864-4381-884e-983d57c858c1&standortid=1&standortname=wien%20%28bundesland%29&suchbegriff=immobilienverwalter,403,,,,0,0,
Ulrike Susanne Güttl,1,https://firmen.wko.at/ulrike-susanne-g%c3%bcttl/steiermark/?firmaid=638d80f6-cd45-4c56-a12a-f9eb99db2db0&standortid=5&standortname=steiermark%20%28bundesland%29&suchbegriff=immobilienverwalter,403,,,,0,0,
Ulrike Wister,2,https://firmen.wko.at/ulrike-wister/steiermark/?firmaid=0afbbca1-136c-43c8-8efc-2d79ac29511c&standortid=5&standortname=steiermark%20%28bundesland%29&suchbegriff=immobilienverwalter,403,,,,0,0,
UNI-Real Estate GmbH,1,https://firmen.wko.at/uni-real-estate-gmbh-uni-real/nieder%c3%b6sterreich/?firmaid=7c199dc5-9757-45e7-aa41-34ee5c71efa6&standortid=2&standortname=nieder%c3%b6sterreich%20%28bundesland%29&suchbegriff=immobilienverwalter,403,,,,0,0,
Unibail-Rodamco Austria Verwaltungs GmbH,2,https://firmen.wko.at/unibail-rodamco-austria-verwaltungs-gmbh/nieder%c3%b6sterreich/?firmaid=558419c0-dc6b-4c90-b866-81e136186aa6&standortid=2&standortname=nieder%c3%b6sterreich%20%28bundesland%29&suchbegriff=immobilienverwalter,403,,,,0,0,
UniCredit Leasing (Austria) GmbH,1,https://firmen.wko.at/unicredit-leasing-austria-gmbh/wien/?firmaid=a944b90c-6b95-4b96-8078-3914cf6d6b78&standortid=1&standortname=wien%20%28bundesland%29&suchbegriff=immobilienverwalter,403,,,,0,0,
URBAN Der Hausverwalter GmbH,1,https://firmen.wko.at/urban-der-hausverwalter-gmbh/vorarlberg/?firmaid=db2443bc-9b40-4fd8-b670-e58ae81d2425&standortid=8&standortname=vorarlberg%20%28bundesland%29&suchbegriff=immobilienverwalter,403,,,,0,0,
Ursula Zeller,1,https://firmen.wko.at/ursula-zeller/nieder%c3%b6sterreich/?firmaid=36447054-1fe5-4112-a2cb-658ad2c5d8b0&standortid=2&standortname=nieder%c3%b6sterreich%20%28bundesland%29&suchbegriff=immobilienverwalter,403,,,,0,0,
URW Invest GmbH,2,https://firmen.wko.at/urw-invest-gmbh/nieder%c3%b6sterreich/?firmaid=95c72e90-de39-4ea7-90c7-eaef9407ded1&standortid=2&standortname=nieder%c3%b6sterreich%20%28bundesland%29&suchbegriff=immobilienverwalter,403,,,,0,0,
Uta Meyer,1,https://firmen.wko.at/uta-meyer/k%c3%a4rnten/?firmaid=9feab7db-21a6-4b81-9048-841e993da9d3&standortid=6&standortname=k%c3%a4rnten%20%28bundesland%29&suchbegriff=immobilienverwalter,403,,,,0,0,
V & G Bauträger GmbH,1,https://firmen.wko.at/v-und-g-bautr%c3%a4ger-gmbh/nieder%c3%b6sterreich/?firmaid=97a30f17-d54a-4ff0-b4e2-bf1c05bacd93&standortid=2&standortname=nieder%c3%b6sterreich%20%28bundesland%29&suchbegriff=immobilienverwalter,403,,,,0,0,
V2GO - Liegenschaftsverwaltung 2 Go FlexCo,1,https://firmen.wko.at/v2go-liegenschaftsverwaltung-2-go-flexco/wien/?firmaid=aff97118-bf2a-4106-9a50-b5a6fed5262e&standortid=1&standortname=wien%20%28bundesland%29&suchbegriff=immobilienverwalter,403,,,,0,0,
Vacuna Immobilien GmbH,1,https://firmen.wko.at/vacuna-immobilien-gmbh/wien/?firmaid=eb27d9ce-9620-4e52-a9e9-846c266d07f6&standortid=1&standortname=wien%20%28bundesland%29&suchbegriff=immobilienverwalter,403,,,,0,0,
VALENA Immobilien GmbH,1,https://firmen.wko.at/valena-immobilien-gmbh/nieder%c3%b6sterreich/?firmaid=692a740c-0546-4b6a-8ba3-650cee1c9828&standortid=2&standortname=nieder%c3%b6sterreich%20%28bundesland%29&suchbegriff=immobilienverwalter,403,,,,0,0,
VALENCE Residential Development GmbH,1,https://firmen.wko.at/valence-residential-development-gmbh/salzburg/?firmaid=e3e06fff-0354-4113-8edf-0b5e1290965b&standortid=4&standortname=salzburg%20%28bundesland%29&suchbegriff=immobilienverwalter,403,,,,0,0,
Valentina Kahr,1,https://firmen.wko.at/valentina-kahr/steiermark/?firmaid=850e9a09-9a5e-46eb-a741-fd38d50db610&standortid=5&standortname=steiermark%20%28bundesland%29&suchbegriff=immobilienverwalter,403,,,,0,0,
Valores Real Estate Management FlexCo,1,https://firmen.wko.at/valores-real-estate-management-flexco/wien/?firmaid=9504f775-e466-41a7-b42a-851a20f1559d&standortid=1&standortname=wien%20%28bundesland%29&suchbegriff=immobilienverwalter,403,,,,0,0,
Valorous GmbH,1,https://firmen.wko.at/valorous-gmbh/wien/?firmaid=77c05240-0b14-4644-bbc4-57c83db37ef4&standortid=1&standortname=wien%20%28bundesland%29&suchbegriff=immobilienverwalter,403,,,,0,0,
VAXANA Immobilien und Immobiliendienstleistungen Gesellschaft m.b.H.,1,https://firmen.wko.at/vaxana-immobilien-und-immobiliendienstleistungen-gesellschaft-mbh/steiermark/?firmaid=9e2937c5-28e1-4e47-b828-b59f1ae49bf6&standortid=5&standortname=steiermark%20%28bundesland%29&suchbegriff=immobilienverwalter,403,,,,0,0,
VB - REAL Volksbank NÖ GmbH,1,https://firmen.wko.at/vb-real-volksbank-n%c3%96-gmbh/nieder%c3%b6sterreich/?firmaid=396b99ee-f0d0-47ee-b9b8-b6cc2358509c&standortid=2&standortname=nieder%c3%b6sterreich%20%28bundesland%29&suchbegriff=immobilienverwalter,403,,,,0,0,
VB Immobilien e.U.,1,https://firmen.wko.at/vb-immobilien-eu/tirol/?firmaid=2c572880-e62b-424e-946e-18ce524e8418&standortid=7&standortname=tirol%20%28bundesland%29&suchbegriff=immobilienverwalter,403,,,,0,0,
Vektorraum GmbH,1,https://firmen.wko.at/vektorraum-gmbh/burgenland/?firmaid=954363ca-39c4-4f32-8d38-763ee2d81197&standortid=9&standortname=burgenland%20%28bundesland%29&suchbegriff=immobilienverwalter,403,,,,0,0,
Venta Immobilien Service GmbH,1,https://firmen.wko.at/venta-immobilien-service-gmbh/steiermark/?firmaid=07639a24-aa67-4fa3-b85b-dcad9eeeb5b0&standortid=5&standortname=steiermark%20%28bundesland%29&suchbegriff=immobilienverwalter,403,,,,0,0,
"Verband ""Wiener Arbeiterheime""",1,https://firmen.wko.at/verband-%22wiener-arbeiterheime%22/wien/?firmaid=e8b32a3b-e223-49cc-b7f0-097844899023&standortid=1&standortname=wien%20%28bundesland%29&suchbegriff=immobilienverwalter,403,,,,0,0,
Verde Immobilientreuhand GmbH & Co KG,1,https://firmen.wko.at/verde-immobilientreuhand-gmbh-und-co-kg/steiermark/?firmaid=c5dc452a-9f43-4894-b3ab-4410a03d55af&standortid=5&standortname=steiermark%20%28bundesland%29&suchbegriff=immobilienverwalter,403,,,,0,0,
Verein der Hausbesitzer in St. Pölten,1,https://firmen.wko.at/verein-der-hausbesitzer-in-st-p%c3%b6lten/nieder%c3%b6sterreich/?firmaid=61bf6fca-7400-4934-922a-1e1ed6f801e7&standortid=2&standortname=nieder%c3%b6sterreich%20%28bundesland%29&suchbegriff=immobilienverwalter,403,,,,0,0,
Verein zur Förderung der Expertis Gruppe - BBRZ BFI FAB,1,https://firmen.wko.at/verein-zur-f%c3%b6rderung-der-expertis-gruppe-bbrz-bfi-fab-verein-zur-f%c3%b6rderung-der-expertis-gruppe-bbrz-bfi-fab/ober%c3%b6sterreich/?firmaid=83456714-c9e0-4a7f-add2-9ef87f83c09c&standortid=3&standortname=ober%c3%b6sterreich%20%28bundesland%29&suchbegriff=immobilienverwalter,403,,,,0,0,
Verena Fischer,1,https://firmen.wko.at/verena-fischer/wien/?firmaid=00b7fb82-e89a-492b-8bd9-61be7d80043d&standortid=1&standortname=wien%20%28bundesland%29&suchbegriff=immobilienverwalter,403,,,,0,0,
Vergeiner Steuerberatung GmbH Wirtschaftsprüfungs- und Steuerberatungsgesellschaft,1,https://firmen.wko.at/vergeiner-steuerberatung-gmbh-wirtschaftspr%c3%bcfungs-und-steuerberatungsgesellschaft/tirol/?firmaid=78182518-c5c9-4504-8132-d6c412cda5c2&standortid=7&standortname=tirol%20%28bundesland%29&suchbegriff=immobilienverwalter,403,,,,0,0,
VEROB Vertriebs- u. Organisationsberatungs GmbH,1,https://firmen.wko.at/verob-vertriebs-u-organisationsberatungs-gmbh/wien/?firmaid=ef969cf6-6d45-4cfe-804b-3f97b39f1d2a&standortid=1&standortname=wien%20%28bundesland%29&suchbegriff=immobilienverwalter,403,,,,0,0,
Veronika Anna Klauser,1,https://firmen.wko.at/veronika-anna-klauser/steiermark/?firmaid=7aa64d34-9a1f-4a5f-90b1-4893ef9c166e&standortid=5&standortname=steiermark%20%28bundesland%29&suchbegriff=immobilienverwalter,403,,,,0,0,
VerwaltungsGmbH Pruckner,2,https://firmen.wko.at/verwaltungsgmbh-pruckner/salzburg/?firmaid=87ef6b61-e60c-466b-8723-64e9b3696bff&standortid=4&standortname=salzburg%20%28bundesland%29&suchbegriff=immobilienverwalter,403,,,,0,0,
Verwaltungszone GmbH,1,https://firmen.wko.at/verwaltungszone-gmbh/ober%c3%b6sterreich/?firmaid=c7cb5b74-db12-4a8c-9702-931f45818aa1&standortid=3&standortname=ober%c3%b6sterreich%20%28bundesland%29&suchbegriff=immobilienverwalter,403,,,,0,0,
VESTA OBJEKTMANAGEMENT GmbH,1,https://firmen.wko.at/vesta-objektmanagement-gmbh/tirol/?firmaid=925e0d90-b58f-4895-b9d0-3aad5aefc4ee&standortid=7&standortname=tirol%20%28bundesland%29&suchbegriff=immobilienverwalter,403,,,,0,0,
Vetter-Stuchly Immo GmbH,1,https://firmen.wko.at/vetter-stuchly-immo-gmbh/vorarlberg/?firmaid=06c6d721-5c0c-4d4e-bfce-2d06ca53fc73&standortid=8&standortname=vorarlberg%20%28bundesland%29&suchbegriff=immobilienverwalter,403,,,,0,0,
Victoria Immobilien- und VerwaltungsgmbH.,1,https://firmen.wko.at/victoria-immobilien-und-verwaltungsgmbh/wien/?firmaid=63a2b894-b42f-44b8-a21a-7d6305ee755c&standortid=1&standortname=wien%20%28bundesland%29&suchbegriff=immobilienverwalter,403,,,,0,0,
Victoria Projektentwicklungs GmbH,1,https://firmen.wko.at/victoria-projektentwicklungs-gmbh/steiermark/?firmaid=9e9b9512-1f97-4f5e-81df-18bc0d84dfc0&standortid=5&standortname=steiermark%20%28bundesland%29&suchbegriff=immobilienverwalter,403,,,,0,0,
ViennaEstate Hausverwaltung GmbH,1,https://firmen.wko.at/viennaestate-hausverwaltung-gmbh/wien/?firmaid=975e3aff-d73e-4f0b-b3df-3544d8181098&standortid=1&standortname=wien%20%28bundesland%29&suchbegriff=immobilienverwalter,403,,,,0,0,
Viktor Krautschneider Gesellschaft m.b.H. & Co KG,1,https://firmen.wko.at/viktor-krautschneider-gesellschaft-mbh-und-co-kg/wien/?firmaid=1cc564a4-6e68-417f-8d25-0e7120990d40&standortid=1&standortname=wien%20%28bundesland%29&suchbegriff=immobilienverwalter,403,,,,0,0,
Viktor Thurn Und Taxis,1,https://firmen.wko.at/viktor-thurn-und-taxis/wien/?firmaid=185ac4db-a9ea-4bbb-b05e-bc2bf687d27e&standortid=1&standortname=wien%20%28bundesland%29&suchbegriff=immobilienverwalter,403,,,,0,0,
Viktoria Frohner Immobilien GmbH,1,https://firmen.wko.at/viktoria-frohner-immobilien-gmbh/wien/?firmaid=97356c54-87d1-4b71-be12-125326641b15&standortid=1&standortname=wien%20%28bundesland%29&suchbegriff=immobilienverwalter,403,,,,0,0,
Vilicus Real GmbH,1,https://firmen.wko.at/vilicus-real-gmbh/ober%c3%b6sterreich/?firmaid=07d2c78e-48d7-4eee-ac1e-fa56c140a200&standortid=3&standortname=ober%c3%b6sterreich%20%28bundesland%29&suchbegriff=immobilienverwalter,403,,,,0,0,
Village Hausverwaltung GesmbH,1,https://firmen.wko.at/village-hausverwaltung-gesmbh/tirol/?firmaid=8738db37-45dd-485d-a6fb-05beeda23e24&standortid=7&standortname=tirol%20%28bundesland%29&suchbegriff=immobilienverwalter,403,,,,0,0,
Village Mühlau Immobilien GmbH,1,https://firmen.wko.at/village-m%c3%bchlau-immobilien-gmbh/tirol/?firmaid=44b6a993-c076-4ab9-ba03-797ca1cfe972&standortid=7&standortname=tirol%20%28bundesland%29&suchbegriff=immobilienverwalter,403,,,,0,0,
vimmowo gmbh,1,https://firmen.wko.at/vimmowo-gmbh/tirol/?firmaid=dc4e3dbc-6bb5-4529-bbe6-976e2a0d1a71&standortid=7&standortname=tirol%20%28bundesland%29&suchbegriff=immobilienverwalter,403,,,,0,0,
VINDOBONA Invest GmbH,1,https://firmen.wko.at/vindobona-invest-gmbh/nieder%c3%b6sterreich/?firmaid=ea6acea4-990e-46a6-ba90-c5919d873d01&standortid=2&standortname=nieder%c3%b6sterreich%20%28bundesland%29&suchbegriff=immobilienverwalter,403,,,,0,0,
VINDOBONA-MAX-Immobilien GmbH,1,https://firmen.wko.at/vindobona-max-immobilien-gmbh/wien/?firmaid=80d14313-2638-4c62-a585-52d5a5f3be7f&standortid=1&standortname=wien%20%28bundesland%29&suchbegriff=immobilienverwalter,403,,,,0,0,
Vita Liegenschaftsverwaltungs GmbH,1,https://firmen.wko.at/vita-liegenschaftsverwaltungs-gmbh/ober%c3%b6sterreich/?firmaid=ee548c4b-f1f4-456d-9a0b-40a8372cb384&standortid=3&standortname=ober%c3%b6sterreich%20%28bundesland%29&suchbegriff=immobilienverwalter,403,,,,0,0,
VIV Immobilien Verwaltung & Vermarktung GmbH,1,https://firmen.wko.at/viv-immobilien-verwaltung-und-vermarktung-gmbh/k%c3%a4rnten/?firmaid=17b1ddb7-a053-4e77-a934-f66b9692b75f&standortid=6&standortname=k%c3%a4rnten%20%28bundesland%29&suchbegriff=immobilienverwalter,403,,,,0,0,
Viva Domus Real Estate GmbH,1,https://firmen.wko.at/viva-domus-real-estate-gmbh-immobilientreuh%c3%a4nder-hausverwaltung/steiermark/?firmaid=97b45ed9-8dcf-4c1b-b43f-a8b26d4e7a7b&standortid=5&standortname=steiermark%20%28bundesland%29&suchbegriff=immobilienverwalter,403,,,,0,0,
VIVADO Immobilientreuhand GmbH,1,https://firmen.wko.at/vivado-immobilientreuhand-gmbh/wien/?firmaid=0d3411ed-1d87-466d-8296-2a106ad10e19&standortid=1&standortname=wien%20%28bundesland%29&suchbegriff=immobilienverwalter,403,,,,0,0,
Vivalife GmbH,1,https://firmen.wko.at/vivalife-gmbh/k%c3%a4rnten/?firmaid=51eb76ef-4e19-456f-810e-79f979ab6bdd&standortid=6&standortname=k%c3%a4rnten%20%28bundesland%29&suchbegriff=immobilienverwalter,403,,,,0,0,
VIVATRO GmbH,1,https://firmen.wko.at/vivatro-gmbh-photovoltaik-dachdeckerei-bauspenglerei-elektrotechnik/k%c3%a4rnten/?firmaid=c8b66042-6691-4175-b85e-20c5d649bbc2&standortid=6&standortname=k%c3%a4rnten%20%28bundesland%29&suchbegriff=immobilienverwalter,403,,,,0,0,
Vivento Immobilien GmbH,2,https://firmen.wko.at/vivento-immobilien-gmbh/steiermark/?firmaid=9103c06c-0b88-4f3a-b66d-014a3afc0d13&standortid=5&standortname=steiermark%20%28bundesland%29&suchbegriff=immobilienverwalter,403,,,,0,0,
Viviamo Immobilien GmbH,2,https://firmen.wko.at/viviamo-immobilien-gmbh-immobilienvermittlung-und-immobilienverwaltung/ober%c3%b6sterreich/?firmaid=a0617eab-e32e-436a-8bcd-4c8476ba789e&standortid=3&standortname=ober%c3%b6sterreich%20%28bundesland%29&suchbegriff=immobilienverwalter,403,,,,0,0,
VIVIR Holding GmbH,1,https://firmen.wko.at/vivir-holding-gmbh-vivir-holdingat/ober%c3%b6sterreich/?firmaid=26646e63-0c26-48b2-ae19-de1481beb92a&standortid=3&standortname=ober%c3%b6sterreich%20%28bundesland%29&suchbegriff=immobilienverwalter,403,,,,0,0,
VIVIThv GmbH,3,https://firmen.wko.at/vivithv-gmbh/nieder%c3%b6sterreich/?firmaid=7241d525-2f59-48fa-9c80-cc1529ed1e9d&standortid=2&standortname=nieder%c3%b6sterreich%20%28bundesland%29&suchbegriff=immobilienverwalter,403,,,,0,0,
vivoreal GmbH,1,https://firmen.wko.at/vivoreal-gmbh/wien/?firmaid=0434eadd-70d9-414b-a610-b455196d68a8&standortid=1&standortname=wien%20%28bundesland%29&suchbegriff=immobilienverwalter,403,,,,0,0,
vivoreal Hausverwaltung GmbH,1,https://firmen.wko.at/vivoreal-hausverwaltung-gmbh/wien/?firmaid=5fe293da-5ba3-416e-be88-b443954f2aad&standortid=1&standortname=wien%20%28bundesland%29&suchbegriff=immobilienverwalter,403,,,,0,0,
VIZUETE Immobilien GmbH,1,https://firmen.wko.at/vizuete-immobilien-gmbh-immobilientreuh%c3%a4nder/nieder%c3%b6sterreich/?firmaid=953e4048-afc9-4935-9cda-a2ab2e3929e9&standortid=2&standortname=nieder%c3%b6sterreich%20%28bundesland%29&suchbegriff=immobilienverwalter,403,,,,0,0,
Vlk & Partner Immobilienverwaltung GmbH,1,https://firmen.wko.at/vlk-und-partner-immobilienverwaltung-gmbh/wien/?firmaid=30cb8240-dd57-46db-9b67-fa10c3a3683f&standortid=1&standortname=wien%20%28bundesland%29&suchbegriff=immobilienverwalter,403,,,,0,0,
VLOW Immobilienvermittlungs und -verwaltungs GmbH,1,https://firmen.wko.at/vlow-immobilienvermittlungs-und-verwaltungs-gmbh/nieder%c3%b6sterreich/?firmaid=b381ad46-7988-4cea-b04e-a741d94671d7&standortid=2&standortname=nieder%c3%b6sterreich%20%28bundesland%29&suchbegriff=immobilienverwalter,403,,,,0,0,
VO & RMI Immobilien GmbH,1,https://firmen.wko.at/vo-und-rmi-immobilien-gmbh/salzburg/?firmaid=0668d5f1-2de3-487f-90a3-39e1797f09e0&standortid=4&standortname=salzburg%20%28bundesland%29&suchbegriff=immobilienverwalter,403,,,,0,0,
VOBIS KOMMUNALBAU GmbH,1,https://firmen.wko.at/vobis-kommunalbau-gmbh/steiermark/?firmaid=f18bb727-4bee-4b74-8e6c-412581cb36fe&standortid=5&standortname=steiermark%20%28bundesland%29&suchbegriff=immobilienverwalter,403,,,,0,0,
Vodicka Immobilien Ges.m.b.H.,1,https://firmen.wko.at/vodicka-immobilien-gesmbh/wien/?firmaid=d033d1bd-fd40-4806-91de-d19e4856779e&standortid=1&standortname=wien%20%28bundesland%29&suchbegriff=immobilienverwalter,403,,,,0,0,
Voggenberger Immobilien GmbH,1,https://firmen.wko.at/voggenberger-immobilien-gmbh/salzburg/?firmaid=93402d84-31d3-4386-8020-9ed221560bda&standortid=4&standortname=salzburg%20%28bundesland%29&suchbegriff=immobilienverwalter,403,,,,0,0,
Volksbank Salzburg Immobilien GmbH,1,https://firmen.wko.at/volksbank-salzburg-immobilien-gmbh/steiermark/?firmaid=8968930b-c50e-4975-9379-d997b5d82f74&standortid=5&standortname=steiermark%20%28bundesland%29&suchbegriff=immobilienverwalter,403,,,,0,0,
vplus GmbH,1,https://firmen.wko.at/vplus-gmbh/vorarlberg/?firmaid=fda8d8c7-ff07-4dfd-93dc-4b7aafb749df&standortid=8&standortname=vorarlberg%20%28bundesland%29&suchbegriff=immobilienverwalter,403,,,,0,0,
Vreal Immobilienservice GmbH,1,https://firmen.wko.at/vreal-immobilienservice-gmbh/vorarlberg/?firmaid=3b6d2f50-4f2f-4cef-a211-128a227c334c&standortid=8&standortname=vorarlberg%20%28bundesland%29&suchbegriff=immobilienverwalter,403,,,,0,0,
VREAT Asset-Management GmbH,1,https://firmen.wko.at/vreat-asset-management-gmbh/wien/?firmaid=7e477e53-e390-41bc-8841-f0ad42d9e9b1&standortid=1&standortname=wien%20%28bundesland%29&suchbegriff=immobilienverwalter,403,,,,0,0,
VSW Immobilien GmbH,1,https://firmen.wko.at/vsw-immobilien-gmbh/wien/?firmaid=97e56966-4066-46b7-9d6e-6aa1c91395ad&standortid=1&standortname=wien%20%28bundesland%29&suchbegriff=immobilienverwalter,403,,,,0,0,
Völkl Immobilienverwaltung GmbH,1,https://firmen.wko.at/v%c3%b6lkl-immobilienverwaltung-gmbh/nieder%c3%b6sterreich/?firmaid=05920d4a-10f6-40e9-82ed-b5565d544e4e&standortid=2&standortname=nieder%c3%b6sterreich%20%28bundesland%29&suchbegriff=immobilienverwalter,403,,,,0,0,
W & N Beteiligung-Immobilien-Besitz und Verwertung GmbH.,1,https://firmen.wko.at/w-und-n-beteiligung-immobilien-besitz-und-verwertung-gmbh/wien/?firmaid=de455710-6754-45e2-bb43-6db6cbf93c5c&standortid=1&standortname=wien%20%28bundesland%29&suchbegriff=immobilienverwalter,403,,,,0,0,
W-8 Verwaltung & Projekt eGen,1,https://firmen.wko.at/w-8-verwaltung-und-projekt-egen/tirol/?firmaid=9fa6f924-6459-4df5-aefb-d37a28c87c77&standortid=7&standortname=tirol%20%28bundesland%29&suchbegriff=immobilienverwalter,403,,,,0,0,
W. + O. + M. Müller Gesellschaft m.b.H.,1,https://firmen.wko.at/w-o-m-m%c3%bcller-gesellschaft-mbh/wien/?firmaid=247a7b1f-6b14-4689-9561-05f4e01396b5&standortid=1&standortname=wien%20%28bundesland%29&suchbegriff=immobilienverwalter,403,,,,0,0,
W. Rest Realitäten Gesellschaft mit beschränkter Haftung,1,https://firmen.wko.at/w-rest-realit%c3%a4ten-gesellschaft-mit-beschr%c3%a4nkter-haftung/wien/?firmaid=cbf967b2-09f5-4d5f-b31e-0df47dae64b9&standortid=1&standortname=wien%20%28bundesland%29&suchbegriff=immobilienverwalter,403,,,,0,0,
w4 hausverwaltung GmbH,1,https://firmen.wko.at/w4-hausverwaltung-gmbh/nieder%c3%b6sterreich/?firmaid=0acb71b3-f171-445f-8fb9-0def0d85b1a6&standortid=2&standortname=nieder%c3%b6sterreich%20%28bundesland%29&suchbegriff=immobilienverwalter,403,,,,0,0,
WAB Beteiligungen und Risikomanagement GmbH,1,https://firmen.wko.at/wab-beteiligungen-und-risikomanagement-gmbh/burgenland/?firmaid=60c4f668-33a1-4264-8505-16873f53d4d9&standortid=9&standortname=burgenland%20%28bundesland%29&suchbegriff=immobilienverwalter,403,,,,0,0,
WAG Wohnungsanlagen Gesellschaft m.b.H.,7,https://firmen.wko.at/wag-wohnungsanlagen-gesellschaft-mbh/salzburg/?firmaid=e42cf0aa-9bb1-4309-969b-1418bbc090e1&standortid=4&standortname=salzburg%20%28bundesland%29&suchbegriff=immobilienverwalter,403,,,,0,0,
Wagner Immobilien Management GmbH,1,https://firmen.wko.at/wagner-immobilien-management-gmbh/steiermark/?firmaid=ca14703d-2689-4604-9df0-aa753ac7f68f&standortid=5&standortname=steiermark%20%28bundesland%29&suchbegriff=immobilienverwalter,403,,,,0,0,
Waldmühle Rodaun Betreuungsgesellschaft mbH,1,https://firmen.wko.at/waldm%c3%bchle-rodaun-betreuungsgesellschaft-mbh/wien/?firmaid=341c893f-9b9c-4066-9b78-28b34287fa36&standortid=1&standortname=wien%20%28bundesland%29&suchbegriff=immobilienverwalter,403,,,,0,0,
Waldviertel Immobilien-Vermittlung GmbH,1,https://firmen.wko.at/waldviertel-immobilien-vermittlung-gmbh/nieder%c3%b6sterreich/?firmaid=1f63af00-7810-4743-9809-507e575bebca&standortid=2&standortname=nieder%c3%b6sterreich%20%28bundesland%29&suchbegriff=immobilienverwalter,403,,,,0,0,
Wallisch + Partner Immobilien GmbH,1,https://firmen.wko.at/wallisch-partner-immobilien-gmbh/wien/?firmaid=22f19e37-1e8c-4ac3-a1f5-ac75cbb7ff61&standortid=1&standortname=wien%20%28bundesland%29&suchbegriff=immobilienverwalter,403,,,,0,0,
Waltraud Polan,1,https://firmen.wko.at/waltraud-polan-hausverwaltung-polan/wien/?firmaid=55ae2b75-985d-41f9-b67c-098384614ebf&standortid=1&standortname=wien%20%28bundesland%29&suchbegriff=immobilienverwalter,403,,,,0,0,
Waltraut Dragaschnig,1,https://firmen.wko.at/waltraut-dragaschnig/wien/?firmaid=a6f5e76c-72fa-48c2-9d9f-ae0565908a4f&standortid=1&standortname=wien%20%28bundesland%29&suchbegriff=immobilienverwalter,403,,,,0,0,
WAM Immobilien GmbH,1,https://firmen.wko.at/wam-immobilien-gmbh/vorarlberg/?firmaid=0acac7d7-7383-4450-808c-91acfc387b47&standortid=8&standortname=vorarlberg%20%28bundesland%29&suchbegriff=immobilienverwalter,403,,,,0,0,
WARIWODA & RICHTER Immobilientreuhandgesellschaft m.b.H.,1,https://firmen.wko.at/wariwoda-und-richter-immobilientreuhandgesellschaft-mbh/wien/?firmaid=559ebf25-eaf7-475b-9606-a01fda645de0&standortid=1&standortname=wien%20%28bundesland%29&suchbegriff=immobilienverwalter,403,,,,0,0,
Wartecker Immobilientreuhand OG,1,https://firmen.wko.at/wartecker-immobilientreuhand-og/ober%c3%b6sterreich/?firmaid=5026b81b-b6aa-4516-a4d3-01f0165130d7&standortid=3&standortname=ober%c3%b6sterreich%20%28bundesland%29&suchbegriff=immobilienverwalter,403,,,,0,0,
WEG Verwaltungs GmbH,1,https://firmen.wko.at/weg-verwaltungs-gmbh/steiermark/?firmaid=c21681bc-d78b-4949-bffd-7d6269c5a5c5&standortid=5&standortname=steiermark%20%28bundesland%29&suchbegriff=immobilienverwalter,403,,,,0,0,
WEGRAZ Gesellschaft für Stadterneuerung und Assanierung m.b.H.,1,https://firmen.wko.at/wegraz-gesellschaft-f%c3%bcr-stadterneuerung-und-assanierung-mbh/steiermark/?firmaid=db063308-d103-49ba-92cc-638a37f2dc80&standortid=5&standortname=steiermark%20%28bundesland%29&suchbegriff=immobilienverwalter,403,,,,0,0,
WEGRAZ Haring Projektentwicklungs GmbH,1,https://firmen.wko.at/wegraz-haring-projektentwicklungs-gmbh/steiermark/?firmaid=4e81e2f5-ea1e-4e75-95b9-cde866537a2d&standortid=5&standortname=steiermark%20%28bundesland%29&suchbegriff=immobilienverwalter,403,,,,0,0,
Weinberger Biletti Immobilien GmbH,1,https://firmen.wko.at/weinberger-biletti-immobilien-gmbh-hausverwaltung/wien/?firmaid=dae5cc36-561a-431f-b78c-43832158c004&standortid=1&standortname=wien%20%28bundesland%29&suchbegriff=immobilienverwalter,403,,,,0,0,
Weinberger Biletti Immobilien Graz GmbH,1,https://firmen.wko.at/weinberger-biletti-immobilien-graz-gmbh-immobilienverwaltung/steiermark/?firmaid=58454438-1735-4e38-9836-6164e061238a&standortid=5&standortname=steiermark%20%28bundesland%29&suchbegriff=immobilienverwalter,403,,,,0,0,
Weinberger Immobilientreuhand KG,1,https://firmen.wko.at/weinberger-immobilientreuhand-kg/wien/?firmaid=1234461c-eee5-4999-9e4a-05246da2e733&standortid=1&standortname=wien%20%28bundesland%29&suchbegriff=immobilienverwalter,403,,,,0,0,
Weiretmair Gesellschaft m.b.H.,1,https://firmen.wko.at/weiretmair-gesellschaft-mbh-weiretmair-immobilien/nieder%c3%b6sterreich/?firmaid=0fcdd899-4e04-40ad-ac1a-56ffeb1bac1f&standortid=2&standortname=nieder%c3%b6sterreich%20%28bundesland%29&suchbegriff=immobilienverwalter,403,,,,0,0,
Weislein & Brauner GesmbH,1,https://firmen.wko.at/weislein-und-brauner-gesmbh/nieder%c3%b6sterreich/?firmaid=769ca6e8-c83d-4e3c-867e-5cf56980e91e&standortid=2&standortname=nieder%c3%b6sterreich%20%28bundesland%29&suchbegriff=immobilienverwalter,403,,,,0,0,
WEISS-TESSBACH Hausverwaltung GmbH,1,https://firmen.wko.at/weiss-tessbach-hausverwaltung-gmbh/wien/?firmaid=8cb81ff0-df1d-421d-8426-bef8fbf7ce3c&standortid=1&standortname=wien%20%28bundesland%29&suchbegriff=immobilienverwalter,403,,,,0,0,
wePlus Immobilienmanagement GmbH,1,https://firmen.wko.at/weplus-immobilienmanagement-gmbh/wien/?firmaid=86bef4a1-cc75-4548-8644-9ff549779656&standortid=1&standortname=wien%20%28bundesland%29&suchbegriff=immobilienverwalter,403,,,,0,0,
Werner Bernhard,1,https://firmen.wko.at/werner-bernhard/tirol/?firmaid=1b510970-e67f-4705-91ce-b8ab54e7f112&standortid=7&standortname=tirol%20%28bundesland%29&suchbegriff=immobilienverwalter,403,,,,0,0,
Wernisch Immobilientreuhand GmbH,1,https://firmen.wko.at/wernisch-immobilientreuhand-gmbh/k%c3%a4rnten/?firmaid=5e456ce2-a66a-43ad-814d-aa5920f98577&standortid=6&standortname=k%c3%a4rnten%20%28bundesland%29&suchbegriff=immobilienverwalter,403,,,,0,0,
Wert und Gut Immobilien GmbH,1,https://firmen.wko.at/wert-und-gut-immobilien-gmbh/wien/?firmaid=76935cb2-9659-4fde-b45f-571cba60fa47&standortid=1&standortname=wien%20%28bundesland%29&suchbegriff=immobilienverwalter,403,,,,0,0,
Wert-Heim Versicherungsservice GmbH & Co KG,1,https://firmen.wko.at/wert-heim-versicherungsservice-gmbh-und-co-kg/wien/?firmaid=c40bb738-88dd-4f02-82b2-05fd9cc86e5d&standortid=1&standortname=wien%20%28bundesland%29&suchbegriff=immobilienverwalter,403,,,,0,0,
WERTE Consulting GmbH,1,https://firmen.wko.at/werte-consulting-gmbh/wien/?firmaid=63771ac9-404f-489b-be38-3aae203a3af8&standortid=1&standortname=wien%20%28bundesland%29&suchbegriff=immobilienverwalter,403,,,,0,0,
WESIAK Gesellschaft m.b.H.,1,https://firmen.wko.at/wesiak-gesellschaft-mbh-wwesiak-gesellschaft-mbh/steiermark/?firmaid=df2b5e51-b25e-4524-b0fc-20ab91bb85d1&standortid=5&standortname=steiermark%20%28bundesland%29&suchbegriff=immobilienverwalter,403,,,,0,0,
Wesiak Kärnten Verwaltungs GmbH,1,https://firmen.wko.at/wesiak-k%c3%a4rnten-verwaltungs-gmbh/k%c3%a4rnten/?firmaid=6a2b3391-0b11-40fa-81d1-0ac4d4885f02&standortid=6&standortname=k%c3%a4rnten%20%28bundesland%29&suchbegriff=immobilienverwalter,403,,,,0,0,
Wesiak Wien Verwaltungs GmbH,1,https://firmen.wko.at/wesiak-wien-verwaltungs-gmbh/wien/?firmaid=6752dd38-9c4a-4118-a996-3f44dbdc5c5f&standortid=1&standortname=wien%20%28bundesland%29&suchbegriff=immobilienverwalter,403,,,,0,0,
Westpark Immomanagement GmbH,1,https://firmen.wko.at/westpark-immomanagement-gmbh/ober%c3%b6sterreich/?firmaid=55d56fd7-3339-468e-9c4e-735bee351405&standortid=3&standortname=ober%c3%b6sterreich%20%28bundesland%29&suchbegriff=immobilienverwalter,403,,,,0,0,
WEVIG Wohnungseigentumsverwaltungs- und Immobilientreuhand-Gesellschaft m.b.H.,4,https://firmen.wko.at/wevig-wohnungseigentumsverwaltungs-und-immobilientreuhand-gesellschaft-mbh/nieder%c3%b6sterreich/?firmaid=382f262c-0390-48ea-a925-d110875546f3&standortid=2&standortname=nieder%c3%b6sterreich%20%28bundesland%29&suchbegriff=immobilienverwalter,403,,,,0,0,
WH-Immobilientreuhand GmbH,2,https://firmen.wko.at/wh-immobilientreuhand-gmbh/tirol/?firmaid=1761635d-eef8-426e-a997-b17dbf5d30ca&standortid=7&standortname=tirol%20%28bundesland%29&suchbegriff=immobilienverwalter,403,,,,0,0,
Wiedergut Gesellschaft m.b.H. & Co. KG.,1,https://firmen.wko.at/wiedergut-gesellschaft-mbh-und-co-kg/k%c3%a4rnten/?firmaid=01937509-509a-48ca-9176-8f4e06c56e24&standortid=6&standortname=k%c3%a4rnten%20%28bundesland%29&suchbegriff=immobilienverwalter,403,,,,0,0,
Wien-Süd Projektmanagement GmbH,1,https://firmen.wko.at/wien-s%c3%bcd-projektmanagement-gmbh/wien/?firmaid=36e37b56-4602-4443-a80c-01d2d8819ada&standortid=1&standortname=wien%20%28bundesland%29&suchbegriff=immobilienverwalter,403,,,,0,0,
Wiesinger Immobilienmanagement GmbH,1,https://firmen.wko.at/wiesinger-immobilienmanagement-gmbh/wien/?firmaid=d11479a1-0f46-421c-89d9-37adf096f2d9&standortid=1&standortname=wien%20%28bundesland%29&suchbegriff=immobilienverwalter,403,,,,0,0,
WILLA Immobilien GmbH,1,https://firmen.wko.at/willa-immobilien-gmbh/ober%c3%b6sterreich/?firmaid=8687a556-9307-44ad-aee2-11bfc3e2296e&standortid=3&standortname=ober%c3%b6sterreich%20%28bundesland%29&suchbegriff=immobilienverwalter,403,,,,0,0,
Willibald Preissl,1,https://firmen.wko.at/willibald-preissl/wien/?firmaid=78d8e9d1-1b04-415a-9436-1463d810f2b3&standortid=1&standortname=wien%20%28bundesland%29&suchbegriff=immobilienverwalter,403,,,,0,0,
Wilma Grubmüller,1,https://firmen.wko.at/wilma-grubm%c3%bcller/nieder%c3%b6sterreich/?firmaid=d5ff02a7-df3f-414a-bb61-ee4f932fda96&standortid=2&standortname=nieder%c3%b6sterreich%20%28bundesland%29&suchbegriff=immobilienverwalter,403,,,,0,0,
Wimmer Hausverwaltung GmbH,1,https://firmen.wko.at/wimmer-hausverwaltung-gmbh/ober%c3%b6sterreich/?firmaid=3b7f7fd4-c621-40c0-ba88-1727a66a9613&standortid=3&standortname=ober%c3%b6sterreich%20%28bundesland%29&suchbegriff=immobilienverwalter,403,,,,0,0,
Wimmer Immobilien GmbH,1,https://firmen.wko.at/wimmer-immobilien-gmbh/ober%c3%b6sterreich/?firmaid=053bf8cc-ce79-4d35-906a-6922a51dfa2f&standortid=3&standortname=ober%c3%b6sterreich%20%28bundesland%29&suchbegriff=immobilienverwalter,403,,,,0,0,
win4wien Bauträger GmbH,1,https://firmen.wko.at/win4wien-bautr%c3%a4ger-gmbh/wien/?firmaid=94e22238-1e42-4afe-9b1c-e4a9d9c33d70&standortid=1&standortname=wien%20%28bundesland%29&suchbegriff=immobilienverwalter,403,,,,0,0,
WIRECO Witzelsperger Retail Concepts e.U.,1,https://firmen.wko.at/wireco-witzelsperger-retail-concepts-eu/wien/?firmaid=c261f32a-63f3-4419-a2c5-8c7125c26e55&standortid=1&standortname=wien%20%28bundesland%29&suchbegriff=immobilienverwalter,403,,,,0,0,
Wirth Immobilien GmbH,1,https://firmen.wko.at/wirth-immobilien-gmbh/nieder%c3%b6sterreich/?firmaid=c6ec1d79-45e3-4ee2-bcac-6d59d30a1b1d&standortid=2&standortname=nieder%c3%b6sterreich%20%28bundesland%29&suchbegriff=immobilienverwalter,403,,,,0,0,
Wirtschaftsagentur Burgenland GmbH,1,https://firmen.wko.at/wirtschaftsagentur-burgenland-gmbh/burgenland/?firmaid=a0902cb3-801f-4f7a-a001-0236f517e275&standortid=9&standortname=burgenland%20%28bundesland%29&suchbegriff=immobilienverwalter,403,,,,0,0,
WIWA Immobilien e.U.,1,https://firmen.wko.at/wiwa-immobilien-eu/steiermark/?firmaid=d677df01-3acb-47a0-a172-7ed079dd2bbe&standortid=5&standortname=steiermark%20%28bundesland%29&suchbegriff=immobilienverwalter,403,,,,0,0,
WKI Hausverwaltung GmbH,1,https://firmen.wko.at/wki-hausverwaltung-gmbh/k%c3%a4rnten/?firmaid=5b5f3c93-ac3c-4ae8-925b-773453cee007&standortid=6&standortname=k%c3%a4rnten%20%28bundesland%29&suchbegriff=immobilienverwalter,403,,,,0,0,
WMK Immoinvest und Beteiligungs GmbH,1,https://firmen.wko.at/wmk-immoinvest-und-beteiligungs-gmbh/k%c3%a4rnten/?firmaid=40bcafae-e888-4a1b-86c9-10cd76ae2354&standortid=6&standortname=k%c3%a4rnten%20%28bundesland%29&suchbegriff=immobilienverwalter,403,,,,0,0,
WMKM Opfermann e.U.,1,https://firmen.wko.at/wmkm-opfermann-eu-juwelier-am-saarplatz/wien/?firmaid=0beea7f4-bbb4-4caf-9638-a646aaffcde0&standortid=1&standortname=wien%20%28bundesland%29&suchbegriff=immobilienverwalter,403,,,,0,0,
Woge Realitäten Gesellschaft m.b.H.,1,https://firmen.wko.at/woge-realit%c3%a4ten-gesellschaft-mbh/wien/?firmaid=b1f62a6e-5c47-4782-851a-112c0dab2456&standortid=1&standortname=wien%20%28bundesland%29&suchbegriff=immobilienverwalter,403,,,,0,0,
WOGE Treuhand- und Verwaltungsgesellschaft m.b.H. & Co. KG,1,https://firmen.wko.at/woge-treuhand-und-verwaltungsgesellschaft-mbh-und-co-kg/vorarlberg/?firmaid=ef94d444-f447-4e5a-b42c-3bc898ec684d&standortid=8&standortname=vorarlberg%20%28bundesland%29&suchbegriff=immobilienverwalter,403,,,,0,0,
Wohin Immobilien GmbH,1,https://firmen.wko.at/wohin-immobilien-gmbh-wohin-immobilien-gmbh/steiermark/?firmaid=914b33d7-3056-4d8e-8f62-4d0f1bc808eb&standortid=5&standortname=steiermark%20%28bundesland%29&suchbegriff=immobilienverwalter,403,,,,0,0,
wohn3 Management GmbH,1,https://firmen.wko.at/wohn3-management-gmbh-wohn3-immobiliengruppe/wien/?firmaid=e96150d5-bade-4bc8-9f64-440bf00be523&standortid=1&standortname=wien%20%28bundesland%29&suchbegriff=immobilienverwalter,403,,,,0,0,
WohnAlp Immobilien GmbH,1,https://firmen.wko.at/wohnalp-immobilien-gmbh/tirol/?firmaid=1d715170-4f57-4494-9cd2-6231afc24601&standortid=7&standortname=tirol%20%28bundesland%29&suchbegriff=immobilienverwalter,403,,,,0,0,
Wohnbau 2000 Gesellschaft mbH,1,https://firmen.wko.at/wohnbau-2000-gesellschaft-mbh-immobilien-bautr%c3%84ger-makler-verwalter/ober%c3%b6sterreich/?firmaid=0371acbe-5cc3-4c87-911b-496bbeed12b2&standortid=3&standortname=ober%c3%b6sterreich%20%28bundesland%29&suchbegriff=immobilienverwalter,403,,,,0,0,
Wohnbauservice Immobiliengesellschaft mit beschränkter Haftung,1,https://firmen.wko.at/wohnbauservice-immobiliengesellschaft-mit-beschr%c3%a4nkter-haftung/ober%c3%b6sterreich/?firmaid=eb43a592-ce90-4e18-98d9-b0df790ddb7e&standortid=3&standortname=ober%c3%b6sterreich%20%28bundesland%29&suchbegriff=immobilienverwalter,403,,,,0,0,
Wohnfit Hausverwaltungs GmbH,1,https://firmen.wko.at/wohnfit-hausverwaltungs-gmbh/wien/?firmaid=6589f8fb-70b0-49d0-8bf5-9938014d8527&standortid=1&standortname=wien%20%28bundesland%29&suchbegriff=immobilienverwalter,403,,,,0,0,
Wohnpark Liefering GmbH,1,https://firmen.wko.at/wohnpark-liefering-gmbh/salzburg/?firmaid=c5f5c60e-53a5-4c18-b6a2-480de31a7dbc&standortid=4&standortname=salzburg%20%28bundesland%29&suchbegriff=immobilienverwalter,403,,,,0,0,
Wohnraumwerk Bauträger- und Projektentwicklungs GmbH,1,https://firmen.wko.at/wohnraumwerk-bautr%c3%a4ger-und-projektentwicklungs-gmbh/steiermark/?firmaid=f997c9b6-0bc8-49e0-8b84-474569a6973b&standortid=5&standortname=steiermark%20%28bundesland%29&suchbegriff=immobilienverwalter,403,,,,0,0,
Wolff & Galen Immobilientreuhänder GmbH,1,https://firmen.wko.at/wolff-und-galen-immobilientreuh%c3%a4nder-gmbh/salzburg/?firmaid=96c80345-efd7-434f-8ba4-bc52e07df9a3&standortid=4&standortname=salzburg%20%28bundesland%29&suchbegriff=immobilienverwalter,403,,,,0,0,
Wolfgang Bauerhansl,1,https://firmen.wko.at/wolfgang-bauerhansl/nieder%c3%b6sterreich/?firmaid=ee883bca-f5fe-48ab-9a8f-6d4965efdfa7&standortid=2&standortname=nieder%c3%b6sterreich%20%28bundesland%29&suchbegriff=immobilienverwalter,403,,,,0,0,
Wolfgang Strasser,1,https://firmen.wko.at/wolfgang-strasser/salzburg/?firmaid=5dd0e7b9-595d-4d81-9882-c836723504a9&standortid=4&standortname=salzburg%20%28bundesland%29&suchbegriff=immobilienverwalter,403,,,,0,0,
woop e.U.,1,https://firmen.wko.at/woop-eu-woop-immobilienmanagement/wien/?firmaid=60b51793-f9c8-42bb-a382-fd18df3a3d5c&standortid=1&standortname=wien%20%28bundesland%29&suchbegriff=immobilienverwalter,403,,,,0,0,
WPM Wipfler Prime Management e.U.,1,https://firmen.wko.at/wpm-wipfler-prime-management-eu/wien/?firmaid=d42001b9-e557-42f3-973f-961db3bac856&standortid=1&standortname=wien%20%28bundesland%29&suchbegriff=immobilienverwalter,403,,,,0,0,
WPS Consulting GmbH,1,https://firmen.wko.at/wps-consulting-gmbh/ober%c3%b6sterreich/?firmaid=1c122cda-9d38-4774-b4ef-82ed7713cb87&standortid=3&standortname=ober%c3%b6sterreich%20%28bundesland%29&suchbegriff=immobilienverwalter,403,,,,0,0,
WSB Immobilien GmbH,1,https://firmen.wko.at/wsb-immobilien-gmbh/steiermark/?firmaid=101a84ce-e241-4489-b563-18831b3fd03a&standortid=5&standortname=steiermark%20%28bundesland%29&suchbegriff=immobilienverwalter,403,,,,0,0,
WSE Wiener Standortentwicklung GmbH,1,https://firmen.wko.at/wse-wiener-standortentwicklung-gmbh/wien/?firmaid=9e4cd29e-fc6c-43c2-afca-24c24f3a43b3&standortid=1&standortname=wien%20%28bundesland%29&suchbegriff=immobilienverwalter,403,,,,0,0,
WT 80 Immobilienentwicklung GmbH,1,https://firmen.wko.at/wt-80-immobilienentwicklung-gmbh/wien/?firmaid=e0c66dc6-07d2-4606-822a-ef6ef54df34d&standortid=1&standortname=wien%20%28bundesland%29&suchbegriff=immobilienverwalter,403,,,,0,0,
WVV Immobilien GmbH,1,https://firmen.wko.at/wvv-immobilien-gmbh-immobilien-und-verm%c3%b6genstreuhand-immobilienvermittlung-und/wien/?firmaid=1bf41edd-bd6a-4d4d-8b68-0992934dfc0f&standortid=1&standortname=wien%20%28bundesland%29&suchbegriff=immobilienverwalter,403,,,,0,0,
YP Immobilien GmbH,1,https://firmen.wko.at/yp-immobilien-gmbh/steiermark/?firmaid=cb3d2964-fdeb-475e-9efa-fecb1f6335e6&standortid=5&standortname=steiermark%20%28bundesland%29&suchbegriff=immobilienverwalter,403,,,,0,0,
ZA Immobilienverwaltung GmbH,1,https://firmen.wko.at/za-immobilienverwaltung-gmbh/nieder%c3%b6sterreich/?firmaid=f1ca6e63-3264-4dc4-ab10-8ed06c607524&standortid=2&standortname=nieder%c3%b6sterreich%20%28bundesland%29&suchbegriff=immobilienverwalter,403,,,,0,0,
ZACH & PARTNER - Immobilientreuhand GmbH,1,https://firmen.wko.at/zach-und-partner-immobilientreuhand-gmbh-immobilienverwaltung/steiermark/?firmaid=a6a822fa-2d4c-4088-8d38-ad2c6793a97a&standortid=5&standortname=steiermark%20%28bundesland%29&suchbegriff=immobilienverwalter,403,,,,0,0,
Zalán Lingurár,1,https://firmen.wko.at/zaln-lingurr/burgenland/?firmaid=fe64b748-af83-40cb-8ff5-42cd9ff84d6a&standortid=9&standortname=burgenland%20%28bundesland%29&suchbegriff=immobilienverwalter,403,,,,0,0,
Zauberhaus Immobilienmanagement GmbH,1,https://firmen.wko.at/zauberhaus-immobilienmanagement-gmbh/wien/?firmaid=6164fc7e-0733-4ff0-a3b8-539b1bde3da2&standortid=1&standortname=wien%20%28bundesland%29&suchbegriff=immobilienverwalter,403,,,,0,0,
Zelzer Real Estate GmbH,1,https://firmen.wko.at/zelzer-real-estate-gmbh/steiermark/?firmaid=49b117be-1fc8-4d35-961d-e971da03c6eb&standortid=5&standortname=steiermark%20%28bundesland%29&suchbegriff=immobilienverwalter,403,,,,0,0,
Zentreal Immobilienverwaltung GmbH,1,https://firmen.wko.at/zentreal-immobilienverwaltung-gmbh-zentreal/wien/?firmaid=c47955d1-d84f-4c5f-bd1f-907b2eb44aeb&standortid=1&standortname=wien%20%28bundesland%29&suchbegriff=immobilienverwalter,403,,,,0,0,
ZHS Office- & Facilitymanagement GmbH,1,https://firmen.wko.at/zhs-office-und-facilitymanagement-gmbh/wien/?firmaid=56e16c83-ef6e-4cbc-b6be-30d929ab87fe&standortid=1&standortname=wien%20%28bundesland%29&suchbegriff=immobilienverwalter,403,,,,0,0,
ZIMA Objektmanagement GmbH,1,https://firmen.wko.at/zima-objektmanagement-gmbh/tirol/?firmaid=60fb6e73-f44f-43cb-8dba-67245bdf3881&standortid=7&standortname=tirol%20%28bundesland%29&suchbegriff=immobilienverwalter,403,,,,0,0,
Zirm Immobilien GmbH,2,https://firmen.wko.at/zirm-immobilien-gmbh/steiermark/?firmaid=b268c8a0-198b-4d75-82c1-0db7fb01f981&standortid=5&standortname=steiermark%20%28bundesland%29&suchbegriff=immobilienverwalter,403,,,,0,0,
ZKW Austria Immobilien GmbH,1,https://firmen.wko.at/zkw-austria-immobilien-gmbh/nieder%c3%b6sterreich/?firmaid=135574a7-4b8b-4853-849b-6cc136aced61&standortid=2&standortname=nieder%c3%b6sterreich%20%28bundesland%29&suchbegriff=immobilienverwalter,403,,,,0,0,
Zurich Immobilien Liegenschaftsverwaltungs-GesmbH,1,https://firmen.wko.at/zurich-immobilien-liegenschaftsverwaltungs-gesmbh/wien/?firmaid=d8edbf56-e59f-44ef-9ac7-3ecc6e1d917a&standortid=1&standortname=wien%20%28bundesland%29&suchbegriff=immobilienverwalter,403,,,,0,0,
ÖBB-Immobilienmanagement Gesellschaft mbH,8,https://firmen.wko.at/%c3%96bb-immobilienmanagement-gesellschaft-mbh/salzburg/?firmaid=dbe320f6-197f-468e-a099-01772f442235&standortid=4&standortname=salzburg%20%28bundesland%29&suchbegriff=immobilienverwalter,403,,,,0,0,
ÖBV-Immobilien Gesellschaft m.b.H.,1,https://firmen.wko.at/%c3%96bv-immobilien-gesellschaft-mbh/wien/?firmaid=b259c2ad-e8b0-4af1-b6e2-793c2c2bc780&standortid=1&standortname=wien%20%28bundesland%29&suchbegriff=immobilienverwalter,403,,,,0,0,
ÖRAG Österreichische Realitäten-Aktiengesellschaft,1,https://firmen.wko.at/%c3%96rag-%c3%96sterreichische-realit%c3%a4ten-aktiengesellschaft/wien/?firmaid=18fa62d4-4a08-4a9f-9ec2-250c705f8719&standortid=1&standortname=wien%20%28bundesland%29&suchbegriff=immobilienverwalter,403,,,,0,0,
Österreichische Bundesforste AG,1,https://firmen.wko.at/%c3%96sterreichische-bundesforste-ag/nieder%c3%b6sterreich/?firmaid=27f64380-e165-4117-871d-0e4d0716b2e3&standortid=2&standortname=nieder%c3%b6sterreich%20%28bundesland%29&suchbegriff=immobilienverwalter,403,,,,0,0,
ŽUPA Immobilien GmbH,1,https://firmen.wko.at/upa-immobilien-gmbh/wien/?firmaid=384dad29-ac1a-43f1-9ad1-5df9e4dd19dd&standortid=1&standortname=wien%20%28bundesland%29&suchbegriff=immobilienverwalter,403,,,,0,0,
