group_key,group_name,domain,websites,emails,phones,cities,legal_entities_count,ksw_listings_count,locations_count,member_entities,ksw_pages,has_official_domain,qualification_status,confidence,employee_low,employee_high,reason,official_employee_evidence,site_team_profiles,site_team_emails,site_job_links,search_employee_evidence,search_size_ranges,linkedin_visible,evidence_urls,agent_selection_reason,agent_research_mode,agent_verdict,agent_employee_low,agent_employee_high,agent_count_scope,agent_confidence,agent_research_summary,agent_source_urls,agent_source_facts,agent_review_note,agent_researcher_consensus,economic_component_size,economic_component_group_keys,economic_component_names,economic_dedup_rule,size_gate,market_source,prior_status,prior_confidence,prior_employee_low,prior_employee_high,prior_reason,prior_source_urls,wko_firmaids,wko_phones,wko_emails,old_evidence_snippet,accounting_relevance,management,owners,ultimate_owner,ownership_structure,ownership_type,primary_dm,primary_dm_roles,owner_confidence,owner_source_urls,owner_review_note,best_direct_phone,best_phone_class,best_phone_score,best_phone_person,best_phone_sources,best_personal_email,best_email_class,best_email_score,best_email_person,best_email_sources,fallback_central_phone,fallback_generic_email
domain:spitzer-top.at,Attergau-Treuhand Spitzer Unternehmens- und Steuerberatung GmbH,spitzer-top.at,http://www.spitzer-top.at,steuerberater@spitzer-top.at | franz.wolfgang@spitzer-top.at,+43 7667 65 11 | +43 7667 65 11 17 | +43 7667 65 11 22,St. Georgen im Attergau Gemeinde: St. Georgen im Attergau Be,1,1,1,Attergau-Treuhand Spitzer Unternehmens- und Steuerberatung GmbH,https://ksw.or.at/mitgliederverzeichnis/?tx_kswmembers_membersdirectory%5Bcontroller%5D=MembersDirectory&tx_kswmembers_membersdirectory%5BcurrentPage%5D=120,1,CONFIRMED_20_29,HIGH,20,20,official team/profile lower bound,,1,20,5,,,,https://spitzer-top.at/ | https://spitzer-top.at/karriere/ | https://spitzer-top.at/unternehmensberatung/ | https://spitzer-top.at/team/ | https://spitzer-top.at/mitarbeiter-statements/,PRIOR_STAGE2_CANDIDATE;TEAM_EMAILS_10_PLUS;JOB_LINKS_3_PLUS,VERIFY_PRIOR,CONFIRMED_20_PLUS,20,,AUSTRIA_LEGAL_ENTITY,HIGH,Official site provides a direct staff lower bound of at least 20.,https://spitzer-top.at/,Official site exposes at least 20 distinct staff profiles/personal company-domain emails.,Staff-page lower bound proves 20+ but not 30+ unless count reaches 30.,SINGLE,1,domain:spitzer-top.at,Attergau-Treuhand Spitzer Unternehmens- und Steuerberatung GmbH,SINGLE_GROUP,CONFIRMED_20_PLUS,KSW,,,,,,,,,,,,Jahren Neugründer [Partner]; Thema Rechtsformgestaltung [Partner]; Viele Jahre Ausb [Management]; Unvergleichliches Klima [Management]; MBA Mag [Geschäftsführer]; Allgemeine Information [Management],MBA Mag (42.0); Allgemeine Information (),MBA Mag,Public sources identify material individual shareholders: MBA Mag 42.0%.,PARTNER_OWNED,MBA Mag,Owner/Gesellschafter,HIGH,https://spitzer-top.at/ | https://spitzer-top.at/ | https://spitzer-top.at/ | https://spitzer-top.at/ | https://spitzer-top.at/impressum/ | https://spitzer-top.at/impressum/ | https://spitzer-top.at/impressum/ | https://spitzer-top.at/impressum/,No ownership was inferred from surname. Unknown share percentages remain null. For international/network firms the Austrian operational leadership is preferred over a global parent.,,central_fallback,20,,https://spitzer-top.at/,,generic_fallback,30,,https://spitzer-top.at/,+4376676511,steuerberater@spitzer-top.at
domain:treuhand-union.com,CD Steuerberatung GmbH,treuhand-union.com,http://www.treuhand-union.com/demeter | http://www.treuhand-union.com | http://www.ingogruss.at | http://www.treuhandunionvillach.at | http://www.tiefling.at | http://www.tu-eisenstadt.at | https://www.treuhand-union.com | https://shorturl.at/7BSP1 | http://www.treuhand-union-wien.at,demeter@treuhand-union.com | ingo.gruss@tu.tax | office@treuhand-union.at | alois.pircher@treuhand-union.at | kanzlei@tu-salzburg.at | gerhard.reichl@tu-salzburg.at | office@treuhandunionvillach.at | office@tiefling.at | office@tu.tax | paul.tiefling@tu.tax | office@tu-eisenstadt.at | franz.rosenauer@tu-eisenstadt.at | va@tu-eisenstadt.at | vienna@treuhand-union.com | harald.czajka@treuhand-union.com | rainer.partl@treuhand-union.at,+43 2167 88 70 | +43 2167 8870 | +43 2167 2910 | +43 463 56 166 | +43 664 286 57 11 | +43 463 561 66 | +43 463 561 66 22 | +43 512 56 22 62 | +43 512 57 42 59 | +43 512 58 96 63 | +43 512 58 86 64 | +43 2167 29 10 | +43 662 64 55 55 0 | +43 662 64 55 55 85 | +43 4242 284 80 | +43 4242 284 80 50 | +43 4242 28 480 0 | +43 4242 28 480 50 | +43 463 56 166 22 | +43 2682 645 32 | +43 664 340 05 54 | +43 664 340 05 58 | +43 2682 645 32 29 | +43 1 533 88 32 | +43 1 533 88 32 14 | +43 664 149 95 18,"Neusiedl am See Gemeinde: Neusiedl am See Bezirk Neusiedl am | Klagenfurt Gemeinde: Klagenfurt am Wörthersee Bezirk Klagenf | Wilten Gemeinde: Innsbruck Bezirk Innsbruck-Stadt +43 512 56 | Salzburg Gemeinde: Salzburg Bezirk Salzburg(Stadt) +43 662 6 | Villach-Innere Stadt Gemeinde: Villach Bezirk Villach Stadt | Eisenstadt Gemeinde: Eisenstadt Bezirk Eisenstadt(Stadt) +43 | Wien Gemeinde: Wien Wien 1.,Innere Stadt +43 1 533 88 32 +43 | Breitenbrunn am Neusiedler See Gemeinde: Breitenbrunn am Neu | Gleisdorf Gemeinde: Gleisdorf Bezirk Weiz +43 3112 28 06 0 +",15,11,11,CD Steuerberatung GmbH | Gruss Steuerberatungs GmbH | alera west Wirtschaftsprüfungsgesellschaft mbH | Treuhand-Union Neusiedl/See Steuerberatung GmbH | TREUHAND-UNION Salzburg Steuerberatungs GmbH & Co KG | Treuhand-Union Neusiedl am See Steuerberater GmbH+Co.KG | Treuhand-Union Villach Wirtschaftstreuhand- und Steuerberatungs GmbH | TREUHAND UNION KLAGENFURT Wirtschaftstreuhand und Steuerberatungs GmbH | Burgenländische Wirtschaftsprüfungs- und Steuerberatungs Gesellschaft m.b.H. | Treuhand-Union Wien Wirtschaftsprüfungs- und Steuerberatungsgesellschaft m.b.H. | Treuhand-Union Innsbruck Wirtschaftstreuhand- und Steuerberatungsgesellschaft mbH | Treuhand-Union Eisenstadt Steuerberatung GmbH & Co KG | Treuhand-Union Eisenstadt Steuerberatung GmbH | Procos Steuerberatungs- und Wirtschaftsprüfungs GmbH | Treuhand-Union Eisenstadt Wirtschaftstreuhand-Steuerberatung KG,https://ksw.or.at/mitgliederverzeichnis/?tx_kswmembers_membersdirectory%5Bcontroller%5D=MembersDirectory&tx_kswmembers_membersdirectory%5BcurrentPage%5D=296 | https://ksw.or.at/mitgliederverzeichnis/?tx_kswmembers_membersdirectory%5Bcontroller%5D=MembersDirectory&tx_kswmembers_membersdirectory%5BcurrentPage%5D=261 | https://ksw.or.at/mitgliederverzeichnis/?tx_kswmembers_membersdirectory%5Bcontroller%5D=MembersDirectory&tx_kswmembers_membersdirectory%5BcurrentPage%5D=254 | https://ksw.or.at/mitgliederverzeichnis/?tx_kswmembers_membersdirectory%5Bcontroller%5D=MembersDirectory&tx_kswmembers_membersdirectory%5BcurrentPage%5D=299 | https://ksw.or.at/mitgliederverzeichnis/?tx_kswmembers_membersdirectory%5Bcontroller%5D=MembersDirectory&tx_kswmembers_membersdirectory%5BcurrentPage%5D=402 | https://ksw.or.at/mitgliederverzeichnis/?tx_kswmembers_membersdirectory%5Bcontroller%5D=MembersDirectory&tx_kswmembers_membersdirectory%5BcurrentPage%5D=496 | https://ksw.or.at/mitgliederverzeichnis/?tx_kswmembers_membersdirectory%5Bcontroller%5D=MembersDirectory&tx_kswmembers_membersdirectory%5BcurrentPage%5D=440 | https://ksw.or.at/mitgliederverzeichnis/?tx_kswmembers_membersdirectory%5Bcontroller%5D=MembersDirectory&tx_kswmembers_membersdirectory%5BcurrentPage%5D=365 | https://ksw.or.at/mitgliederverzeichnis/?tx_kswmembers_membersdirectory%5Bcontroller%5D=MembersDirectory&tx_kswmembers_membersdirectory%5BcurrentPage%5D=222 | https://ksw.or.at/mitgliederverzeichnis/?tx_kswmembers_membersdirectory%5Bcontroller%5D=MembersDirectory&tx_kswmembers_membersdirectory%5BcurrentPage%5D=317 | https://ksw.or.at/mitgliederverzeichnis/?tx_kswmembers_membersdirectory%5Bcontroller%5D=MembersDirectory&tx_kswmembers_membersdirectory%5BcurrentPage%5D=333,1,CONFIRMED_30_PLUS,HIGH,400,400,official explicit employee count,400: satmosphäre! Wir feiern Erfolge gemeinsam mit Mitarbeitenden. Jedes Jahr laden wir unsere über 400 Mitarbeiter:innen zu einer inspirierenden Mitarbeitertagung an tollen Orten ein. ,0,2,9,,,,https://www.treuhand-union.com/de/standorte/tu-neusiedl-am-see | https://www.treuhand-union.com/de/standorte | https://www.treuhand-union.com/de/karriere | https://www.treuhand-union.com/de/standorte/tu-neusiedl-am-see/dienstnehmer-anmeldung | https://www.treuhand-union.com/de/standorte/tu-neusiedl-am-see/dienstnehmer-abmeldung | https://www.treuhand-union.com/de/standorte/assets/dynamic/downloads/_AAB_2018_de.pdf | https://www.treuhand-union.com/de/standorte/tu-eisenstadt | https://www.treuhand-union.com/de/standorte/tu-partner-oberwart,PRIOR_STAGE2_CANDIDATE;JOB_LINKS_3_PLUS;KSW_LISTINGS_3_PLUS;LOCATIONS_3_PLUS;LEGAL_ENTITIES_2_PLUS,VERIFY_PRIOR,CONFIRMED_30_PLUS,400,,AUSTRIA_GROUP,HIGH,Official Austrian company/group page states approximately or explicitly 400 employees.,https://www.treuhand-union.com/de/karriere | https://treuhand-union-prod.azurewebsites.net/de/karriere,Official site employee statement around 400.,Official-site employee statement is sufficient for a 30+ lower bound.,SINGLE,2,domain:treuhand-union.com | domain:tu-eisenstadt.at,CD Steuerberatung GmbH | Treuhand-Union Eisenstadt Steuerberatung GmbH & Co KG,DIRECT_SHARED_PRIMARY_DOMAIN,CONFIRMED_20_PLUS,KSW,,,,,,,,,,,,Weitere Informationen Weitere Informationen [Management]; See GESCHÄFTSFÜHRER Paul DEMETER [Geschäftsführer]; Paul DEMETER Steuerberater [Geschäftsführer]; Universitätslektor TEAM Christine Demeter [Geschäftsführer]; Christine Demeter Verwaltung Helene [Geschäftsführer]; Demeter Mag [Management]; Helene Demeter Unternehmensberaterin [Management]; Paul Demeter [Geschäftsführer]; WELCHE LEISTUNGEN WERDEN IN [Geschäftsführer]; NEUSIEDL AM SEE ANGEBOTEN [Management],Paul Demeter (); WELCHE LEISTUNGEN WERDEN IN (); NEUSIEDL AM SEE ANGEBOTEN (); SIE ERREICHBAR (); Gesellschafter Dr (); Hannes Debus (); Vater Dr (); Ludwig Debus (); Im Jahr (); Robert Kuhar (),Paul Demeter; WELCHE LEISTUNGEN WERDEN IN; NEUSIEDL AM SEE ANGEBOTEN; SIE ERREICHBAR,"Public sources identify owner/shareholder names, but complete share percentages were not safely established.",PARTNER_OWNED,Paul Demeter; WELCHE LEISTUNGEN WERDEN IN,Owner/Gesellschafter; Owner/Gesellschafter,MEDIUM_HIGH,https://www.treuhand-union.com/de/standorte/tu-neusiedl-am-see | https://www.treuhand-union.com/de/standorte/tu-neusiedl-am-see | https://www.treuhand-union.com/de/standorte/tu-neusiedl-am-see | https://www.treuhand-union.com/de/standorte/tu-neusiedl-am-see | https://www.treuhand-union.com/de/standorte/tu-neusiedl-am-see | https://www.treuhand-union.com/de/standorte/tu-neusiedl-am-see | https://www.treuhand-union.com/de/standorte/tu-neusiedl-am-see | https://www.treuhand-union.com/de/standorte/tu-neusiedl-am-see | https://www.treuhand-union.com/de/standorte/tu-neusiedl-am-see | https://www.treuhand-union.com/de/standorte/tu-neusiedl-am-see | https://www.treuhand-union.com/de/standorte/tu-neusiedl-am-see | https://www.treuhand-union.com/de/standorte/tu-neusiedl-am-see | https://www.treuhand-union.com/de/standorte/tu-partner-kuhar | https://www.treuhand-union.com/de/standorte/tu-partner-kuhar | https://www.treuhand-union.com/de/standorte/tu-partner-kuhar | https://www.treuhand-union.com/de/standorte/tu-partner-kuhar,No ownership was inferred from surname. Unknown share percentages remain null. For international/network firms the Austrian operational leadership is preferred over a global parent.,,central_context,20,WELCHE LEISTUNGEN WERDEN IN,https://www.treuhand-union.com/de/standorte/tu-partner-pfeiler,helene.demeter@demeterconsulting.at,personal_candidate_email,82,Paul Demeter,https://www.treuhand-union.com/de/standorte/tu-neusiedl-am-see,,
domain:etl-steuerberatung.at,ETL Austria Steuerberatungsgesellschaft mbH.,etl-steuerberatung.at,http://www.etl-steuerberatung.at | http://www.klinger-rieger.at,office@etl-steuerberatung.at | manfred.rieger@klinger-rieger.at | michael.klinger@klinger-rieger.at | sina.klinger@klinger-rieger.at | fabia.klinger@klinger-rieger.at,+43 662 62 19 70 0 | +43 662 62 19 70 9 | +43 662 62 13 17 0 | +43 662 62 13 17 9,Salzburg Gemeinde: Salzburg Bezirk Salzburg(Stadt) +43 662 6,1,1,1,ETL Austria Steuerberatungsgesellschaft mbH.,https://ksw.or.at/mitgliederverzeichnis/?tx_kswmembers_membersdirectory%5Bcontroller%5D=MembersDirectory&tx_kswmembers_membersdirectory%5BcurrentPage%5D=424,1,NO_20PLUS_EVIDENCE,LOW,0,0,no reliable 20+ evidence found,,0,1,0,,,,https://www.etl-steuerberatung.at/ | https://www.etl-steuerberatung.at/steuerberater/oesterreich/anfahrt_steuerberatungskanzlei/,SANITY_SEED:Klinger,DEEP_RESEARCH,CONFIRMED_30_PLUS,200,,AUSTRIA_LEGAL_ENTITY,HIGH,Official Austrian company/group page states approximately or explicitly 200 employees.,https://www.klinger-rieger.at/ueber-uns/,Official site employee statement around 200.,Official-site employee statement is sufficient for a 30+ lower bound.,SINGLE,1,domain:etl-steuerberatung.at,ETL Austria Steuerberatungsgesellschaft mbH.,SINGLE_GROUP,CONFIRMED_20_PLUS,KSW,,,,,,,,,,,,Deutschland English Tax Consultancy [Partner]; Lohnverrechnung Menü [Management]; Steuerberater Manfred Rieger [Partner]; Steuerberater Partnerkanzlei [Partner]; ÖSV Österreichischer Steuerverein [Partner]; Klassische Steuerberatungskan [Management]; Leistungen Diverses Partnerkanzleien Presse [Partner]; Artikel Steuerberater [Partner]; SteuerNews ÖSV Steuer-Portal CoronaNews [Partner]; Karriere English Suchen [Partner],Geschäftsführende Gesellschafter (); Steuerberater Manfred Rieger (); Steuerberater Partnerkanzlei (); ÖSV Österreichischer Steuerverein (); Bank Aus (); Steuerberater Mag (); Sina Klinger (); Steuerberaterin Mag (); Fabia Klinger (); Wirtschaftsprüferin Partnerk (),Geschäftsführende Gesellschafter; Steuerberater Manfred Rieger; Steuerberater Partnerkanzlei; ÖSV Österreichischer Steuerverein,"Public sources identify owner/shareholder names, but complete share percentages were not safely established.",PARTNER_OWNED,Geschäftsführende Gesellschafter; Steuerberater Manfred Rieger,Owner/Gesellschafter; Owner/Gesellschafter,MEDIUM_HIGH,https://www.etl-steuerberatung.at/ | https://www.etl-steuerberatung.at/ | https://www.etl-steuerberatung.at/steuerberater-oesterreich/steuerberater-visitenkarte/ | https://www.etl-steuerberatung.at/steuerberater-oesterreich/steuerberater-visitenkarte/ | https://www.etl-steuerberatung.at/steuerberater-oesterreich/steuerberater-visitenkarte/ | https://www.etl-steuerberatung.at/steuerberater-oesterreich/steuerberater-visitenkarte/ | https://www.klinger-rieger.at/ | https://www.klinger-rieger.at/ | https://www.etl-steuerberatung.at/steuerberater-oesterreich/steuerberater-visitenkarte/ | https://www.etl-steuerberatung.at/steuerberater-oesterreich/steuerberater-visitenkarte/ | https://www.etl-steuerberatung.at/steuerberater-oesterreich/steuerberater-visitenkarte/ | https://www.etl-steuerberatung.at/steuerberater-oesterreich/steuerberater-visitenkarte/ | https://www.etl-steuerberatung.at/steuerberater-oesterreich/steuerberater-visitenkarte/ | https://www.klinger-rieger.at/steuerberater-salzburg/steuerberater-visitenkarte/ | https://www.klinger-rieger.at/steuerberater-salzburg/steuerberater-visitenkarte/ | https://www.klinger-rieger.at/steuerberater-salzburg/steuerberater-visitenkarte/,No ownership was inferred from surname. Unknown share percentages remain null. For international/network firms the Austrian operational leadership is preferred over a global parent.,+43662621317,central_context,83,Steuerberater Manfred Rieger,https://www.etl-steuerberatung.at/steuerberater-oesterreich/steuerberater-visitenkarte/ | https://www.klinger-rieger.at/partner/ | https://www.klinger-rieger.at/steuerberater/salzburg/anfahrt_steuerberatungskanzlei/ | https://www.klinger-rieger.at/steuerberater/salzburg/feedback_steuerberater/,melanie.zayim@klinger-rieger.at,named_context_email,70,Steuerberater Manfred Rieger,https://www.klinger-rieger.at/karriere/,,
domain:gsp.at,gsp Steuerberatung GmbH,gsp.at,http://www.gsp.at | http://www.countit.at | http://www.tax-hr.countit.at | http://www.kindt.at,office@gsp.at | w.schenk@gsp.at,+43 1 39 33 930 | +43 1 39 33 930 16 | +43 1 393 39 30 0 | +43 1 393 39 30 16 | +43 1 393 393 00 | +43 1 393 393 016,"Wien Gemeinde: Wien Wien 14.,Penzing +43 1 39 33 930 +43 1 3 | Wien Gemeinde: Wien Wien 12.,Meidling +43 1 393 393 00 +43 1 | Linz Gemeinde: Linz Bezirk Linz(Stadt) +43 5 77 06 0 officel | Ybbs an der Donau Gemeinde: Ybbs an der Donau Bezirk Melk +4 | Hagenberg im Mühlkreis Gemeinde: Hagenberg im Mühlkreis Bezi",4,2,3,gsp Steuerberatung GmbH | COUNT IT TAX gsp Steuerberatung GmbH | COUNT IT TAX Steuerberatung GmbH | COUNT IT TAX Steuerberatung Ybbs GmbH & Co KG,https://ksw.or.at/mitgliederverzeichnis/?tx_kswmembers_membersdirectory%5Bcontroller%5D=MembersDirectory&tx_kswmembers_membersdirectory%5BcurrentPage%5D=480 | https://ksw.or.at/mitgliederverzeichnis/?tx_kswmembers_membersdirectory%5Bcontroller%5D=MembersDirectory&tx_kswmembers_membersdirectory%5BcurrentPage%5D=125,1,CONFIRMED_30_PLUS,HIGH,200,200,official explicit employee count,200: gespeichert werden dürfen. Schließen Senden Über COUNT IT Die COUNT IT Group betreut mit über 200 Mitarbeiterinnen und Mitarbeitern Betriebe aller Größen und Branchen in den Bereic | 200: gespeichert werden dürfen. Schließen Senden Über COUNT IT Die COUNT IT Group betreut mit über 200 Mitarbeiterinnen und Mitarbeitern Betriebe aller Größen und Branchen in den Bereic,0,0,0,,,,https://tax-hr.countit.at/ | https://tax-hr.countit.at/ueber-uns,PRIOR_STAGE2_CANDIDATE;LEGAL_ENTITIES_2_PLUS;SANITY_SEED:COUNT IT,VERIFY_PRIOR,CONFIRMED_30_PLUS,200,,AUSTRIA_GROUP,HIGH,Official Austrian company/group page states approximately or explicitly 200 employees.,https://tax-hr.countit.at/ | https://www.countit.at/,Official site employee statement around 200.,Official-site employee statement is sufficient for a 30+ lower bound.,SINGLE,3,domain:gsp.at | domain:countit.at | domain:kindt.at,gsp Steuerberatung GmbH | COUNT IT TAX Steuerberatung GmbH | COUNT IT TAX Steuerberatung Ybbs GmbH & Co KG,DIRECT_SHARED_PRIMARY_DOMAIN,CONFIRMED_20_PLUS,KSW,,,,,,,,,,,,Maximilian Wurm [Geschäftsführer]; COUNT IT [Management]; Martin Gahleitner [Geschäftsführer]; StB Nikolaus Raus [Geschäftsführer]; In COUNT IT [Management]; Christian Stögmüller [Geschäftsführer]; Andrea Prohaska [Geschäftsführer]; Svjetlana Varmaz [Geschäftsführer]; Ernst Rupp [Partner]; COUNT IT TAX Referenzen [Partner],KI Software Engineering ERP (); COUNT IT Group COUNT (); Peter Berner MA (); Daniel Braden (); Markus Szöky BSc (),KI Software Engineering ERP; COUNT IT Group COUNT; Peter Berner MA; Daniel Braden,"Public sources identify owner/shareholder names, but complete share percentages were not safely established.",PARTNER_OWNED,KI Software Engineering ERP; COUNT IT Group COUNT,Owner/Gesellschafter; Owner/Gesellschafter,MEDIUM_HIGH,https://tax-hr.countit.at/ | https://tax-hr.countit.at/ | https://tax-hr.countit.at/ | https://tax-hr.countit.at/ | https://tax-hr.countit.at/ | https://tax-hr.countit.at/ | https://tax-hr.countit.at/ | https://tax-hr.countit.at/ | https://www.countit.at/impressum | https://www.countit.at/impressum | https://www.countit.at/impressum | https://www.countit.at/impressum | https://www.countit.at/impressum,No ownership was inferred from surname. Unknown share percentages remain null. For international/network firms the Austrian operational leadership is preferred over a global parent.,,central_context,20,COUNT IT Group COUNT,https://tax-hr.countit.at/ueber-uns,officetax@countit.at,named_context_email,70,COUNT IT Group COUNT,https://tax-hr.countit.at/ueber-uns,,
domain:l2-steuerberatung.at,L-Quadrat Steuerberatungs GmbH,l2-steuerberatung.at,http://www.l2-steuerberatung.at,office@l2-steuerberatung.at | lukas@blaha-beratung.at | lukas.schwarzer@gmx.at,+43 699 192 13 104 | +43 660 75 88 932 | +43 1 99 74 364,"Wien Gemeinde: Wien Wien 1.,Innere Stadt +43 699 192 13 104 | Wolkersdorf im Weinviertel Gemeinde: Wolkersdorf im Weinvier",1,2,2,L-Quadrat Steuerberatungs GmbH,https://ksw.or.at/mitgliederverzeichnis/?tx_kswmembers_membersdirectory%5Bcontroller%5D=MembersDirectory&tx_kswmembers_membersdirectory%5BcurrentPage%5D=403 | https://ksw.or.at/mitgliederverzeichnis/?tx_kswmembers_membersdirectory%5Bcontroller%5D=MembersDirectory&tx_kswmembers_membersdirectory%5BcurrentPage%5D=62,1,CONFIRMED_30_PLUS,HIGH,30,30,official explicit employee count,30: or fünf Jahren hat sich die Kanzlei kontinuierlich weiterentwickelt und beschäftigt heute mehr als 30 Mitarbeiterinnen und Mitarbeiter. Ihr Steuerberater Leistungen Leistungen Digi | 30: or fünf Jahren hat sich die Kanzlei kontinuierlich weiterentwickelt und beschäftigt heute mehr als 30 Mitarbeiterinnen und Mitarbeiter. Über Lukas Blaha Bsc ist Steuerberater in zw,0,1,4,,,,https://l2-steuerberatung.at/ | https://l2-steuerberatung.at/unternehmensberatung/ | https://l2-steuerberatung.at/ueber-uns/ | https://l2-steuerberatung.at/karriere/,PRIOR_STAGE2_CANDIDATE;JOB_LINKS_3_PLUS,VERIFY_PRIOR,CONFIRMED_30_PLUS,30,,AUSTRIA_LEGAL_ENTITY,HIGH,Official Austrian company/group page states approximately or explicitly 30 employees.,https://l2-steuerberatung.at/,Official site employee statement around 30.,Official-site employee statement is sufficient for a 30+ lower bound.,SINGLE,1,domain:l2-steuerberatung.at,L-Quadrat Steuerberatungs GmbH,SINGLE_GROUP,CONFIRMED_20_PLUS,KSW,,,,,,,,,,,,Key Account Management [Vorstand]; Situationen IHRE ANSPRECHPARTNER Stephan [Partner]; Stephan Woisetschläger [Management]; Bereichen Unternehmensberatung [Partner]; Dieses Verständnis [Partner]; Während Lukas Schwarzer [Partner]; Lukas Blaha [Management]; Steuerberater SEIT [Vorstand]; Privatstiftung SEIT [Vorstand]; Bereich Immobiliensteuerrecht Spezialkentnisse Immobiliensteuerrecht [Vorstand],Schwerpunkten Immobilien (); Steuerberater SEIT (); Privatstiftung SEIT (); Geyer WT SEIT (); Steuerberater Spezialkentnisse Land (); Forstwirtschaft Internationales Steuerrecht Inbound (); Bereich Immobiliensteuerrecht Spezialkentnisse Immobiliensteuerrecht (); Haftung Firmenbuchnummer (),Schwerpunkten Immobilien; Steuerberater SEIT; Privatstiftung SEIT; Geyer WT SEIT,"Public sources identify owner/shareholder names, but complete share percentages were not safely established.",PARTNER_OWNED,Schwerpunkten Immobilien; Steuerberater SEIT,Owner/Gesellschafter; Owner/Gesellschafter,MEDIUM_HIGH,https://l2-steuerberatung.at/unternehmensberatung/ | https://l2-steuerberatung.at/unternehmensberatung/ | https://l2-steuerberatung.at/unternehmensberatung/ | https://l2-steuerberatung.at/unternehmensberatung/ | https://l2-steuerberatung.at/unternehmensberatung/ | https://l2-steuerberatung.at/unternehmensberatung/ | https://l2-steuerberatung.at/unternehmensberatung/ | https://l2-steuerberatung.at/ueber-uns/ | https://l2-steuerberatung.at/ueber-uns/ | https://l2-steuerberatung.at/ueber-uns/ | https://l2-steuerberatung.at/ueber-uns/ | https://l2-steuerberatung.at/ueber-uns/ | https://l2-steuerberatung.at/ueber-uns/ | https://l2-steuerberatung.at/ueber-uns/ | https://l2-steuerberatung.at/ueber-uns/ | https://l2-steuerberatung.at/impressum/,No ownership was inferred from surname. Unknown share percentages remain null. For international/network firms the Austrian operational leadership is preferred over a global parent.,+4319974364,mobile_public,108,Schwerpunkten Immobilien,https://l2-steuerberatung.at/ | https://l2-steuerberatung.at/impressum/ | https://l2-steuerberatung.at/karriere/ | https://l2-steuerberatung.at/karriere/bilanzbuchhalter/ | https://l2-steuerberatung.at/karriere/buchhalter-in/ | https://l2-steuerberatung.at/karriere/sekretariat/ | https://l2-steuerberatung.at/kontakt/ | https://l2-steuerberatung.at/news/ | https://l2-steuerberatung.at/unternehmensberatung/,,generic_email,38,Schwerpunkten Immobilien,https://l2-steuerberatung.at/ | https://l2-steuerberatung.at/impressum/ | https://l2-steuerberatung.at/karriere/ | https://l2-steuerberatung.at/karriere/bilanzbuchhalter/ | https://l2-steuerberatung.at/karriere/buchhalter-in/ | https://l2-steuerberatung.at/karriere/sekretariat/ | https://l2-steuerberatung.at/kontakt/ | https://l2-steuerberatung.at/news/ | https://l2-steuerberatung.at/unternehmensberatung/,,
domain:napetschnig.at,Napetschnig & Partner Steuerberatungsgesellschaft mbH,napetschnig.at,http://www.napetschnig.at,office@napetschnig.at | thomas.mairitsch@gmx.at | sfae@napetschnig.at,+43 463 51 40 44 0 | +43 463 51 40 44 19 | +43 650 583 50 30 | +43 463 51 40 44,Klagenfurt Gemeinde: Klagenfurt am Wörthersee Bezirk Klagenf,2,2,2,Napetschnig & Partner Steuerberatungsgesellschaft mbH | SFÄ Mag. Napetschnig & Mag. Wieser Steuerberatung für Ärzte KG,https://ksw.or.at/mitgliederverzeichnis/?tx_kswmembers_membersdirectory%5Bcontroller%5D=MembersDirectory&tx_kswmembers_membersdirectory%5BcurrentPage%5D=186 | https://ksw.or.at/mitgliederverzeichnis/?tx_kswmembers_membersdirectory%5Bcontroller%5D=MembersDirectory&tx_kswmembers_membersdirectory%5BcurrentPage%5D=218,1,CONFIRMED_20_29,HIGH,25,25,official explicit employee count,25: g. Thomas Mairitsch Wir stehen Ihnen gerne zur Verfügung und unterstützen Sie mit unserem Team von 25 Mitarbeitern in all Ihren Steuerangelegenheiten. Unsere Standorte Klagenfurt S,1,1,2,,,,https://www.napetschnig.at/ | https://www.napetschnig.at/ueber-uns/ | https://www.napetschnig.at/unternehmensberatung/ | https://www.napetschnig.at/team/ | https://www.napetschnig.at/jobs/ | https://www.napetschnig.at/steuerberatung/,PRIOR_STAGE2_CANDIDATE;LEGAL_ENTITIES_2_PLUS,VERIFY_PRIOR,CONFIRMED_20_29,25,25,AUSTRIA_GROUP,HIGH,Official whole-team statement gives 25 employees.,https://www.napetschnig.at/team/,Official site employee statement around 25.,Exact official whole-team count bounds the company to 20–29.,SINGLE,1,domain:napetschnig.at,Napetschnig & Partner Steuerberatungsgesellschaft mbH,SINGLE_GROUP,CONFIRMED_20_PLUS,KSW,,,,,,,,,,,,Ihr Erfolg [Partner]; Individuelle Beratung [Management]; Ärzte Wir [Partner]; Steuernews Alle [Management]; Als Mitglied [Partner]; Austrian Asian African Association [Partner]; Diese Spezialisierung [Management]; Ihre Bedürfnisse [Partner]; Ihren Erfolgskurs [Partner]; Ihrer Seite [Partner],,unresolved,Ownership/control layer was not safely established from public evidence; operational management is retained where verified.,UNRESOLVED,Als Mitglied; Austrian Asian African Association; Diese Spezialisierung,Partner; Partner; Management,MEDIUM_HIGH,https://www.napetschnig.at/ | https://www.napetschnig.at/ | https://www.napetschnig.at/ | https://www.napetschnig.at/ | https://www.napetschnig.at/ueber-uns/ | https://www.napetschnig.at/ueber-uns/ | https://www.napetschnig.at/ueber-uns/ | https://www.napetschnig.at/ueber-uns/,No ownership was inferred from surname. Unknown share percentages remain null. For international/network firms the Austrian operational leadership is preferred over a global parent.,,central_fallback,20,,https://www.napetschnig.at/,,generic_fallback,30,,https://www.napetschnig.at/,+43463514044,office@napetschnig.at
domain:proconsult-wt.at,PROCONSULT Gmunden Wirtschaftsprüfung und Steuerberatung GmbH & Co KG,proconsult-wt.at,http://www.proconsult-wt.at | http://www.proconsult-wt.at/kontakt/kirchdorf,kanzlei@proconsult-wt.at | salzburg@proconsult-wt.at | diemer@proconsult-wt.at | brandner@proconsult-wt.at | reiter@proconsult-wt.at | pimminger@proconsult-wt.at | hoeglinger@proconsult-wt.at | wurm@proconsult-wt.at | kirchdorf@proconsult-wt.at | mizelli.esther@aon.at | philipp.hoechtl@proconsult-wt.at | p.hoechtl@proconsult-wt.at | linz@proconsult-wt.at,+43 7612 765 40 | +43 7612 765 40 511 | +43 7612 765 40 527 | +43 7612 765 40 119 | +43 5 7895 0 | +43 664 424 82 45 | +43 7582 512 81 207 | +43 732 600 854 | +43 5 7895 | +43 7582 51281 0 | +43 7582 51281 211 | +43 7612 76 540 | +43 7612 76 540 527 | +43 7615 302 20 | +43 7615 302 20 19 | +43 7612 76 540 520 | +43 732 60 08 54 | +43 732 60 08 54 10 | +43 6132 9003 3000 | +43 7614 20 714,Gmunden Gemeinde: Gmunden Bezirk Gmunden +43 7612 765 40 +43 | Salzburg Gemeinde: Salzburg Bezirk Salzburg(Stadt) +43 7612 | Dorf Gemeinde: Scharnstein Bezirk Gmunden +43 5 7895 0 kanzl | Linz Gemeinde: Linz Bezirk Linz(Stadt) +43 732 600 854 reite | Gmunden Gemeinde: Gmunden Bezirk Gmunden +43 7612 765 40 rei | Linz Gemeinde: Linz Bezirk Linz(Stadt) +43 5 7895 wurm(at)pr | Gmunden Gemeinde: Gmunden Bezirk Gmunden vertreten durch: Br | Kirchdorf an der Krems Gemeinde: Kirchdorf an der Krems Bezi | Gmunden Gemeinde: Gmunden Bezirk Gmunden +43 7612 76 540 +43 | Dorf Gemeinde: Scharnstein Bezirk Gmunden +43 7615 302 20 +4 | Altmünster Gemeinde: Altmünster Bezirk Gmunden +43 5 7895 +4 | Linz Gemeinde: Linz Bezirk Linz(Stadt) +43 732 60 08 54 +43 | Sulzbach Gemeinde: Bad Ischl Bezirk Gmunden +43 6132 9003 30 | Vorchdorf Gemeinde: Vorchdorf Bezirk Gmunden +43 7614 20 714,13,14,14,PROCONSULT Gmunden Wirtschaftsprüfung und Steuerberatung GmbH & Co KG | PROCONSULT Scharnstein Steuerberatung GmbH | PROCONSULT & Partner Wirtschaftsprüfung GmbH | JR Wirtschaftsprüfung und Steuerberatung GmbH | JW Wirtschaftsprüfung und Steuerberatung GmbH | KB Wirtschaftsprüfung und Steuerberatung GmbH | PROCONSULT Kirchdorf Steuerberatung GmbH & Co KG | Diemer Wirtschaftsprüfung und Steuerberatung GmbH | PROCONSULT Wirtschaftsprüfung und Steuerberatung GmbH | Proconsult Wirtschaftsprüfungs- und Steuerberatungs GmbH | PROCONSULT Linz Wirtschaftsprüfung und Steuerberatung GmbH & Co KG | PROCONSULT Bad Ischl Wirtschaftsprüfung und Steuerberatung GmbH & Co KG | PROCONSULT Vorchdorf Wirtschaftsprüfung und Steuerberatung GmbH & Co KG,https://ksw.or.at/mitgliederverzeichnis/?tx_kswmembers_membersdirectory%5Bcontroller%5D=MembersDirectory&tx_kswmembers_membersdirectory%5BcurrentPage%5D=475 | https://ksw.or.at/mitgliederverzeichnis/?tx_kswmembers_membersdirectory%5Bcontroller%5D=MembersDirectory&tx_kswmembers_membersdirectory%5BcurrentPage%5D=189 | https://ksw.or.at/mitgliederverzeichnis/?tx_kswmembers_membersdirectory%5Bcontroller%5D=MembersDirectory&tx_kswmembers_membersdirectory%5BcurrentPage%5D=290 | https://ksw.or.at/mitgliederverzeichnis/?tx_kswmembers_membersdirectory%5Bcontroller%5D=MembersDirectory&tx_kswmembers_membersdirectory%5BcurrentPage%5D=208 | https://ksw.or.at/mitgliederverzeichnis/?tx_kswmembers_membersdirectory%5Bcontroller%5D=MembersDirectory&tx_kswmembers_membersdirectory%5BcurrentPage%5D=502 | https://ksw.or.at/mitgliederverzeichnis/?tx_kswmembers_membersdirectory%5Bcontroller%5D=MembersDirectory&tx_kswmembers_membersdirectory%5BcurrentPage%5D=23 | https://ksw.or.at/mitgliederverzeichnis/?tx_kswmembers_membersdirectory%5Bcontroller%5D=MembersDirectory&tx_kswmembers_membersdirectory%5BcurrentPage%5D=254 | https://ksw.or.at/mitgliederverzeichnis/?tx_kswmembers_membersdirectory%5Bcontroller%5D=MembersDirectory&tx_kswmembers_membersdirectory%5BcurrentPage%5D=530 | https://ksw.or.at/mitgliederverzeichnis/?tx_kswmembers_membersdirectory%5Bcontroller%5D=MembersDirectory&tx_kswmembers_membersdirectory%5BcurrentPage%5D=511 | https://ksw.or.at/mitgliederverzeichnis/?tx_kswmembers_membersdirectory%5Bcontroller%5D=MembersDirectory&tx_kswmembers_membersdirectory%5BcurrentPage%5D=246 | https://ksw.or.at/mitgliederverzeichnis/?tx_kswmembers_membersdirectory%5Bcontroller%5D=MembersDirectory&tx_kswmembers_membersdirectory%5BcurrentPage%5D=407 | https://ksw.or.at/mitgliederverzeichnis/?tx_kswmembers_membersdirectory%5Bcontroller%5D=MembersDirectory&tx_kswmembers_membersdirectory%5BcurrentPage%5D=336 | https://ksw.or.at/mitgliederverzeichnis/?tx_kswmembers_membersdirectory%5Bcontroller%5D=MembersDirectory&tx_kswmembers_membersdirectory%5BcurrentPage%5D=125 | https://ksw.or.at/mitgliederverzeichnis/?tx_kswmembers_membersdirectory%5Bcontroller%5D=MembersDirectory&tx_kswmembers_membersdirectory%5BcurrentPage%5D=235,1,CONFIRMED_30_PLUS,HIGH,100,100,official explicit employee count,100: en Team Standorte Karriere Inside Steuernews Steuerrechner Newsletter Team Das PROCONSULT-Team mit mehr als 100 hervorragend ausgebildeten Mitarbeiter:innen ist darauf spezialisier,1,11,11,,,,https://www.proconsult-wt.at/ | https://www.proconsult-wt.at/team/ | https://www.proconsult-wt.at/standorte/ | https://www.proconsult-wt.at/karriere/,PRIOR_STAGE2_CANDIDATE;TEAM_EMAILS_10_PLUS;JOB_LINKS_3_PLUS;KSW_LISTINGS_3_PLUS;LOCATIONS_3_PLUS;LEGAL_ENTITIES_2_PLUS,VERIFY_PRIOR,CONFIRMED_30_PLUS,100,,AUSTRIA_GROUP,HIGH,Official Austrian company/group page states approximately or explicitly 100 employees.,https://www.proconsult-wt.at/team/,Official site employee statement around 100.,Official-site employee statement is sufficient for a 30+ lower bound.,SINGLE,1,domain:proconsult-wt.at,PROCONSULT Gmunden Wirtschaftsprüfung und Steuerberatung GmbH & Co KG,SINGLE_GROUP,CONFIRMED_20_PLUS,KSW,,,,,,,,,,,,Auf Digitalisierung [Partner]; Christian Diemer [Partner]; Florian Schusterbauer [Partner]; Johannes Reiter [Partner]; Georg Pimminger [Partner]; Joachim Wurm [Partner]; Klaus Brandner [Partner]; Volle Kontrolle [Partner]; Esther Mizelli [Partner]; Partnerin Steuerberaterin [Partner],Linz Unbeschränkt (); Steyr Unbeschränkt (); Wels Unbeschränkt (),Linz Unbeschränkt; Steyr Unbeschränkt; Wels Unbeschränkt,"Public sources identify owner/shareholder names, but complete share percentages were not safely established.",PARTNER_OWNED,Linz Unbeschränkt; Steyr Unbeschränkt,Owner/Gesellschafter; Owner/Gesellschafter,MEDIUM_HIGH,https://www.proconsult-wt.at/ | https://www.proconsult-wt.at/ | https://www.proconsult-wt.at/ | https://www.proconsult-wt.at/ | https://www.proconsult-wt.at/ | https://www.proconsult-wt.at/ | https://www.proconsult-wt.at/ | https://www.proconsult-wt.at/ | https://www.proconsult-wt.at/impressum/ | https://www.proconsult-wt.at/impressum/ | https://www.proconsult-wt.at/impressum/,No ownership was inferred from surname. Unknown share percentages remain null. For international/network firms the Austrian operational leadership is preferred over a global parent.,,central_fallback,20,,https://www.proconsult-wt.at/impressum/,,generic_fallback,30,,https://www.proconsult-wt.at/impressum/,+4357895511,kanzlei@proconsult-wt.at
domain:schrettl-wt.at,SCHRETTL Steuerberatung & Beteiligung GmbH,schrettl-wt.at,http://www.schrettl-wt.at | https://www.schrettl-wt.at,office@schrettl-wt.at | lukas.schrettl@schrettl-wt.at,+43 5332 721 80 | +43 5244 633 00 0 | +43 5244 633 00 27 | +43 664 141 23 36 | +43 5332 717 65,Wörgl Gemeinde: Wörgl Bezirk Kufstein office(at)schrettl-wt. | Schwaz Gemeinde: Schwaz Bezirk Schwaz +43 5244 633 00 0 +43 | Wörgl Gemeinde: Wörgl Bezirk Kufstein +43 5332 721 80 +43 66,3,3,3,SCHRETTL Steuerberatung & Beteiligung GmbH | SCHRETTL & Partner Steuerberatung Schwaz GmbH | Schrettl Herbert & Partner Steuerberatungsgesellschaft m.b.H.,https://ksw.or.at/mitgliederverzeichnis/?tx_kswmembers_membersdirectory%5Bcontroller%5D=MembersDirectory&tx_kswmembers_membersdirectory%5BcurrentPage%5D=9 | https://ksw.or.at/mitgliederverzeichnis/?tx_kswmembers_membersdirectory%5Bcontroller%5D=MembersDirectory&tx_kswmembers_membersdirectory%5BcurrentPage%5D=344 | https://ksw.or.at/mitgliederverzeichnis/?tx_kswmembers_membersdirectory%5Bcontroller%5D=MembersDirectory&tx_kswmembers_membersdirectory%5BcurrentPage%5D=126,1,CONFIRMED_20_29,HIGH,28,28,official team/profile lower bound,,28,21,3,,,,https://schrettl-wt.at/ | https://schrettl-wt.at/deinekarriere,PRIOR_STAGE2_CANDIDATE;TEAM_PROFILES_10_PLUS;TEAM_EMAILS_10_PLUS;JOB_LINKS_3_PLUS;KSW_LISTINGS_3_PLUS;LOCATIONS_3_PLUS;LEGAL_ENTITIES_2_PLUS,VERIFY_PRIOR,CONFIRMED_20_PLUS,28,,AUSTRIA_GROUP,HIGH,Official site provides a direct staff lower bound of at least 28.,https://schrettl-wt.at/,Official site exposes at least 28 distinct staff profiles/personal company-domain emails.,Staff-page lower bound proves 20+ but not 30+ unless count reaches 30.,SINGLE,1,domain:schrettl-wt.at,SCHRETTL Steuerberatung & Beteiligung GmbH,SINGLE_GROUP,CONFIRMED_20_PLUS,KSW,,,,,,,,,,,,Liebetruth Steuerberater [Geschäftsführung]; Generalist Zukunft [Geschäftsführung]; Winston Churchill [Management]; Situation Du [Partner]; Dein Kerngeschäft [Partner]; Deine Kunden [Partner]; Dein Geschäftsmode [Partner]; Deine Ziele [Management]; Fragen Kooperations-Entscheidung Entscheidung [Partner]; TEAMBILDUNG Fachbereiche Fixierung [Partner],,unresolved,Ownership/control layer was not safely established from public evidence; operational management is retained where verified.,UNRESOLVED,DVR Nr; Generalist Zukunft; Innsbruck UID-Nr,Geschäftsführer; Geschäftsführung; Geschäftsführer,MEDIUM_HIGH,https://schrettl-wt.at/ | https://schrettl-wt.at/ | https://schrettl-wt.at/ | https://schrettl-wt.at/ | https://schrettl-wt.at/ | https://schrettl-wt.at/ | https://schrettl-wt.at/ | https://schrettl-wt.at/,No ownership was inferred from surname. Unknown share percentages remain null. For international/network firms the Austrian operational leadership is preferred over a global parent.,+436645271240,mobile_public,100,DVR Nr,https://schrettl-wt.at/impressum,wh@wolfhagen.at,named_context_email,70,DVR Nr,https://schrettl-wt.at/impressum,,
domain:treuhand-union.at,Treuhand-Union Tirol Steuerberatung GmbH,treuhand-union.at,http://www.treuhand-union.at | http://www.treuhand-union.com,rainer.partl@treuhand-union.at | alois.pircher@treuhand-union.at,+43 512 56 22 62 | +43 512 56 22 62 3 | +43 664 149 95 18 | +43 512 58 96 63 | +43 512 58 86 64,Wilten Gemeinde: Innsbruck Bezirk Innsbruck-Stadt +43 512 56 | Wilten Gemeinde: Innsbruck Bezirk Innsbruck-Stadt +43 512 58,2,2,2,Treuhand-Union Tirol Steuerberatung GmbH | Prof. Alois Pircher Wirtschaftsprüfungs- und Steuerberatungs-GmbH,https://ksw.or.at/mitgliederverzeichnis/?tx_kswmembers_membersdirectory%5Bcontroller%5D=MembersDirectory&tx_kswmembers_membersdirectory%5BcurrentPage%5D=534 | https://ksw.or.at/mitgliederverzeichnis/?tx_kswmembers_membersdirectory%5Bcontroller%5D=MembersDirectory&tx_kswmembers_membersdirectory%5BcurrentPage%5D=483,1,NO_20PLUS_EVIDENCE,LOW,0,0,no reliable 20+ evidence found,,0,0,0,,,,,LEGAL_ENTITIES_2_PLUS,DEEP_RESEARCH,CONFIRMED_30_PLUS,400,,AUSTRIA_GROUP,HIGH,Official Austrian company/group page states approximately or explicitly 400 employees.,https://www.treuhand-union.com/de/karriere,Official site employee statement around 400.,Official-site employee statement is sufficient for a 30+ lower bound.,SINGLE,1,domain:treuhand-union.at,Treuhand-Union Tirol Steuerberatung GmbH,SINGLE_GROUP,CONFIRMED_20_PLUS,KSW,,,,,,,,,,,,Ihrem Kanzlei-Team Vorort [Partner]; Werden Sie TU-Partner [Partner]; JETZT BEI UNS BEWERBEN [Partner]; MEHR ÜBER BRANCHEN [Partner]; SPARTEN JETZT PARTNER WERDEN [Partner]; Sind Sie [Partner]; Persönliche Beziehung Ihr [Partner]; NEXIA International [Partner]; Fundiertes Fachwissen Profitieren Sie [Partner]; Ihre Zahlen [Partner],KANN IC (),KANN IC,"Public sources identify owner/shareholder names, but complete share percentages were not safely established.",PARTNER_OWNED,KANN IC,Owner/Gesellschafter,MEDIUM_HIGH,https://www.treuhand-union.com/ | https://www.treuhand-union.com/ | https://www.treuhand-union.com/ | https://www.treuhand-union.com/ | https://www.treuhand-union.com/ | https://www.treuhand-union.com/ | https://www.treuhand-union.com/ | https://www.treuhand-union.com/ | https://www.treuhand-union.com/,No ownership was inferred from surname. Unknown share percentages remain null. For international/network firms the Austrian operational leadership is preferred over a global parent.,,,,,,,,,,,,
domain:stb-walch.at,Audit WR Wirtschaftsprüfung GmbH,stb-walch.at,http://www.stb-walch.at,roswitha.walch@stb-walch.at,+43 676 32 35 488 | +43 732 600 241 13 | +43 732 60 02 41 11 | +43 676 323 54 88 | +43 732 60 02 41 13,Linz Gemeinde: Linz Bezirk Linz(Stadt) +43 676 32 35 488 +43,1,1,1,Audit WR Wirtschaftsprüfung GmbH,https://ksw.or.at/mitgliederverzeichnis/?tx_kswmembers_membersdirectory%5Bcontroller%5D=MembersDirectory&tx_kswmembers_membersdirectory%5BcurrentPage%5D=408,1,CONFIRMED_20_29,HIGH,20,20,official explicit employee count,"20: ionen So finden Sie uns Anfahrt planen Kanzlei Wer wir sind Rechberger & Wurm beschäftigt ca. 20 Mitarbeiter in den Bereichen Steuer- und Unternehmensberatung, Bilanzierung, Lohnve",0,20,4,,,,https://www.stb-rewu.at/index_ger.html | https://www.stb-rewu.at/de/kanzlei/leitbild/index_ger.html | https://www.stb-rewu.at/de/kanzlei/wer_wir_sind/index_ger.html | https://www.stb-rewu.at/de/kanzlei/kontakt/index_ger.html | https://www.stb-rewu.at/de/kanzlei/adresse_und_anfahrt/index_ger.html | https://www.stb-rewu.at/de/leistungen/unternehmensgr%C3%BCndung/index_ger.html | https://www.stb-rewu.at/de/jobs/index_ger.html | https://www.stb-rewu.at/de/jobs/offene_stellen/steuerberater_e1162/index_ger.html | https://www.bing.com/ck/a?!&&p=6bc2bb02f991209c12c4506a8a902e6b1e786ace69ce6921d02820c3ff044a8fJmltdHM9MTc4ODA0ODAwMA&ptn=3&ver=2&hsh=4&fclid=33270389-90b9-67ea-2bc5-144c91be66b5&u=a1aHR0cHM6Ly9hc3Eub3JnL3F1YWxpdHktcmVzb3VyY2VzL2F1ZGl0aW5n&ntb=1 | https://www.bing.com/ck/a?!&&p=1c37978526fd45906aa5b047bc18d745dc571a54c1b29bec523abc4522df8080JmltdHM9MTc4ODA0ODAwMA&ptn=3&ver=2&hsh=4&fclid=33270389-90b9-67ea-2bc5-144c91be66b5&u=a1aHR0cHM6Ly9lbi53aWtpcGVkaWEub3JnL3dpa2kvQXVkaXQ&ntb=1 | https://www.bing.com/ck/a?!&&p=eac2f42f0c19fb73525adb40e52fa4cb088934b9dcedafbb802b7e84631b28edJmltdHM9MTc4ODA0ODAwMA&ptn=3&ver=2&hsh=4&fclid=33270389-90b9-67ea-2bc5-144c91be66b5&u=a1aHR0cHM6Ly93d3cubWVycmlhbS13ZWJzdGVyLmNvbS9kaWN0aW9uYXJ5L2F1ZGl0&ntb=1 | https://www.bing.com/ck/a?!&&p=58bc5108455ae38506822f28b9d4404d01df8b1b48a731dea73045e0ec272aefJmltdHM9MTc4ODA0ODAwMA&ptn=3&ver=2&hsh=4&fclid=33270389-90b9-67ea-2bc5-144c91be66b5&u=a1aHR0cHM6Ly93d3cuaW52ZXN0b3BlZGlhLmNvbS90ZXJtcy9hL2F1ZGl0LmFzcA&ntb=1 | https://www.bing.com/ck/a?!&&p=6bc229592f03a599c1837548af25c719c1551082310b3423501dc6bddbfab038JmltdHM9MTc4ODA0ODAwMA&ptn=3&ver=2&hsh=4&fclid=33270389-90b9-67ea-2bc5-144c91be66b5&u=a1aHR0cHM6Ly9pbnZvaWNlZmx5LmNvbS9hY2FkZW15L2F1ZGl0LW1lYW5pbmcv&ntb=1 | https://www.bing.com/ck/a?!&&p=b2574db4de541f3ec01f475bd150aff7512740d6312afbd7486e4f4114d46576JmltdHM9MTc4ODA0ODAwMA&ptn=3&ver=2&hsh=4&fclid=33270389-90b9-67ea-2bc5-144c91be66b5&u=a1aHR0cHM6Ly9hdWRpdHNjcmVlbi5vcmcv&ntb=1 | https://www.bing.com/ck/a?!&&p=47cb986563d8aeeb5beb17575c90a35955d25944c687a4f3b1a52bd085caf2ceJmltdHM9MTc4ODA0ODAwMA&ptn=3&ver=2&hsh=4&fclid=33270389-90b9-67ea-2bc5-144c91be66b5&u=a1aHR0cHM6Ly93d3cud2lraWhvdy5jb20vQXVkaXQ&ntb=1 | https://www.bing.com/ck/a?!&&p=93edadd17cacdc43934c6dd81c11076370c16494cf5522476db466fc2a0b5268JmltdHM9MTc4ODA0ODAwMA&ptn=3&ver=2&hsh=4&fclid=33270389-90b9-67ea-2bc5-144c91be66b5&u=a1aHR0cHM6Ly93d3cudGF4Lm55Lmdvdi9lbmZvcmNlbWVudC9hdWRpdC8&ntb=1 | https://www.bing.com/ck/a?!&&p=af3562f71eb119004d9cd91a5fa08c02085e2efabdfb9cae434438a3338abef7JmltdHM9MTc4ODA0ODAwMA&ptn=3&ver=2&hsh=4&fclid=33270389-90b9-67ea-2bc5-144c91be66b5&u=a1aHR0cHM6Ly9jb3Jwb3JhdGVmaW5hbmNlaW5zdGl0dXRlLmNvbS9yZXNvdXJjZXMvYWNjb3VudGluZy9hdWRpdC8&ntb=1 | https://www.bing.com/ck/a?!&&p=658488082e19eb5709efd62c61e1d58871fba68bd31a1800a058e1804b780ca5JmltdHM9MTc4ODA0ODAwMA&ptn=3&ver=2&hsh=4&fclid=33270389-90b9-67ea-2bc5-144c91be66b5&u=a1aHR0cHM6Ly9kaWN0aW9uYXJ5LmNhbWJyaWRnZS5vcmcvZGljdGlvbmFyeS9lbmdsaXNoL2F1ZGl0&ntb=1 | https://www.bing.com/ck/a?!&&p=07d65a5844470e5d34f7564f8a828aeed67c3a1692927bc7fb15b52eefbfa0f1JmltdHM9MTc4ODA0ODAwMA&ptn=3&ver=2&hsh=4&fclid=07dbf03a-9c52-6ac5-1d18-e7ff9d056bfe&u=a1aHR0cHM6Ly9hc3Eub3JnL3F1YWxpdHktcmVzb3VyY2VzL2F1ZGl0aW5n&ntb=1 | https://www.bing.com/ck/a?!&&p=e8a41fa1e3bac83ed928ecf52ae66bc713d168f8d2656609abaf4eed484b4080JmltdHM9MTc4ODA0ODAwMA&ptn=3&ver=2&hsh=4&fclid=07dbf03a-9c52-6ac5-1d18-e7ff9d056bfe&u=a1aHR0cHM6Ly9lbi53aWtpcGVkaWEub3JnL3dpa2kvQXVkaXQ&ntb=1,PRIOR_STAGE2_CANDIDATE;TEAM_EMAILS_10_PLUS;JOB_LINKS_3_PLUS,VERIFY_PRIOR,CONFIRMED_20_PLUS,20,,AUSTRIA_LEGAL_ENTITY,HIGH,Official Austrian company/group page proves at least 20 employees.,https://www.stb-rewu.at/de/kanzlei/wer_wir_sind/index_ger.html,Official site employee statement around 20.,"Official count proves 20+, but does not safely bound an upper limit.",SINGLE,1,domain:stb-walch.at,Audit WR Wirtschaftsprüfung GmbH,SINGLE_GROUP,CONFIRMED_20_PLUS,KSW,,,,,,,,,,,,Inhalt Aktuelles Steuernews [Partner]; Klienten Was [Partner]; Elektroautos Änderung [Management]; Ihre Kernkompetenzen [Partner]; Regelmäßiger Klientenkontakt [Partner]; Flexible Komplettlösungen [Partner]; Bedingungen Wir [Partner]; In Zusammenarbeit [Partner]; Inhalt Mag [Partner]; Steuerberater Tel [Partner],,unresolved,Ownership/control layer was not safely established from public evidence; operational management is retained where verified.,UNRESOLVED,Bedingungen Wir; Elektroautos Änderung; Flexible Komplettlösungen,Partner; Management; Partner,MEDIUM_HIGH,https://www.stb-rewu.at/index_ger.html | https://www.stb-rewu.at/index_ger.html | https://www.stb-rewu.at/index_ger.html | https://www.stb-rewu.at/de/kanzlei/leitbild/index_ger.html | https://www.stb-rewu.at/de/kanzlei/leitbild/index_ger.html | https://www.stb-rewu.at/de/kanzlei/leitbild/index_ger.html | https://www.stb-rewu.at/de/kanzlei/leitbild/index_ger.html | https://www.stb-rewu.at/de/kanzlei/leitbild/index_ger.html,No ownership was inferred from surname. Unknown share percentages remain null. For international/network firms the Austrian operational leadership is preferred over a global parent.,,,,,,,,,,,,
domain:convisio.at,CH Steuerberatung GmbH,convisio.at,http://www.convisio.at,michael.puri@convisio.net | jochen.neubert@convisio.net | klagenfurt@convisio.at,+43 463 32 90 14 | +43 463 32 90 14 4 | +43 4232 271 56 | +43 664 200 91 92 | +43 463 32 90 14 64 | +43 463 89 00 28 0 | +43 463 89 00 28 44,Klagenfurt Gemeinde: Klagenfurt am Wörthersee Bezirk Klagenf,2,2,2,CH Steuerberatung GmbH | CONVISIO Klagenfurt Wirtschaftstreuhand & Steuerberatung GmbH,https://ksw.or.at/mitgliederverzeichnis/?tx_kswmembers_membersdirectory%5Bcontroller%5D=MembersDirectory&tx_kswmembers_membersdirectory%5BcurrentPage%5D=280 | https://ksw.or.at/mitgliederverzeichnis/?tx_kswmembers_membersdirectory%5Bcontroller%5D=MembersDirectory&tx_kswmembers_membersdirectory%5BcurrentPage%5D=93,1,CONFIRMED_30_PLUS,HIGH,50,50,official explicit employee count,"50: us der anfänglich kleinen Steuerberatungskanzlei wurde mittlerweile eine mittelständische Kanzlei mit ca. 50 MitarbeiterInnen, davon 8 PartnerInnen. Wir beraten nationale und inter | 50: glich kleinen Steuerberatungskanzlei wurde mittlerweile eine mittelständische Kanzlei mit ca. 50 MitarbeiterInnen, davon 8 PartnerInnen. Wir beraten nationale und international tät",0,13,1,,,,https://www.convisio.net/ | https://www.convisio.net/ueber-uns/ | https://www.convisio.net/karriere/,PRIOR_STAGE2_CANDIDATE;TEAM_EMAILS_10_PLUS;LEGAL_ENTITIES_2_PLUS,VERIFY_PRIOR,CONFIRMED_30_PLUS,50,,AUSTRIA_GROUP,HIGH,Official Austrian company/group page states approximately or explicitly 50 employees.,https://www.convisio.net/ueber-uns/,Official site employee statement around 50.,Official-site employee statement is sufficient for a 30+ lower bound.,SINGLE,1,domain:convisio.at,CH Steuerberatung GmbH,SINGLE_GROUP,CONFIRMED_20_PLUS,KSW,,,,,,,,,,,,Convisio Zum Inhalt [Partner]; Financial Advisory [Partner]; Gründungsberatung Karriere Wissen [Partner]; News Intern Menü Bereit [Partner]; Ihre Zukunft Wir [Management]; Völkermarkt Eva Winkler Gesellschafter-Geschäftsführerin [Geschäftsführer]; FH Lektorin [Geschäftsführer]; Hermagor CONVISIO [Geschäftsführer]; ÜBer Uns [Partner]; Schneider Silvia Schmid-Amlacher Rosa-Mari [Management],Völkermarkt Eva Winkler Gesellschafter-Geschäftsführerin (); FH Lektorin (); Hermagor CONVISIO (); ÜBer Uns (); Schneider Silvia Schmid-Aml (),Völkermarkt Eva Winkler Gesellschafter-Geschäftsführerin; FH Lektorin; Hermagor CONVISIO; ÜBer Uns,"Public sources identify owner/shareholder names, but complete share percentages were not safely established.",PARTNER_OWNED,Völkermarkt Eva Winkler Gesellschafter-Geschäftsführerin; FH Lektorin,Owner/Gesellschafter; Owner/Gesellschafter,MEDIUM_HIGH,https://www.convisio.net/ | https://www.convisio.net/ | https://www.convisio.net/ | https://www.convisio.net/ | https://www.convisio.net/ | https://www.convisio.net/ueber-uns/ | https://www.convisio.net/ueber-uns/ | https://www.convisio.net/ueber-uns/ | https://www.convisio.net/ueber-uns/ | https://www.convisio.net/ueber-uns/ | https://www.convisio.net/ueber-uns/ | https://www.convisio.net/ueber-uns/ | https://www.convisio.net/ueber-uns/,No ownership was inferred from surname. Unknown share percentages remain null. For international/network firms the Austrian operational leadership is preferred over a global parent.,,central_fallback,20,,https://www.convisio.net/,,generic_fallback,30,,https://www.convisio.net/,+43463329014,office@confida-hermagor.at
domain:ewt.co.at,EWT Kampits & Kocsis Steuerberatungs OG,ewt.co.at,http://www.ewt.co.at,kanzlei@ewt.co.at,+43 2682 66 312 0 | +43 2682 66 312 90,Eisenstadt Gemeinde: Eisenstadt Bezirk Eisenstadt(Stadt) +43,1,1,1,EWT Kampits & Kocsis Steuerberatungs OG,https://ksw.or.at/mitgliederverzeichnis/?tx_kswmembers_membersdirectory%5Bcontroller%5D=MembersDirectory&tx_kswmembers_membersdirectory%5BcurrentPage%5D=191,1,CONFIRMED_20_29,HIGH,23,23,official team/profile lower bound,,0,23,2,,,,https://www.ewt.co.at/ | https://www.ewt.co.at/uber-uns | https://www.ewt.co.at/die-kanzleigeschichte | https://www.ewt.co.at/team | https://www.ewt.co.at/leistungen/steuerberatung-und-unternehmensberatung | https://www.ewt.co.at/karriere | https://www.ewt.co.at/blog/team-offsite-steuerlich-absetzen-was-unternehmen-wissen-mussen | https://www.ewt.co.at/blog/ewt-als-top-berater-2026-ausgezeichnet,PRIOR_STAGE2_CANDIDATE;TEAM_EMAILS_10_PLUS,VERIFY_PRIOR,CONFIRMED_20_PLUS,22,,AUSTRIA_LEGAL_ENTITY,HIGH,Official site provides a direct staff lower bound of at least 22.,https://www.ewt.co.at/,Official site exposes at least 22 distinct staff profiles/personal company-domain emails.,Staff-page lower bound proves 20+ but not 30+ unless count reaches 30.,SINGLE,1,domain:ewt.co.at,EWT Kampits & Kocsis Steuerberatungs OG,SINGLE_GROUP,CONFIRMED_20_PLUS,KSW,,,,,,,,,,,,Personalverrechnung Über [Partner]; Ihrer Seite [Partner]; Karriere Möchtest [Partner]; Ob Einsteiger [Partner]; Alle Anfragen [Partner]; Samir AGHA-SCHANTL Schantl ITH [Partner]; Jennifer Koller Assistentin [Geschäftsführung]; Sabrina Linhardt [Management]; Teamleiterin Rechnungswesen Bilanzier [Management]; Jenny Koller Assistentin [Geschäftsführung],Eisenstadt Mo (); Wissen Tools (),Eisenstadt Mo; Wissen Tools,"Public sources identify owner/shareholder names, but complete share percentages were not safely established.",PARTNER_OWNED,Eisenstadt Mo; Wissen Tools,Owner/Gesellschafter; Owner/Gesellschafter,MEDIUM_HIGH,https://www.ewt.co.at/ | https://www.ewt.co.at/ | https://www.ewt.co.at/ | https://www.ewt.co.at/ | https://www.ewt.co.at/ | https://www.ewt.co.at/ | https://www.ewt.co.at/team | https://www.ewt.co.at/team | https://www.ewt.co.at/die-kanzleigeschichte | https://www.ewt.co.at/die-kanzleigeschichte,No ownership was inferred from surname. Unknown share percentages remain null. For international/network firms the Austrian operational leadership is preferred over a global parent.,,central_fallback,20,,https://www.ewt.co.at/,,generic_email,38,Eisenstadt Mo,https://www.ewt.co.at/ | https://www.ewt.co.at/blog/budgetbegleitgesetz-2025 | https://www.ewt.co.at/blog/erweiterung-der-auftraggeberhaftung-bei-arbeitskrafteuberlassung-ab-1-januar-2026 | https://www.ewt.co.at/blog/ewt-als-top-berater-2026-ausgezeichnet | https://www.ewt.co.at/blog/ewt-klientenumfrage-2025 | https://www.ewt.co.at/blog/team-offsite-steuerlich-absetzen-was-unternehmen-wissen-mussen | https://www.ewt.co.at/blog/telearbeit-2025 | https://www.ewt.co.at/blog?kategorie=Kanzlei | https://www.ewt.co.at/blog?kategorie=Unternehmen | https://www.ewt.co.at/die-kanzleigeschichte | https://www.ewt.co.at/impressum | https://www.ewt.co.at/karriere | https://www.ewt.co.at/karriere/bilanziererin | https://www.ewt.co.at/kontakt | https://www.ewt.co.at/leistungen/personalverrechnung | https://www.ewt.co.at/leistungen/steuerberatung-und-unternehmensberatung | https://www.ewt.co.at/newsletter | https://www.ewt.co.at/steuernews | https://www.ewt.co.at/steuernews-fur-arzte | https://www.ewt.co.at/team | https://www.ewt.co.at/uber-uns,+43268266312,
domain:haimerlhoerler.at,Haimerl Hörler Wirtschaftsprüfer Steuerberater GmbH,haimerlhoerler.at,http://www.haimerlhoerler.at,office@haimerlhoerler.at | f.haimerl@haimerlhoerler.at | g.hoerler@haimerlhoerler.at,+43 1 388 00 00 0 | +43 1 388 00 00 99 | +43 1 388 0000 10 | +43 664 822 46 46 | +43 1 388 00 00 | +43 1 388 00 00 20,"Attersee Gemeinde: Attersee am Attersee Bezirk Vöcklabruck + | Wien Gemeinde: Wien Wien 1.,Innere Stadt +43 1 388 00 00 0 + | Wien Gemeinde: Wien Wien 1.,Innere Stadt +43 1 388 00 00 off",2,3,3,Haimerl Hörler Wirtschaftsprüfer Steuerberater GmbH | Haimerl Hörler & Partner Steuerberatungs GmbH,https://ksw.or.at/mitgliederverzeichnis/?tx_kswmembers_membersdirectory%5Bcontroller%5D=MembersDirectory&tx_kswmembers_membersdirectory%5BcurrentPage%5D=225 | https://ksw.or.at/mitgliederverzeichnis/?tx_kswmembers_membersdirectory%5Bcontroller%5D=MembersDirectory&tx_kswmembers_membersdirectory%5BcurrentPage%5D=188 | https://ksw.or.at/mitgliederverzeichnis/?tx_kswmembers_membersdirectory%5Bcontroller%5D=MembersDirectory&tx_kswmembers_membersdirectory%5BcurrentPage%5D=34,1,CONFIRMED_20_29,HIGH,25,25,official explicit employee count,"25: ht dabei stets der Aufbau langfristiger, vertrauensvoller Beziehungen. Heute sind wir ein Team von rund 25 Mitarbeiterinnen und Mitarbeitern, ergänzt durch ein eingespieltes Netzwe | 25: stets der Aufbau langfristiger, vertrauensvoller Beziehungen. Heute sind wir ein Team von rund 25 Mitarbeiterinnen und Mitarbeitern, ergänzt durch ein eingespieltes Netzwerk an Koo",2,1,2,,,,https://www.haimerlhoerler.at/ | https://www.haimerlhoerler.at/about/ | https://www.haimerlhoerler.at/team/ | https://www.haimerlhoerler.at/karriere/,PRIOR_STAGE2_CANDIDATE;KSW_LISTINGS_3_PLUS;LOCATIONS_3_PLUS;LEGAL_ENTITIES_2_PLUS,VERIFY_PRIOR,CONFIRMED_20_PLUS,25,,AUSTRIA_GROUP,HIGH,Official Austrian company/group page proves at least 25 employees.,https://www.haimerlhoerler.at/about/,Official site employee statement around 25.,"Official count proves 20+, but does not safely bound an upper limit.",SINGLE,1,domain:haimerlhoerler.at,Haimerl Hörler Wirtschaftsprüfer Steuerberater GmbH,SINGLE_GROUP,CONFIRMED_20_PLUS,KSW,,,,,,,,,,,,Zum Footer [Partner]; Menü Gemeinsam Zukunft [Partner]; Gemeinsam Zukunft [Partner]; Ihre Ziele [Partner]; Verlässlicher Sparringspartner [Partner]; Phase Ihrer Entscheidungen [Partner]; Zeit Digitale Lösungen [Partner]; Zum Hauptinhalt [Partner]; Menü Über [Partner]; Personalverrechnung Merg [Management],,unresolved,Ownership/control layer was not safely established from public evidence; operational management is retained where verified.,UNRESOLVED,BA Senior Associate Personalverrechnung; Gerda Haimerl-Hörler; Leitung Office Assistentin,Geschäftsführung; Geschäftsführung; Geschäftsführung,MEDIUM_HIGH,https://www.haimerlhoerler.at/ | https://www.haimerlhoerler.at/ | https://www.haimerlhoerler.at/ | https://www.haimerlhoerler.at/ | https://www.haimerlhoerler.at/ | https://www.haimerlhoerler.at/ | https://www.haimerlhoerler.at/ | https://www.haimerlhoerler.at/about/,No ownership was inferred from surname. Unknown share percentages remain null. For international/network firms the Austrian operational leadership is preferred over a global parent.,,central_context,28,BA Senior Associate Personalverrechnung,https://www.haimerlhoerler.at/ | https://www.haimerlhoerler.at/about/ | https://www.haimerlhoerler.at/impressum/ | https://www.haimerlhoerler.at/kontakt/ | https://www.haimerlhoerler.at/leistungen/ | https://www.haimerlhoerler.at/news/ | https://www.haimerlhoerler.at/news/2026/07/aenderungen-bei-ertragsteuer-und-immoest/ | https://www.haimerlhoerler.at/news/2026/07/erhoehte-sachbezugs-besteuerung-von-e-firmenfahrzeugen-geplant/ | https://www.haimerlhoerler.at/news/2026/08/abzugsfaehigkeit-von-studienreisen/ | https://www.haimerlhoerler.at/news/2026/08/immoest-hauptwohnsitzbefreiung-bei-land-und-forstwirtschaftlichen-gebaeuden/ | https://www.haimerlhoerler.at/news/2026/08/kurzfristige-touristische-vermietung/ | https://www.haimerlhoerler.at/news/2026/08/mietvertrag-mit-21-fachem-jahreswert-zu-vergebuehren/ | https://www.haimerlhoerler.at/news/2026/08/neue-finanzordnungswidrigkeit/ | https://www.haimerlhoerler.at/news/2026/08/wechsel-von-der-kleinunternehmer-befreiung-zur-regelbesteuerung/ | https://www.haimerlhoerler.at/news/2026/08/wertpapierdepot-uebertragung-vom-ausland/ | https://www.haimerlhoerler.at/news/2026/08/wichtige-termine-zum-30-september/,,generic_email,38,BA Senior Associate Personalverrechnung,https://www.haimerlhoerler.at/ | https://www.haimerlhoerler.at/about/ | https://www.haimerlhoerler.at/impressum/ | https://www.haimerlhoerler.at/kontakt/ | https://www.haimerlhoerler.at/leistungen/ | https://www.haimerlhoerler.at/news/ | https://www.haimerlhoerler.at/news/2026/07/aenderungen-bei-ertragsteuer-und-immoest/ | https://www.haimerlhoerler.at/news/2026/07/erhoehte-sachbezugs-besteuerung-von-e-firmenfahrzeugen-geplant/ | https://www.haimerlhoerler.at/news/2026/08/abzugsfaehigkeit-von-studienreisen/ | https://www.haimerlhoerler.at/news/2026/08/immoest-hauptwohnsitzbefreiung-bei-land-und-forstwirtschaftlichen-gebaeuden/ | https://www.haimerlhoerler.at/news/2026/08/kurzfristige-touristische-vermietung/ | https://www.haimerlhoerler.at/news/2026/08/mietvertrag-mit-21-fachem-jahreswert-zu-vergebuehren/ | https://www.haimerlhoerler.at/news/2026/08/neue-finanzordnungswidrigkeit/ | https://www.haimerlhoerler.at/news/2026/08/wechsel-von-der-kleinunternehmer-befreiung-zur-regelbesteuerung/ | https://www.haimerlhoerler.at/news/2026/08/wertpapierdepot-uebertragung-vom-ausland/ | https://www.haimerlhoerler.at/news/2026/08/wichtige-termine-zum-30-september/,,
domain:kanzleikleiner.at,Kanzlei Kleiner Eberl Brandstätter Steuerberatung GmbH,kanzleikleiner.at,http://www.kanzleikleiner.at | http://www.kleiner.co.at,office@kanzleikleiner.at | brandstaetter@kanzleikleiner.at | eberl@kanzleikleiner.at,+43 316 81 11 81 | +43 316 81 11 81 31 | +43 316 811181,Graz Gemeinde: Graz Bezirk Graz(Stadt) +43 316 81 11 81 +43,1,1,1,Kanzlei Kleiner Eberl Brandstätter Steuerberatung GmbH,https://ksw.or.at/mitgliederverzeichnis/?tx_kswmembers_membersdirectory%5Bcontroller%5D=MembersDirectory&tx_kswmembers_membersdirectory%5BcurrentPage%5D=223,1,CONFIRMED_20_29,HIGH,29,29,official team/profile lower bound,,1,29,0,,,,https://kanzleikleiner.at | https://kanzleikleiner.at/kontakt/ | https://kanzleikleiner.at/team/ | https://kanzleikleiner.at/impressum/ | https://kanzleikleiner.at/datenschutz/,PRIOR_STAGE2_CANDIDATE;TEAM_EMAILS_10_PLUS,VERIFY_PRIOR,CONFIRMED_20_PLUS,28,,AUSTRIA_LEGAL_ENTITY,HIGH,Official site provides a direct staff lower bound of at least 28.,https://kanzleikleiner.at,Official site exposes at least 28 distinct staff profiles/personal company-domain emails.,Staff-page lower bound proves 20+ but not 30+ unless count reaches 30.,SINGLE,1,domain:kanzleikleiner.at,Kanzlei Kleiner Eberl Brandstätter Steuerberatung GmbH,SINGLE_GROUP,CONFIRMED_20_PLUS,KSW,,,,,,,,,,,,Immobilienexperte Mag [Geschäftsführer]; Verfahrensrechtsexpertin Mag [Geschäftsführer]; Eva Maria Ogertschnig Steuerberaterin [Geschäftsführer]; Umsatzsteuerexpertin Dipl [Management],DATENSCHUTZ DATENSCHUTZ (); Datenverarbeitung Wir (),DATENSCHUTZ DATENSCHUTZ; Datenverarbeitung Wir,"Public sources identify owner/shareholder names, but complete share percentages were not safely established.",PARTNER_OWNED,DATENSCHUTZ DATENSCHUTZ; Datenverarbeitung Wir,Owner/Gesellschafter; Owner/Gesellschafter,MEDIUM_HIGH,https://kanzleikleiner.at | https://kanzleikleiner.at | https://kanzleikleiner.at | https://kanzleikleiner.at | https://kanzleikleiner.at/datenschutz/ | https://kanzleikleiner.at/datenschutz/,No ownership was inferred from surname. Unknown share percentages remain null. For international/network firms the Austrian operational leadership is preferred over a global parent.,,central_fallback,20,,https://kanzleikleiner.at,erstgespraeche@kanzleikleiner.at,named_context_email,70,Datenverarbeitung Wir,https://kanzleikleiner.at/kontakt/,+43316811181,
domain:lbg.at,LBG Niederösterreich Steuerberatung GmbH,lbg.at,http://www.lbg.at,st-poelten@lbg.at | michael.hell@lbg.at | office@lbg.at | hollabrunn@lbg.at | j.mayer@lbg.at | wieselburg@lbg.at | mistelbach@lbg.at | gaenserndorf@lbg.at | wolfgang.obermaier@lbg.at | gloggnitz@lbg.at | david.sedlaczek@lbg.at | horn@lbg.at | r.weber@lbg.at | gmuend@lbg.at | jaksch.dominik@gmail.com | waidhofen@lbg.at | thomas.lebersorger@lbg.at | thomas@lebersorger-wt.at | neunkirchen@lbg.at | stefan.heissenberger@lbg.at | heinz.harb@gmx.at | michaela.fuchs@lbg.at | andreas.unger@dr-unger.com | wr-neustadt@lbg.at | eisenstadt@lbg.at | k.pammer@lbg.at | grosspetersdorf@lbg.at | martin.rehling@lbg.at | mattersburg@lbg.at | e.ostermayer@lbg.at | neusiedl@lbg.at | oberpullendorf@lbg.at | oberwart@lbg.at | andreas.baliko@lbg.at | t.klikovics@lbg.at | bruck@lbg.at | leibnitz@lbg.at | graz@lbg.at | liezen@lbg.at | norbert.zefferer@outlook.com | c.zielowski@lbg.at | schladming@lbg.at | g.kraus@lbg.at | f.schachner@lbg.at | voecklabruck@lbg.at | k.saad@lbg.at | steyr@lbg.at | wolfgang.stacherl@lbg.at | ried@lbg.at | linz@lbg.at | s.frasch@lbg.at | a.komarek@lbg.at | michael.bergmann@lbg.at | b.bortel@lbg.at | villach@lbg.at | angelika.buchleitner@lbg.at | wolfsberg@lbg.at | g.medlin@lbg.at | klagenfurt@lbg.at | wien-margareten@lbg.at | hainfeld@lbg.at | joseph.boeck@outlook.de | innsbruck@lbg.at | martin.traintinger@lbg.at | salzburg@lbg.at | a.sobotka@lbg.at | h.manessinger@lbg.at | wolf-dieter.straussberger@lbg.at,+43 2742 35 56 60 | +43 2742 35 56 60 85 | +43 2742 35 56 60 2985 | +43 1 531 05 1403 | +43 2952 23 05 | +43 2952 23 05 28 | +43 1 531 05 1450 | +43 7416 552 00 | +43 2572 38 42 | +43 2572 38 42 73 | +43 2282 25 20 | +43 2282 25 20 42 | +43 1 287 06 15 | +43 2282 25 20 2042 | +43 2662 420 50 | +43 2662 420 50 33 | +43 699 18 000 294 | +43 2982 28 71 | +43 2982 28 72 | +43 2982 28 71 18 | +43 664 223 44 32 | +43 2852 526 37 | +43 2852 527 03 44 | +43 660 65 75 268 | +43 2842 534 12 | +43 2842 534 12 10 | +43 2842 534 12 2710 | +43 2635 626 77 | +43 2635 632 96 | +43 2635 632 96 22 | +43 2635 62677 | +43 664 413 41 36 | +43 2622 234 80 12 | +43 2622 234 80 24 | +43 2622 234 44 | +43 2622 234 80 | +43 2682 621 95 | +43 2682 621 95 97 | +43 2682 621 95 27 | +43 664 101 71 37 | +43 3362 73 46 | +43 3362 74 54 15 | +43 3362 7346 | +43 2626 623 17 | +43 2626 623 17 13 | +43 664 134 28 26 | +43 2167 24 95 | +43 2167 20 73 | +43 2167 24 95 21 | +43 699 1 391 48 60 | +43 2612 423 19 | +43 2612 431 11 | +43 2612 423 19 83 | +43 3352 334 15 | +43 3352 334 15 79 | +43 664 8549010 | +43 664 181 35 96 | +43 3452 849 49 | +43 3452 849 49 34 | +43 316 72 02 00 | +43 316 72 02 00 10 | +43 3612 237 20 | +43 3612 240 20 | +43 3612 240 20 76 | +43 664 8585795 | +43 3862 510 55 | +43 3862 510 55 22 | +43 3862 51 055 8317 | +43 3862 51 055 8322 | +43 3687 22 811 | +43 3687 22 811 8216 | +43 732 65 51 72 | +43 664 324 29 63 | +43 732 66 70 48 22 | +43 7672 75555 | +43 732 655 172 | +43 732 655 172 4122 | +43 7252 535 56 | +43 7252 535 56 75 | +43 7752 854 41 | +43 7752 854 42 | +43 7752 854 41 12 | +43 732 65 51 73 | +43 732 65 51 72 22 | +43 1 20 300 30 1539 | +43 1 20 300 30 1599 | +43 1 531 05 0 | +43 1 531 05 599 | +43 1 531 05 714 | +43 1 531 05 329 | +43 1 531 05 1310 | +43 1 531 05 1329 | +43 1 531 05 1425 | +43 1 531 05 1777 | +43 1 531 05 1775 | +43 1 531 05 1227 | +43 4242 274 94 0 | +43 4242 274 94 33 | +43 463 57 187 91 20 | +43 463 57 187 91 83 | +43 4352 48 47 | +43 4352 48 47 77 | +43 1 53105 1662 | +43 463 571 87 | +43 463 571 87 83 | +43 1 58 91 10 | +43 1 53105 0 | +43 2764 770 80 | +43 664 844 27 99 | +43 512 586 453 | +43 512 586 453 6022 | +43 664 414 10 58 | +43 662 87 65 31 45 | +43 662 87 65 31 | +43 662 87 65 31 81 | +43 1 53105 1450 | +43 2265 260 54 | +43 1 516 00 0 | +43 1 531 05 715 | +43 1 531 05 414 | +43 1 531 05 1414,"St. Pölten Gemeinde: St. Pölten Bezirk Sankt Pölten(Stadt) + | Hollabrunn Gemeinde: Hollabrunn Bezirk Hollabrunn +43 2952 2 | Wieselburg Gemeinde: Wieselburg Bezirk Scheibbs +43 7416 552 | Mistelbach Gemeinde: Mistelbach Bezirk Mistelbach +43 2572 3 | Gänserndorf Gemeinde: Gänserndorf Bezirk Gänserndorf +43 228 | Gloggnitz Gemeinde: Gloggnitz Bezirk Neunkirchen +43 2662 42 | Horn Gemeinde: Horn Bezirk Horn +43 2982 28 71 +43 2982 28 7 | Gmünd Gemeinde: Gmünd Bezirk Gmünd +43 2852 526 37 +43 2852 | Waidhofen an der Thaya Gemeinde: Waidhofen an der Thaya Bezi | Neunkirchen Gemeinde: Neunkirchen Bezirk Neunkirchen +43 263 | Wien Gemeinde: Wien Wien 3.,Landstraße +43 1 531 05 1403 +43 | Wiener Neustadt Gemeinde: Wiener Neustadt Bezirk Wiener Neus | Eisenstadt Gemeinde: Eisenstadt Bezirk Eisenstadt(Stadt) +43 | Großpetersdorf Gemeinde: Großpetersdorf Bezirk Oberwart +43 | Mattersburg Gemeinde: Mattersburg Bezirk Mattersburg +43 262 | Neusiedl am See Gemeinde: Neusiedl am See Bezirk Neusiedl am | Oberpullendorf / Felsőpulya Gemeinde: Oberpullendorf Bezirk | Oberwart / Felsőőr Gemeinde: Oberwart Bezirk Oberwart +43 33 | Leibnitz Gemeinde: Leibnitz Bezirk Leibnitz +43 3452 849 49 | Graz Gemeinde: Graz Bezirk Graz(Stadt) +43 316 72 02 00 +43 | Liezen Gemeinde: Liezen Bezirk Liezen +43 3612 237 20 +43 36 | Bruck an der Mur Gemeinde: Bruck an der Mur Bezirk Bruck-Mür | Schladming Gemeinde: Schladming Bezirk Liezen +43 3687 22 81 | Vöcklabruck Gemeinde: Vöcklabruck Bezirk Vöcklabruck +43 767 | Steyr Gemeinde: Steyr Bezirk Steyr(Stadt) +43 7252 535 56 +4 | Ried im Innkreis Gemeinde: Ried im Innkreis Bezirk Ried im I | Linz Gemeinde: Linz Bezirk Linz(Stadt) +43 732 65 51 72 +43 | Wien Gemeinde: Wien Wien 22.,Donaustadt +43 1 20 300 30 1539 | Wien Gemeinde: Wien Wien 3.,Landstraße +43 1 531 05 1310 +43 | Wien Gemeinde: Wien Wien 3.,Landstraße +43 1 531 05 1425 +43 | St. Magdalen Gemeinde: Villach Bezirk Villach Stadt +43 4242 | Wolfsberg Gemeinde: Wolfsberg Bezirk Wolfsberg +43 4352 48 4 | Klagenfurt Gemeinde: Klagenfurt am Wörthersee Bezirk Klagenf | Wien Gemeinde: Wien Wien 5.,Margareten +43 1 58 91 10 wien-m | Hainfeld Gemeinde: Hainfeld Bezirk Lilienfeld +43 2764 770 8 | Wien Gemeinde: Wien Wien 3.,Landstraße +43 1 531 05 0 +43 1 | Wien Gemeinde: Wien Wien 3.,Landstraße vertreten durch: Harb | Innsbruck Gemeinde: Innsbruck Bezirk Innsbruck-Stadt +43 512 | Salzburg Gemeinde: Salzburg Bezirk Salzburg(Stadt) +43 662 8 | Wien Gemeinde: Wien Wien 3.,Landstraße +43 1 53105 0 +43 1 5",12,48,48,LBG Niederösterreich Steuerberatung GmbH | LBG Burgenland Steuerberatung GmbH | LBG Steiermark Steuerberatung GmbH | LBG Oberösterreich Steuerberatung GmbH | LBG Wien Steuerberatung GmbH | LBG Kärnten Steuerberatung GmbH | LBG Böck & Partner Steuerberatung GmbH | LBG Tirol Steuerberatung GmbH | LBG Salzburg Steuerberatung GmbH | LBG Steuerberatung GmbH | LBG Wirtschaftsprüfung & Steuerberatung GmbH | LBG Österreich GmbH Wirtschaftsprüfung & Steuerberatung,https://ksw.or.at/mitgliederverzeichnis/?tx_kswmembers_membersdirectory%5Bcontroller%5D=MembersDirectory&tx_kswmembers_membersdirectory%5BcurrentPage%5D=453 | https://ksw.or.at/mitgliederverzeichnis/?tx_kswmembers_membersdirectory%5Bcontroller%5D=MembersDirectory&tx_kswmembers_membersdirectory%5BcurrentPage%5D=102 | https://ksw.or.at/mitgliederverzeichnis/?tx_kswmembers_membersdirectory%5Bcontroller%5D=MembersDirectory&tx_kswmembers_membersdirectory%5BcurrentPage%5D=423 | https://ksw.or.at/mitgliederverzeichnis/?tx_kswmembers_membersdirectory%5Bcontroller%5D=MembersDirectory&tx_kswmembers_membersdirectory%5BcurrentPage%5D=392 | https://ksw.or.at/mitgliederverzeichnis/?tx_kswmembers_membersdirectory%5Bcontroller%5D=MembersDirectory&tx_kswmembers_membersdirectory%5BcurrentPage%5D=170 | https://ksw.or.at/mitgliederverzeichnis/?tx_kswmembers_membersdirectory%5Bcontroller%5D=MembersDirectory&tx_kswmembers_membersdirectory%5BcurrentPage%5D=527 | https://ksw.or.at/mitgliederverzeichnis/?tx_kswmembers_membersdirectory%5Bcontroller%5D=MembersDirectory&tx_kswmembers_membersdirectory%5BcurrentPage%5D=176 | https://ksw.or.at/mitgliederverzeichnis/?tx_kswmembers_membersdirectory%5Bcontroller%5D=MembersDirectory&tx_kswmembers_membersdirectory%5BcurrentPage%5D=243 | https://ksw.or.at/mitgliederverzeichnis/?tx_kswmembers_membersdirectory%5Bcontroller%5D=MembersDirectory&tx_kswmembers_membersdirectory%5BcurrentPage%5D=373 | https://ksw.or.at/mitgliederverzeichnis/?tx_kswmembers_membersdirectory%5Bcontroller%5D=MembersDirectory&tx_kswmembers_membersdirectory%5BcurrentPage%5D=405 | https://ksw.or.at/mitgliederverzeichnis/?tx_kswmembers_membersdirectory%5Bcontroller%5D=MembersDirectory&tx_kswmembers_membersdirectory%5BcurrentPage%5D=317 | https://ksw.or.at/mitgliederverzeichnis/?tx_kswmembers_membersdirectory%5Bcontroller%5D=MembersDirectory&tx_kswmembers_membersdirectory%5BcurrentPage%5D=381 | https://ksw.or.at/mitgliederverzeichnis/?tx_kswmembers_membersdirectory%5Bcontroller%5D=MembersDirectory&tx_kswmembers_membersdirectory%5BcurrentPage%5D=353 | https://ksw.or.at/mitgliederverzeichnis/?tx_kswmembers_membersdirectory%5Bcontroller%5D=MembersDirectory&tx_kswmembers_membersdirectory%5BcurrentPage%5D=332 | https://ksw.or.at/mitgliederverzeichnis/?tx_kswmembers_membersdirectory%5Bcontroller%5D=MembersDirectory&tx_kswmembers_membersdirectory%5BcurrentPage%5D=116 | https://ksw.or.at/mitgliederverzeichnis/?tx_kswmembers_membersdirectory%5Bcontroller%5D=MembersDirectory&tx_kswmembers_membersdirectory%5BcurrentPage%5D=404 | https://ksw.or.at/mitgliederverzeichnis/?tx_kswmembers_membersdirectory%5Bcontroller%5D=MembersDirectory&tx_kswmembers_membersdirectory%5BcurrentPage%5D=510 | https://ksw.or.at/mitgliederverzeichnis/?tx_kswmembers_membersdirectory%5Bcontroller%5D=MembersDirectory&tx_kswmembers_membersdirectory%5BcurrentPage%5D=319 | https://ksw.or.at/mitgliederverzeichnis/?tx_kswmembers_membersdirectory%5Bcontroller%5D=MembersDirectory&tx_kswmembers_membersdirectory%5BcurrentPage%5D=351 | https://ksw.or.at/mitgliederverzeichnis/?tx_kswmembers_membersdirectory%5Bcontroller%5D=MembersDirectory&tx_kswmembers_membersdirectory%5BcurrentPage%5D=327 | https://ksw.or.at/mitgliederverzeichnis/?tx_kswmembers_membersdirectory%5Bcontroller%5D=MembersDirectory&tx_kswmembers_membersdirectory%5BcurrentPage%5D=298 | https://ksw.or.at/mitgliederverzeichnis/?tx_kswmembers_membersdirectory%5Bcontroller%5D=MembersDirectory&tx_kswmembers_membersdirectory%5BcurrentPage%5D=336 | https://ksw.or.at/mitgliederverzeichnis/?tx_kswmembers_membersdirectory%5Bcontroller%5D=MembersDirectory&tx_kswmembers_membersdirectory%5BcurrentPage%5D=469 | https://ksw.or.at/mitgliederverzeichnis/?tx_kswmembers_membersdirectory%5Bcontroller%5D=MembersDirectory&tx_kswmembers_membersdirectory%5BcurrentPage%5D=91 | https://ksw.or.at/mitgliederverzeichnis/?tx_kswmembers_membersdirectory%5Bcontroller%5D=MembersDirectory&tx_kswmembers_membersdirectory%5BcurrentPage%5D=222 | https://ksw.or.at/mitgliederverzeichnis/?tx_kswmembers_membersdirectory%5Bcontroller%5D=MembersDirectory&tx_kswmembers_membersdirectory%5BcurrentPage%5D=388 | https://ksw.or.at/mitgliederverzeichnis/?tx_kswmembers_membersdirectory%5Bcontroller%5D=MembersDirectory&tx_kswmembers_membersdirectory%5BcurrentPage%5D=74 | https://ksw.or.at/mitgliederverzeichnis/?tx_kswmembers_membersdirectory%5Bcontroller%5D=MembersDirectory&tx_kswmembers_membersdirectory%5BcurrentPage%5D=522 | https://ksw.or.at/mitgliederverzeichnis/?tx_kswmembers_membersdirectory%5Bcontroller%5D=MembersDirectory&tx_kswmembers_membersdirectory%5BcurrentPage%5D=374 | https://ksw.or.at/mitgliederverzeichnis/?tx_kswmembers_membersdirectory%5Bcontroller%5D=MembersDirectory&tx_kswmembers_membersdirectory%5BcurrentPage%5D=153 | https://ksw.or.at/mitgliederverzeichnis/?tx_kswmembers_membersdirectory%5Bcontroller%5D=MembersDirectory&tx_kswmembers_membersdirectory%5BcurrentPage%5D=355 | https://ksw.or.at/mitgliederverzeichnis/?tx_kswmembers_membersdirectory%5Bcontroller%5D=MembersDirectory&tx_kswmembers_membersdirectory%5BcurrentPage%5D=166 | https://ksw.or.at/mitgliederverzeichnis/?tx_kswmembers_membersdirectory%5Bcontroller%5D=MembersDirectory&tx_kswmembers_membersdirectory%5BcurrentPage%5D=168 | https://ksw.or.at/mitgliederverzeichnis/?tx_kswmembers_membersdirectory%5Bcontroller%5D=MembersDirectory&tx_kswmembers_membersdirectory%5BcurrentPage%5D=252 | https://ksw.or.at/mitgliederverzeichnis/?tx_kswmembers_membersdirectory%5Bcontroller%5D=MembersDirectory&tx_kswmembers_membersdirectory%5BcurrentPage%5D=257 | https://ksw.or.at/mitgliederverzeichnis/?tx_kswmembers_membersdirectory%5Bcontroller%5D=MembersDirectory&tx_kswmembers_membersdirectory%5BcurrentPage%5D=488 | https://ksw.or.at/mitgliederverzeichnis/?tx_kswmembers_membersdirectory%5Bcontroller%5D=MembersDirectory&tx_kswmembers_membersdirectory%5BcurrentPage%5D=177 | https://ksw.or.at/mitgliederverzeichnis/?tx_kswmembers_membersdirectory%5Bcontroller%5D=MembersDirectory&tx_kswmembers_membersdirectory%5BcurrentPage%5D=307 | https://ksw.or.at/mitgliederverzeichnis/?tx_kswmembers_membersdirectory%5Bcontroller%5D=MembersDirectory&tx_kswmembers_membersdirectory%5BcurrentPage%5D=81 | https://ksw.or.at/mitgliederverzeichnis/?tx_kswmembers_membersdirectory%5Bcontroller%5D=MembersDirectory&tx_kswmembers_membersdirectory%5BcurrentPage%5D=244 | https://ksw.or.at/mitgliederverzeichnis/?tx_kswmembers_membersdirectory%5Bcontroller%5D=MembersDirectory&tx_kswmembers_membersdirectory%5BcurrentPage%5D=379 | https://ksw.or.at/mitgliederverzeichnis/?tx_kswmembers_membersdirectory%5Bcontroller%5D=MembersDirectory&tx_kswmembers_membersdirectory%5BcurrentPage%5D=457 | https://ksw.or.at/mitgliederverzeichnis/?tx_kswmembers_membersdirectory%5Bcontroller%5D=MembersDirectory&tx_kswmembers_membersdirectory%5BcurrentPage%5D=142 | https://ksw.or.at/mitgliederverzeichnis/?tx_kswmembers_membersdirectory%5Bcontroller%5D=MembersDirectory&tx_kswmembers_membersdirectory%5BcurrentPage%5D=290 | https://ksw.or.at/mitgliederverzeichnis/?tx_kswmembers_membersdirectory%5Bcontroller%5D=MembersDirectory&tx_kswmembers_membersdirectory%5BcurrentPage%5D=196 | https://ksw.or.at/mitgliederverzeichnis/?tx_kswmembers_membersdirectory%5Bcontroller%5D=MembersDirectory&tx_kswmembers_membersdirectory%5BcurrentPage%5D=239,1,CONFIRMED_30_PLUS,HIGH,150,150,official explicit employee count,"150: it aktuell 600 Expert/innen an 35 Standorten österreichweit präsent. Wir sind in Wien mit rund 150 Mitarbeiter/innen, in Niederösterreich mit rund 150 Mitarbeiter/innen, im Burgenl | 150: ichweit präsent. Wir sind in Wien mit rund 150 Mitarbeiter/innen, in Niederösterreich mit rund 150 Mitarbeiter/innen, im Burgenland mit rund 100 Mitarbeiter/innen und in Oberösterr | 100: Mitarbeiter/innen, in Niederösterreich mit rund 150 Mitarbeiter/innen, im Burgenland mit rund 100 Mitarbeiter/innen und in Oberösterreich, Salzburg, Steiermark, Kärnten, Tirol und  | 130: iter/innen und in Oberösterreich, Salzburg, Steiermark, Kärnten, Tirol und Vorarlberg mit rund 130 Mitarbeiter/innen für Sie tätig. Österreichweit perfekt koordiniert nach Ihren Wü",71,0,12,,,,https://www.lbg.at/steuerberater_wirtschaftspruefer_unternehmensberater_oesterreich/index_ger.html | https://www.lbg.at/steuerberater_wirtschaftspruefer_unternehmensberater_oesterreich/mobile_ger.html | https://www.lbg.at/standorte/index_ger.html | https://www.lbg.at/unternehmen/unternehmensleitung_management/index_ger.html | https://www.lbg.at/unternehmen/unternehmensziele/index_ger.html | https://www.lbg.at/unternehmen/philosophie/index_ger.html | https://www.lbg.at/unternehmen/oesterreichweite_koordinierte_steuerberatung/index_ger.html | https://www.lbg.at/unternehmen/partnerschaft_hilfswerk/index_ger.html,PRIOR_STAGE2_CANDIDATE;TEAM_PROFILES_10_PLUS;JOB_LINKS_3_PLUS;KSW_LISTINGS_3_PLUS;LOCATIONS_3_PLUS;LEGAL_ENTITIES_2_PLUS;SANITY_SEED:LBG,VERIFY_PRIOR,CONFIRMED_30_PLUS,600,,AUSTRIA_GROUP,HIGH,Official Austrian company/group page states approximately or explicitly 600 employees.,https://www.lbg.at/unternehmen/presseaussendungen/index_ger.html,Official site employee statement around 600.,Official-site employee statement is sufficient for a 30+ lower bound.,SINGLE,1,domain:lbg.at,LBG Niederösterreich Steuerberatung GmbH,SINGLE_GROUP,CONFIRMED_20_PLUS,KSW,,,,,,,,,,,,Wichtige Termine [Geschäftsführer]; Art IV [Geschäftsführer]; Keine Rückwirkung [Geschäftsführer]; Gesellschafter Beitrag [Geschäftsführer]; Erhard Lausegger [Management]; Hilfswerk International Pressemitteilungen Leistungen [Partner]; Abgabenverfahren Jahresabschluss [Management]; Erfolgreiche Kanzleinachfolge [Partner]; Seminare LBG-Webinar [Partner]; Wichtige Änderungen [Partner],Anmeldung Ausschüttungsfiktion (); Wirtschafts-News Vorherige Ausgabe Nächste (); Ausgabe Ausschüttungsfiktion (); Gesellschafter-Verrechnungskonten Beitrag (); Altvermögen Beitrag (); Temporäre Einschränkung (); Gewinnfreibetrags Beitrag (); Art IV (); Keine Rückwirkung (); Gesellschafter Beitrag (),Geld einbringenden Gesellschafter Beitrag; Sonja Kummer Beteiligungsverhältnisse Beta; Epsilon Beteiligungsgesellschaft mbH; werden im Vergleich zur; bei Vollausschüttung tendenziell attraktiver,"Public sources identify material individual shareholders: Geld einbringenden Gesellschafter Beitrag 55.0%, Sonja Kummer Beteiligungsverhältnisse Beta 55.0%, Epsilon Beteiligungsgesellschaft mbH 55.0%, werden im Vergleich zur 55.0%, bei Vollausschüttung tendenziell attraktiver 45.625%.",INDIVIDUAL_FAMILY_CONTROL,Geld einbringenden Gesellschafter Beitrag; Sonja Kummer Beteiligungsverhältnisse Beta; Epsilon Beteiligungsgesellschaft mbH,Owner/Gesellschafter; Owner/Gesellschafter; Owner/Gesellschafter,HIGH,https://www.lbg.at/steuerberater_wirtschaftspruefer_unternehmensberater_oesterreich/index_ger.html | https://www.lbg.at/steuerberater_wirtschaftspruefer_unternehmensberater_oesterreich/index_ger.html | https://www.lbg.at/steuerberater_wirtschaftspruefer_unternehmensberater_oesterreich/index_ger.html | https://www.lbg.at/steuerberater_wirtschaftspruefer_unternehmensberater_oesterreich/index_ger.html | https://www.lbg.at/steuerberater_wirtschaftspruefer_unternehmensberater_oesterreich/index_ger.html | https://www.lbg.at/steuerberater_wirtschaftspruefer_unternehmensberater_oesterreich/index_ger.html | https://www.lbg.at/steuerberater_wirtschaftspruefer_unternehmensberater_oesterreich/index_ger.html | https://www.lbg.at/steuerberater_wirtschaftspruefer_unternehmensberater_oesterreich/index_ger.html | https://www.lbg.at/steuerberater_wirtschaftspruefer_unternehmensberater_oesterreich/index_ger.html | https://www.lbg.at/steuerberater_wirtschaftspruefer_unternehmensberater_oesterreich/index_ger.html | https://www.lbg.at/steuerberater_wirtschaftspruefer_unternehmensberater_oesterreich/index_ger.html | https://www.lbg.at/steuerberater_wirtschaftspruefer_unternehmensberater_oesterreich/index_ger.html | https://www.lbg.at/steuerberater_wirtschaftspruefer_unternehmensberater_oesterreich/index_ger.html | https://www.lbg.at/steuerberater_wirtschaftspruefer_unternehmensberater_oesterreich/index_ger.html | https://www.lbg.at/steuerberater_wirtschaftspruefer_unternehmensberater_oesterreich/index_ger.html | https://www.lbg.at/steuerberater_wirtschaftspruefer_unternehmensberater_oesterreich/index_ger.html,No ownership was inferred from surname. Unknown share percentages remain null. For international/network firms the Austrian operational leadership is preferred over a global parent.,,,,,,,,,,,,
domain:nextberatung.at,next Steuerberatung Linz GmbH,nextberatung.at,http://www.nextberatung.at | http://www.docu-wels.com | http://www.grader.at,linz@nextberatung.at | herwig.pfaffenzeller@docu-wels.com | gabriele.grader@nextberatung.at | gabriele.grader@grader.at | lambach@nextberatung.at | sophie.salhofer@nextberatung.at,+43 732 750 900 | +43 732 750 900 4 | +43 664 386 16 16 | +43 7242 299 92 0 | +43 7242 299 95 95 | +43 50 9150 620 | +43 699 18 18 19 22 | +43 50 9150 100,"Linz Gemeinde: Linz Bezirk Linz(Stadt) +43 732 750 900 +43 7 | Wien Gemeinde: Wien Wien 15.,Rudolfsheim-Fünfhaus +43 50 915 | Lambach Gemeinde: Lambach Bezirk Wels-Land +43 50 9150 100 l",3,3,3,next Steuerberatung Linz GmbH | next Steuerberatung Wien GmbH | next Steuerberatung Lambach GmbH,https://ksw.or.at/mitgliederverzeichnis/?tx_kswmembers_membersdirectory%5Bcontroller%5D=MembersDirectory&tx_kswmembers_membersdirectory%5BcurrentPage%5D=39 | https://ksw.or.at/mitgliederverzeichnis/?tx_kswmembers_membersdirectory%5Bcontroller%5D=MembersDirectory&tx_kswmembers_membersdirectory%5BcurrentPage%5D=66 | https://ksw.or.at/mitgliederverzeichnis/?tx_kswmembers_membersdirectory%5Bcontroller%5D=MembersDirectory&tx_kswmembers_membersdirectory%5BcurrentPage%5D=318,1,POSSIBLE_20_PLUS,LOW_MEDIUM,0,0,multiple scale signals; manual verification needed,,0,0,3,,,,https://www.nextberatung.at/ | https://nextberatung.at/index.php/leistungen | https://www.nextberatung.at/team | https://www.nextberatung.at/karriere | https://www.nextberatung.at/leistungen | https://www.bing.com/ck/a?!&&p=493f772e6bd6d0658dc04903fbeba3eb114a4e432c6be14a250f5b4df1895cbdJmltdHM9MTc4ODA0ODAwMA&ptn=3&ver=2&hsh=4&fclid=1094d5e9-4f48-666f-3579-c22c4e0f676a&u=a1aHR0cHM6Ly93d3cubmV4dC51cy9lbg&ntb=1 | https://www.bing.com/ck/a?!&&p=890cce346900bee141d659761b0a118c3fcdd34621ebb61917e25e7cf79afea2JmltdHM9MTc4ODA0ODAwMA&ptn=3&ver=2&hsh=4&fclid=1094d5e9-4f48-666f-3579-c22c4e0f676a&u=a1aHR0cHM6Ly93d3cubmV4dC51cy9lbi9OZXctSW4&ntb=1 | https://www.bing.com/ck/a?!&&p=b8d79375b3394c09d0c6154a8cd8a55dd1abb747f739b65df9dcae09d8102e53JmltdHM9MTc4ODA0ODAwMA&ptn=3&ver=2&hsh=4&fclid=1094d5e9-4f48-666f-3579-c22c4e0f676a&u=a1aHR0cHM6Ly93d3cubmV4dC5jby51ay8_bXNvY2tpZD0xMDk0ZDVlOTRmNDg2NjZmMzU3OWMyMmM0ZTBmNjc2YQ&ntb=1 | https://www.bing.com/ck/a?!&&p=caa59ebdbde0c6db22bef1d65e07d3dbe2d84032d63f4d679ddafc3ef1caa369JmltdHM9MTc4ODA0ODAwMA&ptn=3&ver=2&hsh=4&fclid=1094d5e9-4f48-666f-3579-c22c4e0f676a&u=a1aHR0cHM6Ly93d3cubmV4dGluc3VyYW5jZS5jb20v&ntb=1 | https://www.bing.com/ck/a?!&&p=7232b6c2f5aa66d722b132cbbddd40124af6985acda67b7d572d82fa531d6e63JmltdHM9MTc4ODA0ODAwMA&ptn=3&ver=2&hsh=4&fclid=1094d5e9-4f48-666f-3579-c22c4e0f676a&u=a1aHR0cHM6Ly9uZXh0ZG9vci5jb20v&ntb=1 | https://www.bing.com/ck/a?!&&p=84fceabb1a87ef9557a4a1772296c39598924248348e4c47e0a8863f547284c8JmltdHM9MTc4ODA0ODAwMA&ptn=3&ver=2&hsh=4&fclid=1094d5e9-4f48-666f-3579-c22c4e0f676a&u=a1aHR0cHM6Ly93d3cubm9yZHN0cm9tLmNvbS9icmFuZHMvbmV4dD9tc29ja2lkPTEwOTRkNWU5NGY0ODY2NmYzNTc5YzIyYzRlMGY2NzZh&ntb=1 | https://www.bing.com/ck/a?!&&p=bd126d695d445fbdd7d7b4cb84cd9b3b6ac950fe973fed5a25beda32edc888b4JmltdHM9MTc4ODA0ODAwMA&ptn=3&ver=2&hsh=4&fclid=1094d5e9-4f48-666f-3579-c22c4e0f676a&u=a1aHR0cHM6Ly93d3cuY29zdGNvLmNvbS9jb3N0Y28tbmV4dC5odG1s&ntb=1 | https://www.bing.com/ck/a?!&&p=6399f6d3e3bf28ec1d0bdb17cf304f45fb42d0b99dbf4e2d0011e4c7172305a3JmltdHM9MTc4ODA0ODAwMA&ptn=3&ver=2&hsh=4&fclid=1094d5e9-4f48-666f-3579-c22c4e0f676a&u=a1aHR0cHM6Ly93d3cueW91dHViZS5jb20vQG5leHQ&ntb=1 | https://www.bing.com/ck/a?!&&p=c115ecc5171a864aeaf827d1dc3b99ca4ba7233ce37c7115b97389f148fcd652JmltdHM9MTc4ODA0ODAwMA&ptn=3&ver=2&hsh=4&fclid=1094d5e9-4f48-666f-3579-c22c4e0f676a&u=a1aHR0cHM6Ly9lbi5tLndpa2lwZWRpYS5vcmcvd2lraS9OZVhU&ntb=1 | https://www.bing.com/ck/a?!&&p=7e318ae18884d90bb520702a83b1f2f74d6b8f41e0cee557637d61c5a4ae0fb0JmltdHM9MTc4ODA0ODAwMA&ptn=3&ver=2&hsh=4&fclid=1094d5e9-4f48-666f-3579-c22c4e0f676a&u=a1aHR0cHM6Ly93d3cubmV4dC5jby51ay9uZXh0c2FsZT9tc29ja2lkPTEwOTRkNWU5NGY0ODY2NmYzNTc5YzIyYzRlMGY2NzZh&ntb=1 | https://www.bing.com/ck/a?!&&p=b90eca90de1413b63cd6c125653d1bb357b88965969cdd40937bb44fdc9baee2JmltdHM9MTc4ODA0ODAwMA&ptn=3&ver=2&hsh=4&fclid=2b1c4aa7-ce91-68b1-16c5-5d62cfad6951&u=a1aHR0cHM6Ly93d3cubmV4dC51cy9lbg&ntb=1 | https://www.bing.com/ck/a?!&&p=937fc3120327341cc0180627a2cd2c099b0933d5526fc8c26a48b4e9a43ceee5JmltdHM9MTc4ODA0ODAwMA&ptn=3&ver=2&hsh=4&fclid=2b1c4aa7-ce91-68b1-16c5-5d62cfad6951&u=a1aHR0cHM6Ly93d3cubmV4dC51cy9lbi9OZXctSW4&ntb=1,PRIOR_STAGE2_CANDIDATE;JOB_LINKS_3_PLUS;KSW_LISTINGS_3_PLUS;LOCATIONS_3_PLUS;LEGAL_ENTITIES_2_PLUS,DEEP_RESEARCH,CONFIRMED_20_PLUS,28,,AUSTRIA_GROUP,HIGH,Official site provides a direct staff lower bound of at least 28.,https://www.nextberatung.at/,Official site exposes at least 28 distinct staff profiles/personal company-domain emails.,Staff-page lower bound proves 20+ but not 30+ unless count reaches 30.,SINGLE,1,domain:nextberatung.at,next Steuerberatung Linz GmbH,SINGLE_GROUP,CONFIRMED_20_PLUS,KSW,,,,,,,,,,,,Steueroptimale Gestaltung [Geschäftsführer]; Individuelle Beratung [Geschäftsführer]; Erfolg Ihres Unternehmens [Geschäftsführung]; Lösungen Ihr [Partner]; Vertragspartnern Erstellung [Partner]; Jahresabschlusses Berechnung [Partner]; Verdienstentgängen Ermittlung [Partner]; Ärzte Als [Partner]; Partnerinnen MMag [Partner]; Herwig Pfaffenzeller Geschäftsführender Gesellschafter [Partner],Partnerinnen MMag (); Herwig Pfaffenzeller Geschäftsführender Gesellschafter (); Diese E-Mail-Adresse (); Zur Anzeige (); Sabine Bieregger Geschäftsführende Gesellschafterin (); Hans Peter Roth Geschäftsführender (); Gabriele Grader Geschäftsführende Gesellschafterin (); Sättigung Links hervorheben Überschriften (100.0); Web Accessibility plugin by (100.0); Datenverarbeitung Wir (),Sättigung Links hervorheben Überschriften; Web Accessibility plugin by,"Public sources identify material individual shareholders: Sättigung Links hervorheben Überschriften 100.0%, Web Accessibility plugin by 100.0%.",INDIVIDUAL_FAMILY_CONTROL,Sättigung Links hervorheben Überschriften; Web Accessibility plugin by,Owner/Gesellschafter; Owner/Gesellschafter,HIGH,https://nextberatung.at/index.php/leistungen | https://nextberatung.at/index.php/leistungen | https://nextberatung.at/index.php/leistungen | https://nextberatung.at/index.php/leistungen | https://nextberatung.at/index.php/leistungen | https://nextberatung.at/index.php/leistungen | https://nextberatung.at/index.php/leistungen | https://nextberatung.at/index.php/leistungen | https://www.nextberatung.at/team | https://www.nextberatung.at/team | https://www.nextberatung.at/team | https://www.nextberatung.at/team | https://www.nextberatung.at/team | https://www.nextberatung.at/team | https://www.nextberatung.at/team | https://nextberatung.at/team?view=article&id=14:impressum&catid=2,No ownership was inferred from surname. Unknown share percentages remain null. For international/network firms the Austrian operational leadership is preferred over a global parent.,,central_fallback,20,,https://www.nextberatung.at/,,,,,,+43509150000,
domain:procurator.at,Procurator Treuhand- und Steuerberatungs GmbH,procurator.at,http://www.procurator.at,helmut.katzenberger@procurator.at | karin.hartmann@procurator.at | andreas.toifl@procurator.at,+43 1 869 16 24 | +43 1 869 16 24 40 | +43 1 869 16 24 0 | +43 1 869 16 24 11,"Wien Gemeinde: Wien Wien 12.,Meidling +43 1 869 16 24 +43 1",1,1,1,Procurator Treuhand- und Steuerberatungs GmbH,https://ksw.or.at/mitgliederverzeichnis/?tx_kswmembers_membersdirectory%5Bcontroller%5D=MembersDirectory&tx_kswmembers_membersdirectory%5BcurrentPage%5D=422,1,CONFIRMED_20_29,HIGH,20,20,official explicit employee count,"20: en, mittelständischen Beratungs- und Prüfungsgesellschaft mit einem Team von mittlerweile über 20 MitarbeiterInnen. Mag. Helmut Katzenberger , in zweiter Generation Wirtschaftsprüf",0,1,0,,,,https://www.procurator.at/ | https://www.bing.com/ck/a?!&&p=e920d24b6a614247905fcc4ce6e68599d5ae78b038eea23b94f832e47d100457JmltdHM9MTc4ODA0ODAwMA&ptn=3&ver=2&hsh=4&fclid=052a4e33-a3ed-6285-3b8e-59f6a2766307&u=a1aHR0cHM6Ly93d3cubWVycmlhbS13ZWJzdGVyLmNvbS9kaWN0aW9uYXJ5L3Byb2N1cmF0b3I&ntb=1 | https://www.bing.com/ck/a?!&&p=683791bbf1a64bbcde29aca4c68bd52d09c283e50db3342a151a4c3ac38a7b70JmltdHM9MTc4ODA0ODAwMA&ptn=3&ver=2&hsh=4&fclid=052a4e33-a3ed-6285-3b8e-59f6a2766307&u=a1aHR0cHM6Ly9lbi53aWtpcGVkaWEub3JnL3dpa2kvUHJvY3VyYXRvcg&ntb=1 | https://www.bing.com/ck/a?!&&p=4846ccc6d446e2ec3cbe1a818d45d0ea8449a3412acfcd3d57ef100d2e8a485cJmltdHM9MTc4ODA0ODAwMA&ptn=3&ver=2&hsh=4&fclid=052a4e33-a3ed-6285-3b8e-59f6a2766307&u=a1aHR0cHM6Ly9kaWN0aW9uYXJ5LmNhbWJyaWRnZS5vcmcvZGljdGlvbmFyeS9lbmdsaXNoL3Byb2N1cmF0b3I&ntb=1 | https://www.bing.com/ck/a?!&&p=e40b69cb2d1b8be1de449cec75af3a1fe708e768dab84f930b9693b83a317f8fJmltdHM9MTc4ODA0ODAwMA&ptn=3&ver=2&hsh=4&fclid=052a4e33-a3ed-6285-3b8e-59f6a2766307&u=a1aHR0cHM6Ly9wcm9jdXJhdG9yLmNvbS8&ntb=1 | https://www.bing.com/ck/a?!&&p=da6d70ae37996f50d5346fe4c783db032a914b01416e59d3a27124ec45d55a6bJmltdHM9MTc4ODA0ODAwMA&ptn=3&ver=2&hsh=4&fclid=052a4e33-a3ed-6285-3b8e-59f6a2766307&u=a1aHR0cHM6Ly9kaWN0aW9uYXJ5LmNhbWJyaWRnZS5vcmcvdXMvZGljdGlvbmFyeS9lbmdsaXNoL3Byb2N1cmF0b3I&ntb=1 | https://www.bing.com/ck/a?!&&p=06314c7406aaf5879182c7a5fc5436f4c0a30d838980095fcfa1cd23097b5c59JmltdHM9MTc4ODA0ODAwMA&ptn=3&ver=2&hsh=4&fclid=052a4e33-a3ed-6285-3b8e-59f6a2766307&u=a1aHR0cHM6Ly93d3cuZGljdGlvbmFyeS5jb20vYnJvd3NlL3Byb2N1cmF0b3I&ntb=1 | https://www.bing.com/ck/a?!&&p=e0ae692eb59a5eb469e2e2fafcae62c2cebeb6767ef8195592fa3915deade7ddJmltdHM9MTc4ODA0ODAwMA&ptn=3&ver=2&hsh=4&fclid=052a4e33-a3ed-6285-3b8e-59f6a2766307&u=a1aHR0cHM6Ly93d3cuY29sbGluc2RpY3Rpb25hcnkuY29tL2RpY3Rpb25hcnkvZW5nbGlzaC9wcm9jdXJhdG9y&ntb=1 | https://www.bing.com/ck/a?!&&p=70a2c1ccf421b82a49110c91196edc76b038e587084ec1f8ac8a07b7dfc75e7bJmltdHM9MTc4ODA0ODAwMA&ptn=3&ver=2&hsh=4&fclid=052a4e33-a3ed-6285-3b8e-59f6a2766307&u=a1aHR0cHM6Ly93d3cudGhlZnJlZWRpY3Rpb25hcnkuY29tL3Byb2N1cmF0b3I&ntb=1 | https://www.bing.com/ck/a?!&&p=9fbaccb2556a7b3c8236edad5ffffb67838e30017b7c72c3d0762975c2ac8676JmltdHM9MTc4ODA0ODAwMA&ptn=3&ver=2&hsh=4&fclid=052a4e33-a3ed-6285-3b8e-59f6a2766307&u=a1aHR0cHM6Ly9kZWZpbml0aW9ucy5sc2QubGF3L3Byb2N1cmF0b3I&ntb=1 | https://www.bing.com/ck/a?!&&p=0612db52b74a14017431b0afffa3e3f373d6408f06aa849ac25df4b0331f153cJmltdHM9MTc4ODA0ODAwMA&ptn=3&ver=2&hsh=4&fclid=052a4e33-a3ed-6285-3b8e-59f6a2766307&u=a1aHR0cHM6Ly93d3cuZGVmaW5pdGlvbnMubmV0L2RlZmluaXRpb24vcHJvY3VyYXRvcg&ntb=1 | https://www.bing.com/ck/a?!&&p=201afc7bb8cd078becda819f77b73416aac40dbf0e931152a74d25abf5ac0020JmltdHM9MTc4ODA0ODAwMA&ptn=3&ver=2&hsh=4&fclid=3fcd330f-5d8f-63d3-2cc2-24ca5cd2621e&u=a1aHR0cHM6Ly93d3cubWVycmlhbS13ZWJzdGVyLmNvbS9kaWN0aW9uYXJ5L3Byb2N1cmF0b3I&ntb=1 | https://www.bing.com/ck/a?!&&p=6015dcb14b72b24df29ae63007724af7e07c10978928bdb373d74ffd687d9503JmltdHM9MTc4ODA0ODAwMA&ptn=3&ver=2&hsh=4&fclid=3fcd330f-5d8f-63d3-2cc2-24ca5cd2621e&u=a1aHR0cHM6Ly9lbi53aWtpcGVkaWEub3JnL3dpa2kvUHJvY3VyYXRvcg&ntb=1,PRIOR_STAGE2_CANDIDATE,VERIFY_PRIOR,CONFIRMED_20_PLUS,20,,AUSTRIA_LEGAL_ENTITY,HIGH,Official Austrian company/group page proves at least 20 employees.,https://www.procurator.at/,Official site employee statement around 20.,"Official count proves 20+, but does not safely bound an upper limit.",SINGLE,1,domain:procurator.at,Procurator Treuhand- und Steuerberatungs GmbH,SINGLE_GROUP,CONFIRMED_20_PLUS,KSW,,,,,,,,,,,,Karin Grund [Partner]; Andreas Toifl [Geschäftsführer]; Generation Wirtschaftsprüfer [Geschäftsführer]; Ihre Interessen [Partner]; Personalverrechnung Spezialist [Partner]; Digitale Buchführung DATEV [Partner]; DATEV Steuerberater [Management]; Belege Als Generalist [Partner]; Großhändler Einzelhandel Apotheken Är [Management],,unresolved,Ownership/control layer was not safely established from public evidence; operational management is retained where verified.,UNRESOLVED,Andreas Toifl; Generation Wirtschaftsprüfer; Belege Als Generalist,Geschäftsführer; Geschäftsführer; Partner,MEDIUM_HIGH,https://www.procurator.at/ | https://www.procurator.at/ | https://www.procurator.at/ | https://www.procurator.at/ | https://www.procurator.at/ | https://www.procurator.at/ | https://www.procurator.at/ | https://www.procurator.at/,No ownership was inferred from surname. Unknown share percentages remain null. For international/network firms the Austrian operational leadership is preferred over a global parent.,,central_fallback,20,,https://www.procurator.at/,,generic_fallback,30,,https://www.procurator.at/,+4318691624,office@procurator.at
domain:st-stb.at,Schwab & Tuttner Steuerberatung GmbH,st-stb.at,http://www.st-stb.at,schwab@st-stb.at | dietmar.schwab@gmail.com | winkler@st-stb.at,+43 3335 207 93 | +43 664 54 52 767 | +43 660 571 59 24,Unterneuberg Gemeinde: Pöllauberg Bezirk Hartberg-Fürstenfel,1,1,1,Schwab & Tuttner Steuerberatung GmbH,https://ksw.or.at/mitgliederverzeichnis/?tx_kswmembers_membersdirectory%5Bcontroller%5D=MembersDirectory&tx_kswmembers_membersdirectory%5BcurrentPage%5D=369,1,CONFIRMED_20_29,HIGH,27,27,official team/profile lower bound,,0,27,4,,,,http://www.st-stb.at/ | https://www.st-stb.at/die-kanzlei/ | https://www.st-stb.at/unser-team/ | https://www.st-stb.at/karriere/ | https://www.bing.com/ck/a?!&&p=05f28c0803b4f784d15c151cb507dd82b3ed2ccdb8b4bde669a9a157badd28deJmltdHM9MTc4ODA0ODAwMA&ptn=3&ver=2&hsh=4&fclid=204444db-c9d0-695a-270f-531ec8c5687e&u=a1aHR0cHM6Ly93d3cuc2Nod2FiLmNvbS8_bXNvY2tpZD0yMDQ0NDRkYmM5ZDA2OTVhMjcwZjUzMWVjOGM1Njg3ZQ&ntb=1 | https://www.bing.com/ck/a?!&&p=be3e2fa1f9280f88a844934e1591f0ebd174be1533f9c751f9ed120f75f119f9JmltdHM9MTc4ODA0ODAwMA&ptn=3&ver=2&hsh=4&fclid=204444db-c9d0-695a-270f-531ec8c5687e&u=a1aHR0cHM6Ly9jbGllbnQuc2Nod2FiLmNvbS9BcmVhcy9BY2Nlc3MvTG9naW4&ntb=1 | https://www.bing.com/ck/a?!&&p=86f3c85bd02247939c5c2073040f85edf3789f8c8df99eab47f6fb07dfad92cdJmltdHM9MTc4ODA0ODAwMA&ptn=3&ver=2&hsh=4&fclid=204444db-c9d0-695a-270f-531ec8c5687e&u=a1aHR0cHM6Ly93d3cuc2Nod2FiLmNvbS9kaWdpdGFsLXBsYXRmb3JtL3dlYj9tc29ja2lkPTIwNDQ0NGRiYzlkMDY5NWEyNzBmNTMxZWM4YzU2ODdl&ntb=1 | https://www.bing.com/ck/a?!&&p=20426ccc59961ed1aca92598a028372be8e0324b2796e013019bb7c9e371c202JmltdHM9MTc4ODA0ODAwMA&ptn=3&ver=2&hsh=4&fclid=204444db-c9d0-695a-270f-531ec8c5687e&u=a1aHR0cHM6Ly9jb250ZW50LnNjaHdhYi5jb20vd2ViL3JldGFpbC9wdWJsaWMvbmV3X3NpdGUvaW5kZXguaHRtbA&ntb=1 | https://www.bing.com/ck/a?!&&p=0cadd9df502822f47ec9cfa7e51d047f855e2563defe52fbd5ba165291b3f1bdJmltdHM9MTc4ODA0ODAwMA&ptn=3&ver=2&hsh=4&fclid=204444db-c9d0-695a-270f-531ec8c5687e&u=a1aHR0cHM6Ly9pbnRlcm5hdGlvbmFsLnNjaHdhYi5jb20v&ntb=1 | https://www.bing.com/ck/a?!&&p=bbd1c7dba32d31c092b62d604aa6e53223c23b894ab26fd1ecd89a5a700c332fJmltdHM9MTc4ODA0ODAwMA&ptn=3&ver=2&hsh=4&fclid=204444db-c9d0-695a-270f-531ec8c5687e&u=a1aHR0cHM6Ly93d3cuc2Nod2FiLmNvbS9vcGVuLWFuLWFjY291bnQ_bXNvY2tpZD0yMDQ0NDRkYmM5ZDA2OTVhMjcwZjUzMWVjOGM1Njg3ZQ&ntb=1 | https://www.bing.com/ck/a?!&&p=2082b8daf4aa85ac706a6f8aac25abc236984d3a4fa5169fd8ff78ec49ef87f3JmltdHM9MTc4ODA0ODAwMA&ptn=3&ver=2&hsh=4&fclid=204444db-c9d0-695a-270f-531ec8c5687e&u=a1aHR0cHM6Ly93d3cuc2Nod2FiLmNvbS8iP21zb2NraWQ9MjA0NDQ0ZGJjOWQwNjk1YTI3MGY1MzFlYzhjNTY4N2U&ntb=1 | https://www.bing.com/ck/a?!&&p=015a36c647bce185c684c9dc89e68b624fd3b647ab44038f8159679d0b24d529JmltdHM9MTc4ODA0ODAwMA&ptn=3&ver=2&hsh=4&fclid=2233adb0-6ece-6c40-224f-ba756f0c6df6&u=a1aHR0cHM6Ly93d3cuc2Nod2FiLmNvbS8_bXNvY2tpZD0yMjMzYWRiMDZlY2U2YzQwMjI0ZmJhNzU2ZjBjNmRmNg&ntb=1 | https://www.bing.com/ck/a?!&&p=5c2db494f48feb2331503fff610aa75180cc617c2f283be16a387fc045885bdfJmltdHM9MTc4ODA0ODAwMA&ptn=3&ver=2&hsh=4&fclid=2233adb0-6ece-6c40-224f-ba756f0c6df6&u=a1aHR0cHM6Ly9jbGllbnQuc2Nod2FiLmNvbS9BcmVhcy9BY2Nlc3MvTG9naW4&ntb=1 | https://www.bing.com/ck/a?!&&p=e7df58b33bb23e20280341da587eb3a4f7c9b55174f4bcefb65f440e512a299bJmltdHM9MTc4ODA0ODAwMA&ptn=3&ver=2&hsh=4&fclid=2233adb0-6ece-6c40-224f-ba756f0c6df6&u=a1aHR0cHM6Ly93d3cuc2Nod2FiLmNvbS9kaWdpdGFsLXBsYXRmb3JtL3dlYj9tc29ja2lkPTIyMzNhZGIwNmVjZTZjNDAyMjRmYmE3NTZmMGM2ZGY2&ntb=1 | https://www.bing.com/ck/a?!&&p=284d93c8ecbe70d0f17a52e62c7ffd7c8d39df32e88b1ecf0c043ad1294730beJmltdHM9MTc4ODA0ODAwMA&ptn=3&ver=2&hsh=4&fclid=2233adb0-6ece-6c40-224f-ba756f0c6df6&u=a1aHR0cHM6Ly9jb250ZW50LnNjaHdhYi5jb20vd2ViL3JldGFpbC9wdWJsaWMvbmV3X3NpdGUvaW5kZXguaHRtbA&ntb=1 | https://www.bing.com/ck/a?!&&p=44f34e682e06e7db48bab4d96b67b6f37cc7680e024336d185f795684df71722JmltdHM9MTc4ODA0ODAwMA&ptn=3&ver=2&hsh=4&fclid=2233adb0-6ece-6c40-224f-ba756f0c6df6&u=a1aHR0cHM6Ly9pbnRlcm5hdGlvbmFsLnNjaHdhYi5jb20v&ntb=1,PRIOR_STAGE2_CANDIDATE;TEAM_EMAILS_10_PLUS;JOB_LINKS_3_PLUS,VERIFY_PRIOR,CONFIRMED_20_PLUS,26,,AUSTRIA_LEGAL_ENTITY,HIGH,Official site provides a direct staff lower bound of at least 26.,http://www.st-stb.at/,Official site exposes at least 26 distinct staff profiles/personal company-domain emails.,Staff-page lower bound proves 20+ but not 30+ unless count reaches 30.,SINGLE,1,domain:st-stb.at,Schwab & Tuttner Steuerberatung GmbH,SINGLE_GROUP,CONFIRMED_20_PLUS,KSW,,,,,,,,,,,,Monat StB Mag [Geschäftsführer]; MBA Gründer [Geschäftsführer]; MSc Gründer [Geschäftsführer]; Pöllauberg Email [Geschäftsführer]; Öffnungszeiten Montag [Management]; Michael Winkler Steuerberater [Geschäftsführer]; Julia Allmer Dipl [Geschäftsführer]; Christin Brunnhofer Dipl [Geschäftsführer],,unresolved,Ownership/control layer was not safely established from public evidence; operational management is retained where verified.,UNRESOLVED,Christin Brunnhofer Dipl; Julia Allmer Dipl; MBA Gründer,Geschäftsführer; Geschäftsführer; Geschäftsführer,MEDIUM_HIGH,https://www.st-stb.at/die-kanzlei/ | https://www.st-stb.at/die-kanzlei/ | https://www.st-stb.at/die-kanzlei/ | https://www.st-stb.at/die-kanzlei/ | https://www.st-stb.at/die-kanzlei/ | https://www.st-stb.at/unser-team/ | https://www.st-stb.at/unser-team/ | https://www.st-stb.at/unser-team/,No ownership was inferred from surname. Unknown share percentages remain null. For international/network firms the Austrian operational leadership is preferred over a global parent.,+4333352079312,direct_extension,99,MBA Gründer,https://www.st-stb.at/die-kanzlei/ | https://www.st-stb.at/unser-team/,schwab@st-stb.at,named_context_email,74,MBA Gründer,https://www.st-stb.at/die-kanzlei/ | https://www.st-stb.at/unser-team/,,
domain:uniconsult.at,UNICONSULT Steuerberatungs GmbH & Co KG,uniconsult.at,http://www.uniconsult.at,uttendorf@uniconsult.at | ried@uniconsult.at | alfred.rumpl@uniconsult.at | peuerbachoffice@uniconsult.at | joerg.rossdorfer@uniconsult.at | riedoffice@uniconsult.at | linz@uniconsult.at | voecklabruckoffice@uniconsult.at,+43 50 885 7 | +43 50 885 715 | +43 50 885 5 | +43 50 885 515 | +43 7712 35 535 | +43 7752 898 89 0 | +43 664 412 17 07 | +43 7752 898 89 15 | +43 7276 297 29 | +43 7276 297 29 15 | +43 676 845 452 502 | +43 676 845452 502 | +43 50 885 502 | +43 50 8851 | +43 50 8851 15 | +43 676 96 36 663 | +43 50 885 0 | +43 50 885 9 | +43 50 885 915 | +43 50 885 924,Braunau am Inn Gemeinde: Braunau am Inn Bezirk Braunau am In | Schärding Innere Stadt Gemeinde: Schärding Bezirk Schärding | Peuerbach Gemeinde: Peuerbach Bezirk Grieskirchen +43 7276 2 | Ried im Innkreis Gemeinde: Ried im Innkreis Bezirk Ried im I | Linz Gemeinde: Linz Bezirk Linz(Stadt) +43 50 8851 +43 50 88 | Regau Gemeinde: Regau Bezirk Vöcklabruck +43 50 885 9 +43 50,5,8,8,UNICONSULT Steuerberatungs GmbH & Co KG | JRo Steuerberatungs GmbH | UNICONSULT Steuerberatungs GmbH | UNICONSULT Steuerberatung Gesellschaft mbH | UNICONSULT Wirtschaftsprüfungs- und Steuerberatungs GmbH,https://ksw.or.at/mitgliederverzeichnis/?tx_kswmembers_membersdirectory%5Bcontroller%5D=MembersDirectory&tx_kswmembers_membersdirectory%5BcurrentPage%5D=162 | https://ksw.or.at/mitgliederverzeichnis/?tx_kswmembers_membersdirectory%5Bcontroller%5D=MembersDirectory&tx_kswmembers_membersdirectory%5BcurrentPage%5D=496 | https://ksw.or.at/mitgliederverzeichnis/?tx_kswmembers_membersdirectory%5Bcontroller%5D=MembersDirectory&tx_kswmembers_membersdirectory%5BcurrentPage%5D=308 | https://ksw.or.at/mitgliederverzeichnis/?tx_kswmembers_membersdirectory%5Bcontroller%5D=MembersDirectory&tx_kswmembers_membersdirectory%5BcurrentPage%5D=223 | https://ksw.or.at/mitgliederverzeichnis/?tx_kswmembers_membersdirectory%5Bcontroller%5D=MembersDirectory&tx_kswmembers_membersdirectory%5BcurrentPage%5D=509 | https://ksw.or.at/mitgliederverzeichnis/?tx_kswmembers_membersdirectory%5Bcontroller%5D=MembersDirectory&tx_kswmembers_membersdirectory%5BcurrentPage%5D=418 | https://ksw.or.at/mitgliederverzeichnis/?tx_kswmembers_membersdirectory%5Bcontroller%5D=MembersDirectory&tx_kswmembers_membersdirectory%5BcurrentPage%5D=524 | https://ksw.or.at/mitgliederverzeichnis/?tx_kswmembers_membersdirectory%5Bcontroller%5D=MembersDirectory&tx_kswmembers_membersdirectory%5BcurrentPage%5D=224,1,CONFIRMED_30_PLUS,HIGH,120,120,official explicit employee count,120: t eines der größten Steuerberatungsunternehmen für den Mittelstand in Oberösterreich. Mit mehr als 120 Mitarbeiter:innen an sechs Standorten arbeiten wir mit Ihnen an Ihrem langfri,0,8,5,,,,https://uniconsult.at/ | https://uniconsult.at/loesungen/unternehmensberatung | https://uniconsult.at/team | https://uniconsult.at/uber-uns | https://uniconsult.at/standorte | https://uniconsult.at/standorte/linz | https://uniconsult.at/standorte/ried-im-innkreis | https://uniconsult.at/standorte/scharding,PRIOR_STAGE2_CANDIDATE;JOB_LINKS_3_PLUS;KSW_LISTINGS_3_PLUS;LOCATIONS_3_PLUS;LEGAL_ENTITIES_2_PLUS,VERIFY_PRIOR,CONFIRMED_30_PLUS,120,,AUSTRIA_GROUP,HIGH,Official Austrian company/group page states approximately or explicitly 120 employees.,https://uniconsult.at/,Official site employee statement around 120.,Official-site employee statement is sufficient for a 30+ lower bound.,SINGLE,1,domain:uniconsult.at,UNICONSULT Steuerberatungs GmbH & Co KG,SINGLE_GROUP,CONFIRMED_20_PLUS,KSW,,,,,,,,,,,,Deine Karriere-möglichkeiten [Geschäftsführer]; Digital Business [Management]; Bedürfnisse Ihres Unternehmens [Management]; Klienten-Tools Downloads Newsletter Karriere [Geschäftsführung]; Aktuelle Jobs Benefits Initiativbewerbung [Geschäftsführung]; Social Facebook Instagram LinkedIn [Management]; Unternehmensberatung Digital Business [Management]; YouTube Informationen Kont [Management]; Lassen Sie [Geschäftsführer]; Verankerung Durch [Partner],Isabella Roßdorfer (); Person Mag (); Isabella Roßdorfer Steuerberaterin (),Isabella Roßdorfer; Person Mag; Isabella Roßdorfer Steuerberaterin,"Public sources identify owner/shareholder names, but complete share percentages were not safely established.",PARTNER_OWNED,Isabella Roßdorfer; Person Mag,Owner/Gesellschafter; Owner/Gesellschafter,MEDIUM_HIGH,https://uniconsult.at/ | https://uniconsult.at/ | https://uniconsult.at/ | https://uniconsult.at/ | https://uniconsult.at/ | https://uniconsult.at/ | https://uniconsult.at/ | https://uniconsult.at/ | https://uniconsult.at/team | https://uniconsult.at/team | https://uniconsult.at/team,No ownership was inferred from surname. Unknown share percentages remain null. For international/network firms the Austrian operational leadership is preferred over a global parent.,,,,,,isabella.rossdorfer@uniconsult.at,named_context_email,70,Isabella Roßdorfer,https://uniconsult.at/personen/mag-isabella-rossdorfer,,
domain:wt-glueck.at,Adlerspitz Steuerberatung GmbH,wt-glueck.at,http://www.wt-glueck.at | http://www.b-s-g.at,office@wt-glueck.at | office@beraten-steuern-gewinnen.at | office@b-s-g.at | patrick.hoellermeier@b-s-g.at | a.glueck@wt-glueck.at,+43 662 622 20 60 | +43 662 62 20 60 | +43 662 62 20 60 20 | +43 662 62 44 94 0,Salzburg Gemeinde: Salzburg Bezirk Salzburg(Stadt) +43 662 6,4,4,4,Adlerspitz Steuerberatung GmbH | GTH Treuhand Steuerberatung GmbH | GTS Glück Treuhand Steuerberatung GmbH | Glück Treuhand Steuerberatung GmbH & Co KG,https://ksw.or.at/mitgliederverzeichnis/?tx_kswmembers_membersdirectory%5Bcontroller%5D=MembersDirectory&tx_kswmembers_membersdirectory%5BcurrentPage%5D=14 | https://ksw.or.at/mitgliederverzeichnis/?tx_kswmembers_membersdirectory%5Bcontroller%5D=MembersDirectory&tx_kswmembers_membersdirectory%5BcurrentPage%5D=157 | https://ksw.or.at/mitgliederverzeichnis/?tx_kswmembers_membersdirectory%5Bcontroller%5D=MembersDirectory&tx_kswmembers_membersdirectory%5BcurrentPage%5D=493 | https://ksw.or.at/mitgliederverzeichnis/?tx_kswmembers_membersdirectory%5Bcontroller%5D=MembersDirectory&tx_kswmembers_membersdirectory%5BcurrentPage%5D=467,1,CONFIRMED_30_PLUS,HIGH,400,400,official explicit employee count,400: satmosphäre! Wir feiern Erfolge gemeinsam mit Mitarbeitenden. Jedes Jahr laden wir unsere über 400 Mitarbeiter:innen zu einer inspirierenden Mitarbeitertagung an tollen Orten ein. ,0,2,9,,,,https://www.treuhand-union.com/de/standorte/tu-partner-glueck-treuhand | https://www.treuhand-union.com/de/standorte | https://www.treuhand-union.com/de/karriere | https://www.treuhand-union.com/de/standorte/tu-partner-glueck-treuhand/dienstnehmer-anmeldung | https://www.treuhand-union.com/de/standorte/tu-partner-glueck-treuhand/dienstnehmer-abmeldung | https://www.treuhand-union.com/de/standorte/assets/dynamic/downloads/_AAB_2018_de.pdf | https://www.treuhand-union.com/de/standorte/tu-eisenstadt | https://www.treuhand-union.com/de/standorte/tu-neusiedl-am-see,PRIOR_STAGE2_CANDIDATE;JOB_LINKS_3_PLUS;KSW_LISTINGS_3_PLUS;LOCATIONS_3_PLUS;LEGAL_ENTITIES_2_PLUS,VERIFY_PRIOR,CONFIRMED_30_PLUS,400,,AUSTRIA_GROUP,HIGH,Official Austrian company/group page states approximately or explicitly 400 employees.,https://www.treuhand-union.com/de/karriere,Official site employee statement around 400.,Official-site employee statement is sufficient for a 30+ lower bound.,SINGLE,1,domain:wt-glueck.at,Adlerspitz Steuerberatung GmbH,SINGLE_GROUP,CONFIRMED_20_PLUS,KSW,,,,,,,,,,,,Alfred Glück [Geschäftsführer]; Glück Treuhand GESCHÄFTSFÜHRER Alfred [Geschäftsführer]; Glück Alfred Glück Beeideter [Geschäftsführer]; Steuerberater TEAM Theresia Hackl [Geschäftsführer]; Theresia Hackl [Geschäftsführer]; Elisa Krasniqi Elisa Krasniqi [Geschäftsführer]; Karin Marazeck Karin Maraz [Management]; Glück Aufsichtsbehörde Kammer [Geschäftsführer]; Wirtschaftsprüfer Firmenbuchnummer FN FN [Geschäftsführer]; Firmenbuchgericht Salzburg UID ATU [Geschäftsführer],Gesellschafter Dr (); Hannes Debus (); Vater Dr (); Ludwig Debus (); Im Jahr (); Robert Kuhar (); Im No (),Gesellschafter Dr; Hannes Debus; Vater Dr; Ludwig Debus,"Public sources identify owner/shareholder names, but complete share percentages were not safely established.",PARTNER_OWNED,Gesellschafter Dr; Hannes Debus,Owner/Gesellschafter; Owner/Gesellschafter,MEDIUM_HIGH,https://www.treuhand-union.com/de/standorte/tu-partner-glueck-treuhand | https://www.treuhand-union.com/de/standorte/tu-partner-glueck-treuhand | https://www.treuhand-union.com/de/standorte/tu-partner-glueck-treuhand | https://www.treuhand-union.com/de/standorte/tu-partner-glueck-treuhand | https://www.treuhand-union.com/de/standorte/tu-partner-glueck-treuhand | https://www.treuhand-union.com/de/standorte/tu-partner-glueck-treuhand | https://www.treuhand-union.com/de/standorte/tu-partner-glueck-treuhand | https://www.treuhand-union.com/de/standorte/tu-partner-glueck-treuhand | https://www.treuhand-union.com/de/standorte/tu-partner-kuhar | https://www.treuhand-union.com/de/standorte/tu-partner-kuhar | https://www.treuhand-union.com/de/standorte/tu-partner-kuhar | https://www.treuhand-union.com/de/standorte/tu-partner-kuhar | https://www.treuhand-union.com/de/standorte/tu-partner-kuhar | https://www.treuhand-union.com/de/standorte/tu-partner-kuhar | https://www.treuhand-union.com/de/standorte/tu-partner-kuhar,No ownership was inferred from surname. Unknown share percentages remain null. For international/network firms the Austrian operational leadership is preferred over a global parent.,,central_fallback,20,,https://www.treuhand-union.com/de/standorte/tu-partner-glueck-treuhand,,generic_fallback,30,,https://www.treuhand-union.com/de/standorte/tu-partner-glueck-treuhand,+43662622060,office@wt-glueck.at
wko:G1524,Bilanzbuchhaltergesellschaft,hgc.at,http://www.hgc.at/,,,Villach | Wien,4,,,HGC - Hotellerie & Gastronomie Consulting GmbH | HGC Hotellerie & Gastronomie Consulting GmbH | Mag. Manfred Oswald Pfitscher,,,,,,,,,,,,,,,,,,CONFIRMED_30_PLUS,100,,AUSTRIA_LEGAL_ENTITY,HIGH,Official accounting-firm site exposes at least 100 distinct staff profiles/personal domain emails.,https://www.hgc.at/,Official staff lower bound: 100.,RELEVANT_ACCOUNTING_FIRM,SINGLE,,,,,CONFIRMED_20_PLUS,WKO_ONLY,CONFIRMED_30_PLUS,HIGH,102,102,at least 102 staff profiles/emails on official site; 4 WKO entries share group identifier; 2 career/job links found || no reliable 20+ evidence found; 4 WKO entries share group identifier,https://www.hgc.at/ | https://www.hgc.at/kontakt-standorte/ | https://www.hgc.at/team/ | https://www.hgc.at/karriere/ | https://www.hgc.at/unsere-leistungen/,1dc5f563-e737-4073-9bd0-96faad88da57 | 733692c7-a365-44ab-b78c-e4ffd1b5f1d2 | fbea34af-76f5-4f4c-8d25-50b8d1cc44a5 | 0702ad22-03d2-4563-9aa3-799c8fe2edbd,+43%204242%205%2090%2020 | +43%20664%20800%20844%2016 | 01%20/%20743%2072%2007,villach@hgc.at | manfred.pfitscher@hgc.at,"HGC GROUP | Mitarbeitermanagement für Gastronomie- Hotellerie und Tourismus Quicklinks Startseite Unsere Leistungen Kontakt & Standorte Unser Team Karriere Kundenbereich Entgeltrechner News Services & Downloads Login Seite wählen Gemeinsam voraus. Ganzheitliches Mitarbeiter-Management für bis zu 20% Produktivitätssteigerung. Jetzt Beratungsgespräch vereinbaren Jetzt Beratungsgespräch vereinbaren Tourismus ist unsere Leidenschaft. Was man gerne macht, macht man gut – sagt eine bekannte Redensart. Beim Tourismus-Pionier hgc wird dieses Motto gelebt. Tagtäglich. Seit über 30 Jahren. Alles dreht sich um die Kunden aus Hotellerie sowie Gastronomie – und vor allem um ihre Mitarbeiter: Wie hoch ist der Bedarf an Arbeitskräften? Wie schaut die ideale Gehaltsvereinbarung aus? Wie werden Dienstpläne || HGC GROUP | Mitarbeitermanagement für Gastronomie- Hotellerie und Tourismus Quicklinks Startseite Unsere Leistungen Kontakt & Standorte Unser Team Karriere Kundenbereich Entgeltrechner News Services & Downloads Login Seite wählen Gemeinsam voraus. Ganzheitliches Mitarbeiter-Management für bis zu 20% Produktivitätssteigerung. Jetzt Beratungsgespräch vereinbaren Jetzt Beratungsgespräch vereinbaren Tourismus ist unsere Leidenschaft. Was man gerne macht, macht man gut – sagt eine bekannte Redensart. Beim Tourismus-Pionier hgc wird dieses Motto gelebt. Tagtäglich. Seit über 30 Jahren. Alles dreht sich um die Kunden aus Hotellerie sowie Gastronomie – und vor allem um ihre Mitarbeiter: Wie hoch ist der Bedarf an Arbeitskräften? Wie schaut die ideale Gehaltsvereinbarung aus? Wie werden Dienstpläne || HGC GROUP | Mitarbeitermanagement für Gastronomie- Hotellerie und Tourismus Quicklinks Startseite Unsere Leistungen Kontakt & Standorte Unser Team Karriere Kundenbereich Entgeltrechner News Services & Downloads Login Seite wählen Gemeinsam voraus. Ganzheitliches Mitarbeiter-Management für bis zu 20% Produktivitätssteigerung. Jetzt Beratungsgespräch vereinbaren Jetzt Beratungsgespräch vereinbaren Tourismus ist unsere Leidenschaft. Was man gerne macht, macht man gut – sagt eine bekannte Redensart. Beim Tourismus-Pionier hgc wird dieses Motto gelebt. Tagtäglich. Seit über 30 Jahren. Alles dreht sich um die Kunden aus Hotellerie sowie Gastronomie – und vor allem um ihre Mitarbeiter: Wie hoch ist der Bedarf an Arbeitskräften? Wie schaut die ideale Gehaltsvereinbarung aus? Wie werden Dienstpläne ||  | ",RELEVANT_ACCOUNTING_FIRM,Wellnesshotel Höflehner [Geschäftsführer]; Zimmer Gesellschafter [Geschäftsführer]; Doris Telesklav Projektleiterin [Geschäftsführer]; Sigrid Kramer Kundenberat [Management]; Ann-Sofie Allmannsberger [Geschäftsführer]; MSc Assistentin [Geschäftsführer]; Magdalena Bernsteiner Kundenbetreuerin [Geschäftsführung]; Personalverrechnungsexperte Öffentlich [Geschäftsführer]; Christine Slatar Prokuristin [Geschäftsführer]; Mandantenbetreuerin Personalverrechnung [Geschäftsführer],Alle Standorte Zell (); See Ried (); Hans Zimmer Gesellschafter (); Doris Telesklav Projektleiterin (); Villach Hans Zimmer Gesellschafter (); Sigrid Kra (); Personalverrechnerin Ronald Allmannsberger Geschäftsführender (); Gesellschafter Büro (); Brigitte Allmannsberger Geschäftsführende Gesellschafterin (); Max Allmannsberger Handelsrechtl (),Alle Standorte Zell; See Ried; Hans Zimmer Gesellschafter; Doris Telesklav Projektleiterin,"Public sources identify owner/shareholder names, but complete share percentages were not safely established.",PARTNER_OWNED,Alle Standorte Zell; See Ried,Owner/Gesellschafter; Owner/Gesellschafter,MEDIUM_HIGH,https://www.hgc.at/ | https://www.hgc.at/team/ | https://www.hgc.at/team/ | https://www.hgc.at/team/ | https://www.hgc.at/team/ | https://www.hgc.at/team/ | https://www.hgc.at/team/ | https://www.hgc.at/team/ | https://www.hgc.at/team/ | https://www.hgc.at/team/ | https://www.hgc.at/team/ | https://www.hgc.at/team/ | https://www.hgc.at/team/ | https://www.hgc.at/team/ | https://www.hgc.at/team/ | https://www.hgc.at/team/,No ownership was inferred from surname. Unknown share percentages remain null. For international/network firms the Austrian operational leadership is preferred over a global parent.,+4366480084577,mobile_public,108,Alle Standorte Zell,https://www.hgc.at/project/assistentin-in-der-personalverrechnung-w-m-d/ | https://www.hgc.at/project/kundenbetreuerin-in-der-personalverrechnung-w-m-d-innsbruck-oder-lermoos/ | https://www.hgc.at/project/quereinsteigerin-personalverrechnung-m-w-d-2/,zellamsee@hgc.at,personal_verified_email,90,Alle Standorte Zell,https://www.hgc.at/kontakt-standorte/,,
domain:eca-altenmarkt.at,ECA CGV Steuerberatung GmbH,eca-altenmarkt.at,http://www.eca-altenmarkt.at | http://www.eca-pichler.at | http://www.prodinger.at | http://www.pro-west.at | https://www.prodinger.at,christina.geissler@eca-altenmarkt.at,+43 5 05 57 10 | +43 50 5710 | +43 664 45 40 489 | +43 6452 48 82 82,Altenmarkt im Pongau Gemeinde: Altenmarkt im Pongau Bezirk S | Mittersill Gemeinde: Mittersill Bezirk Zell am See +43 6542 | Zell am See Gemeinde: Zell am See Bezirk Zell am See +43 654 | Lech Gemeinde: Lech Bezirk Bludenz +43 5583 38 02 0 +43 5583 | Salzburg Gemeinde: Salzburg Bezirk Salzburg(Stadt) +43 662 9 | Bad Hofgastein Gemeinde: Bad Hofgastein Bezirk Sankt Johann | Pradl Gemeinde: Innsbruck Bezirk Innsbruck-Stadt +43 512 33 | Bramberg am Wildkogel Gemeinde: Bramberg am Wildkogel Bezirk | Bruck an der Großglocknerstraße Gemeinde: Bruck an der Großg | Amras Gemeinde: Innsbruck Bezirk Innsbruck-Stadt +43 512 21 | Sankt Johann im Pongau Gemeinde: St. Johann im Pongau Bezirk | Saalfelden am Steinernen Meer Gemeinde: Saalfelden am Steine,30,1,29,"ECA CGV Steuerberatung GmbH | ECA W-Quadrat Steuerberatung GmbH | Prodinger & Partner Wirtschaftstreuhand-Steuerberatungs GmbH & Co KG | FA Steuerberatungs GmbH | MLM Steuerberatung GmbH | uwi steuerberatungsgmbH | PRO Steuerberatungs GmbH | WIMMVO Steuerberatungs GmbH | ECA Altenmarkt Steuerberatung GmbH | Huber & Partner Steuerberatung GmbH | Roland Pfeffer Steuerberatungs GmbH | Lukas Prodinger Steuerberatungs GmbH | Huber Altenmarkt Steuerberatungs GmbH | Prodinger International Steuerberatung GmbH | Prodinger, Fetz & Partner Steuerberatungs GmbH | Prodinger Steuerberatungs- und Beteiligungs GmbH | Prodinger Leitinger & Partner Steuerberatung GmbH | Prodinger & Partner St. Johann Steuerberatung GmbH | Prodinger & Partner Steuerberatung Saalfelden GmbH | Prodinger & Partner Steuerberatungs-Immobilien GmbH | Prodinger & Partner Steuerberatungsgesellschaft mbH | Prodinger, Wiedemaier und Partner SteuerberatungsgmbH | Prodinger, Fetz & Partner Steuerberatungs GmbH & Co KG | Prodinger Leitinger & Partner Steuerberatung GmbH & Co KG | Prodinger & Partner St. Johann Steuerberatung GmbH & Co KG | Prodinger & Partner Wirtschaftstreuhandgesellschaft m.b.H. | Prodinger & Partner Wirtschaftstreuhand-Steuerberatungs GmbH | Prodinger, Rietsch & Partner Steuerberatungsgesellschaft mbH | Prodinger, Wiedemaier und Partner SteuerberatungsgmbH & Co KG | PROx Steuerberatung und Unternehmensberatung Beteiligungs GmbH",https://ksw.or.at/mitgliederverzeichnis/?tx_kswmembers_membersdirectory%5Bcontroller%5D=MembersDirectory&tx_kswmembers_membersdirectory%5BcurrentPage%5D=40,1,CONFIRMED_30_PLUS,HIGH,36,36,official explicit employee count,"36: Bilanzierung Neben den oben angeführten Personen in der Geschäftsführung steht Ihnen ein Team von 36 Mitarbeitern und Mitarbeiterinnen aus den Bereichen Rechnungswesen , Personalve",4,1,1,,,,https://eca-altenmarkt.at/ | https://eca-altenmarkt.at/unternehmensberatung | https://eca-altenmarkt.at/karriere | https://eca-altenmarkt.at/unternehmen/team | https://eca-altenmarkt.at/unternehmen/werte | https://eca-altenmarkt.at/unternehmen/geschichte | https://eca-altenmarkt.at/unternehmen/netzwerk,PRIOR_STAGE2_CANDIDATE,VERIFY_PRIOR,CONFIRMED_30_PLUS,36,,AUSTRIA_GROUP,HIGH,Official Austrian company/group page states approximately or explicitly 36 employees.,https://eca-altenmarkt.at/unternehmen/team | https://www.prodinger.at/,Official site employee statement around 36.,Official-site employee statement is sufficient for a 30+ lower bound.,SINGLE,3,domain:eca-altenmarkt.at | domain:eca-pichler.at | domain:prodinger.at,ECA CGV Steuerberatung GmbH | ECA W-Quadrat Steuerberatung GmbH | Prodinger & Partner Wirtschaftstreuhand-Steuerberatungs GmbH & Co KG,DIRECT_SHARED_PRIMARY_DOMAIN,CONFIRMED_20_PLUS,KSW,,,,,,,,,,,,Auditing Im Wandel [Management]; Bereich Gewerberecht [Geschäftsführung]; Unternehmensreorganisation Beratung [Geschäftsführung]; Thomas Wohlschlager Steuerberater [Geschäftsführer]; Zum Lebenslauf [Geschäftsführer]; Stefan Walchhofer Steuerberater [Geschäftsführer]; Christina Gei [Geschäftsführer]; Christina Geißler-Vidovic MSc [Geschäftsführer]; Bernhard Siedau [Geschäftsführer]; Bilanzierung Neben [Geschäftsführung],,unresolved,Ownership/control layer was not safely established from public evidence; operational management is retained where verified.,UNRESOLVED,Bereich Gewerberecht; Bereichen Rechnungswesen; Bernhard Siedau,Geschäftsführung; Geschäftsführung; Geschäftsführer,MEDIUM_HIGH,https://eca-altenmarkt.at/ | https://eca-altenmarkt.at/unternehmensberatung | https://eca-altenmarkt.at/unternehmensberatung | https://eca-altenmarkt.at/unternehmen/team | https://eca-altenmarkt.at/unternehmen/team | https://eca-altenmarkt.at/unternehmen/team | https://eca-altenmarkt.at/unternehmen/team | https://eca-altenmarkt.at/unternehmen/team,No ownership was inferred from surname. Unknown share percentages remain null. For international/network firms the Austrian operational leadership is preferred over a global parent.,,central_context,20,Bereichen Rechnungswesen,https://eca-altenmarkt.at/unternehmen/team,,generic_email,30,Bereichen Rechnungswesen,https://eca-altenmarkt.at/unternehmen/team,,
domain:steuerplusrecht.at,KRIECHBAUM & SCHÖBL Steuerberatung GmbH,steuerplusrecht.at,http://www.steuerplusrecht.at | http://www.taxakt.at | http://www.priklopil.at,schoebl@kriechbaum-steuer.at | florian.schoebl@ks-stb.at | office@kriechbaum-steuer.at | office@taxakt.at | rech.tax@aon.at | kunz@kriechbaum-steuer.at | birgit.priklopil@gmail.com,+43 1 865 21 21 22 | +43 1 865 21 21 33 | +43 1 865 21 21 0 | +43 676 431 33 36 | +43 660 653 84 87 | +43 699 1 219 54 54 | +43 1 865 21 21 90 | +43 680 503 95 47 | +43 2172 200 85,"Wien Gemeinde: Wien Wien 23.,Liesing +43 1 865 21 21 22 +43 | Wien Gemeinde: Wien Wien 23.,Liesing +43 1 865 21 21 0 +43 1 | Frauenkirchen Gemeinde: Frauenkirchen Bezirk Neusiedl am See",7,6,6,KRIECHBAUM & SCHÖBL Steuerberatung GmbH | Dr. Kriechbaum Steuer- und Wirtschaftsberatung GmbH | steuerplusrecht Steuer- und Wirtschaftsberatung GmbH | WTRH Dr. Kriechbaum Buchführung und Steuerberatung GmbH | gkr Wirtschaft-Steuer-Recht Steuerberatungsgesellschaft mbH | Wirtschaftstreuhandkanzlei DR. GÜNTHER KRIECHBAUM Steuerberatung GmbH | Birgit Priklopil Steuerberatung GmbH,https://ksw.or.at/mitgliederverzeichnis/?tx_kswmembers_membersdirectory%5Bcontroller%5D=MembersDirectory&tx_kswmembers_membersdirectory%5BcurrentPage%5D=320 | https://ksw.or.at/mitgliederverzeichnis/?tx_kswmembers_membersdirectory%5Bcontroller%5D=MembersDirectory&tx_kswmembers_membersdirectory%5BcurrentPage%5D=385 | https://ksw.or.at/mitgliederverzeichnis/?tx_kswmembers_membersdirectory%5Bcontroller%5D=MembersDirectory&tx_kswmembers_membersdirectory%5BcurrentPage%5D=128 | https://ksw.or.at/mitgliederverzeichnis/?tx_kswmembers_membersdirectory%5Bcontroller%5D=MembersDirectory&tx_kswmembers_membersdirectory%5BcurrentPage%5D=373 | https://ksw.or.at/mitgliederverzeichnis/?tx_kswmembers_membersdirectory%5Bcontroller%5D=MembersDirectory&tx_kswmembers_membersdirectory%5BcurrentPage%5D=459 | https://ksw.or.at/mitgliederverzeichnis/?tx_kswmembers_membersdirectory%5Bcontroller%5D=MembersDirectory&tx_kswmembers_membersdirectory%5BcurrentPage%5D=259,1,CONFIRMED_30_PLUS,HIGH,30,30,official explicit employee count,30: n-Liesing eröffnet. Als Ein-Mann-Betrieb damals gegründet haben die Steuerkanzleien heute rund 30 Mitarbeiter und Kooperationspartner . So können kompetent alle wichtigen Bereiche ,0,0,0,,,,https://www.steuerplusrecht.at/ | https://www.steuerplusrecht.at/steuerkanzlei_wien/ | https://www.steuerplusrecht.at/kanzlei/adresse_anfahrt/ | https://www.steuerplusrecht.at/kanzlei/ansprechpartner/ | https://www.steuerplusrecht.at/kanzlei/geschichte/ | https://www.steuerplusrecht.at/servicecenter/steuerberatung_unternehmensgruendung/ | https://www.steuerplusrecht.at/servicecenter/info_links/,PRIOR_STAGE2_CANDIDATE;KSW_LISTINGS_3_PLUS;LOCATIONS_3_PLUS;LEGAL_ENTITIES_2_PLUS,VERIFY_PRIOR,CONFIRMED_30_PLUS,30,,AUSTRIA_GROUP,HIGH,Official Austrian company/group page states approximately or explicitly 30 employees.,https://www.steuerplusrecht.at/kanzlei/geschichte/,Official site employee statement around 30.,Official-site employee statement is sufficient for a 30+ lower bound.,SINGLE,2,domain:steuerplusrecht.at | domain:priklopil.at,KRIECHBAUM & SCHÖBL Steuerberatung GmbH | Birgit Priklopil Steuerberatung GmbH,DIRECT_SHARED_PRIMARY_DOMAIN,CONFIRMED_20_PLUS,KSW,,,,,,,,,,,,Sicherheit Ganzheitliche Betreuung [Partner]; Online-Rechner Profitieren Sie [Partner]; Ihre Berechnung [Partner]; Links Eine [Partner]; Wirtschaftstreuhandkanzlei DR [Partner]; Wirtschaft-Steuer-Recht Steuerberatungsgesellschaft [Geschäftsführung]; Fritz Rech Dr [Geschäftsführung]; Datenschutzerklärung Dr [Geschäftsführung]; Datenschutzerklärung WTRH Dr [Geschäftsführung]; Gabriele Kunz Dr [Geschäftsführung],,unresolved,Ownership/control layer was not safely established from public evidence; operational management is retained where verified.,UNRESOLVED,Datenschutzerklärung Dr; Datenschutzerklärung WTRH Dr; Firmensitz Lehmanngasse,Geschäftsführung; Geschäftsführung; Geschäftsführer,MEDIUM_HIGH,https://www.steuerplusrecht.at/ | https://www.steuerplusrecht.at/ | https://www.steuerplusrecht.at/ | https://www.steuerplusrecht.at/ | https://www.steuerplusrecht.at/ | https://www.steuerplusrecht.at/steuerkanzlei_wien/ | https://www.steuerplusrecht.at/steuerkanzlei_wien/ | https://www.steuerplusrecht.at/steuerkanzlei_wien/,No ownership was inferred from surname. Unknown share percentages remain null. For international/network firms the Austrian operational leadership is preferred over a global parent.,+43186521210,central_context,103,Firmensitz Lehmanngasse,https://www.steuerplusrecht.at/aktuelles/steuernews_aerzte/ | https://www.steuerplusrecht.at/aktuelles/steuernews_arbeitnehmer/ | https://www.steuerplusrecht.at/aktuelles/steuernews_klienten/ | https://www.steuerplusrecht.at/aktuelles/steuernews_klienten/august_2026/muss_probearbeit_angemeldet_werden_/ | https://www.steuerplusrecht.at/aktuelles/steuernews_klienten/september_2026/digitalisierungsfoerderung_fuer_kmu/ | https://www.steuerplusrecht.at/aktuelles/steuernews_klienten/september_2026/eu_entgelttransparenzrichtlinie_neue_verpflichtungen_fuer_arbeitgeber/ | https://www.steuerplusrecht.at/aktuelles/steuernews_klienten/september_2026/sachbezug_kuenftig_auch_fuer_elektroautos/ | https://www.steuerplusrecht.at/aktuelles/steuernews_klienten/september_2026/umfassende_aenderungen_im_doppelbesteuerungsabkommen_mit_der_schweiz/ | https://www.steuerplusrecht.at/aktuelles/steuernews_klienten/september_2026/welche_zahlungen_unterliegen_der_abzugsteuer_/ | https://www.steuerplusrecht.at/aktuelles/steuernews_klienten/september_2026/welcher_einkunftsart_unterliegt_die_kurzfristige_touristische_vermietung_/ | https://www.steuerplusrecht.at/aktuelles/steuernews_klienten/september_2026/zeitpunkt_der_gebaeudeabschreibung_bei_einer_vermietung_und_verpachtung_nach_generalsanierung/ | https://www.steuerplusrecht.at/aktuelles/steuernews_vermieter/ | https://www.steuerplusrecht.at/kanzlei/adresse_anfahrt/ | https://www.steuerplusrecht.at/kanzlei/geschichte/ | https://www.steuerplusrecht.at/servicecenter/info_links/ | https://www.steuerplusrecht.at/servicecenter/steuerberatung_unternehmensgruendung/ | https://www.steuerplusrecht.at/steuerkanzlei_wien/,,,,,,,
domain:halpern-prinz.at,MCH Wirtschaftsprüfung & Steuerberatung GmbH,halpern-prinz.at,http://www.halpern-prinz.at,philipphillbrand@gmail.com | philipp.hillbrand@halpern-prinz.at | office@halpern-prinz.at | alexander.kastelic@halpern-prinz.at | office@stefanhillbrand.com | office@schirmbrand-treuhand.at,+43 678 128 08 79 | +43 1 317 66 91 | +43 1 317 66 91 20 | +43 1 317 66 91 0 | +43 664 88 78 90 90 | +43 676 7010997,"Klosterneuburg Gemeinde: Klosterneuburg Bezirk Tulln +43 678 | Wien Gemeinde: Wien Wien 10.,Favoriten +43 1 317 66 91 +43 1",3,3,3,MCH Wirtschaftsprüfung & Steuerberatung GmbH | Halpern & Prinz Wirtschaftsprüfungsgesellschaft m.b.H. | Halpern & Prinz Wirtschaftsprüfungs- und Steuerberatungsgesellschaft m.b.H.,https://ksw.or.at/mitgliederverzeichnis/?tx_kswmembers_membersdirectory%5Bcontroller%5D=MembersDirectory&tx_kswmembers_membersdirectory%5BcurrentPage%5D=519 | https://ksw.or.at/mitgliederverzeichnis/?tx_kswmembers_membersdirectory%5Bcontroller%5D=MembersDirectory&tx_kswmembers_membersdirectory%5BcurrentPage%5D=151 | https://ksw.or.at/mitgliederverzeichnis/?tx_kswmembers_membersdirectory%5Bcontroller%5D=MembersDirectory&tx_kswmembers_membersdirectory%5BcurrentPage%5D=495,1,CONFIRMED_30_PLUS,HIGH,32,32,official team/profile lower bound,,1,32,1,,,,https://www.halpern-prinz.at/ | https://www.halpern-prinz.at/leistungen/unternehmensberatung/ | https://www.halpern-prinz.at/leistungen/unternehmensbewertung/ | https://www.halpern-prinz.at/leistungen/unternehmensgruendung/ | https://www.halpern-prinz.at/leistungen/unternehmensnachfolge/ | https://www.halpern-prinz.at/leistungen/fahrzeug_unternehmen/ | https://www.halpern-prinz.at/kanzlei/ansprechpartner/ | https://www.halpern-prinz.at/kanzlei/erstgespraech/,PRIOR_STAGE2_CANDIDATE;TEAM_EMAILS_10_PLUS;KSW_LISTINGS_3_PLUS;LOCATIONS_3_PLUS;LEGAL_ENTITIES_2_PLUS,VERIFY_PRIOR,CONFIRMED_30_PLUS,31,,AUSTRIA_GROUP,HIGH,Official site provides a direct staff lower bound of at least 31.,https://www.halpern-prinz.at/,Official site exposes at least 31 distinct staff profiles/personal company-domain emails.,Staff-page lower bound alone proves 30+; no upper bound assumed.,SINGLE,1,domain:halpern-prinz.at,MCH Wirtschaftsprüfung & Steuerberatung GmbH,SINGLE_GROUP,CONFIRMED_20_PLUS,KSW,,,,,,,,,,,,Engagiert Alle Arbeiten [Geschäftsführer]; Personalmanagement Umfangreiches Full-Service [Management]; Rechner Infos [Partner]; Links Digitale Buchhaltung BMD [Partner]; Erinnerungsservice Partnerlinks Klientenlinks Aktuelles [Partner]; Klienten Steuernews [Partner]; Ärzte Vermieternews Gastronews Sonstige [Partner]; Spezialnews NPO's Über [Partner]; Anfahrt Ansprechpartner Social Media [Partner]; Vermieternews Gastronews Sonstige Spezialnews [Partner],,unresolved,Ownership/control layer was not safely established from public evidence; operational management is retained where verified.,UNRESOLVED,Alexander Kastelic Mag; Alexander Kastelic Steuerberater; Ansprechpartner Inhalt Mag,Geschäftsführer; Geschäftsführer; Geschäftsführer,MEDIUM_HIGH,https://www.halpern-prinz.at/ | https://www.halpern-prinz.at/ | https://www.halpern-prinz.at/ | https://www.halpern-prinz.at/ | https://www.halpern-prinz.at/ | https://www.halpern-prinz.at/ | https://www.halpern-prinz.at/ | https://www.halpern-prinz.at/,No ownership was inferred from surname. Unknown share percentages remain null. For international/network firms the Austrian operational leadership is preferred over a global parent.,,,,,,,,,,,,
domain:rkp.at,RKP Steuerberatungsgesellschaft m.b.H.,rkp.at,http://www.rkp.at,j.riegler@rkp.at | f.schnur@rkp.at,+43 3332 60 05 700 | +43 3332 60 05 750 | +43 664 431 17 36 | +43 1 226 60 06 | +43 664 820 62 32,"Schildbach Gemeinde: Hartberg Umgebung Bezirk Hartberg-Fürst | Wien Gemeinde: Wien Wien 1.,Innere Stadt +43 1 226 60 06 +43 | Wien Gemeinde: Wien Wien 15.,Rudolfsheim-Fünfhaus +43 664 82",2,3,3,RKP Steuerberatungsgesellschaft m.b.H. | Franz Schnur Steuerberatung GmbH,https://ksw.or.at/mitgliederverzeichnis/?tx_kswmembers_membersdirectory%5Bcontroller%5D=MembersDirectory&tx_kswmembers_membersdirectory%5BcurrentPage%5D=102 | https://ksw.or.at/mitgliederverzeichnis/?tx_kswmembers_membersdirectory%5Bcontroller%5D=MembersDirectory&tx_kswmembers_membersdirectory%5BcurrentPage%5D=302 | https://ksw.or.at/mitgliederverzeichnis/?tx_kswmembers_membersdirectory%5Bcontroller%5D=MembersDirectory&tx_kswmembers_membersdirectory%5BcurrentPage%5D=34,1,CONFIRMED_30_PLUS,HIGH,30,30,official explicit employee count,30: en führenden Beratungsunternehmen mit Kompetenzzentren in Hartberg / Steiermark und Wien. Über 30 Mitarbeiter stehen Ihnen mit ihrem spezifischen und umfangreichen Branchen- und Fa,1,1,1,,,,https://www.rkp.at/ | https://www.rkp.at/unternehmensberatung/ | https://www.rkp.at/unternehmen/ | https://www.rkp.at/unternehmen/team/ | https://www.rkp.at/karriere/ | https://www.rkp.at/unternehmensberatung/sanierungsberatung/ | https://www.rkp.at/unternehmensberatung/qualitaetsmanagement/ | https://www.rkp.at/unternehmensberatung/businessplan/,PRIOR_STAGE2_CANDIDATE;KSW_LISTINGS_3_PLUS;LOCATIONS_3_PLUS;LEGAL_ENTITIES_2_PLUS;SANITY_SEED:RKP,VERIFY_PRIOR,CONFIRMED_30_PLUS,30,,AUSTRIA_GROUP,HIGH,Official Austrian company/group page states approximately or explicitly 30 employees.,https://www.rkp.at/unternehmen/,Official site employee statement around 30.,Official-site employee statement is sufficient for a 30+ lower bound.,SINGLE,1,domain:rkp.at,RKP Steuerberatungsgesellschaft m.b.H.,SINGLE_GROUP,CONFIRMED_20_PLUS,KSW,,,,,,,,,,,,Ihren Unternehmenserfolg Immer [Partner]; Hanspeter Prenner BA [Geschäftsführung]; Controlling Monika Pichler Bilanzbuchhaltung [Geschäftsführer]; Controlling Hanspeter Prenner MA [Geschäftsführer]; Controlling Verena Rothen Bilanzbuchhaltung [Geschäftsführer]; Controlling Maria Schantl Bilanzbuchhaltung [Geschäftsführer]; Controlling Karl Scherf Business-Software [Geschäftsführer]; Franz Schnur CTE Steuerberater [Geschäftsführer]; Newsletter Ich [Geschäftsführer]; Datenschutz Richtlinien [Management],,unresolved,Ownership/control layer was not safely established from public evidence; operational management is retained where verified.,UNRESOLVED,Controlling Hanspeter Prenner MA; Controlling Karl Scherf Business-Software; Controlling Maria Schantl Bilanzbuchhaltung,Geschäftsführer; Geschäftsführer; Geschäftsführer,MEDIUM_HIGH,https://www.rkp.at/ | https://www.rkp.at/unternehmen/ | https://www.rkp.at/unternehmen/team/ | https://www.rkp.at/unternehmen/team/ | https://www.rkp.at/unternehmen/team/ | https://www.rkp.at/unternehmen/team/ | https://www.rkp.at/unternehmen/team/ | https://www.rkp.at/unternehmen/team/,No ownership was inferred from surname. Unknown share percentages remain null. For international/network firms the Austrian operational leadership is preferred over a global parent.,+4333326005,named_fixed_candidate,75,Controlling Hanspeter Prenner MA,https://www.rkp.at/unternehmen/team/,,generic_email,30,Controlling Hanspeter Prenner MA,https://www.rkp.at/impressum/,,
domain:wt-hoellwarth.at,Wolfgang Höllwarth Wirtschaftstreuhand- und Steuerberatungs KG,wt-hoellwarth.at,http://www.wt-hoellwarth.at,wolfgang.hoellwarth@wt-hoellwarth.at | office@wt-hoellwarth.at | florian.hoellwarth@wt-hoellwarth.at,+43 5285 63131 | +43 5285 63131 86 | +43 5285 631 31 0 | +43 5285 631 31 | +43 5285 631 31 86,Mayrhofen Gemeinde: Mayrhofen Bezirk Schwaz +43 5285 63131 + | Mayrhofen Gemeinde: Mayrhofen Bezirk Schwaz +43 5285 631 31,4,4,4,Wolfgang Höllwarth Wirtschaftstreuhand- und Steuerberatungs KG | Zerberus Wirtschaftstreuhand- und Steuerberatungsgesellschaft mbH | HÖLLWARTH + HÖLLWARTH Wirtschaftstreuhand- und Steuerberatungsgesellschaft m.b.H. | HÖLLWARTH + HÖLLWARTH Wirtschaftstreuhand- und Steuerberatungsgesellschaft m.b.H. & CoKG,https://ksw.or.at/mitgliederverzeichnis/?tx_kswmembers_membersdirectory%5Bcontroller%5D=MembersDirectory&tx_kswmembers_membersdirectory%5BcurrentPage%5D=284 | https://ksw.or.at/mitgliederverzeichnis/?tx_kswmembers_membersdirectory%5Bcontroller%5D=MembersDirectory&tx_kswmembers_membersdirectory%5BcurrentPage%5D=275 | https://ksw.or.at/mitgliederverzeichnis/?tx_kswmembers_membersdirectory%5Bcontroller%5D=MembersDirectory&tx_kswmembers_membersdirectory%5BcurrentPage%5D=505 | https://ksw.or.at/mitgliederverzeichnis/?tx_kswmembers_membersdirectory%5Bcontroller%5D=MembersDirectory&tx_kswmembers_membersdirectory%5BcurrentPage%5D=499,1,CONFIRMED_20_29,HIGH,26,26,official team/profile lower bound,,2,26,1,,,,https://www.wt-hoellwarth.at/ | https://www.wt-hoellwarth.at/ueber-uns/ | https://www.wt-hoellwarth.at/team/ | https://www.wt-hoellwarth.at/karriere/ | https://www.bing.com/ck/a?!&&p=5a316ef783f682e0cdb49be917923c93e90ae468260efc5c481a71abb25e863dJmltdHM9MTc4ODA0ODAwMA&ptn=3&ver=2&hsh=4&fclid=07b5750b-31bc-6212-0325-62ce305f63e0&u=a1aHR0cHM6Ly9lbi53aWtpcGVkaWEub3JnL3dpa2kvV29sZmdhbmc&ntb=1 | https://www.bing.com/ck/a?!&&p=bf4a92c45e6201e4fd870ea876963e8fd1559e081f57334504177a247495cce2JmltdHM9MTc4ODA0ODAwMA&ptn=3&ver=2&hsh=4&fclid=07b5750b-31bc-6212-0325-62ce305f63e0&u=a1aHR0cHM6Ly93d3cuc3Bva2VvLmNvbS9Xb2xmZ2FuZy1GcmVjaC9NYXNzYWNodXNldHRzL1dlc3QtU3ByaW5nZmllbGQvcDg2MDgyNTk1MT9tc29ja2lkPTA3YjU3NTBiMzFiYzYyMTIwMzI1NjJjZTMwNWY2M2Uw&ntb=1 | https://www.bing.com/ck/a?!&&p=47ee93e52479549beeef7c50c1e451726d416c11cb5b11c7a228916366251e03JmltdHM9MTc4ODA0ODAwMA&ptn=3&ver=2&hsh=4&fclid=07b5750b-31bc-6212-0325-62ce305f63e0&u=a1aHR0cHM6Ly93d3cubXlsaWZlLmNvbS93b2xmZ2FuZy1mcmVjaC9lMzAwMTkwOTI0ODYw&ntb=1 | https://www.bing.com/ck/a?!&&p=eff4bdd4c7a98176813d2a441fc16b121984d7f246d8af3b29412b6866f32d0bJmltdHM9MTc4ODA0ODAwMA&ptn=3&ver=2&hsh=4&fclid=07b5750b-31bc-6212-0325-62ce305f63e0&u=a1aHR0cHM6Ly93b2xmZ2FuZ3VzYS5jb20v&ntb=1 | https://www.bing.com/ck/a?!&&p=f1e0c7422c61944ba9ff3a98f9d62e66a97b868eef8ec8fb410c2ffd601c09feJmltdHM9MTc4ODA0ODAwMA&ptn=3&ver=2&hsh=4&fclid=07b5750b-31bc-6212-0325-62ce305f63e0&u=a1aHR0cHM6Ly93d3cuYmVoaW5kdGhlbmFtZS5jb20vbmFtZS93b2xmZ2FuZw&ntb=1 | https://www.bing.com/ck/a?!&&p=badd387ec415987209c8313d420e6b55311a995a31f8181c212da9c091f894a1JmltdHM9MTc4ODA0ODAwMA&ptn=3&ver=2&hsh=4&fclid=07b5750b-31bc-6212-0325-62ce305f63e0&u=a1aHR0cHM6Ly9lbi53aWtpcGVkaWEub3JnL3dpa2kvV29sZmdhbmdfQW1hZGV1c19Nb3phcnQ&ntb=1 | https://www.bing.com/ck/a?!&&p=1a77484cde7cdc14480cf8c1cb5dc74763f502dd8f6b06d604dd40ae22700168JmltdHM9MTc4ODA0ODAwMA&ptn=3&ver=2&hsh=4&fclid=07b5750b-31bc-6212-0325-62ce305f63e0&u=a1aHR0cHM6Ly9lbi53aWt0aW9uYXJ5Lm9yZy93aWtpL1dvbGZnYW5n&ntb=1 | https://www.bing.com/ck/a?!&&p=d1ff20c5be9ba3e9a577c76b82c812e57c83fd1e2f30ce97310e1f78c41b4d51JmltdHM9MTc4ODA0ODAwMA&ptn=3&ver=2&hsh=4&fclid=07b5750b-31bc-6212-0325-62ce305f63e0&u=a1aHR0cHM6Ly93d3cubW9tanVuY3Rpb24uY29tL2JhYnktbmFtZXMvd29sZmdhbmcv&ntb=1 | https://www.bing.com/ck/a?!&&p=e5b58b6c2fe30143a87f859f072d6ded533991b30485934f66827f232b9e392dJmltdHM9MTc4ODA0ODAwMA&ptn=3&ver=2&hsh=4&fclid=07b5750b-31bc-6212-0325-62ce305f63e0&u=a1aHR0cHM6Ly9kZS53aWtpcGVkaWEub3JnL3dpa2kvV29sZmdhbmc&ntb=1 | https://www.bing.com/ck/a?!&&p=f0842c4e73e63396395e35db2fb9c43f47423b28bca93d90fe84b5ed68e7a6a4JmltdHM9MTc4ODA0ODAwMA&ptn=3&ver=2&hsh=4&fclid=07b5750b-31bc-6212-0325-62ce305f63e0&u=a1aHR0cHM6Ly93d3cueW91dHViZS5jb20vd2F0Y2g_dj1qSmFibW5HOERMOA&ntb=1 | https://www.bing.com/ck/a?!&&p=b1f64a21ba98052f21bf3fcbaddbe34ab0872a1cbfa69eb2af9e3df139c715aaJmltdHM9MTc4ODA0ODAwMA&ptn=3&ver=2&hsh=4&fclid=19c50552-13b7-67cf-03ca-129712f96645&u=a1aHR0cHM6Ly9lbi53aWtpcGVkaWEub3JnL3dpa2kvV29sZmdhbmc&ntb=1 | https://www.bing.com/ck/a?!&&p=8706f9070b73ae2b1b16811e1f619d7b266e6f875b64c7a2fef61d93abd696e9JmltdHM9MTc4ODA0ODAwMA&ptn=3&ver=2&hsh=4&fclid=19c50552-13b7-67cf-03ca-129712f96645&u=a1aHR0cHM6Ly93d3cuc3Bva2VvLmNvbS9Xb2xmZ2FuZy1GcmVjaC9NYXNzYWNodXNldHRzL1dlc3QtU3ByaW5nZmllbGQvcDg2MDgyNTk1MT9tc29ja2lkPTE5YzUwNTUyMTNiNzY3Y2YwM2NhMTI5NzEyZjk2NjQ1&ntb=1,PRIOR_STAGE2_CANDIDATE;TEAM_EMAILS_10_PLUS;KSW_LISTINGS_3_PLUS;LOCATIONS_3_PLUS;LEGAL_ENTITIES_2_PLUS,VERIFY_PRIOR,CONFIRMED_20_PLUS,25,,AUSTRIA_GROUP,HIGH,Official site provides a direct staff lower bound of at least 25.,https://www.wt-hoellwarth.at/,Official site exposes at least 25 distinct staff profiles/personal company-domain emails.,Staff-page lower bound proves 20+ but not 30+ unless count reaches 30.,SINGLE,1,domain:wt-hoellwarth.at,Wolfgang Höllwarth Wirtschaftstreuhand- und Steuerberatungs KG,SINGLE_GROUP,CONFIRMED_20_PLUS,KSW,,,,,,,,,,,,Mayrhofen Telefon [Geschäftsführer],,unresolved,Ownership/control layer was not safely established from public evidence; operational management is retained where verified.,UNRESOLVED,Mayrhofen Telefon,Geschäftsführer,MEDIUM_HIGH,https://www.wt-hoellwarth.at/impressum/,No ownership was inferred from surname. Unknown share percentages remain null. For international/network firms the Austrian operational leadership is preferred over a global parent.,+43528563131,direct_extension,99,Mayrhofen Telefon,https://www.wt-hoellwarth.at/impressum/ | https://www.wt-hoellwarth.at/kontakt/,,generic_email,34,Mayrhofen Telefon,https://www.wt-hoellwarth.at/impressum/ | https://www.wt-hoellwarth.at/kontakt/,,
domain:bnp.at,BNP Wirtschaftstreuhand und Steuerberatungsgesellschaft m.b.H.,bnp.at,http://www.bnp.at | http://www.frischwt.at | http://www.traunstein-steuerberatung.at,office@bnp.at | wolfgangkoeppl@hotmail.com | office-stmartin@bnp.at | office@margit-gattringer.at | office-linz@bnp.at | t.gaigg@bnp.at | k.lobmayr@bnp.at | a.enter@bnp.at | l.frisch@bnp.at | officewels@mayer-wt.at | k.lobmayr@traunstein-steuerberatung.at | office-ischl@bnp.at | office-vorchdorf@bnp.at | m.schima@gmx.at | office-wels@bnp.at | m.nussbaumer@bnp.at,+43 7672 227 00 | +43 660 497 04 74 | +43 7612 652 11 | +43 7612 652 11 12 | +43 732 777 328 0 | +43 732 77 73 28 | +43 732 77 76 69 | +43 676 377 67 91 | +43 7612 652 11 0 | +43 7242 644 37 | +43 7242 644 37 6 | +43 699 1 041 24 83 | +43 664 432 77 72 | +43 6132 250 73 | +43 6132 250 73 77 | +43 7614 62 06 0 | +43 7614 62 06 60 | +43 7242 644 37 0 | +43 7612 65 211 0 | +43 7612 65 211 12 | +43 7612 65 211,Vöcklabruck Gemeinde: Vöcklabruck Bezirk Vöcklabruck +43 767 | Sankt Martin im Mühlkreis Gemeinde: St. Martin im Mühlkreis | Linz Gemeinde: Linz Bezirk Linz(Stadt) +43 732 77 73 28 +43 | Gmunden Gemeinde: Gmunden Bezirk Gmunden +43 7612 652 11 +43 | Wels Gemeinde: Wels Bezirk Wels(Stadt) +43 7242 644 37 +43 7 | Gmunden Gemeinde: Gmunden Bezirk Gmunden +43 664 432 77 72 k | Kitzbühel Gemeinde: Kitzbühel Bezirk Kitzbühel +43 664 432 7 | Bad Ischl Gemeinde: Bad Ischl Bezirk Gmunden +43 6132 250 73 | Vorchdorf Gemeinde: Vorchdorf Bezirk Gmunden +43 7614 62 06 | Altmünster Gemeinde: Altmünster Bezirk Gmunden +43 7612 652 | Lichtenegg Gemeinde: Wels Bezirk Wels(Stadt) +43 7242 644 37 | Gmunden Gemeinde: Gmunden Bezirk Gmunden +43 7612 65 211 0 + | Gmunden Gemeinde: Gmunden Bezirk Gmunden +43 7612 65 211 m.n,9,16,16,BNP Wirtschaftstreuhand und Steuerberatungsgesellschaft m.b.H. | Traunstein Steuerberatung GmbH | BNP Wirtschaftstreuhand und Steuerberatungs GmbH | K. Lobmayr Beteiligungs Holding und Steuerberatungsgesellschaft m.b.H. | BNP Steuerberatungs GmbH | BNP Steuerberatungs GmbH & Co KG | BNP Beteiligungs und Steuerberatungs GmbH | Bammer & Partner Steuerberatungsgesellschaft mbH | Bammer & Partner Steuerberatungsgesellschaft mbH und Co KG,https://ksw.or.at/mitgliederverzeichnis/?tx_kswmembers_membersdirectory%5Bcontroller%5D=MembersDirectory&tx_kswmembers_membersdirectory%5BcurrentPage%5D=259 | https://ksw.or.at/mitgliederverzeichnis/?tx_kswmembers_membersdirectory%5Bcontroller%5D=MembersDirectory&tx_kswmembers_membersdirectory%5BcurrentPage%5D=9 | https://ksw.or.at/mitgliederverzeichnis/?tx_kswmembers_membersdirectory%5Bcontroller%5D=MembersDirectory&tx_kswmembers_membersdirectory%5BcurrentPage%5D=331 | https://ksw.or.at/mitgliederverzeichnis/?tx_kswmembers_membersdirectory%5Bcontroller%5D=MembersDirectory&tx_kswmembers_membersdirectory%5BcurrentPage%5D=524 | https://ksw.or.at/mitgliederverzeichnis/?tx_kswmembers_membersdirectory%5Bcontroller%5D=MembersDirectory&tx_kswmembers_membersdirectory%5BcurrentPage%5D=343 | https://ksw.or.at/mitgliederverzeichnis/?tx_kswmembers_membersdirectory%5Bcontroller%5D=MembersDirectory&tx_kswmembers_membersdirectory%5BcurrentPage%5D=196 | https://ksw.or.at/mitgliederverzeichnis/?tx_kswmembers_membersdirectory%5Bcontroller%5D=MembersDirectory&tx_kswmembers_membersdirectory%5BcurrentPage%5D=320 | https://ksw.or.at/mitgliederverzeichnis/?tx_kswmembers_membersdirectory%5Bcontroller%5D=MembersDirectory&tx_kswmembers_membersdirectory%5BcurrentPage%5D=529 | https://ksw.or.at/mitgliederverzeichnis/?tx_kswmembers_membersdirectory%5Bcontroller%5D=MembersDirectory&tx_kswmembers_membersdirectory%5BcurrentPage%5D=243 | https://ksw.or.at/mitgliederverzeichnis/?tx_kswmembers_membersdirectory%5Bcontroller%5D=MembersDirectory&tx_kswmembers_membersdirectory%5BcurrentPage%5D=33 | https://ksw.or.at/mitgliederverzeichnis/?tx_kswmembers_membersdirectory%5Bcontroller%5D=MembersDirectory&tx_kswmembers_membersdirectory%5BcurrentPage%5D=490 | https://ksw.or.at/mitgliederverzeichnis/?tx_kswmembers_membersdirectory%5Bcontroller%5D=MembersDirectory&tx_kswmembers_membersdirectory%5BcurrentPage%5D=429 | https://ksw.or.at/mitgliederverzeichnis/?tx_kswmembers_membersdirectory%5Bcontroller%5D=MembersDirectory&tx_kswmembers_membersdirectory%5BcurrentPage%5D=218 | https://ksw.or.at/mitgliederverzeichnis/?tx_kswmembers_membersdirectory%5Bcontroller%5D=MembersDirectory&tx_kswmembers_membersdirectory%5BcurrentPage%5D=37 | https://ksw.or.at/mitgliederverzeichnis/?tx_kswmembers_membersdirectory%5Bcontroller%5D=MembersDirectory&tx_kswmembers_membersdirectory%5BcurrentPage%5D=237 | https://ksw.or.at/mitgliederverzeichnis/?tx_kswmembers_membersdirectory%5Bcontroller%5D=MembersDirectory&tx_kswmembers_membersdirectory%5BcurrentPage%5D=147,1,CONFIRMED_30_PLUS,HIGH,150,150,official explicit employee count,150: ganze Team. Ständige Perfektionierung ist Ausdruck von BNP als lernende Organisation. Mit rund 150 Mitarbeitern an sechs Standorten sind Ausfallsicherheit und zeitgerechte Erledigu,1,149,15,,,,https://www.bnp.at/ | https://www.bnp.at/unternehmenskultur/ | https://www.bnp.at/team/ | https://www.bnp.at/jobs/ | https://www.bnp.at/leistungen/,PRIOR_STAGE2_CANDIDATE;TEAM_EMAILS_10_PLUS;JOB_LINKS_3_PLUS;KSW_LISTINGS_3_PLUS;LOCATIONS_3_PLUS;LEGAL_ENTITIES_2_PLUS,VERIFY_PRIOR,CONFIRMED_30_PLUS,150,,AUSTRIA_GROUP,HIGH,Official Austrian company/group page states approximately or explicitly 150 employees.,https://www.bnp.at/unternehmenskultur/,Official site employee statement around 150.,Official-site employee statement is sufficient for a 30+ lower bound.,SINGLE,1,domain:bnp.at,BNP Wirtschaftstreuhand und Steuerberatungsgesellschaft m.b.H.,SINGLE_GROUP,CONFIRMED_20_PLUS,KSW,,,,,,,,,,,,Lisa Lobmayr Geschäftsführerin [Geschäftsführer]; Mehr Benefits [Management]; Mehr Chancen [Geschäftsführer]; Mehr Teamgeist [Management]; Mehr Erfolg [Geschäftsführer]; Persönliche Betreuung [Geschäftsführer]; Spezialthema Experten [Geschäftsführer]; Voller Begeisterung [Geschäftsführer]; Mehr Benefi [Management]; Weil Ihr Business [Partner],,unresolved,Ownership/control layer was not safely established from public evidence; operational management is retained where verified.,UNRESOLVED,Due Diligenc; Funktionen Geschäftsführerin BNP Unternehmensberatung; INNEN Ing,Vorstand; Geschäftsführer; Geschäftsführer,MEDIUM_HIGH,https://www.bnp.at/ | https://www.bnp.at/ | https://www.bnp.at/ | https://www.bnp.at/ | https://www.bnp.at/ | https://www.bnp.at/ | https://www.bnp.at/ | https://www.bnp.at/,No ownership was inferred from surname. Unknown share percentages remain null. For international/network firms the Austrian operational leadership is preferred over a global parent.,+437612652110,central_context,100,Due Diligenc,https://www.bnp.at/team/,k.lobmayr@bnp.at,named_context_email,70,Due Diligenc,https://www.bnp.at/team/,,
domain:innsbruck.eca.at,ECA Schönherr Steuerberatung GmbH,innsbruck.eca.at,http://www.innsbruck.eca.at | http://www.thp-kanzlei.at,schoenherr@eca.at | miriam.seidner@eca.at | innsbruck@eca.at,+43 5226 31 10 | +43 5226 31 10 21 | +43 512 57 14 15 | +43 512 57 14 15 1011 | +43 512 571 415 | +43 512 571 415 1011 | +43 512 57 14 15 0,Neustift im Stubaital Gemeinde: Neustift im Stubaital Bezirk | Innsbruck Gemeinde: Innsbruck Bezirk Innsbruck-Stadt +43 512,8,7,7,ECA Schönherr Steuerberatung GmbH | CPI Steuerberatung GmbH | MEB Steuerberatung GmbH | PFA Steuerberatung GmbH | ECA Innsbruck Steuerberatung GmbH | ECA Innsbruck Steuerberatung GmbH & Co KG | ECA Treuhand Partner Steuerberatung GmbH & Co KG | THP KRESTON Wirtschaftsprüfung und Steuerberatung GmbH,https://ksw.or.at/mitgliederverzeichnis/?tx_kswmembers_membersdirectory%5Bcontroller%5D=MembersDirectory&tx_kswmembers_membersdirectory%5BcurrentPage%5D=52 | https://ksw.or.at/mitgliederverzeichnis/?tx_kswmembers_membersdirectory%5Bcontroller%5D=MembersDirectory&tx_kswmembers_membersdirectory%5BcurrentPage%5D=453 | https://ksw.or.at/mitgliederverzeichnis/?tx_kswmembers_membersdirectory%5Bcontroller%5D=MembersDirectory&tx_kswmembers_membersdirectory%5BcurrentPage%5D=520 | https://ksw.or.at/mitgliederverzeichnis/?tx_kswmembers_membersdirectory%5Bcontroller%5D=MembersDirectory&tx_kswmembers_membersdirectory%5BcurrentPage%5D=525 | https://ksw.or.at/mitgliederverzeichnis/?tx_kswmembers_membersdirectory%5Bcontroller%5D=MembersDirectory&tx_kswmembers_membersdirectory%5BcurrentPage%5D=502 | https://ksw.or.at/mitgliederverzeichnis/?tx_kswmembers_membersdirectory%5Bcontroller%5D=MembersDirectory&tx_kswmembers_membersdirectory%5BcurrentPage%5D=114,1,CONFIRMED_30_PLUS,HIGH,35,35,official explicit employee count,"35: en oben angeführten Personen in der Geschäftsführung und im Sekretariat steht Ihnen unser Team von rund 35 Mitarbeiter:innen aus den Bereichen Buchhaltung, Personalverrechnung, Bil | 35: ngeführten Personen in der Geschäftsführung und im Sekretariat steht Ihnen unser Team von rund 35 Mitarbeiter:innen aus den Bereichen Buchhaltung, Personalverrechnung, Bilanzierung",0,0,1,,,,https://innsbruck.eca.at/ | https://innsbruck.eca.at/unternehmensberatung | https://innsbruck.eca.at/karriere | https://innsbruck.eca.at/unsere-kanzlei/team | https://innsbruck.eca.at/unsere-kanzlei/werte | https://innsbruck.eca.at/unsere-kanzlei/geschichte | https://innsbruck.eca.at/unsere-kanzlei/netzwerk,PRIOR_STAGE2_CANDIDATE;KSW_LISTINGS_3_PLUS;LOCATIONS_3_PLUS;LEGAL_ENTITIES_2_PLUS,VERIFY_PRIOR,CONFIRMED_30_PLUS,35,,AUSTRIA_GROUP,HIGH,Official Austrian company/group page states approximately or explicitly 35 employees.,https://innsbruck.eca.at/unsere-kanzlei/team,Official site employee statement around 35.,Official-site employee statement is sufficient for a 30+ lower bound.,SINGLE,2,domain:innsbruck.eca.at | domain:thp-kanzlei.at,ECA Schönherr Steuerberatung GmbH | ECA Treuhand Partner Steuerberatung GmbH & Co KG,DIRECT_SHARED_PRIMARY_DOMAIN,CONFIRMED_20_PLUS,KSW,,,,,,,,,,,,StB Mag [Geschäftsführung]; Miriam Seidner MBA Wirtschaftsprüferin [Geschäftsführung]; Christoph Pittl [Geschäftsführung]; Peter Farmer Wirtschaftsprüfer [Geschäftsführung]; Prokuristin WP [Management]; StB MMag [Management]; Gerlint Gattern [Management]; Bilanzierung Neben [Geschäftsführung]; Bereichen Buchhaltung [Geschäftsführung]; Frau StB Mag [Geschäftsführer],,unresolved,Ownership/control layer was not safely established from public evidence; operational management is retained where verified.,UNRESOLVED,Bereichen Buchhaltung; Bilanzierung Neben; Christoph Pittl,Geschäftsführung; Geschäftsführung; Geschäftsführung,MEDIUM_HIGH,https://innsbruck.eca.at/unsere-kanzlei/team | https://innsbruck.eca.at/unsere-kanzlei/team | https://innsbruck.eca.at/unsere-kanzlei/team | https://innsbruck.eca.at/unsere-kanzlei/team | https://innsbruck.eca.at/unsere-kanzlei/team | https://innsbruck.eca.at/unsere-kanzlei/team | https://innsbruck.eca.at/unsere-kanzlei/team | https://innsbruck.eca.at/unsere-kanzlei/team,No ownership was inferred from surname. Unknown share percentages remain null. For international/network firms the Austrian operational leadership is preferred over a global parent.,75939503,central_context,103,Bereichen Buchhaltung,https://innsbruck.eca.at/karriere | https://innsbruck.eca.at/news/wechsel-von-der-kleinunternehmer-befreiung-zur-regelbesteuerung-47781 | https://innsbruck.eca.at/unsere-kanzlei/team,innsbruck@eca.at,named_context_email,78,Bereichen Buchhaltung,https://innsbruck.eca.at/karriere | https://innsbruck.eca.at/news/wechsel-von-der-kleinunternehmer-befreiung-zur-regelbesteuerung-47781 | https://innsbruck.eca.at/unsere-kanzlei/team,,
domain:gp-steuerberatung.at,Grasl & Partner Steuerberatung GmbH,gp-steuerberatung.at,https://www.gp-steuerberatung.at,office@gp-steuerberatung.at | s.grasl@gp-steuerberatung.at,+43 1 523 46 06 0 | +43 1 523 46 06 16 | +43 1 523 46 06 10,"Wien Gemeinde: Wien Wien 8.,Josefstadt +43 1 523 46 06 0 +43",1,1,1,Grasl & Partner Steuerberatung GmbH,https://ksw.or.at/mitgliederverzeichnis/?tx_kswmembers_membersdirectory%5Bcontroller%5D=MembersDirectory&tx_kswmembers_membersdirectory%5BcurrentPage%5D=417,1,CONFIRMED_20_29,HIGH,21,21,official team/profile lower bound,,2,21,1,,,,https://www.gp-steuerberatung.at/ | https://www.gp-steuerberatung.at/ueber-uns/ | https://www.gp-steuerberatung.at/ueber-uns/team/ | https://www.gp-steuerberatung.at/karriere/,PRIOR_STAGE2_CANDIDATE;TEAM_EMAILS_10_PLUS,VERIFY_PRIOR,CONFIRMED_20_PLUS,20,,AUSTRIA_LEGAL_ENTITY,HIGH,Official site provides a direct staff lower bound of at least 20.,https://www.gp-steuerberatung.at/,Official site exposes at least 20 distinct staff profiles/personal company-domain emails.,Staff-page lower bound proves 20+ but not 30+ unless count reaches 30.,SINGLE,1,domain:gp-steuerberatung.at,Grasl & Partner Steuerberatung GmbH,SINGLE_GROUP,CONFIRMED_20_PLUS,KSW,,,,,,,,,,,,Menü Springe [Management]; Inhalt Home Über [Management]; Datenschutz Suchen [Partner]; Alser Straße [Partner]; Uhr Fr [Management]; Wolfgang Schenk [Partner]; Im Jahr [Management]; Wiener Bezirk [Partner]; Unserer Erfahrung [Partner]; Steuersachbearbeitung Ruth Vamos [Partner],Alle Details (); Datenschutz Details Impressu (); Lade Details Zurück Ok (); Datenverarbeitung Wir (),Alle Details; Datenschutz Details Impressu; Lade Details Zurück Ok; Datenverarbeitung Wir,"Public sources identify owner/shareholder names, but complete share percentages were not safely established.",PARTNER_OWNED,Alle Details; Datenschutz Details Impressu,Owner/Gesellschafter; Owner/Gesellschafter,MEDIUM_HIGH,https://www.gp-steuerberatung.at/ | https://www.gp-steuerberatung.at/ | https://www.gp-steuerberatung.at/ | https://www.gp-steuerberatung.at/ | https://www.gp-steuerberatung.at/ | https://www.gp-steuerberatung.at/ueber-uns/ | https://www.gp-steuerberatung.at/ueber-uns/ | https://www.gp-steuerberatung.at/ueber-uns/ | https://www.gp-steuerberatung.at/ | https://www.gp-steuerberatung.at/ | https://www.gp-steuerberatung.at/ | https://www.gp-steuerberatung.at/impressum-datenschutz/,No ownership was inferred from surname. Unknown share percentages remain null. For international/network firms the Austrian operational leadership is preferred over a global parent.,,central_context,20,Datenschutz Details Impressu,https://www.gp-steuerberatung.at/ueber-uns/team/,g.gyorfi@gp-steuerberatung.at,named_context_email,70,Datenschutz Details Impressu,https://www.gp-steuerberatung.at/ueber-uns/team/,,
domain:krw-linz-maass.at,KRW Linz Maaß Steuerberatungsgesellschaft mbH,krw-linz-maass.at,http://www.krw-linz-maass.at | http://www.klinger-rieger.at,office@krw-linz-maass.at | michael.klinger@klinger-rieger.at | sina.klinger@klinger-rieger.at | fabia.klinger@klinger-rieger.at,+43 732 65 81 36 | +43 732 600 107 | +43 662 62 13 17 0 | +43 662 62 13 17 9 | +43 662 62 13 17,Linz Gemeinde: Linz Bezirk Linz(Stadt) +43 732 65 81 36 +43,1,1,1,KRW Linz Maaß Steuerberatungsgesellschaft mbH,https://ksw.or.at/mitgliederverzeichnis/?tx_kswmembers_membersdirectory%5Bcontroller%5D=MembersDirectory&tx_kswmembers_membersdirectory%5BcurrentPage%5D=441,1,NO_20PLUS_EVIDENCE,LOW,0,0,no reliable 20+ evidence found,,1,1,6,,,,https://www.krw-linz-maass.at/ | https://www.krw-linz-maass.at/mitarbeiter/ | https://www.krw-linz-maass.at/karriere-stellenangebote/,JOB_LINKS_3_PLUS;SANITY_SEED:KRW|Klinger,DEEP_RESEARCH,CONFIRMED_30_PLUS,200,,AUSTRIA_LEGAL_ENTITY,HIGH,Official Austrian company/group page states approximately or explicitly 200 employees.,https://www.klinger-rieger.at/ueber-uns/,Official site employee statement around 200.,Official-site employee statement is sufficient for a 30+ lower bound.,SINGLE,1,domain:krw-linz-maass.at,KRW Linz Maaß Steuerberatungsgesellschaft mbH,SINGLE_GROUP,CONFIRMED_20_PLUS,KSW,,,,,,,,,,,,Steuerberater Mag [Geschäftsführer]; Steuerberaterin Mag [Geschäftsführer]; Maass SteuerberatungsgmbH Breitwie [Management]; Leistungen Diverses Partnerkanzleien Presse [Partner]; Artikel Steuerberater [Partner]; SteuerNews ÖSV Steuer-Portal CoronaNews [Partner]; Karriere English Suchen [Partner]; KRW Dr [Management]; Lohnverrechnung Suchen [Management]; Kategorie Allrounder Salzburg KRW [Management],Geschäftsführende Gesellschafter (); KommR Dr (); Klinger Klassische Steuerberatungskanzlei (); Steuerberater Manfred Rieger (); Steuerberater Mag (); Sina Klinger (); Steuerberaterin Mag (); Fabia Klinger (); Wirtschaftsprüferin Partnerk (),Geschäftsführende Gesellschafter; KommR Dr; Klinger Klassische Steuerberatungskanzlei; Steuerberater Manfred Rieger,"Public sources identify owner/shareholder names, but complete share percentages were not safely established.",PARTNER_OWNED,Geschäftsführende Gesellschafter; KommR Dr,Owner/Gesellschafter; Owner/Gesellschafter,MEDIUM_HIGH,https://www.krw-linz-maass.at/mitarbeiter/ | https://www.krw-linz-maass.at/mitarbeiter/ | https://www.krw-linz-maass.at/mitarbeiter/ | https://www.klinger-rieger.at/ | https://www.klinger-rieger.at/ | https://www.klinger-rieger.at/ | https://www.klinger-rieger.at/ | https://www.klinger-rieger.at/ | https://www.krw-linz-maass.at/steuerberater-linz/steuerberater-impressum/ | https://www.krw-linz-maass.at/steuerberater-linz/steuerberater-impressum/ | https://www.krw-linz-maass.at/steuerberater-linz/steuerberater-impressum/ | https://www.klinger-rieger.at/steuerberater-salzburg/steuerberater-visitenkarte/ | https://www.klinger-rieger.at/steuerberater-salzburg/steuerberater-visitenkarte/ | https://www.klinger-rieger.at/steuerberater-salzburg/steuerberater-visitenkarte/ | https://www.klinger-rieger.at/steuerberater-salzburg/steuerberater-visitenkarte/ | https://www.klinger-rieger.at/steuerberater-salzburg/steuerberater-visitenkarte/,No ownership was inferred from surname. Unknown share percentages remain null. For international/network firms the Austrian operational leadership is preferred over a global parent.,,central_context,24,KommR Dr,https://www.krw-linz-maass.at/mitarbeiter/ | https://www.krw-linz-maass.at/steuerberater-linz/steuerberater-impressum/,,generic_email,34,KommR Dr,https://www.krw-linz-maass.at/mitarbeiter/ | https://www.krw-linz-maass.at/steuerberater-linz/steuerberater-impressum/,,
domain:priester.at,MODL Wirtschaftsprüfung Steuerberatung GmbH,priester.at,http://www.priester.at | http://www.deloitte.at | http://www.klinglmair.com,modl@audit-austria.at | steyr@deloitte.at | udollinger@deloitte.at | jdornhofer@deloitte.at | clemens@klinglmair.com,+43 676 61 00 125 | +43 732 272 007 20 | +43 7252 581 90 | +43 7252 581 0 | +43 1 537 00 6330 | +43 664 805 37 63 30 | +43 1 537 00 99 6330,Linz Gemeinde: Linz Bezirk Linz(Stadt) +43 676 61 00 125 +43 | Steyr Gemeinde: Steyr Bezirk Steyr(Stadt) +43 7252 581 0 +43,2,2,2,MODL Wirtschaftsprüfung Steuerberatung GmbH | Deloitte Oberösterreich Steuerberatungs GmbH,https://ksw.or.at/mitgliederverzeichnis/?tx_kswmembers_membersdirectory%5Bcontroller%5D=MembersDirectory&tx_kswmembers_membersdirectory%5BcurrentPage%5D=106 | https://ksw.or.at/mitgliederverzeichnis/?tx_kswmembers_membersdirectory%5Bcontroller%5D=MembersDirectory&tx_kswmembers_membersdirectory%5BcurrentPage%5D=135,1,POSSIBLE_20_PLUS,LOW_MEDIUM,0,0,multiple scale signals; manual verification needed,,19,0,15,,,,https://www.deloitte.com/at/de/what-we-do/regions/oberoesterreich.html | https://www.deloitte.com/at/de/about.html?icid=top_about | https://www.deloitte.com/at/de/about/story/purpose-values.html?icid=top_purpose-values | https://www.deloitte.com/at/de/about/people.html?icid=top_people | https://www.deloitte.com/at/de/about/press-room.html?icid=top_press-room | https://www.deloitte.com/at/de/what-we-do/regions/unsere-standorte.html | https://www.deloitte.com/at/de/Industries/consumer/about.html?icid=top_about | https://www.deloitte.com/at/de/Industries/energy/about.html?icid=top_about | https://www.bing.com/ck/a?!&&p=39152e36e6d8134152dcc499f091e603e8e4561a39821b1be505db0cff7fec43JmltdHM9MTc4ODA0ODAwMA&ptn=3&ver=2&hsh=4&fclid=1a7bb8a1-0cde-611f-081c-af640dee60c0&u=a1aHR0cHM6Ly9tb2RsLmNvbS8&ntb=1 | https://www.bing.com/ck/a?!&&p=f0344a0ff1643e1f66c9036be1bc1699102ad2b2576f11f6784ca237ef5a8878JmltdHM9MTc4ODA0ODAwMA&ptn=3&ver=2&hsh=4&fclid=1a7bb8a1-0cde-611f-081c-af640dee60c0&u=a1aHR0cHM6Ly9tb2RsLmNvbS9wcm9kdWN0cy9pbmZpbml0eS10b29sLW1vZHVsYXItc3RyYXBzLTItMA&ntb=1 | https://www.bing.com/ck/a?!&&p=5922604d989cd4d4b2b294a7083946069a1eebe234c3b0bc2e6e2da618c9e0a9JmltdHM9MTc4ODA0ODAwMA&ptn=3&ver=2&hsh=4&fclid=1a7bb8a1-0cde-611f-081c-af640dee60c0&u=a1aHR0cHM6Ly9naXRodWIuY29tL2hrYWdnYXJ3YWwvbW9kbA&ntb=1 | https://www.bing.com/ck/a?!&&p=dd7040bf085d4a81da6bf832d376d065505ecfec423ba71ace9575cc34a2a696JmltdHM9MTc4ODA0ODAwMA&ptn=3&ver=2&hsh=4&fclid=1a7bb8a1-0cde-611f-081c-af640dee60c0&u=a1aHR0cHM6Ly9naXRodWIuY29tL21vZGwtb3JnL21vZGw&ntb=1 | https://www.bing.com/ck/a?!&&p=996b9d2db92c442ca56f220f86aa7b00da3b95476b1c70b0978bdbf2cd08ed58JmltdHM9MTc4ODA0ODAwMA&ptn=3&ver=2&hsh=4&fclid=1a7bb8a1-0cde-611f-081c-af640dee60c0&u=a1aHR0cHM6Ly93d3cubW9kbGFuZC5uZXQvc2VhcmNoL2JlYW1uZw&ntb=1 | https://www.bing.com/ck/a?!&&p=013e5bd0ff29498e5ce91548a0277279e728a46c0364e4d03466a1d7e37e5cccJmltdHM9MTc4ODA0ODAwMA&ptn=3&ver=2&hsh=4&fclid=1a7bb8a1-0cde-611f-081c-af640dee60c0&u=a1aHR0cHM6Ly9tb2RsLnJ1bi8&ntb=1 | https://www.bing.com/ck/a?!&&p=62b41f71d34f2b79d3e71c79aa11a53cba805a900b82f58ade5771db642a0a78JmltdHM9MTc4ODA0ODAwMA&ptn=3&ver=2&hsh=4&fclid=1a7bb8a1-0cde-611f-081c-af640dee60c0&u=a1aHR0cHM6Ly93d3cubW9kbGFuZC5uZXQv&ntb=1 | https://www.bing.com/ck/a?!&&p=2d7ec1841ea63770da6d698748aa66ebe1b80bd06dec9a5b4644d4dd44b3174eJmltdHM9MTc4ODA0ODAwMA&ptn=3&ver=2&hsh=4&fclid=1a7bb8a1-0cde-611f-081c-af640dee60c0&u=a1aHR0cHM6Ly9tb2RyaW50aC5jb20vcGx1Z2luL21vZGw&ntb=1 | https://www.bing.com/ck/a?!&&p=70a97b6e5009732366d46d8035c242f214a16ff9221d45773ba6751300a9143fJmltdHM9MTc4ODA0ODAwMA&ptn=3&ver=2&hsh=4&fclid=1a7bb8a1-0cde-611f-081c-af640dee60c0&u=a1aHR0cHM6Ly93d3cubW9ybmluZ3N0YXIuY29tL2V0ZnMveG5hcy9tb2RsL3F1b3Rl&ntb=1 | https://www.bing.com/ck/a?!&&p=76f054339f40ee8a46ea98334c25a1acbb0249742dc5fdb7017a31375b01fb06JmltdHM9MTc4ODA0ODAwMA&ptn=3&ver=2&hsh=4&fclid=1a7bb8a1-0cde-611f-081c-af640dee60c0&u=a1aHR0cHM6Ly9hcnhpdi5vcmcvYWJzLzE3MTIuMDI4NjI&ntb=1 | https://www.bing.com/ck/a?!&&p=672ea0af0976e787969b04c8d0d18f2c73811477905726e8b24f32991d4c078eJmltdHM9MTc4ODA0ODAwMA&ptn=3&ver=2&hsh=4&fclid=16aed138-ff65-6370-2d78-c6fdfef062f8&u=a1aHR0cHM6Ly9tb2RsLmNvbS8&ntb=1 | https://www.bing.com/ck/a?!&&p=0490d903c06b590640464a92efa3fa6df02a463d785988e77f686d822ffb409eJmltdHM9MTc4ODA0ODAwMA&ptn=3&ver=2&hsh=4&fclid=16aed138-ff65-6370-2d78-c6fdfef062f8&u=a1aHR0cHM6Ly9tb2RsLmNvbS9wcm9kdWN0cy9pbmZpbml0eS10b29sLW1vZHVsYXItc3RyYXBzLTItMA&ntb=1,PRIOR_STAGE2_CANDIDATE;TEAM_PROFILES_10_PLUS;JOB_LINKS_3_PLUS;LEGAL_ENTITIES_2_PLUS,DEEP_RESEARCH,CONFIRMED_20_PLUS,22,,AUSTRIA_GROUP,HIGH,Official site provides a direct staff lower bound of at least 22.,https://www.deloitte.com/at/de/what-we-do/regions/oberoesterreich.html,Official site exposes at least 22 distinct staff profiles/personal company-domain emails.,Staff-page lower bound proves 20+ but not 30+ unless count reaches 30.,SINGLE,1,domain:priester.at,MODL Wirtschaftsprüfung Steuerberatung GmbH,SINGLE_GROUP,CONFIRMED_20_PLUS,KSW,,,,,,,,,,,,Johann Traunsteiner [Geschäftsführer]; Beate Steiner [Partner]; Gregor Binder [Partner]; Mittelbetriebe Aktuelle Informationen [Geschäftsführer]; Anwendungsfragen Collection Tourismusbarometer [Management]; Ihre Kontaktaufnahme [Partner]; Advisory Services Mag [Partner]; Ulrich Dollinger Mag [Partner]; Services Mag [Partner]; Personalverrechnung Mag [Partner],,unresolved,Ownership/control layer was not safely established from public evidence; operational management is retained where verified.,UNRESOLVED,Johann Traunsteiner; Mittelbetriebe Aktuelle Informationen; Advisory Services Mag,Geschäftsführer; Geschäftsführer; Partner,MEDIUM_HIGH,https://www.deloitte.com/at/de/what-we-do/regions/oberoesterreich.html | https://www.deloitte.com/at/de/what-we-do/regions/oberoesterreich.html | https://www.deloitte.com/at/de/what-we-do/regions/oberoesterreich.html | https://www.deloitte.com/at/de/what-we-do/regions/oberoesterreich.html | https://www.deloitte.com/at/de/what-we-do/regions/oberoesterreich.html | https://www.deloitte.com/at/de/what-we-do/regions/oberoesterreich.html | https://www.deloitte.com/at/de/what-we-do/regions/oberoesterreich.html | https://www.deloitte.com/at/de/what-we-do/regions/oberoesterreich.html,No ownership was inferred from surname. Unknown share percentages remain null. For international/network firms the Austrian operational leadership is preferred over a global parent.,+437252581264,direct_extension,95,Johann Traunsteiner,https://www.deloitte.com/at/de/what-we-do/regions/oberoesterreich.html,jtraunsteiner@deloitte.at,personal_verified_email,90,Johann Traunsteiner,https://www.deloitte.com/at/de/what-we-do/regions/oberoesterreich.html,,
domain:rtg-zettinig.at,RTG Zettinig Steuerberatung GmbH,rtg-zettinig.at,http://www.rtg-zettinig.at | http://www.rtg.at,office@rtg-zettinig.at | a.geismayr@rtg.at,+43 1 318 00 73 | +43 5572 363 66 | +43 699 12 96 00 18 | +43 1 3180073,"Wien Gemeinde: Wien Wien 3.,Landstraße +43 1 318 00 73 offic",1,1,1,RTG Zettinig Steuerberatung GmbH,https://ksw.or.at/mitgliederverzeichnis/?tx_kswmembers_membersdirectory%5Bcontroller%5D=MembersDirectory&tx_kswmembers_membersdirectory%5BcurrentPage%5D=434,1,NO_20PLUS_EVIDENCE,LOW,0,0,no reliable 20+ evidence found,,0,0,0,,,,,SANITY_SEED:RTG,DEEP_RESEARCH,CONFIRMED_30_PLUS,40,,AUSTRIA_LEGAL_ENTITY,HIGH,Official Austrian company/group page states approximately or explicitly 40 employees.,https://www.rtg.at/unternehmen,Official site employee statement around 40.,Official-site employee statement is sufficient for a 30+ lower bound.,SINGLE,1,domain:rtg-zettinig.at,RTG Zettinig Steuerberatung GmbH,SINGLE_GROUP,CONFIRMED_20_PLUS,KSW,,,,,,,,,,,,Moore Global Mag [Geschäftsführer]; Tanja Tiefenthaler Mag [Geschäftsführer]; Tanja Tiefenthaler [Geschäftsführung]; WP Partnerin Mag [Geschäftsführung]; Tiefgehende Expertise [Management]; Matthias Feurstein LL [Partner]; Alfred Geismayr WP [Partner]; Birgit Jochum StB PartnerIN [Partner]; Manfred Rümmele WP [Partner]; Ferdinand Schurz WP [Partner],Dunja Zwerger-Holdermann Firmenbuch-Nummer (); Feldkirch UID-Nummer (); Rechtsform RTG Dr (),Dunja Zwerger-Holdermann Firmenbuch-Nummer; Feldkirch UID-Nummer; Rechtsform RTG Dr,"Public sources identify owner/shareholder names, but complete share percentages were not safely established.",PARTNER_OWNED,Dunja Zwerger-Holdermann Firmenbuch-Nummer; Feldkirch UID-Nummer,Owner/Gesellschafter; Owner/Gesellschafter,MEDIUM_HIGH,https://www.rtg.at/unternehmen | https://www.rtg.at/unternehmen | https://www.rtg.at/unternehmen | https://www.rtg.at/unternehmen | https://www.rtg.at/unternehmen | https://www.rtg.at/unternehmen | https://www.rtg.at/unternehmen | https://www.rtg.at/unternehmen | https://www.rtg.at/impressum | https://www.rtg.at/impressum | https://www.rtg.at/impressum,No ownership was inferred from surname. Unknown share percentages remain null. For international/network firms the Austrian operational leadership is preferred over a global parent.,+436645313021,mobile_public,100,Dunja Zwerger-Holdermann Firmenbuch-Nummer,https://www.rtg.at/impressum,,generic_email,30,Dunja Zwerger-Holdermann Firmenbuch-Nummer,https://www.rtg.at/impressum,,
domain:traunsteiner.at,Traunsteiner Steuerberatungs GmbH & Co KG,traunsteiner.at,http://www.traunsteiner.at | http://www.deloitte.at | http://www.klinglmair.com,office@traunsteiner.at | johann@traunsteiner.at | udollinger@deloitte.at | gvlk@deloitte.at | clemens@klinglmair.com,+43 7435 522 94 | +43 7435 522 94 40 | +43 676 721 66 06,St. Valentin Gemeinde: St. Valentin Bezirk Amstetten +43 743 | Haag Gemeinde: Haag Bezirk Amstetten +43 7435 522 94 johann(,2,3,3,Traunsteiner Steuerberatungs GmbH & Co KG | Traunsteiner SteuerberatungsGmbH,https://ksw.or.at/mitgliederverzeichnis/?tx_kswmembers_membersdirectory%5Bcontroller%5D=MembersDirectory&tx_kswmembers_membersdirectory%5BcurrentPage%5D=34 | https://ksw.or.at/mitgliederverzeichnis/?tx_kswmembers_membersdirectory%5Bcontroller%5D=MembersDirectory&tx_kswmembers_membersdirectory%5BcurrentPage%5D=339,1,CONFIRMED_20_29,HIGH,25,25,official explicit employee count,25: in der Region bekannten Steuer­beratungs­kanzlei entwickelt und beschäftigt mittlerweile über 25 Mitarbeiter. Seit 2025 ist die Kanzlei im Netzwerk von Deloitte. Leistungen Wir seh,0,0,1,,,,https://www.traunsteiner.at/ | https://www.traunsteiner.at/kanzlei/ | https://www.traunsteiner.at/karriere/,PRIOR_STAGE2_CANDIDATE;KSW_LISTINGS_3_PLUS;LOCATIONS_3_PLUS;LEGAL_ENTITIES_2_PLUS,VERIFY_PRIOR,CONFIRMED_20_PLUS,25,,AUSTRIA_GROUP,HIGH,Official Austrian company/group page proves at least 25 employees.,https://www.traunsteiner.at/,Official site employee statement around 25.,"Official count proves 20+, but does not safely bound an upper limit.",SINGLE,1,domain:traunsteiner.at,Traunsteiner Steuerberatungs GmbH & Co KG,SINGLE_GROUP,CONFIRMED_20_PLUS,KSW,,,,,,,,,,,,Beate Steiner Steuerberaterin E-Mail [Geschäftsführung]; Gregor Binder Steuerber [Management]; Research Deloitte Cyber Security [Partner]; Welcher Karriereweg [Management]; Business Conduct Mag [Partner]; Harald Breit CEO Deloitte [Partner]; Karriere Kontaktieren Sie [Partner]; Assurance Audit Business Process [Management]; Solutions Customer Cy [Management]; Im Interview [Partner],,unresolved,Ownership/control layer was not safely established from public evidence; operational management is retained where verified.,UNRESOLVED,Beate Steiner Steuerberaterin E-Mail; Assurance Audit; Assurance Audit Bus,Geschäftsführung; Management; Management,MEDIUM_HIGH,https://www.traunsteiner.at/kanzlei/ | https://www.traunsteiner.at/kanzlei/ | https://www.deloitte.com/at/de.html | https://www.deloitte.com/at/de.html | https://www.deloitte.com/at/de/about/story/purpose-values.html?icid=top_purpose-values | https://www.deloitte.com/at/de/about/story/purpose-values.html?icid=top_purpose-values | https://www.deloitte.com/at/de/about/story/purpose-values.html?icid=top_purpose-values | https://www.deloitte.com/at/de/about/story/purpose-values.html?icid=top_purpose-values,No ownership was inferred from surname. Unknown share percentages remain null. For international/network firms the Austrian operational leadership is preferred over a global parent.,+431537008552,mobile_public,100,Assurance Audit,https://www.deloitte.com/at/de/about/press-room.html?icid=top_press-room,gholzinger@deloitte.at,named_context_email,70,Assurance Audit,https://www.deloitte.com/at/de/about/story/purpose-values.html?icid=top_purpose-values,,
domain:absenger-rathausky.at,Absenger - Rathausky Steuerberatung GmbH,absenger-rathausky.at,http://www.absenger-rathausky.at,office@absenger-rathausky.at,+43 3172 20 61 | +43 3172 20 61 13 | +43 3172 20 61 31,Weiz Gemeinde: Weiz Bezirk Weiz +43 3172 20 61 +43 3172 20 6,1,1,1,Absenger - Rathausky Steuerberatung GmbH,https://ksw.or.at/mitgliederverzeichnis/?tx_kswmembers_membersdirectory%5Bcontroller%5D=MembersDirectory&tx_kswmembers_membersdirectory%5BcurrentPage%5D=124,1,CONFIRMED_20_29,HIGH,29,29,official team/profile lower bound,,1,29,1,,,,https://www.absenger-rathausky.at/ | https://www.absenger-rathausky.at/kanzlei/adresse_und_anfahrt/ | https://www.absenger-rathausky.at/kanzlei/team/ | https://www.absenger-rathausky.at/kanzlei/kontakt/ | https://www.absenger-rathausky.at/kanzlei/gutschein_erstgespr%C3%A4ch/ | https://www.absenger-rathausky.at/jobs/ | https://www.absenger-rathausky.at/kanzlei/online_bewerben/ | https://www.absenger-rathausky.at/kanzlei/datenschutzerkl%C3%A4rung/,PRIOR_STAGE2_CANDIDATE;TEAM_EMAILS_10_PLUS,VERIFY_PRIOR,CONFIRMED_20_PLUS,28,,AUSTRIA_LEGAL_ENTITY,HIGH,Official site provides a direct staff lower bound of at least 28.,https://www.absenger-rathausky.at/,Official site exposes at least 28 distinct staff profiles/personal company-domain emails.,Staff-page lower bound proves 20+ but not 30+ unless count reaches 30.,SINGLE,1,domain:absenger-rathausky.at,Absenger - Rathausky Steuerberatung GmbH,SINGLE_GROUP,CONFIRMED_20_PLUS,KSW,,,,,,,,,,,,Haus Inhalt Ihr Steuerberater [Partner]; Inhalt Ihr Steuerberater [Partner]; Digitale Buchhaltung Alle Vorteile [Partner]; Lohnverrechnung Wir [Partner]; Finanzbuchhaltung Wir [Partner]; Nutzen Sie [Management]; Werden Sie [Partner]; Kontaktieren Sie [Partner]; Onlinerechner Mithilfe [Partner]; Wählen Sie [Partner],Kontaktieren Sie (); Christa König-Trieb Gesellschafterin (); MSc Gesellschafter (); König-Trieb Christa (38.5321); König Herbert (1.8349),König-Trieb Christa,Public sources identify material individual shareholders: König-Trieb Christa 38.5321%.,PARTNER_OWNED,König-Trieb Christa,Owner/Gesellschafter,HIGH,https://www.absenger-rathausky.at/ | https://www.absenger-rathausky.at/ | https://www.absenger-rathausky.at/ | https://www.absenger-rathausky.at/ | https://www.absenger-rathausky.at/ | https://www.absenger-rathausky.at/ | https://www.absenger-rathausky.at/ | https://www.absenger-rathausky.at/ | https://www.absenger-rathausky.at/kanzlei/team/ | https://www.absenger-rathausky.at/kanzlei/team/ | https://www.absenger-rathausky.at/impressum/ | https://www.absenger-rathausky.at/impressum/ | https://www.absenger-rathausky.at/impressum/,No ownership was inferred from surname. Unknown share percentages remain null. For international/network firms the Austrian operational leadership is preferred over a global parent.,,central_context,20,König-Trieb Christa,https://www.absenger-rathausky.at/impressum/,christa.koenig@absenger-rathausky.at,personal_verified_email,90,König-Trieb Christa,https://www.absenger-rathausky.at/kanzlei/team/,,
domain:bbw-wp.at,BBW Wirtschaftsprüfungs- und Steuerberatungsgesellschaft mbH,bbw-wp.at,http://www.bbw-wp.at | http://www.steuer-service.at,office@bbw-wp.at | bernhard.winter@steuer-service.at,+43 1 408 69 14 | +43 1 408 69 14 14 | +43 1 247 21 310 | +43 1 247 21 9310,"Wien Gemeinde: Wien Wien 1.,Innere Stadt +43 1 408 69 14 +43 | Wien Gemeinde: Wien Wien 1.,Innere Stadt +43 1 247 21 +43 1",2,1,1,BBW Wirtschaftsprüfungs- und Steuerberatungsgesellschaft mbH | Steuer & Service Steuerberatungs GmbH,https://ksw.or.at/mitgliederverzeichnis/?tx_kswmembers_membersdirectory%5Bcontroller%5D=MembersDirectory&tx_kswmembers_membersdirectory%5BcurrentPage%5D=209,1,CONFIRMED_30_PLUS,HIGH,200,200,official explicit employee count,200: Controlling/Personal Müller – Die lila Logistik Austria GmbH beschäftigt am Standort Graz rund 200 Mitarbeiter. Müller - Die lila Logistik AG mit Hauptsitz in Besigheim bei Stuttga,0,4,0,,,,https://www.steuer-service.at/wirtschaftspruefung/ | https://www.steuer-service.at/ueber-uns/,PRIOR_STAGE2_CANDIDATE,VERIFY_PRIOR,CONFIRMED_30_PLUS,50,,AUSTRIA_GROUP,HIGH,Official Austrian company/group page states approximately or explicitly 50 employees.,https://www.steuer-service.at/ueber-uns/,Official site employee statement around 50.,Official-site employee statement is sufficient for a 30+ lower bound.,SINGLE,2,domain:bbw-wp.at | domain:steuer-service.at,BBW Wirtschaftsprüfungs- und Steuerberatungsgesellschaft mbH | Steuer & Service Steuerberatungs GmbH,DIRECT_SHARED_PRIMARY_DOMAIN,CONFIRMED_20_PLUS,KSW,,,,,,,,,,,,Ihren Abschluss [Partner]; Ihre Zahlen [Partner]; Gesetzliche Jahres [Management]; Konzernabschlussprüfungen Freiwillige Jahr [Management]; Michael Kern [Geschäftsführer]; International Tax Law [Geschäftsführer]; Certified IFRS Accountant [Partner]; Michael Viktor Fischer Mag [Geschäftsführer]; Finanzen MELECS [Geschäftsführer]; MELECS Gruppe [Partner],Ihren Abschluss (); Ihre Zahlen (); Bernhard Winter Tax (); Audit Geschäftsführender Gesellschafter (); Steuerberater Studium (); KPMG Chefredakteur (); Adrian Schell André Pennartz (); Francis Charles Pollet (); Wir haben höher qualifiziertes (10.0); unserer Mitarbeiter verfügen über (10.0),österreichischer Wasserkraft; Michael Kern LL; Bernhard Winter Gesellschafter,"Public sources identify material individual shareholders: österreichischer Wasserkraft 100.0%, Michael Kern LL 100.0%, Bernhard Winter Gesellschafter 100.0%.",INDIVIDUAL_FAMILY_CONTROL,österreichischer Wasserkraft; Michael Kern LL; Bernhard Winter Gesellschafter,Owner/Gesellschafter; Owner/Gesellschafter; Owner/Gesellschafter,HIGH,https://www.steuer-service.at/wirtschaftspruefung/ | https://www.steuer-service.at/wirtschaftspruefung/ | https://www.steuer-service.at/wirtschaftspruefung/ | https://www.steuer-service.at/wirtschaftspruefung/ | https://www.steuer-service.at/ueber-uns/ | https://www.steuer-service.at/ueber-uns/ | https://www.steuer-service.at/ueber-uns/ | https://www.steuer-service.at/ueber-uns/ | https://www.steuer-service.at/wirtschaftspruefung/ | https://www.steuer-service.at/wirtschaftspruefung/ | https://www.steuer-service.at/ueber-uns/ | https://www.steuer-service.at/ueber-uns/ | https://www.steuer-service.at/ueber-uns/ | https://www.steuer-service.at/ueber-uns/ | https://www.steuer-service.at/ueber-uns/ | https://www.steuer-service.at/ueber-uns/,No ownership was inferred from surname. Unknown share percentages remain null. For international/network firms the Austrian operational leadership is preferred over a global parent.,+436648252756,mobile_public,104,Michael Kern LL,https://www.steuer-service.at/service/news-detail/quick-news-oeffentlicher-ertragssteuerinformationsbericht-public-cbbr-mehr-transparenz/ | https://www.steuer-service.at/service/news-detail/quick-news-update-pillar-ii-mindeststeuerbericht-gemaess-minbestg-fuer-jahresabschluesse-zum-31122024/,michael.kern@steuer-service.at,named_context_email,78,Michael Kern LL,https://www.steuer-service.at/service/news-detail/quick-news-interim-management-buchhaltung-bilanzierung/ | https://www.steuer-service.at/service/news-detail/quick-news-oeffentlicher-ertragssteuerinformationsbericht-public-cbbr-mehr-transparenz/ | https://www.steuer-service.at/service/news-detail/quick-news-update-pillar-ii-mindeststeuerbericht-gemaess-minbestg-fuer-jahresabschluesse-zum-31122024/ | https://www.steuer-service.at/team | https://www.steuer-service.at/ueber-uns,,
domain:reisinger-kornprat.at,Dr. Reisinger & MMag. Kornprat Wirtschaftsprüfungs und Steuerberatungs GmbH,reisinger-kornprat.at,http://www.reisinger-kornprat.at | http://www.reisinger.at,office@reisinger-kornprat.at | karin.reisinger@reisinger.at | karin.reisinger@reisinger-kornprat.at,+43 1 894 18 10 | +43 1 894 17 82 | +43 650 426 51 60,"Wien Gemeinde: Wien Wien 13.,Hietzing +43 1 894 18 10 +43 1 | Wien Gemeinde: Wien Wien 13.,Hietzing +43 1 587 61 09 +43 1",3,2,2,Dr. Reisinger & MMag. Kornprat Wirtschaftsprüfungs und Steuerberatungs GmbH | Dr. Reisinger & MMag. Kornprat Wirtschaftsprüfungs und Steuerberatungs GmbH & Co Steuerberatungs KG | ÖKO-Account Steuerberatung GmbH,https://ksw.or.at/mitgliederverzeichnis/?tx_kswmembers_membersdirectory%5Bcontroller%5D=MembersDirectory&tx_kswmembers_membersdirectory%5BcurrentPage%5D=149 | https://ksw.or.at/mitgliederverzeichnis/?tx_kswmembers_membersdirectory%5Bcontroller%5D=MembersDirectory&tx_kswmembers_membersdirectory%5BcurrentPage%5D=432,1,CONFIRMED_30_PLUS,HIGH,40,40,official explicit employee count,"40: ste Technologien, um effizienter und transparenter zu arbeiten. Großes Expertenteam Unser Team besteht aus 40 Mitarbeiter mit fundiertem Know-how und echtem Wissensvorsprung. Unser",0,3,4,,,,https://www.reisinger-kornprat.at/index_ger.html | https://www.reisinger-kornprat.at/de/kanzlei/%C3%BCber_uns/ | https://www.reisinger-kornprat.at/de/kanzlei/kontakt/ | https://www.reisinger-kornprat.at/de/kanzlei/karriere/ | https://www.reisinger-kornprat.at/de/kanzlei/impressum/ | https://www.reisinger-kornprat.at/de/kanzlei/datenschutzerkl%C3%A4rung/ | https://www.reisinger-kornprat.at/de/leistungen/ | https://www.reisinger-kornprat.at/de/service/f%C3%B6rderstellen/f%C3%B6rderstellen/,PRIOR_STAGE2_CANDIDATE;JOB_LINKS_3_PLUS;LEGAL_ENTITIES_2_PLUS,VERIFY_PRIOR,CONFIRMED_30_PLUS,40,,AUSTRIA_GROUP,HIGH,Official Austrian company/group page states approximately or explicitly 40 employees.,https://www.reisinger-kornprat.at/index_ger.html,Official site employee statement around 40.,Official-site employee statement is sufficient for a 30+ lower bound.,SINGLE,2,domain:reisinger-kornprat.at | domain:reisinger.at,Dr. Reisinger & MMag. Kornprat Wirtschaftsprüfungs und Steuerberatungs GmbH | ÖKO-Account Steuerberatung GmbH,DIRECT_SHARED_PRIMARY_DOMAIN,CONFIRMED_20_PLUS,KSW,,,,,,,,,,,,Persönlicher Ansprechpartner An Ihrer [Partner]; Großes Experte [Partner]; Ansprechpartner An Ihrer Seite [Partner]; Spezialgebiet KMU [Partner]; GMR Recht MAG [Partner]; GUDRUN MOSER-REISINGER Rechtsanwältin [Partner]; Gesellschafter Dr [Geschäftsführer]; Ansprechpartner Sämtliche Anfragen [Partner]; Spam Zum Schutz [Partner]; Betroffene Personen [Partner],Geschäftsführende Gesellschafterin Telefon (); Englisch Dr (); Geschäftsführender Gesellschafter (); Sachverständiger Telefon (); Gesellschafter Dr (),Geschäftsführende Gesellschafterin Telefon; Englisch Dr; Geschäftsführender Gesellschafter; Sachverständiger Telefon,"Public sources identify owner/shareholder names, but complete share percentages were not safely established.",PARTNER_OWNED,Geschäftsführende Gesellschafterin Telefon; Englisch Dr,Owner/Gesellschafter; Owner/Gesellschafter,MEDIUM_HIGH,https://www.reisinger-kornprat.at/index_ger.html | https://www.reisinger-kornprat.at/index_ger.html | https://www.reisinger-kornprat.at/index_ger.html | https://www.reisinger-kornprat.at/index_ger.html | https://www.reisinger-kornprat.at/de/kanzlei/%C3%BCber_uns/ | https://www.reisinger-kornprat.at/de/kanzlei/%C3%BCber_uns/ | https://www.reisinger-kornprat.at/de/kanzlei/impressum/ | https://www.reisinger-kornprat.at/de/kanzlei/datenschutzerkl%C3%A4rung/ | https://www.reisinger-kornprat.at/de/kanzlei/%C3%BCber_uns/ | https://www.reisinger-kornprat.at/de/kanzlei/%C3%BCber_uns/ | https://www.reisinger-kornprat.at/de/kanzlei/%C3%BCber_uns/ | https://www.reisinger-kornprat.at/de/kanzlei/%C3%BCber_uns/ | https://www.reisinger-kornprat.at/de/kanzlei/impressum/,No ownership was inferred from surname. Unknown share percentages remain null. For international/network firms the Austrian operational leadership is preferred over a global parent.,+4318941810,central_context,83,Geschäftsführende Gesellschafterin Telefon,https://www.reisinger-kornprat.at/de/kanzlei/%C3%BCber_uns/ | https://www.reisinger-kornprat.at/de/kanzlei/datenschutzerkl%C3%A4rung/ | https://www.reisinger-kornprat.at/de/kanzlei/impressum/ | https://www.reisinger-kornprat.at/de/kanzlei/karriere/ | https://www.reisinger-kornprat.at/de/kanzlei/karriere/offene_stellen/berufsanw%C3%A4rter_e4332/ | https://www.reisinger-kornprat.at/de/kanzlei/karriere/offene_stellen/bilanzbuchhalter_e4331/ | https://www.reisinger-kornprat.at/de/kanzlei/karriere/online_bewerben/ | https://www.reisinger-kornprat.at/de/kanzlei/kontakt/ | https://www.reisinger-kornprat.at/de/know_how/ | https://www.reisinger-kornprat.at/de/leistungen/ | https://www.reisinger-kornprat.at/de/service/anmeldung_zum_newsletter/ | https://www.reisinger-kornprat.at/de/service/steuernews_f%C3%BCr_%C3%A4rzte/ | https://www.reisinger-kornprat.at/de/service/steuernews_f%C3%BCr_%C3%A4rzte/herbst_2026/mitarbeiterpraemienregelung_2026_beschlossen/ | https://www.reisinger-kornprat.at/de/service/steuernews_f%C3%BCr_klienten/ | https://www.reisinger-kornprat.at/de/service/steuernews_f%C3%BCr_klienten/september_2026/digitalisierungsfoerderung_fuer_kmu/ | https://www.reisinger-kornprat.at/de/service/steuernews_f%C3%BCr_klienten/september_2026/eu_entgelttransparenzrichtlinie_neue_verpflichtungen_fuer_arbeitgeber/ | https://www.reisinger-kornprat.at/de/service/steuernews_f%C3%BCr_klienten/september_2026/sachbezug_kuenftig_auch_fuer_elektroautos/ | https://www.reisinger-kornprat.at/de/service/steuernews_f%C3%BCr_klienten/september_2026/umfassende_aenderungen_im_doppelbesteuerungsabkommen_mit_der_schweiz/ | https://www.reisinger-kornprat.at/de/service/steuernews_f%C3%BCr_klienten/september_2026/welche_zahlungen_unterliegen_der_abzugsteuer_/ | https://www.reisinger-kornprat.at/de/service/steuernews_f%C3%BCr_klienten/september_2026/welcher_einkunftsart_unterliegt_die_kurzfristige_touristische_vermietung_/ | https://www.reisinger-kornprat.at/de/service/steuernews_f%C3%BCr_klienten/september_2026/zeitpunkt_der_gebaeudeabschreibung_bei_einer_vermietung_und_verpachtung_nach_generalsanierung/ | https://www.reisinger-kornprat.at/index_ger.html,karin.reisinger@reisinger-kornprat.at,named_context_email,70,Englisch Dr,https://www.reisinger-kornprat.at/de/kanzlei/%C3%BCber_uns/,,
domain:gaedke.co.at,Gaedke & Partner Steuerberatung GmbH,gaedke.co.at,http://www.gaedke.co.at,klaus.gaedke@gaedke.co.at | wien@gaedke.co.at | graz@gaedke.co.at | hartberg@gaedke.co.at | leibnitz@gaedke.co.at,+43 316 32 79 41 0 | +43 316 32 79 41 2 | +43 676 8 455 68 15 | +43 316 327 941-0 | +43 3335 411 44 118 | +43 3452 72002 32 | +43 3452 72002 35,"Graz Gemeinde: Graz Bezirk Graz(Stadt) +43 316 32 79 41 0 +4 | Wien Gemeinde: Wien Wien 1.,Innere Stadt +43 676 8 455 68 15 | Werndorf Gemeinde: Werndorf Bezirk Graz-Umgebung +43 316 327 | Hartberg Gemeinde: Hartberg Bezirk Hartberg-Fürstenfeld +43 | Gralla Gemeinde: Gralla Bezirk Leibnitz +43 3452 72002 32 +4",3,5,5,Gaedke & Partner Steuerberatung GmbH | Gaedke Steuerberatung GmbH | Gaedke & Neukirchner Steuerberatung GmbH,https://ksw.or.at/mitgliederverzeichnis/?tx_kswmembers_membersdirectory%5Bcontroller%5D=MembersDirectory&tx_kswmembers_membersdirectory%5BcurrentPage%5D=463 | https://ksw.or.at/mitgliederverzeichnis/?tx_kswmembers_membersdirectory%5Bcontroller%5D=MembersDirectory&tx_kswmembers_membersdirectory%5BcurrentPage%5D=407 | https://ksw.or.at/mitgliederverzeichnis/?tx_kswmembers_membersdirectory%5Bcontroller%5D=MembersDirectory&tx_kswmembers_membersdirectory%5BcurrentPage%5D=63 | https://ksw.or.at/mitgliederverzeichnis/?tx_kswmembers_membersdirectory%5Bcontroller%5D=MembersDirectory&tx_kswmembers_membersdirectory%5BcurrentPage%5D=177 | https://ksw.or.at/mitgliederverzeichnis/?tx_kswmembers_membersdirectory%5Bcontroller%5D=MembersDirectory&tx_kswmembers_membersdirectory%5BcurrentPage%5D=214,1,CONFIRMED_30_PLUS,HIGH,45,45,official explicit employee count,45: er Übergabe – Ihnen allen bieten wir anspruchsvolle Beratungsleistungen. Branchenvielfalt Mehr als 45 Mitarbeiter betreuen Unternehmen und Institutionen jeder Rechtsform aus allen ,0,5,0,,,,https://gaedke.co.at/ | https://gaedke.co.at/unsere-standorte/ | https://gaedke.co.at/unternehmensnachfolge-betriebsaufgabe/ | https://gaedke.co.at/kfz-im-unternehmen/ | https://gaedke.co.at/unternehmensbewertung/ | https://gaedke.co.at/kauf-und-verkauf-von-unternehmen/ | https://gaedke.co.at/kmu-kleinere-und-mittlere-unternehmen/ | https://gaedke.co.at/grosse-unternehmen/,PRIOR_STAGE2_CANDIDATE;KSW_LISTINGS_3_PLUS;LOCATIONS_3_PLUS;LEGAL_ENTITIES_2_PLUS,VERIFY_PRIOR,CONFIRMED_30_PLUS,45,,AUSTRIA_GROUP,HIGH,Official Austrian company/group page states approximately or explicitly 45 employees.,https://gaedke.co.at/,Official site employee statement around 45.,Official-site employee statement is sufficient for a 30+ lower bound.,SINGLE,1,domain:gaedke.co.at,Gaedke & Partner Steuerberatung GmbH,SINGLE_GROUP,CONFIRMED_20_PLUS,KSW,,,,,,,,,,,,Steuerberater Graz [Partner]; Werndorf Graz Leibnitz Hartberg [Partner]; Ihrer Seite [Partner]; Kundenportal Kontaktformular Karriere Weitere [Partner]; Service Center Download Presse [Partner]; Graz Elisabethstraße [Partner]; Graz Telefon [Partner]; Eine Übertragung [Management]; Ihre Ansprechpartner Mag [Partner]; StB Weitere Themen [Partner],,unresolved,Ownership/control layer was not safely established from public evidence; operational management is retained where verified.,UNRESOLVED,Berufe Freie Berufe Vermiete; Branchen Neugründer; Controlling Antworten,Management; Partner; Partner,MEDIUM_HIGH,https://gaedke.co.at/ | https://gaedke.co.at/ | https://gaedke.co.at/ | https://gaedke.co.at/ | https://gaedke.co.at/ | https://gaedke.co.at/ | https://gaedke.co.at/ | https://gaedke.co.at/unternehmensnachfolge-betriebsaufgabe/,No ownership was inferred from surname. Unknown share percentages remain null. For international/network firms the Austrian operational leadership is preferred over a global parent.,,central_fallback,20,,https://gaedke.co.at/,,generic_fallback,30,,https://gaedke.co.at/,26082026,graz@gaedke.co.at
domain:heissenberger.co.at,Heissenberger Steuerberatungs GmbH,heissenberger.co.at,http://www.heissenberger.co.at,office@heissenberger.co.at | p.heissenberger@heissenberger.co.at,+43 2236 44 979 20 | +43 2236 44 979 29 | +43 2236 44979 30 | +43 2236 44 979 39 | +43 2236 44 979 21,Maria Enzersdorf Gemeinde: Maria Enzersdorf Bezirk Mödling + | Baden Gemeinde: Baden Bezirk Baden +43 2236 44 979 21 office,1,2,2,Heissenberger Steuerberatungs GmbH,https://ksw.or.at/mitgliederverzeichnis/?tx_kswmembers_membersdirectory%5Bcontroller%5D=MembersDirectory&tx_kswmembers_membersdirectory%5BcurrentPage%5D=85 | https://ksw.or.at/mitgliederverzeichnis/?tx_kswmembers_membersdirectory%5Bcontroller%5D=MembersDirectory&tx_kswmembers_membersdirectory%5BcurrentPage%5D=61,1,CONFIRMED_30_PLUS,HIGH,60,60,official explicit employee count,"60: lau ansässigen Best-Practice-Kanzlei Pfeilgrau Steuerberatung GmbH ins Leben gerufen. Die rund 60 Mitarbeiter:innen des Netzwerks arbeiten in den Bereichen Steuerberatung, Buchhalt",0,0,7,,,,https://www.heissenberger.co.at/ | https://www.heissenberger.co.at/at/kanzlei/ansprechpartner/index.html | https://www.heissenberger.co.at/at/kanzlei/pfeilgrau_netzwerk/index.html | https://www.heissenberger.co.at/at/kanzlei/impressum/index.html | https://www.heissenberger.co.at/at/karriere/offene_stellen/index.html | https://www.heissenberger.co.at/at/karriere/online_bewerben/index.html | https://www.heissenberger.co.at/at/service/unternehmensgruendung/index.html | https://www.heissenberger.co.at/at/news/kanzleinews/j%C3%A4nner_2021/normverbrauchsabgabe_erh%C3%B6hung_bzw_wegfall_von_befreiungen_ab_2021/index.html,PRIOR_STAGE2_CANDIDATE;JOB_LINKS_3_PLUS,VERIFY_PRIOR,CONFIRMED_30_PLUS,60,,AUSTRIA_LEGAL_ENTITY,HIGH,Official Austrian company/group page states approximately or explicitly 60 employees.,https://www.heissenberger.co.at/at/kanzlei/pfeilgrau_netzwerk/index.html,Official site employee statement around 60.,Official-site employee statement is sufficient for a 30+ lower bound.,SINGLE,1,domain:heissenberger.co.at,Heissenberger Steuerberatungs GmbH,SINGLE_GROUP,CONFIRMED_20_PLUS,KSW,,,,,,,,,,,,Karriere Offene Stellen Online [Partner]; Gründungsberatung Service Buchhaltungsautomatisierung Webshop-Beratung [Partner]; Seit Jänner [Geschäftsführer]; Beratung Buchhaltung Lohnverrechnung Ste [Partner]; Kanzleinews Anmeldung [Partner]; Ansprechpartner Mag [Partner]; Berechnen Sie [Partner]; Gehaltsveränderungen Ihrer Mitarbeiter [Partner]; Ihre Kosten [Partner]; Zyklische Fachschulungen [Geschäftsführer],Seit Jänner (); Firmensitz Wienerbruckstraße (); Maria Enzersdorf Südstadt Firmenbuch-Nummer (); Firmenbuch-Gericht Landesgericht Wr (); Neustadt DVR (),Seit Jänner; Firmensitz Wienerbruckstraße; Maria Enzersdorf Südstadt Firmenbuch-Nummer; Firmenbuch-Gericht Landesgericht Wr,"Public sources identify owner/shareholder names, but complete share percentages were not safely established.",PARTNER_OWNED,Seit Jänner; Firmensitz Wienerbruckstraße,Owner/Gesellschafter; Owner/Gesellschafter,MEDIUM_HIGH,https://www.heissenberger.co.at/ | https://www.heissenberger.co.at/ | https://www.heissenberger.co.at/at/kanzlei/ansprechpartner/index.html | https://www.heissenberger.co.at/at/kanzlei/ansprechpartner/index.html | https://www.heissenberger.co.at/at/kanzlei/ansprechpartner/index.html | https://www.heissenberger.co.at/at/kanzlei/ansprechpartner/index.html | https://www.heissenberger.co.at/at/kanzlei/ansprechpartner/index.html | https://www.heissenberger.co.at/at/kanzlei/ansprechpartner/index.html | https://www.heissenberger.co.at/at/kanzlei/ansprechpartner/index.html | https://www.heissenberger.co.at/at/kanzlei/impressum/index.html | https://www.heissenberger.co.at/at/kanzlei/impressum/index.html | https://www.heissenberger.co.at/at/kanzlei/impressum/index.html | https://www.heissenberger.co.at/at/kanzlei/impressum/index.html,No ownership was inferred from surname. Unknown share percentages remain null. For international/network firms the Austrian operational leadership is preferred over a global parent.,+4322364497920,mobile_public,108,Firmensitz Wienerbruckstraße,https://www.heissenberger.co.at/ | https://www.heissenberger.co.at/at/kanzlei/ansprechpartner/index.html | https://www.heissenberger.co.at/at/kanzlei/impressum/index.html | https://www.heissenberger.co.at/at/kanzlei/pfeilgrau_netzwerk/index.html | https://www.heissenberger.co.at/at/karriere/offene_stellen/bilanzbuchhalter_in_m_w_d_teil_oder_vollzeit_e215440/index.html | https://www.heissenberger.co.at/at/karriere/offene_stellen/buchhalter_in_m_w_d_teil_oder_vollzeit_e215441/index.html | https://www.heissenberger.co.at/at/karriere/offene_stellen/index.html | https://www.heissenberger.co.at/at/karriere/offene_stellen/steuerassistenz_lehrberuf_m_w_d__e216001/index.html | https://www.heissenberger.co.at/at/karriere/online_bewerben/index.html | https://www.heissenberger.co.at/at/kontakt/index.html | https://www.heissenberger.co.at/at/news/anmeldung_zum_newsletter/index.html | https://www.heissenberger.co.at/at/news/kanzleinews/j%C3%A4nner_2021/normverbrauchsabgabe_erh%C3%B6hung_bzw_wegfall_von_befreiungen_ab_2021/index.html | https://www.heissenberger.co.at/at/news/kanzleinews/juli_2020/non_profit_organisation_unterst%C3%BCtzungsfonds/index.html | https://www.heissenberger.co.at/at/news/steuernews_fuer_klienten/september_2026/digitalisierungsfoerderung_fuer_kmu/index.html | https://www.heissenberger.co.at/at/news/steuernews_fuer_klienten/september_2026/sachbezug_kuenftig_auch_fuer_elektroautos/index.html | https://www.heissenberger.co.at/at/news/steuernews_fuer_klienten/september_2026/umfassende_aenderungen_im_doppelbesteuerungsabkommen_mit_der_schweiz/index.html | https://www.heissenberger.co.at/at/news/steuernews_fuer_klienten/september_2026/welche_zahlungen_unterliegen_der_abzugsteuer_/index.html | https://www.heissenberger.co.at/at/news/steuernews_fuer_klienten/september_2026/welcher_einkunftsart_unterliegt_die_kurzfristige_touristische_vermietung_/index.html | https://www.heissenberger.co.at/at/news/steuernews_fuer_klienten/september_2026/zeitpunkt_der_gebaeudeabschreibung_bei_einer_vermietung_und_verpachtung_nach_generalsanierung/index.html | https://www.heissenberger.co.at/at/service/unternehmensgruendung/index.html,a.koch@heissenberger.co.at,named_context_email,78,Firmensitz Wienerbruckstraße,https://www.heissenberger.co.at/at/karriere/offene_stellen/bilanzbuchhalter_in_m_w_d_teil_oder_vollzeit_e215440/index.html | https://www.heissenberger.co.at/at/karriere/offene_stellen/buchhalter_in_m_w_d_teil_oder_vollzeit_e215441/index.html | https://www.heissenberger.co.at/at/karriere/offene_stellen/steuerassistenz_lehrberuf_m_w_d__e216001/index.html,,
domain:ke-steuerberatung.at,ke steuerberatungsgmbh,ke-steuerberatung.at,http://www.ke-steuerberatung.at,kenneth.etzer@ke-steuerberatung.at,+43 664 911 0 211 | +43 662 62 00 16 0 | +43 662 62 00 16 420 | +43 664 9110211,Salzburg Gemeinde: Salzburg Bezirk Salzburg(Stadt) +43 664 9,1,1,1,ke steuerberatungsgmbh,https://ksw.or.at/mitgliederverzeichnis/?tx_kswmembers_membersdirectory%5Bcontroller%5D=MembersDirectory&tx_kswmembers_membersdirectory%5BcurrentPage%5D=483,1,CONFIRMED_20_29,HIGH,25,25,official team/profile lower bound,,25,13,1,,,,https://www.ke-steuerberatung.at/ | https://www.ke-steuerberatung.at/de/kanzlei/adresse_und_anfahrt/ | https://www.ke-steuerberatung.at/de/kanzlei/team/ | https://www.ke-steuerberatung.at/de/kanzlei/kontakt/ | https://www.ke-steuerberatung.at/de/kanzlei/bildergalerie/ | https://www.ke-steuerberatung.at/de/kanzlei/das_sagen_unsere_klienten/ | https://www.ke-steuerberatung.at/de/kanzlei/unsere_partner/ | https://www.ke-steuerberatung.at/net/,PRIOR_STAGE2_CANDIDATE;TEAM_PROFILES_10_PLUS;TEAM_EMAILS_10_PLUS,VERIFY_PRIOR,CONFIRMED_20_PLUS,25,,AUSTRIA_LEGAL_ENTITY,HIGH,Official site provides a direct staff lower bound of at least 25.,https://www.ke-steuerberatung.at/,Official site exposes at least 25 distinct staff profiles/personal company-domain emails.,Staff-page lower bound proves 20+ but not 30+ unless count reaches 30.,SINGLE,1,domain:ke-steuerberatung.at,ke steuerberatungsgmbh,SINGLE_GROUP,CONFIRMED_20_PLUS,KSW,,,,,,,,,,,,Netz Leistungen Service Digitalisierung [Partner]; News Steuernews [Partner]; Klienten Gastronews Steuernews Vlog [Partner]; Newsletter Karriere Seitenbereiche [Partner]; Newsletter Karriere In [Partner]; Sie Hilfe [Partner]; Ihrer Lohnverrechnung [Partner]; Kontaktieren Sie [Geschäftsführer]; Sie Ihre [Geschäftsführer]; Positionsanzeige Sie [Partner],,unresolved,Ownership/control layer was not safely established from public evidence; operational management is retained where verified.,UNRESOLVED,Kontaktieren Sie; Sie Ihre; Finmatics Software,Geschäftsführer; Geschäftsführer; Management,MEDIUM_HIGH,https://www.ke-steuerberatung.at/ | https://www.ke-steuerberatung.at/ | https://www.ke-steuerberatung.at/ | https://www.ke-steuerberatung.at/ | https://www.ke-steuerberatung.at/ | https://www.ke-steuerberatung.at/ | https://www.ke-steuerberatung.at/ | https://www.ke-steuerberatung.at/de/kanzlei/team/,No ownership was inferred from surname. Unknown share percentages remain null. For international/network firms the Austrian operational leadership is preferred over a global parent.,,central_context,28,Kontaktieren Sie,https://www.ke-steuerberatung.at/ | https://www.ke-steuerberatung.at/de/kanzlei/adresse_und_anfahrt/ | https://www.ke-steuerberatung.at/de/kanzlei/bildergalerie/ | https://www.ke-steuerberatung.at/de/kanzlei/das_sagen_unsere_klienten/ | https://www.ke-steuerberatung.at/de/kanzlei/impressum/index.html | https://www.ke-steuerberatung.at/de/kanzlei/unsere_partner/ | https://www.ke-steuerberatung.at/de/news/gastronews/ | https://www.ke-steuerberatung.at/de/news/gastronews/fr%C3%BChling_2026/erhoehtes_saisonkontingent_in_der_gastronomie_und_hotellerie_nutzen/ | https://www.ke-steuerberatung.at/de/news/gastronews/fr%C3%BChling_2026/fuer_welche_beschaeftigten_gelten_die_neuen_trinkgeldpauschalen_im_hotel__und_gastgewerbe_/ | https://www.ke-steuerberatung.at/de/news/gastronews/fr%C3%BChling_2026/gilt_die_neue_hitzeschutzverordnung_auch_im_bereich_der_gastronomie_/ | https://www.ke-steuerberatung.at/de/news/newsletter/ | https://www.ke-steuerberatung.at/de/news/steuernews_f%C3%BCr_klienten/ | https://www.ke-steuerberatung.at/de/news/steuernews_f%C3%BCr_klienten/index.html | https://www.ke-steuerberatung.at/de/news/steuernews_f%C3%BCr_klienten/september_2026/sachbezug_kuenftig_auch_fuer_elektroautos/ | https://www.ke-steuerberatung.at/de/news/steuernews_f%C3%BCr_klienten/september_2026/umfassende_aenderungen_im_doppelbesteuerungsabkommen_mit_der_schweiz/ | https://www.ke-steuerberatung.at/de/news/steuernews_f%C3%BCr_klienten/september_2026/zeitpunkt_der_gebaeudeabschreibung_bei_einer_vermietung_und_verpachtung_nach_generalsanierung/ | https://www.ke-steuerberatung.at/de/news/steuernews_vlog/,doris.etzer@ke-steuerberatung.at,named_context_email,70,Kontaktieren Sie,https://www.ke-steuerberatung.at/de/kanzlei/team/,,
domain:acc-beratung.at,MAGMA Steuerberatung GmbH,acc-beratung.at,http://www.acc-beratung.at,office@maschinegg.at | p.maschinegg@maschinegg.at | mario.adam@acc-beratung.at | office@acc-beratung.at | einschwanger@acc-beratung.at | gebetsroither@acc-beratung.at,+43 664 438 10 70 | +43 3452 85 90 6 4 | +43 3452 859 06 | +43 664 181 95 61 | +43 3452 859 06 4 | +43 650 46 18 222 | +43 7672 72 885 10 | +43 7672 728 85 0 | +43 7672 728 85 10 | +43 7672 72 885 0 | +43 7672 72 885,Leibnitz Gemeinde: Leibnitz Bezirk Leibnitz +43 664 438 10 7 | Vornbuch Gemeinde: Vöcklabruck Bezirk Vöcklabruck +43 650 46 | Vornbuch Gemeinde: Vöcklabruck Bezirk Vöcklabruck +43 7672 7,4,5,5,MAGMA Steuerberatung GmbH | ACC Steuerberatung GmbH | EGB Steuerberatung GmbH | ACC Steuerberatung GmbH & Co KG,https://ksw.or.at/mitgliederverzeichnis/?tx_kswmembers_membersdirectory%5Bcontroller%5D=MembersDirectory&tx_kswmembers_membersdirectory%5BcurrentPage%5D=98 | https://ksw.or.at/mitgliederverzeichnis/?tx_kswmembers_membersdirectory%5Bcontroller%5D=MembersDirectory&tx_kswmembers_membersdirectory%5BcurrentPage%5D=453 | https://ksw.or.at/mitgliederverzeichnis/?tx_kswmembers_membersdirectory%5Bcontroller%5D=MembersDirectory&tx_kswmembers_membersdirectory%5BcurrentPage%5D=358 | https://ksw.or.at/mitgliederverzeichnis/?tx_kswmembers_membersdirectory%5Bcontroller%5D=MembersDirectory&tx_kswmembers_membersdirectory%5BcurrentPage%5D=185 | https://ksw.or.at/mitgliederverzeichnis/?tx_kswmembers_membersdirectory%5Bcontroller%5D=MembersDirectory&tx_kswmembers_membersdirectory%5BcurrentPage%5D=240,1,CONFIRMED_20_29,HIGH,26,26,official team/profile lower bound,,18,26,1,,,,https://www.acc-beratung.at/index_ger.html | https://www.acc-beratung.at/de/kanzlei/adresse_und_anfahrt/ | https://www.acc-beratung.at/de/kanzlei/ansprechpartner/ | https://www.acc-beratung.at/de/kanzlei/kanzlei_videos/ | https://www.acc-beratung.at/de/kanzlei/kontakt/ | https://www.acc-beratung.at/de/kanzlei/kanzlei_im_netz/ | https://www.acc-beratung.at/de/kanzlei/mitarbeiterstimmen/ | https://www.acc-beratung.at/de/kanzlei/karriere/ | https://www.bing.com/ck/a?!&&p=7188b860f13357cf0f299664c869b4983bc4b719c92ed9a527d760be6c5b88ebJmltdHM9MTc4ODA0ODAwMA&ptn=3&ver=2&hsh=4&fclid=05d4dfb1-d895-6627-2883-c874d96867e5&u=a1aHR0cHM6Ly9tYWdtYS5naXRodWIuaW8vbWFnbWEvaGVscA&ntb=1 | https://www.bing.com/ck/a?!&&p=998dcb5cd3b24b3306ca8c67b853add2433cdffa6db73caa8f3203a232c69fbbJmltdHM9MTc4ODA0ODAwMA&ptn=3&ver=2&hsh=4&fclid=05d4dfb1-d895-6627-2883-c874d96867e5&u=a1aHR0cHM6Ly9tYWdtYS5naXRodWIuaW8vbWFnbWEvZG9jcy9iYXNpY3MvaW50cm9kdWN0aW9uLmh0bWw&ntb=1 | https://www.bing.com/ck/a?!&&p=2a6cc6d65fafa2cb39c21b65aff0e21af3e3b6c8b3919ac37f54e5583b6bcb36JmltdHM9MTc4ODA0ODAwMA&ptn=3&ver=2&hsh=4&fclid=05d4dfb1-d895-6627-2883-c874d96867e5&u=a1aHR0cHM6Ly9tYnVob3QuZ2l0aHViLmlvL21hZ21hL3JlYWRtZS5odG1s&ntb=1 | https://www.bing.com/ck/a?!&&p=13ad38e32fbe1898ebae13ed58c8f0b3223ddd2922464fd46ac0032452e0ed30JmltdHM9MTc4ODA0ODAwMA&ptn=3&ver=2&hsh=4&fclid=05d4dfb1-d895-6627-2883-c874d96867e5&u=a1aHR0cHM6Ly90b3JjaC1jb25zb3J0aXVtLmdpdGh1Yi5pby9NQUdNQS91c2FnZS5odG1s&ntb=1 | https://www.bing.com/ck/a?!&&p=751d351a06561117e64ef7794ff82e4938961f2160ffe039a808d1512b1eb3feJmltdHM9MTc4ODA0ODAwMA&ptn=3&ver=2&hsh=4&fclid=05d4dfb1-d895-6627-2883-c874d96867e5&u=a1aHR0cHM6Ly9tZ3VubG9nc29uLmdpdGh1Yi5pby9tYWdtYS8&ntb=1 | https://www.bing.com/ck/a?!&&p=5e1a99ade4a4654792a233c5521b65c5fa79a110108195f6890f2eaf63d83723JmltdHM9MTc4ODA0ODAwMA&ptn=3&ver=2&hsh=4&fclid=05d4dfb1-d895-6627-2883-c874d96867e5&u=a1aHR0cHM6Ly9taWNyb3NvZnQuZ2l0aHViLmlvL01hZ21hLw&ntb=1 | https://www.bing.com/ck/a?!&&p=ef281531eb0b86a6fb6305939f149521170ddb23cdb0250f822640dbd976128fJmltdHM9MTc4ODA0ODAwMA&ptn=3&ver=2&hsh=4&fclid=05d4dfb1-d895-6627-2883-c874d96867e5&u=a1aHR0cHM6Ly9uZXVyb2dlbm9taWNzLmdpdGh1Yi5pby9NQUdNQV9DZWxsdHlwaW5nL3JlZmVyZW5jZS9tYWdtYV9pbnN0YWxsLmh0bWw&ntb=1 | https://www.bing.com/ck/a?!&&p=2c91e8c131aae6b859107f1ec619c104b01b9e7eca0152e1523cee8a490a37b5JmltdHM9MTc4ODA0ODAwMA&ptn=3&ver=2&hsh=4&fclid=05d4dfb1-d895-6627-2883-c874d96867e5&u=a1aHR0cHM6Ly94c2RrLXByb2plY3QuZ2l0aHViLmlvL01hdGhQYWNrYWdlc1RyYWluaW5nMjAyNS9wYWNrYWdlcy9tYWdtYS9vdmVydmlldy5wZGY&ntb=1 | https://www.bing.com/ck/a?!&&p=037ce3acc9a4fdefe6a009462bba57a97d864539e5a70465806f591bf699d1afJmltdHM9MTc4ODA0ODAwMA&ptn=3&ver=2&hsh=4&fclid=05d4dfb1-d895-6627-2883-c874d96867e5&u=a1aHR0cHM6Ly9uZXVyb2dlbm9taWNzLmdpdGh1Yi5pby9NQUdNQV9DZWxsdHlwaW5nL2FydGljbGVzL01BR01BLkNlbGx0eXBpbmcuaHRtbA&ntb=1 | https://www.bing.com/ck/a?!&&p=3c9b93e1a413b87a7a2c402180715c427c11a41d22934712866aa8c9e55d0b79JmltdHM9MTc4ODA0ODAwMA&ptn=3&ver=2&hsh=4&fclid=05d4dfb1-d895-6627-2883-c874d96867e5&u=a1aHR0cHM6Ly9qb3NlY2FzdGlsbG9sZW1hLmdpdGh1Yi5pby9lZHgtbWFnbWEv&ntb=1 | https://www.bing.com/ck/a?!&&p=9b8e90b9a2a608e95e3bb648d201a62d99a5c27b62ef648705d3f85a3035d127JmltdHM9MTc4ODA0ODAwMA&ptn=3&ver=2&hsh=4&fclid=183bb6c9-8a93-6a6e-3a87-a10c8b176b69&u=a1aHR0cHM6Ly9tYWdtYS5naXRodWIuaW8vbWFnbWEvaGVscA&ntb=1 | https://www.bing.com/ck/a?!&&p=1709c7f5a4cc47fac9aea8d9891a694f28763fbd2b19c4b614bcc3dc86113ce6JmltdHM9MTc4ODA0ODAwMA&ptn=3&ver=2&hsh=4&fclid=183bb6c9-8a93-6a6e-3a87-a10c8b176b69&u=a1aHR0cHM6Ly9tYWdtYS5naXRodWIuaW8vbWFnbWEvZG9jcy9iYXNpY3MvaW50cm9kdWN0aW9uLmh0bWw&ntb=1,PRIOR_STAGE2_CANDIDATE;TEAM_PROFILES_10_PLUS;TEAM_EMAILS_10_PLUS;KSW_LISTINGS_3_PLUS;LOCATIONS_3_PLUS;LEGAL_ENTITIES_2_PLUS,VERIFY_PRIOR,CONFIRMED_20_PLUS,24,,AUSTRIA_GROUP,HIGH,Official site provides a direct staff lower bound of at least 24.,https://www.acc-beratung.at/index_ger.html,Official site exposes at least 24 distinct staff profiles/personal company-domain emails.,Staff-page lower bound proves 20+ but not 30+ unless count reaches 30.,SINGLE,1,domain:acc-beratung.at,MAGMA Steuerberatung GmbH,SINGLE_GROUP,CONFIRMED_20_PLUS,KSW,,,,,,,,,,,,Service Unternehmensgründung Rechtsformgestaltung Buchhaltung [Partner]; Johann Wolfgang [Partner]; Vöcklabruck Details [Kanzleileitung]; Beratung Bilanz [Partner]; ACC-Portal Positionsanzeige Sie [Partner]; Ansprechpartner Inhalt Ansprechpartner Mag [Kanzleileitung]; Vöcklabruck Detail [Kanzleileitung]; Eva Gebetsroither-Bl [Partner]; Eva Gebetsroither-Blaschek Partnerin [Partner]; Anna Bob [Management],Alexander Einschwanger Mag (); Eva Gebetsroither-Blaschek Persönlich (); Mario Adam (); Alexander Einschwanger (33.33); Eva Gebetsroither-Blaschek (33.33); Vöcklabruck FN (33.33); Blaschek Persönlich (); Einschwanger Steue (); Gebetsroither-Blaschek Persönlich haftender Gesellschafter (33.33); Eva Gebetsroither-Blaschek Beteiligungsverhältnisse Mag (33.33),Alexander Einschwanger; Eva Gebetsroither-Blaschek; Vöcklabruck FN; Gebetsroither-Blaschek Persönlich haftender Gesellschafter; Eva Gebetsroither-Blaschek Beteiligungsverhältnisse Mag,"Public sources identify material individual shareholders: Alexander Einschwanger 33.33%, Eva Gebetsroither-Blaschek 33.33%, Vöcklabruck FN 33.33%, Gebetsroither-Blaschek Persönlich haftender Gesellschafter 33.33%, Eva Gebetsroither-Blaschek Beteiligungsverhältnisse Mag 33.33%.",PARTNER_OWNED,Alexander Einschwanger; Eva Gebetsroither-Blaschek; Vöcklabruck FN,Owner/Gesellschafter; Owner/Gesellschafter; Owner/Gesellschafter,HIGH,https://www.acc-beratung.at/index_ger.html | https://www.acc-beratung.at/de/kanzlei/adresse_und_anfahrt/ | https://www.acc-beratung.at/de/kanzlei/ansprechpartner/ | https://www.acc-beratung.at/de/kanzlei/ansprechpartner/ | https://www.acc-beratung.at/de/kanzlei/ansprechpartner/ | https://www.acc-beratung.at/de/kanzlei/ansprechpartner/ | https://www.acc-beratung.at/de/kanzlei/ansprechpartner/ | https://www.acc-beratung.at/de/kanzlei/ansprechpartner/ | https://www.acc-beratung.at/de/kanzlei/impressum/ | https://www.acc-beratung.at/de/kanzlei/impressum/ | https://www.acc-beratung.at/de/kanzlei/impressum/ | https://www.acc-beratung.at/de/kanzlei/impressum/ | https://www.acc-beratung.at/de/kanzlei/impressum/ | https://www.acc-beratung.at/de/kanzlei/impressum/ | https://www.acc-beratung.at/de/kanzlei/impressum/ | https://www.acc-beratung.at/de/kanzlei/impressum/,No ownership was inferred from surname. Unknown share percentages remain null. For international/network firms the Austrian operational leadership is preferred over a global parent.,,,,,,,,,,,,
domain:steuer-kitz.com,Obermoser + Partner Steuerberatungs GmbH,steuer-kitz.com,http://www.steuer-kitz.com,verwaltung@steuer-kitz.com | christine.farbmacher@steuer-kitz.com | anita.flatscher@steuer-kitz.com,+43 5332 26200 | +43 5332 26200 30 | +43 5356 75443 25 | +43 5356 75443 30 | +43 5356 75 443 | +43 5356 75 443 30 | +43 5356 75 44 3,Kirchbichl Gemeinde: Kirchbichl Bezirk Kufstein +43 5332 262 | Kitzbühel Gemeinde: Kitzbühel Bezirk Kitzbühel +43 5356 75 4,2,3,3,Obermoser + Partner Steuerberatungs GmbH | ECO Steuerberatungs GmbH,https://ksw.or.at/mitgliederverzeichnis/?tx_kswmembers_membersdirectory%5Bcontroller%5D=MembersDirectory&tx_kswmembers_membersdirectory%5BcurrentPage%5D=25 | https://ksw.or.at/mitgliederverzeichnis/?tx_kswmembers_membersdirectory%5Bcontroller%5D=MembersDirectory&tx_kswmembers_membersdirectory%5BcurrentPage%5D=448 | https://ksw.or.at/mitgliederverzeichnis/?tx_kswmembers_membersdirectory%5Bcontroller%5D=MembersDirectory&tx_kswmembers_membersdirectory%5BcurrentPage%5D=83,1,CONFIRMED_20_29,HIGH,29,29,official team/profile lower bound,,1,29,1,,,,https://www.steuer-kitz.com/ | https://www.steuer-kitz.com/team/ | https://www.steuer-kitz.com/karriere/,PRIOR_STAGE2_CANDIDATE;TEAM_EMAILS_10_PLUS;KSW_LISTINGS_3_PLUS;LOCATIONS_3_PLUS;LEGAL_ENTITIES_2_PLUS,VERIFY_PRIOR,CONFIRMED_20_PLUS,29,,AUSTRIA_GROUP,HIGH,Official site provides a direct staff lower bound of at least 29.,https://www.steuer-kitz.com/,Official site exposes at least 29 distinct staff profiles/personal company-domain emails.,Staff-page lower bound proves 20+ but not 30+ unless count reaches 30.,SINGLE,1,domain:steuer-kitz.com,Obermoser + Partner Steuerberatungs GmbH,SINGLE_GROUP,CONFIRMED_20_PLUS,KSW,,,,,,,,,,,,Klientenportal Termin [Partner]; Ihrem Weg [Partner]; Erreichung Ihrer [Partner]; Ihre Vorteile [Partner]; Kirchbichl Wir [Partner]; Steuerliche Vertretung Transparenz [Partner]; Verständlichkeit Fragen [Partner]; Sie Fragen [Partner]; Sie Antworten [Partner]; Ihre Steuerbelastung [Partner],,unresolved,Ownership/control layer was not safely established from public evidence; operational management is retained where verified.,UNRESOLVED,Sebastian Mühlegger; Alle Angaben; Erreichung Ihrer,Geschäftsführung; Management; Partner,MEDIUM_HIGH,https://www.steuer-kitz.com/ | https://www.steuer-kitz.com/ | https://www.steuer-kitz.com/ | https://www.steuer-kitz.com/ | https://www.steuer-kitz.com/ | https://www.steuer-kitz.com/ | https://www.steuer-kitz.com/ | https://www.steuer-kitz.com/,No ownership was inferred from surname. Unknown share percentages remain null. For international/network firms the Austrian operational leadership is preferred over a global parent.,,central_fallback,20,,https://www.steuer-kitz.com/,rudolf.obermoser@steuer-kitz.com,named_context_email,70,Sebastian Mühlegger,https://www.steuer-kitz.com/team/,+43535675443,
domain:westtreuhand.at,Westtreuhand Wirtschaftsprüfungs- und Steuerberatungsgesellschaft m.b.H.,westtreuhand.at,http://www.westtreuhand.at,office@westtreuhand.at | j.marsoner@marsoner.at | w.tschapeller@marsoner.at | dominik.haeusler@gmail.com,+43 512 57 59 00 | +43 512 57 59 00 11 | +43 664 505 34 12,Wilten Gemeinde: Innsbruck Bezirk Innsbruck-Stadt +43 512 57,1,1,1,Westtreuhand Wirtschaftsprüfungs- und Steuerberatungsgesellschaft m.b.H.,https://ksw.or.at/mitgliederverzeichnis/?tx_kswmembers_membersdirectory%5Bcontroller%5D=MembersDirectory&tx_kswmembers_membersdirectory%5BcurrentPage%5D=313,1,CONFIRMED_30_PLUS,HIGH,70,70,official explicit employee count,70: weile ist die marsoner + partner weiter gewachsen. Sie besteht zurzeit aus 7 Partnern und rund 70 Mitarbeiterinnen und Mitarbeitern. Mag. Johannes Marsoner und Mag. Werner Tschapel,0,1,0,,,,https://www.westtreuhand.at | https://www.westtreuhand.at/das-unternehmen | https://www.westtreuhand.at/team,PRIOR_STAGE2_CANDIDATE,VERIFY_PRIOR,CONFIRMED_30_PLUS,70,,AUSTRIA_LEGAL_ENTITY,HIGH,Official Austrian company/group page states approximately or explicitly 70 employees.,https://www.westtreuhand.at,Official site employee statement around 70.,Official-site employee statement is sufficient for a 30+ lower bound.,SINGLE,1,domain:westtreuhand.at,Westtreuhand Wirtschaftsprüfungs- und Steuerberatungsgesellschaft m.b.H.,SINGLE_GROUP,CONFIRMED_20_PLUS,KSW,,,,,,,,,,,,Innsbruck Herzlich [Partner]; Georg Regnemer [Partner]; Helmut Marsoner [Partner]; Johannes Marsoner [Partner]; Werner Tschapeller [Partner]; Ein Bonus [Partner]; Nutzen Sie [Partner]; Ihr Wirtschaftspartner [Partner]; Öffnungszeiten Montag [Management]; Als Geschäftsführerin [Geschäftsführer],Rechte Dritter (),Rechte Dritter,"Public sources identify owner/shareholder names, but complete share percentages were not safely established.",PARTNER_OWNED,Rechte Dritter,Owner/Gesellschafter,MEDIUM_HIGH,https://www.westtreuhand.at | https://www.westtreuhand.at | https://www.westtreuhand.at | https://www.westtreuhand.at | https://www.westtreuhand.at | https://www.westtreuhand.at | https://www.westtreuhand.at | https://www.westtreuhand.at | https://www.westtreuhand.at/impressum,No ownership was inferred from surname. Unknown share percentages remain null. For international/network firms the Austrian operational leadership is preferred over a global parent.,,central_fallback,20,,https://www.westtreuhand.at,,generic_fallback,30,,https://www.westtreuhand.at,+43512575900,office@westtreuhand.at
domain:adelsberger.co.at,Adelsberger & Thaler Steuerberatungsgesellschaft OG,adelsberger.co.at,http://www.adelsberger.co.at,kanzlei@adelsberger.co.at | martin.thaler@adelsberger.co.at,+43 5332 882 03 0 | +43 5332 882 03 20 | +43 5332 882 03,Kirchbichl Gemeinde: Kirchbichl Bezirk Kufstein +43 5332 882,2,2,2,Adelsberger & Thaler Steuerberatungsgesellschaft OG | Mag. Martin Thaler Steuerberatungsgesellschaft m.b.H.,https://ksw.or.at/mitgliederverzeichnis/?tx_kswmembers_membersdirectory%5Bcontroller%5D=MembersDirectory&tx_kswmembers_membersdirectory%5BcurrentPage%5D=109 | https://ksw.or.at/mitgliederverzeichnis/?tx_kswmembers_membersdirectory%5Bcontroller%5D=MembersDirectory&tx_kswmembers_membersdirectory%5BcurrentPage%5D=415,1,CONFIRMED_30_PLUS,HIGH,35,35,official team/profile lower bound,,35,5,1,,,,https://www.adelsberger.co.at/ | https://www.adelsberger.co.at/de/kanzlei/adresse_und_anfahrt/ | https://www.adelsberger.co.at/de/kanzlei/ansprechpartner/ | https://www.adelsberger.co.at/de/kanzlei/karriere/ | https://www.adelsberger.co.at/de/kanzlei/online_bewerben/ | https://www.adelsberger.co.at/de/kanzlei/impressum/ | https://www.adelsberger.co.at/de/servicecenter/unternehmensgruendung/,PRIOR_STAGE2_CANDIDATE;TEAM_PROFILES_10_PLUS;LEGAL_ENTITIES_2_PLUS,VERIFY_PRIOR,CONFIRMED_30_PLUS,35,,AUSTRIA_GROUP,HIGH,Official site provides a direct staff lower bound of at least 35.,https://www.adelsberger.co.at/,Official site exposes at least 35 distinct staff profiles/personal company-domain emails.,Staff-page lower bound alone proves 30+; no upper bound assumed.,SINGLE,1,domain:adelsberger.co.at,Adelsberger & Thaler Steuerberatungsgesellschaft OG,SINGLE_GROUP,CONFIRMED_20_PLUS,KSW,,,,,,,,,,,,Anfahrt Ansprechpartner Karriere Online [Partner]; Bilanzierung Onlinerechner Steuer-Rechner Sozialversicherungs-Rechner [Partner]; Unternavigation Adresse [Partner]; Zusatzinformationen Online-Rechner Chancen-Rechner Welche [Partner]; Sie Ih [Management]; Mitarbeiter Mag [Geschäftsführer]; Matthias Blösl Steuerberater Tel [Geschäftsführer]; Christine Wimmer Finanzbuchhaltung Tel [Geschäftsführung]; Rechner Aktuelles Steuernews [Partner]; Klienten Anmeldung [Partner],Geschäftsführender Gesellschafter Mag (); at Geschäftsführender Gesellschafter Mag (55.0),at Geschäftsführender Gesellschafter Mag,Public sources identify material individual shareholders: at Geschäftsführender Gesellschafter Mag 55.0%.,INDIVIDUAL_FAMILY_CONTROL,at Geschäftsführender Gesellschafter Mag,Owner/Gesellschafter,HIGH,https://www.adelsberger.co.at/ | https://www.adelsberger.co.at/ | https://www.adelsberger.co.at/de/kanzlei/adresse_und_anfahrt/ | https://www.adelsberger.co.at/de/kanzlei/adresse_und_anfahrt/ | https://www.adelsberger.co.at/de/kanzlei/adresse_und_anfahrt/ | https://www.adelsberger.co.at/de/kanzlei/ansprechpartner/ | https://www.adelsberger.co.at/de/kanzlei/ansprechpartner/ | https://www.adelsberger.co.at/de/kanzlei/ansprechpartner/ | https://www.adelsberger.co.at/de/kanzlei/impressum/ | https://www.adelsberger.co.at/de/kanzlei/impressum/,No ownership was inferred from surname. Unknown share percentages remain null. For international/network firms the Austrian operational leadership is preferred over a global parent.,+43533288203,named_fixed_candidate,79,at Geschäftsführender Gesellschafter Mag,https://www.adelsberger.co.at/de/kanzlei/ansprechpartner/steuerberater/martin_thaler_e157386/ | https://www.adelsberger.co.at/de/kanzlei/impressum/,martin.thaler@adelsberger.co.at,named_context_email,70,at Geschäftsführender Gesellschafter Mag,https://www.adelsberger.co.at/de/kanzlei/ansprechpartner/steuerberater/martin_thaler_e157386/,,
domain:bgundp.com,BG&P Holding GmbH,bgundp.com,http://www.bgundp.com | http://www.grossek.at | http://www.moore-bgp.at,office@bgundp.com | christian.grossek@bgundp.com | harald.goger@moore.at | martin.binder@bgundp.com | office-graz@moore.at | birgit.pscheider@moore.at | sabrina.monschein@moore.at | michael.binder@bgundp.com,+43 316 427 428 0 | +43 316 427 428 230 | +43 316 427 428 | +43 316 427 428 32 | +43 316 42 74 28 437 | +43 316 42 74 28 400 | +43 316 42 74 28 230 | +43 316 427428 471 | +43 316 427428 230 | +43 316 42 74 28 | +43 316 42 74 28 30,Graz Gemeinde: Graz Bezirk Graz(Stadt) +43 316 427 428 0 +43 | Graz Gemeinde: Graz Bezirk Graz(Stadt) +43 316 42 74 28 400 | Graz Gemeinde: Graz Bezirk Graz(Stadt) +43 316 42 74 28 +43 | Graz Gemeinde: Graz Bezirk Graz(Stadt) +43 316 427 428 +43 3,4,3,3,BG&P Holding GmbH | MOORE BG&P Wirtschaftsprüfung GmbH | BG&P Binder Grossek & Partner Steuerberatung und Wirtschaftsprüfung GmbH | Grossek Wirtschafts- und Steuerberatungsgesellschaft mbH,https://ksw.or.at/mitgliederverzeichnis/?tx_kswmembers_membersdirectory%5Bcontroller%5D=MembersDirectory&tx_kswmembers_membersdirectory%5BcurrentPage%5D=100 | https://ksw.or.at/mitgliederverzeichnis/?tx_kswmembers_membersdirectory%5Bcontroller%5D=MembersDirectory&tx_kswmembers_membersdirectory%5BcurrentPage%5D=285 | https://ksw.or.at/mitgliederverzeichnis/?tx_kswmembers_membersdirectory%5Bcontroller%5D=MembersDirectory&tx_kswmembers_membersdirectory%5BcurrentPage%5D=384,1,CONFIRMED_30_PLUS,HIGH,80,80,official explicit employee count,"80: rechperson zu jedem Thema, über­all auf der Welt, bieten. In der Steiermark ste­hen Ihnen mehr als 80 Mitarbeiterinnen und Mitarbeiter als kom­pe­ten­te Partnerinnen und Partner fü",0,2,9,,,,https://bgundp.com/ | https://karriere.bgundp.com | https://bgundp.com/das-sind-wir/partnerunternehmen/ | https://bgundp.com/das-leisten-wir-fur-sie/unternehmensberatung/ | https://bgundp.com/2026/07/16/grestandort-vermeidung-eugh-urteil-nova-iberomoldes-oesterreich/ | https://karriere.bgundp.com/so-arbeiten-wir-zusammen,PRIOR_STAGE2_CANDIDATE;JOB_LINKS_3_PLUS;KSW_LISTINGS_3_PLUS;LOCATIONS_3_PLUS;LEGAL_ENTITIES_2_PLUS;SANITY_SEED:MOORE,VERIFY_PRIOR,CONFIRMED_30_PLUS,80,,AUSTRIA_GROUP,HIGH,Official Austrian company/group page states approximately or explicitly 80 employees.,https://bgundp.com/das-sind-wir/partnerunternehmen/,Official site employee statement around 80.,Official-site employee statement is sufficient for a 30+ lower bound.,SINGLE,2,domain:bgundp.com | domain:grossek.at,BG&P Holding GmbH | Grossek Wirtschafts- und Steuerberatungsgesellschaft mbH,DIRECT_SHARED_PRIMARY_DOMAIN,CONFIRMED_20_PLUS,KSW,,,,,,,,,,,,MOORE BG [Management]; Binder Grossek [Partner]; Graz Öffnungszeiten [Partner]; Aktuelle News [Partner]; Artikel Arbeiten [Partner]; Andreas Angerer [Management]; Ihren Erfolg [Partner]; Compliance Check Performance Boost [Geschäftsführer]; Ansprechperson Margit Langerwisch Geschäftsführerin [Geschäftsführer]; Lassen Sie [Geschäftsführer],,unresolved,Ownership/control layer was not safely established from public evidence; operational management is retained where verified.,UNRESOLVED,Als Vortragende; Ansprechperson Margit Langerwisch Geschäftsführerin; Ansprechperson Marianne Winterleitner Consultant,Geschäftsführer; Geschäftsführer; Geschäftsführer,MEDIUM_HIGH,https://bgundp.com/ | https://bgundp.com/ | https://bgundp.com/ | https://bgundp.com/ | https://bgundp.com/ | https://bgundp.com/ | https://bgundp.com/das-sind-wir/partnerunternehmen/ | https://bgundp.com/das-leisten-wir-fur-sie/unternehmensberatung/,No ownership was inferred from surname. Unknown share percentages remain null. For international/network firms the Austrian operational leadership is preferred over a global parent.,+43316427428,mobile_public,100,Ansprechperson Margit Langerwisch Geschäftsführerin,https://bgundp.com/das-sind-wir/geschaftsleitung/,margit.langerwisch@bgundp.com,named_context_email,74,Ansprechperson Margit Langerwisch Geschäftsführerin,https://bgundp.com/das-leisten-wir-fur-sie/unternehmensberatung/ | https://bgundp.com/das-sind-wir/geschaftsleitung/,,
domain:steuern-kern.at,Dörr Steuerberatung GmbH,steuern-kern.at,http://www.steuern-kern.at,kontakt@steuern-kern.at | andreas.kern@steuern-kern.at,+43 2742 75 781 | +43 2742 75 781 10 | +43 2742 31 34 51 11 | +43 664 262 65 28 | +43 2742 31 34 51 40 | +43 2742 31 34 51,Viehofen Gemeinde: St. Pölten Bezirk Sankt Pölten(Stadt) +43,2,2,2,Dörr Steuerberatung GmbH | Steuern Kern Steuerberatungsgesellschaft m.b.H.,https://ksw.or.at/mitgliederverzeichnis/?tx_kswmembers_membersdirectory%5Bcontroller%5D=MembersDirectory&tx_kswmembers_membersdirectory%5BcurrentPage%5D=341 | https://ksw.or.at/mitgliederverzeichnis/?tx_kswmembers_membersdirectory%5Bcontroller%5D=MembersDirectory&tx_kswmembers_membersdirectory%5BcurrentPage%5D=321,1,CONFIRMED_20_29,HIGH,23,23,official team/profile lower bound,,0,23,2,,,,https://www.steuern-kern.at/ | https://www.steuern-kern.at/ueber-uns | https://www.steuern-kern.at/deine-karriere,PRIOR_STAGE2_CANDIDATE;TEAM_EMAILS_10_PLUS;LEGAL_ENTITIES_2_PLUS,VERIFY_PRIOR,CONFIRMED_20_PLUS,22,,AUSTRIA_GROUP,HIGH,Official site provides a direct staff lower bound of at least 22.,https://www.steuern-kern.at/,Official site exposes at least 22 distinct staff profiles/personal company-domain emails.,Staff-page lower bound proves 20+ but not 30+ unless count reaches 30.,SINGLE,1,domain:steuern-kern.at,Dörr Steuerberatung GmbH,SINGLE_GROUP,CONFIRMED_20_PLUS,KSW,,,,,,,,,,,,Steuerberater Andreas Kern [Geschäftsführer]; Sandra Perger Stellvertreterin Kanzleileitung [Kanzleileitung]; Bilanzierung Telefon [Management]; Christine Plack Assistenz [Kanzleileitung]; Honorarwesen Telefon [Kanzleileitung]; Sonja Schachenhofer Kanzleileitung [Kanzleileitung]; Jelena Tomasevic Empfang [Kanzleileitung]; Adriana Udrea Buchhaltung [Management]; Landesgericht St [Geschäftsführer]; Pölten Firmenbuch Nr [Geschäftsführer],Ihre Anliegen (); Steuerberater Telefon (); Baran Akbulut (); Berufsanwärter Telefon (),Ihre Anliegen; Steuerberater Telefon; Baran Akbulut; Berufsanwärter Telefon,"Public sources identify owner/shareholder names, but complete share percentages were not safely established.",PARTNER_OWNED,Ihre Anliegen; Steuerberater Telefon,Owner/Gesellschafter; Owner/Gesellschafter,MEDIUM_HIGH,https://www.steuern-kern.at/ueber-uns | https://www.steuern-kern.at/ueber-uns | https://www.steuern-kern.at/ueber-uns | https://www.steuern-kern.at/ueber-uns | https://www.steuern-kern.at/ueber-uns | https://www.steuern-kern.at/ueber-uns | https://www.steuern-kern.at/ueber-uns | https://www.steuern-kern.at/ueber-uns | https://www.steuern-kern.at/ueber-uns | https://www.steuern-kern.at/ueber-uns | https://www.steuern-kern.at/ueber-uns | https://www.steuern-kern.at/ueber-uns,No ownership was inferred from surname. Unknown share percentages remain null. For international/network firms the Austrian operational leadership is preferred over a global parent.,,,,,,,,,,,,
domain:gessler.at,Gessler GmbH Wirtschaftsprüfungs- und Steuerberatungsgesellschaft,gessler.at,http://www.gessler.at,kufstein@gessler.at | wp@gessler.at,+43 5372 632 03 | +43 5372 615 26 | +43 512 338 80 0 | +43 512 338 80 50,Kufstein Gemeinde: Kufstein Bezirk Kufstein +43 5372 632 03 | Innsbruck Gemeinde: Innsbruck Bezirk Innsbruck-Stadt +43 512,2,2,2,Gessler GmbH Wirtschaftsprüfungs- und Steuerberatungsgesellschaft | Gessler & Co. Wirtschaftstreuhand KG Wirtschaftsprüfungs- und Steuerberatungsgesellschaft,https://ksw.or.at/mitgliederverzeichnis/?tx_kswmembers_membersdirectory%5Bcontroller%5D=MembersDirectory&tx_kswmembers_membersdirectory%5BcurrentPage%5D=510 | https://ksw.or.at/mitgliederverzeichnis/?tx_kswmembers_membersdirectory%5Bcontroller%5D=MembersDirectory&tx_kswmembers_membersdirectory%5BcurrentPage%5D=480,1,CONFIRMED_20_29,HIGH,25,25,official explicit employee count,25: rer anderen Fachbereiche: Wir betreuen Sie mit Kompetenz und vollem Einsatz – mit unserem Team von über 25 MitarbeiterInnen in Innsbruck und Kufstein. Team Innsbruck Mag. Alexander | 25: en Fachbereiche: Wir betreuen Sie mit Kompetenz und vollem Einsatz – mit unserem Team von über 25 MitarbeiterInnen in Innsbruck und Kufstein. Team Innsbruck Mag. Alexander Gessler ,0,2,1,,,,https://www.gessler.at/ | https://www.gessler.at/unternehmen/kompetenzen | https://www.gessler.at/unternehmensberatung | https://www.gessler.at/unternehmen/team | https://www.gessler.at/karriere,PRIOR_STAGE2_CANDIDATE;LEGAL_ENTITIES_2_PLUS,VERIFY_PRIOR,CONFIRMED_20_PLUS,25,,AUSTRIA_GROUP,HIGH,Official Austrian company/group page proves at least 25 employees.,https://www.gessler.at/unternehmen/team,Official site employee statement around 25.,"Official count proves 20+, but does not safely bound an upper limit.",SINGLE,1,domain:gessler.at,Gessler GmbH Wirtschaftsprüfungs- und Steuerberatungsgesellschaft,SINGLE_GROUP,CONFIRMED_20_PLUS,KSW,,,,,,,,,,,,Seite Kategorien Klienten-Info Management-Info [Geschäftsführer]; Ärzte-Info Gastronomie-Info Vermieter-Info Landwirte-Info [Geschäftsführer]; Bleiben Sie [Management]; Steuerberater Mag [Geschäftsführung]; Marie-Christine Götsch [Geschäftsführung]; MSc Steuerberaterin Mag [Geschäftsführung]; Andreas Kos Steuerberater Hannes [Geschäftsführung]; Hofer Lohnverrechnung Dr [Geschäftsführung]; Stefanie Kau [Geschäftsführung]; Stefanie Kauer-Vetter Steuersachbearbeiterin Cornelia [Geschäftsführung],Seite Kategorien Klienten-Info Management-Info (); Ärzte-Info Gastronomie-Info Vermieter-Info Landwirte-Info (); Bleiben Sie (),Seite Kategorien Klienten-Info Management-Info; Ärzte-Info Gastronomie-Info Vermieter-Info Landwirte-Info; Bleiben Sie,"Public sources identify owner/shareholder names, but complete share percentages were not safely established.",PARTNER_OWNED,Seite Kategorien Klienten-Info Management-Info; Ärzte-Info Gastronomie-Info Vermieter-Info Landwirte-Info,Owner/Gesellschafter; Owner/Gesellschafter,MEDIUM_HIGH,https://www.gessler.at/ | https://www.gessler.at/ | https://www.gessler.at/ | https://www.gessler.at/unternehmen/team | https://www.gessler.at/unternehmen/team | https://www.gessler.at/unternehmen/team | https://www.gessler.at/unternehmen/team | https://www.gessler.at/unternehmen/team | https://www.gessler.at/ | https://www.gessler.at/ | https://www.gessler.at/,No ownership was inferred from surname. Unknown share percentages remain null. For international/network firms the Austrian operational leadership is preferred over a global parent.,,central_context,28,Seite Kategorien Klienten-Info Management-Info,https://www.gessler.at/news/management-info | https://www.gessler.at/news/steuer-aktuell | https://www.gessler.at/news/steuer-aktuell?kicat=1 | https://www.gessler.at/news/steuer-aktuell?kicat=1&navcat=1 | https://www.gessler.at/news/steuer-aktuell?kicat=81managementnavlinks=true&art_cat_id=6&view_opener=nein&,kufstein@gessler.at,named_context_email,78,Seite Kategorien Klienten-Info Management-Info,https://www.gessler.at/news/management-info | https://www.gessler.at/news/steuer-aktuell | https://www.gessler.at/news/steuer-aktuell?kicat=1 | https://www.gessler.at/news/steuer-aktuell?kicat=1&navcat=1 | https://www.gessler.at/news/steuer-aktuell?kicat=81managementnavlinks=true&art_cat_id=6&view_opener=nein&,,
domain:hoferleitinger.at,Hofer Leitinger Rödl Steuerberatung GmbH,hoferleitinger.at,http://www.hoferleitinger.at,alexander.hofer@hoferleitinger.at | karin.steiner@hoferleitinger.at | nadja.hubmann@hoferleitinger.at,+43 316 386001 | +43 316 386001 64 | +43 5 9798 | +43 676 840378015 | +43 5 9798 64 | +43 3142 231 60 | +43 3142 231 60 110,Graz Gemeinde: Graz Bezirk Graz(Stadt) +43 316 386001 +43 31 | Rosental an der Kainach Gemeinde: Rosental an der Kainach Be,1,2,2,Hofer Leitinger Rödl Steuerberatung GmbH,https://ksw.or.at/mitgliederverzeichnis/?tx_kswmembers_membersdirectory%5Bcontroller%5D=MembersDirectory&tx_kswmembers_membersdirectory%5BcurrentPage%5D=230 | https://ksw.or.at/mitgliederverzeichnis/?tx_kswmembers_membersdirectory%5Bcontroller%5D=MembersDirectory&tx_kswmembers_membersdirectory%5BcurrentPage%5D=122,1,CONFIRMED_30_PLUS,HIGH,60,60,official explicit employee count,60: Hofer Leitinger ist jetzt Teil von RÖDL RÖDL stärkt Österreich-Geschäft: Hofer Leitinger-Team mit mehr als 60 Mitarbeitenden schließt sich an. Mehr dazu in der offiziellen Presseau | 60: itinger ist jetzt Teil von RÖDL RÖDL stärkt Österreich-Geschäft: Hofer Leitinger-Team mit mehr als 60 Mitarbeitenden schließt sich an. Mehr dazu in der offiziellen Presseaussendung,0,2,11,,,,https://www.hoferleitinger.at/ | https://www.hoferleitinger.at/team-geschaeftsleitung/ | https://www.hoferleitinger.at/karriere/ | https://www.hoferleitinger.at/jobs/ | https://www.hoferleitinger.at/jobs/berufsanwaerter-steuerberatung/ | https://www.hoferleitinger.at/jobs/bilanzbuchhalter/ | https://www.hoferleitinger.at/jobs/buchhalter-rechnungswesen/ | https://www.hoferleitinger.at/jobs/steuerberater-job/ | https://www.bing.com/ck/a?!&&p=35781d3c9a6d66eca58fff19b071d1749f5b53029dce954eaf6ca95fa3b38932JmltdHM9MTc4ODA0ODAwMA&ptn=3&ver=2&hsh=4&fclid=2485c1c7-13d9-6705-018c-d602128b66e2&u=a1aHR0cHM6Ly93d3cuaG9mZXIuYXQv&ntb=1 | https://www.bing.com/ck/a?!&&p=9a8563f3d3ce531de53c8c5589427b40056bad80290e5eafcc40f2ca9e2680d0JmltdHM9MTc4ODA0ODAwMA&ptn=3&ver=2&hsh=4&fclid=2485c1c7-13d9-6705-018c-d602128b66e2&u=a1aHR0cHM6Ly93d3cuaG9mZXIuc2kv&ntb=1 | https://www.bing.com/ck/a?!&&p=24d59dd1469d7bd33a1e9f56a3ab5301af9b15f680fdbcf599c04180f8ac924aJmltdHM9MTc4ODA0ODAwMA&ptn=3&ver=2&hsh=4&fclid=2485c1c7-13d9-6705-018c-d602128b66e2&u=a1aHR0cHM6Ly9lbi53aWtpcGVkaWEub3JnL3dpa2kvSG9mZXI&ntb=1 | https://www.bing.com/ck/a?!&&p=9e5e9b9936f630f594ac1d252c8b3eaf7fd1494a01ac960894416cc779d5ee53JmltdHM9MTc4ODA0ODAwMA&ptn=3&ver=2&hsh=4&fclid=2485c1c7-13d9-6705-018c-d602128b66e2&u=a1aHR0cHM6Ly93d3cuaG9mZXIuYXQvYW5nZWJvdGU&ntb=1 | https://www.bing.com/ck/a?!&&p=67e5fe78719c992ea09c77d812db01c35f66973219dd74f097cab450d7de346aJmltdHM9MTc4ODA0ODAwMA&ptn=3&ver=2&hsh=4&fclid=2485c1c7-13d9-6705-018c-d602128b66e2&u=a1aHR0cHM6Ly9kZS53aWtpcGVkaWEub3JnL3dpa2kvSG9mZXJfS0c&ntb=1 | https://www.bing.com/ck/a?!&&p=382154655fbc16c3397cd182b0ac53e6df8ba92afe5a2ca812888d503bcd17beJmltdHM9MTc4ODA0ODAwMA&ptn=3&ver=2&hsh=4&fclid=2485c1c7-13d9-6705-018c-d602128b66e2&u=a1aHR0cHM6Ly9lbi53aWtpcGVkaWEub3JnL3dpa2kvSm9lbF9Ib2Zlcg&ntb=1 | https://www.bing.com/ck/a?!&&p=36e39bde33d9c20fca06b883b9c0a67cd57ceaa591547979bb836d793d9d0580JmltdHM9MTc4ODA0ODAwMA&ptn=3&ver=2&hsh=4&fclid=2485c1c7-13d9-6705-018c-d602128b66e2&u=a1aHR0cHM6Ly93d3cuaG9mZXJzLmNvbS8&ntb=1 | https://www.bing.com/ck/a?!&&p=328a8499206df1095c3e5f036361a04c3d2b23140b2a913a3acaac5f70d5917aJmltdHM9MTc4ODA0ODAwMA&ptn=3&ver=2&hsh=4&fclid=2485c1c7-13d9-6705-018c-d602128b66e2&u=a1aHR0cHM6Ly93d3cuaG9mZXJwb3dlcnRyYWluLmNvbS8&ntb=1 | https://www.bing.com/ck/a?!&&p=87ca774ae2e0a6f2ea53e0da40d9ba0db420a32cccb9d0cc3e3e3a821897c261JmltdHM9MTc4ODA0ODAwMA&ptn=3&ver=2&hsh=4&fclid=2485c1c7-13d9-6705-018c-d602128b66e2&u=a1aHR0cHM6Ly9wbGF5Lmdvb2dsZS5jb20vc3RvcmUvYXBwcy9kZXRhaWxzP2lkPWRlLmFwcHRpdi5idXNpbmVzcy5hbmRyb2lkLmFsZGlfYXQmaGw9ZW4tVVM&ntb=1 | https://www.bing.com/ck/a?!&&p=5725974f5f712e6c8412542ed9de409683185f5c31201e94bbe26c3a93281ce2JmltdHM9MTc4ODA0ODAwMA&ptn=3&ver=2&hsh=4&fclid=3a6cb3fc-e0c9-6437-3c5b-a439e1ee65ec&u=a1aHR0cHM6Ly93d3cuaG9mZXIuYXQv&ntb=1 | https://www.bing.com/ck/a?!&&p=a65616d834e9bf2aa6ff7134ec76584e91c5ea3052fccd7b0cdbc88e3a5bac45JmltdHM9MTc4ODA0ODAwMA&ptn=3&ver=2&hsh=4&fclid=3a6cb3fc-e0c9-6437-3c5b-a439e1ee65ec&u=a1aHR0cHM6Ly93d3cuaG9mZXIuc2kv&ntb=1 | https://www.bing.com/ck/a?!&&p=7130506fe8e4bd0b488bad88b0d79b7ac0a0543e4ee7af03f4e2c6e586577fe2JmltdHM9MTc4ODA0ODAwMA&ptn=3&ver=2&hsh=4&fclid=3a6cb3fc-e0c9-6437-3c5b-a439e1ee65ec&u=a1aHR0cHM6Ly9lbi53aWtpcGVkaWEub3JnL3dpa2kvSG9mZXI&ntb=1,PRIOR_STAGE2_CANDIDATE;JOB_LINKS_3_PLUS,VERIFY_PRIOR,CONFIRMED_30_PLUS,60,,AUSTRIA_LEGAL_ENTITY,HIGH,Official Austrian company/group page states approximately or explicitly 60 employees.,https://www.hoferleitinger.at/,Official site employee statement around 60.,Official-site employee statement is sufficient for a 30+ lower bound.,SINGLE,1,domain:hoferleitinger.at,Hofer Leitinger Rödl Steuerberatung GmbH,SINGLE_GROUP,CONFIRMED_20_PLUS,KSW,,,,,,,,,,,,Kooperationen Wie Sie [Partner]; Startups Sportler [Partner]; Künstlerinnen Medizinische Berufe Wie [Partner]; Kostenlose Erstberatung Wie [Management]; Teilzeit Buchhalter Als Rechnungswesen-Mitarbeiter [Partner]; Vollzeit Steuerberater Als Steuerberater [Partner]; Ihre Ansprechpartner [Partner]; Steuererklärungen Gerne [Partner]; Ihrem Jahresabschluss [Partner]; Ihren Steuererklärungen [Partner],Konkreten Wirklichkeit (); Nadja Hubmann Geschäf (); Nadja Hubmann Geschäftsführende Gesellschafterin (); Sondern Qualität (); Unternehmensberater MAG (); Sachverständiger MAG (); NADJA HUBMANN Geschäftsführe (); NADJA HUBMANN Geschäftsführende Gesellschafterin (); Steuerberaterin MAG (); KARIN STEINER Geschäftsführende Gesellschafterin (),Konkreten Wirklichkeit; Nadja Hubmann Geschäf; Nadja Hubmann Geschäftsführende Gesellschafterin; Sondern Qualität,"Public sources identify owner/shareholder names, but complete share percentages were not safely established.",PARTNER_OWNED,Konkreten Wirklichkeit; Nadja Hubmann Geschäf,Owner/Gesellschafter; Owner/Gesellschafter,MEDIUM_HIGH,https://www.hoferleitinger.at/ | https://www.hoferleitinger.at/ | https://www.hoferleitinger.at/ | https://www.hoferleitinger.at/ | https://www.hoferleitinger.at/ | https://www.hoferleitinger.at/ | https://www.hoferleitinger.at/ | https://www.hoferleitinger.at/ | https://www.hoferleitinger.at/ | https://www.hoferleitinger.at/ | https://www.hoferleitinger.at/ | https://www.hoferleitinger.at/ | https://www.hoferleitinger.at/team-geschaeftsleitung/ | https://www.hoferleitinger.at/team-geschaeftsleitung/ | https://www.hoferleitinger.at/team-geschaeftsleitung/ | https://www.hoferleitinger.at/team-geschaeftsleitung/,No ownership was inferred from surname. Unknown share percentages remain null. For international/network firms the Austrian operational leadership is preferred over a global parent.,,central_fallback,20,,https://www.hoferleitinger.at/,,generic_fallback,30,,https://www.hoferleitinger.at/,+4331524167,office@stb-feldbach.at
domain:kps-partner.at,KPS Wirtschaftsprüfung & Sachverständigen GmbH,kps-partner.at,http://www.kps-partner.at,office@kps-partner.at | johannes.loy@kps-partner.at | stefan.prokopp@kps-partner.at | gerhard.schiesterl@kps-partner.at | manfred.kotlik@kps-partner.at | caroline.huemer@kps-partner.at,+43 1 388 44 10 | +43 1 388 44 10 36 | +43 2236 506 220 | +43 2236 506 220 35 | +43 2236 50 62 20 | +43 2236 50 62 20 35 | +43 676 93 88 305 | +43 699 1 925 04 26,"Wien Gemeinde: Wien Wien 1.,Innere Stadt +43 1 388 44 10 +43 | Guntramsdorf Gemeinde: Guntramsdorf Bezirk Mödling +43 2236",2,4,4,KPS Wirtschaftsprüfung & Sachverständigen GmbH | KPS Partner Steuerberatung I Wirtschaftsprüfung GmbH,https://ksw.or.at/mitgliederverzeichnis/?tx_kswmembers_membersdirectory%5Bcontroller%5D=MembersDirectory&tx_kswmembers_membersdirectory%5BcurrentPage%5D=73 | https://ksw.or.at/mitgliederverzeichnis/?tx_kswmembers_membersdirectory%5Bcontroller%5D=MembersDirectory&tx_kswmembers_membersdirectory%5BcurrentPage%5D=242 | https://ksw.or.at/mitgliederverzeichnis/?tx_kswmembers_membersdirectory%5Bcontroller%5D=MembersDirectory&tx_kswmembers_membersdirectory%5BcurrentPage%5D=472,1,CONFIRMED_30_PLUS,HIGH,60,60,official explicit employee count,60: onal Kontakt Werde Teil von KPS – wir wachsen mit dir Perspektive. Karriere. Entwicklung. Über 60 MitarbeiterInnen zeichnen uns aus JETZT BEWERBEN Top Team & große Chancen Deine Ka,0,2,8,,,,https://kps-partner.at/ | https://kps-partner.at/unternehmensberatung/ | https://kps-partner.at/team-partner/ | https://kps-partner.at/karriere/,PRIOR_STAGE2_CANDIDATE;JOB_LINKS_3_PLUS;KSW_LISTINGS_3_PLUS;LOCATIONS_3_PLUS;LEGAL_ENTITIES_2_PLUS;SANITY_SEED:KPS,VERIFY_PRIOR,CONFIRMED_30_PLUS,60,,AUSTRIA_GROUP,HIGH,Official Austrian company/group page states approximately or explicitly 60 employees.,https://kps-partner.at/karriere/,Official site employee statement around 60.,Official-site employee statement is sufficient for a 30+ lower bound.,SINGLE,1,domain:kps-partner.at,KPS Wirtschaftsprüfung & Sachverständigen GmbH,SINGLE_GROUP,CONFIRMED_20_PLUS,KSW,,,,,,,,,,,,UNG UNTERNEHMENSBERATUNG WIRTSCHAFTSPRÜFUNG Suchen [Partner]; KPS ExpertInsights FAQs [Partner]; Factsheets Fristenkalender [Partner]; STEUERBERATUNG WIRTSCHAFTSPRÜFUNG UNTERNEHMENSBERATUNG Über [Partner]; Ihre Branche [Partner]; Hand Erstgespräch [Partner]; Herzlich Willkommen [Partner]; Ausgezeichnet Vierfach [Partner]; Digitale Beratung [Partner]; TaxTech Award [Partner],Unternehmens-bewertung Als Eigentümer (); Diese Sicherheit (); Fortbestehens-prognose Bei Un (); Weiterlesen Ausschüttungsfiktion (); Weiterlesen Abschaffung (); Wiener Grundsteuerbefreiungsgesetz (),Unternehmens-bewertung Als Eigentümer; Diese Sicherheit; Fortbestehens-prognose Bei Un; Weiterlesen Ausschüttungsfiktion,"Public sources identify owner/shareholder names, but complete share percentages were not safely established.",PARTNER_OWNED,Unternehmens-bewertung Als Eigentümer; Diese Sicherheit,Owner/Gesellschafter; Owner/Gesellschafter,MEDIUM_HIGH,https://kps-partner.at/ | https://kps-partner.at/ | https://kps-partner.at/ | https://kps-partner.at/ | https://kps-partner.at/ | https://kps-partner.at/ | https://kps-partner.at/ | https://kps-partner.at/ | https://kps-partner.at/wirtschaftspruefung/ | https://kps-partner.at/wirtschaftspruefung/ | https://kps-partner.at/wirtschaftspruefung/ | https://kps-partner.at/news/ | https://kps-partner.at/news/ | https://kps-partner.at/news/,No ownership was inferred from surname. Unknown share percentages remain null. For international/network firms the Austrian operational leadership is preferred over a global parent.,,central_fallback,20,,https://kps-partner.at/,,generic_fallback,30,,https://kps-partner.at/,2236506220,office@kps-partner.at
domain:correcta.at,Mayerhofer Steuerberatung GmbH,correcta.at,http://www.correcta.at,mayerhofer@correcta.at | office@correcta.at,+43 676 57 57 954 | +43 2822 523 76 | +43 2822 523 76 30,Merzenstein Gemeinde: Zwettl-Niederösterreich Bezirk Zwettl | Zwettl-Niederösterreich Gemeinde: Zwettl-Niederösterreich Be,2,2,2,Mayerhofer Steuerberatung GmbH | CORRECTA Steuerberatung GmbH & Co KG,https://ksw.or.at/mitgliederverzeichnis/?tx_kswmembers_membersdirectory%5Bcontroller%5D=MembersDirectory&tx_kswmembers_membersdirectory%5BcurrentPage%5D=355 | https://ksw.or.at/mitgliederverzeichnis/?tx_kswmembers_membersdirectory%5Bcontroller%5D=MembersDirectory&tx_kswmembers_membersdirectory%5BcurrentPage%5D=203,1,CONFIRMED_20_29,HIGH,24,24,official explicit employee count,"24: gitalisierung, um die Kanzlei technologisch zukunftsfit aufzustellen. Zu diesem Zeitpunkt sind 24 Mitarbeiter:innen beschäftigt. 2019 2019 steigt Richard Mayerhofer als weiterer Ge",7,4,6,,,,https://www.correcta.at/index_ger.html | https://www.correcta.at/de/kanzlei/anfahrt/ | https://www.correcta.at/de/kanzlei/team/ | https://www.correcta.at/de/kanzlei/geschichte/ | https://www.correcta.at/de/kanzlei/kontakt/ | https://www.correcta.at/de/digitale_kanzlei/digitalisierung/ | https://www.correcta.at/de/karriere/ | https://www.correcta.at/de/service/unternehmensgr%C3%BCndung/,PRIOR_STAGE2_CANDIDATE;JOB_LINKS_3_PLUS;LEGAL_ENTITIES_2_PLUS,VERIFY_PRIOR,CONFIRMED_20_PLUS,24,,AUSTRIA_GROUP,HIGH,Official Austrian company/group page proves at least 24 employees.,https://www.correcta.at/de/kanzlei/geschichte/,Official site employee statement around 24.,"Official count proves 20+, but does not safely bound an upper limit.",SINGLE,1,domain:correcta.at,Mayerhofer Steuerberatung GmbH,SINGLE_GROUP,CONFIRMED_20_PLUS,KSW,,,,,,,,,,,,Ihrer Seite [Partner]; Sie Ihre Ziele [Partner]; Ihre Zukunft [Partner]; Alexander Steinmetz [Geschäftsführer]; Thomas Kornell [Geschäftsführer]; Lohnverrechnung Sekretariat [Geschäftsführer]; Reinigung Teams [Geschäftsführer]; Bleiben Sie [Geschäftsführer]; Kennen Sie [Management]; Auftritte Positionsanzeige Sie [Geschäftsführung],Alexander Steinmetz (); Im Jänner (); Thomas Kornell (); Wirtschaftsprüfer Gerhard Lang (),Alexander Steinmetz; Im Jänner; Thomas Kornell; Wirtschaftsprüfer Gerhard Lang,"Public sources identify owner/shareholder names, but complete share percentages were not safely established.",PARTNER_OWNED,Alexander Steinmetz; Im Jänner,Owner/Gesellschafter; Owner/Gesellschafter,MEDIUM_HIGH,https://www.correcta.at/index_ger.html | https://www.correcta.at/index_ger.html | https://www.correcta.at/index_ger.html | https://www.correcta.at/de/kanzlei/team/ | https://www.correcta.at/de/kanzlei/team/ | https://www.correcta.at/de/kanzlei/team/ | https://www.correcta.at/de/kanzlei/team/ | https://www.correcta.at/de/kanzlei/team/ | https://www.correcta.at/de/kanzlei/team/ | https://www.correcta.at/de/kanzlei/geschichte/ | https://www.correcta.at/de/kanzlei/geschichte/ | https://www.correcta.at/de/kanzlei/geschichte/,No ownership was inferred from surname. Unknown share percentages remain null. For international/network firms the Austrian operational leadership is preferred over a global parent.,,central_context,24,Alexander Steinmetz,https://www.correcta.at/de/kanzlei/impressum/ | https://www.correcta.at/de/kanzlei/team/,alexander.steinmetz@correcta.at,personal_verified_email,90,Alexander Steinmetz,https://www.correcta.at/de/kanzlei/team/,,
domain:ornezeder.at,Ornezeder & Partner GmbH & Co KG Steuerberatung und Wirtschaftsprüfung,ornezeder.at,http://www.ornezeder.at,maria.povacz@ornezeder.at | vbruck@ornezeder.at | geschaeftsleitung@ornezeder.at | hermine.ornezeder@ornezeder.at | kanzlei@ornezeder.at | christa.karigl@ornezeder.at | sylvia.gebetsberger@ornezeder.at,+43 676 842 098 50 | +43 7735 200 98 | +43 7735 201 28 | +43 7684 63 93 0 | +43 676 842 098 20 | +43 7684 63 93 13 | +43 676 84 20 98 15 | +43 7672 723 81 0 | +43 7672 723 81 24 | +43 7684 63 93 | +43 7672 723 81 | +43 676 8 420 98 20 | +43 7672 72 381 | +43 7672 72 381 24,Gaspoltshofen Gemeinde: Gaspoltshofen Bezirk Grieskirchen +4 | Frankenmarkt Gemeinde: Frankenmarkt Bezirk Vöcklabruck +43 7 | Vöcklabruck Gemeinde: Vöcklabruck Bezirk Vöcklabruck +43 767,3,5,5,Ornezeder & Partner GmbH & Co KG Steuerberatung und Wirtschaftsprüfung | Karigl Beteiligungen und Steuerberatung GmbH | Ornezeder & Partner GmbH Steuerberatung und Wirtschaftsprüfung,https://ksw.or.at/mitgliederverzeichnis/?tx_kswmembers_membersdirectory%5Bcontroller%5D=MembersDirectory&tx_kswmembers_membersdirectory%5BcurrentPage%5D=486 | https://ksw.or.at/mitgliederverzeichnis/?tx_kswmembers_membersdirectory%5Bcontroller%5D=MembersDirectory&tx_kswmembers_membersdirectory%5BcurrentPage%5D=277 | https://ksw.or.at/mitgliederverzeichnis/?tx_kswmembers_membersdirectory%5Bcontroller%5D=MembersDirectory&tx_kswmembers_membersdirectory%5BcurrentPage%5D=382 | https://ksw.or.at/mitgliederverzeichnis/?tx_kswmembers_membersdirectory%5Bcontroller%5D=MembersDirectory&tx_kswmembers_membersdirectory%5BcurrentPage%5D=316 | https://ksw.or.at/mitgliederverzeichnis/?tx_kswmembers_membersdirectory%5Bcontroller%5D=MembersDirectory&tx_kswmembers_membersdirectory%5BcurrentPage%5D=207,1,CONFIRMED_30_PLUS,HIGH,42,42,official team/profile lower bound,,0,42,3,,,,https://www.ornezeder.at/ | https://www.ornezeder.at/unternehmensberatung/ | https://www.ornezeder.at/unternehmensbewertung/ | https://www.ornezeder.at/tool-unternehmensbewertung/ | https://www.ornezeder.at/nachfolge-unternehmensverkauf-uebernahme/ | https://www.ornezeder.at/ueber-uns/ | https://www.ornezeder.at/das-team/ | https://www.ornezeder.at/karriere_uebersicht/,PRIOR_STAGE2_CANDIDATE;TEAM_EMAILS_10_PLUS;JOB_LINKS_3_PLUS;KSW_LISTINGS_3_PLUS;LOCATIONS_3_PLUS;LEGAL_ENTITIES_2_PLUS,VERIFY_PRIOR,CONFIRMED_30_PLUS,41,,AUSTRIA_GROUP,HIGH,Official site provides a direct staff lower bound of at least 41.,https://www.ornezeder.at/,Official site exposes at least 41 distinct staff profiles/personal company-domain emails.,Staff-page lower bound alone proves 30+; no upper bound assumed.,SINGLE,1,domain:ornezeder.at,Ornezeder & Partner GmbH & Co KG Steuerberatung und Wirtschaftsprüfung,SINGLE_GROUP,CONFIRMED_20_PLUS,KSW,,,,,,,,,,,,RZL Klientenportal Login RZL [Partner]; Gaspoltshofen Jetzt Termin [Partner]; Als Steuerberater [Management]; Kerstin Zu [Partner]; Vielen Dank [Partner]; Ihren Besuch [Partner]; Diese Technologien [Management]; Dieser Bericht [Partner]; Nach Erhalt [Partner]; Geschäftsführerin Christa Karigl-Ornezeder [Geschäftsführer],Bei Unternehmensverkauf (); Jetzt Termin (); Profitieren Sie (),Bei Unternehmensverkauf; Jetzt Termin; Profitieren Sie,"Public sources identify owner/shareholder names, but complete share percentages were not safely established.",PARTNER_OWNED,Bei Unternehmensverkauf; Jetzt Termin,Owner/Gesellschafter; Owner/Gesellschafter,MEDIUM_HIGH,https://www.ornezeder.at/ | https://www.ornezeder.at/ | https://www.ornezeder.at/ | https://www.ornezeder.at/ | https://www.ornezeder.at/ | https://www.ornezeder.at/ | https://www.ornezeder.at/ | https://www.ornezeder.at/tool-unternehmensbewertung/ | https://www.ornezeder.at/nachfolge-unternehmensverkauf-uebernahme/ | https://www.ornezeder.at/nachfolge-unternehmensverkauf-uebernahme/ | https://www.ornezeder.at/nachfolge-unternehmensverkauf-uebernahme/,No ownership was inferred from surname. Unknown share percentages remain null. For international/network firms the Austrian operational leadership is preferred over a global parent.,,central_fallback,20,,https://www.ornezeder.at/,vbruck@ornezeder.at,named_context_email,70,Bei Unternehmensverkauf,https://www.ornezeder.at/impressum/,+43767272381,
domain:tu-salzburg.at,RG Steuerberatungs GmbH,tu-salzburg.at,http://www.tu-salzburg.at | http://www.g-reichl.at,office@tu-salzburg.at | gerhard.reichl@tu-salzburg.at | kanzlei@tu-salzburg.at | daniel.koenig@tu-salzburg.at,+43 662 64 55 55 0 | +43 662 64 55 55 85 | +43 7665 200 82 | +43 664 920 55 15,Salzburg Gemeinde: Salzburg Bezirk Salzburg(Stadt) +43 662 6,2,2,2,RG Steuerberatungs GmbH | TREUHAND-UNION Salzburg Steuerberatungs GmbH,https://ksw.or.at/mitgliederverzeichnis/?tx_kswmembers_membersdirectory%5Bcontroller%5D=MembersDirectory&tx_kswmembers_membersdirectory%5BcurrentPage%5D=247 | https://ksw.or.at/mitgliederverzeichnis/?tx_kswmembers_membersdirectory%5Bcontroller%5D=MembersDirectory&tx_kswmembers_membersdirectory%5BcurrentPage%5D=279,1,CONFIRMED_30_PLUS,HIGH,400,400,official explicit employee count,400: satmosphäre! Wir feiern Erfolge gemeinsam mit Mitarbeitenden. Jedes Jahr laden wir unsere über 400 Mitarbeiter:innen zu einer inspirierenden Mitarbeitertagung an tollen Orten ein. ,0,2,9,,,,https://www.treuhand-union.com/de/standorte/tu-salzburg | https://www.treuhand-union.com/de/standorte | https://www.treuhand-union.com/de/karriere | https://www.treuhand-union.com/de/standorte/tu-salzburg/erstberatung | https://www.treuhand-union.com/de/standorte/tu-salzburg/dienstnehmer-anmeldung | https://www.treuhand-union.com/de/standorte/tu-salzburg/dienstnehmer-abmeldung | https://www.treuhand-union.com/de/standorte/assets/dynamic/downloads/_AAB_2018_de.pdf | https://www.treuhand-union.com/de/standorte/tu-eisenstadt,PRIOR_STAGE2_CANDIDATE;JOB_LINKS_3_PLUS;LEGAL_ENTITIES_2_PLUS,VERIFY_PRIOR,CONFIRMED_30_PLUS,400,,AUSTRIA_GROUP,HIGH,Official Austrian company/group page states approximately or explicitly 400 employees.,https://www.treuhand-union.com/de/karriere,Official site employee statement around 400.,Official-site employee statement is sufficient for a 30+ lower bound.,SINGLE,1,domain:tu-salzburg.at,RG Steuerberatungs GmbH,SINGLE_GROUP,CONFIRMED_20_PLUS,KSW,,,,,,,,,,,,HNVERRECHNUNG MEHR ZUR BILANZIERUNG [Geschäftsführer]; Daniel König [Geschäftsführer]; Gerhard Reichl Mag [Geschäftsführer]; Gerhard Reichl Steuerberater [Geschäftsführer]; Gerhard Reichl [Geschäftsführer]; Gerhard Reichl Aufsichtsbehörde Kammer [Geschäftsführer]; Wirtschaftsprüfer Firmenbuchnummer FN [Geschäftsführer]; Firmenbuchgericht LG [Geschäftsführer]; FG Salzburg UID ATU [Management]; Gabriela Zemek-Takács Gabriela Zemek-Takács [Geschäftsführung],Eine Haftung (); Gesellschafter Dr (); Hannes Debus (); Vater Dr (); Ludwig Debus (); Im Jahr (); Robert Kuhar (); Im No (),Eine Haftung; Gesellschafter Dr; Hannes Debus; Vater Dr,"Public sources identify owner/shareholder names, but complete share percentages were not safely established.",PARTNER_OWNED,Eine Haftung; Gesellschafter Dr,Owner/Gesellschafter; Owner/Gesellschafter,MEDIUM_HIGH,https://www.treuhand-union.com/de/standorte/tu-salzburg | https://www.treuhand-union.com/de/standorte/tu-salzburg | https://www.treuhand-union.com/de/standorte/tu-salzburg | https://www.treuhand-union.com/de/standorte/tu-salzburg | https://www.treuhand-union.com/de/standorte/tu-salzburg | https://www.treuhand-union.com/de/standorte/tu-salzburg | https://www.treuhand-union.com/de/standorte/tu-salzburg | https://www.treuhand-union.com/de/standorte/tu-salzburg | https://www.treuhand-union.com/de/standorte/tu-salzburg | https://www.treuhand-union.com/de/standorte/tu-partner-kuhar | https://www.treuhand-union.com/de/standorte/tu-partner-kuhar | https://www.treuhand-union.com/de/standorte/tu-partner-kuhar | https://www.treuhand-union.com/de/standorte/tu-partner-kuhar | https://www.treuhand-union.com/de/standorte/tu-partner-kuhar | https://www.treuhand-union.com/de/standorte/tu-partner-kuhar | https://www.treuhand-union.com/de/standorte/tu-partner-kuhar,No ownership was inferred from surname. Unknown share percentages remain null. For international/network firms the Austrian operational leadership is preferred over a global parent.,,central_fallback,20,,https://www.treuhand-union.com/de/standorte/tu-salzburg,,generic_fallback,30,,https://www.treuhand-union.com/de/standorte/tu-salzburg,+4366264555546,kanzlei@tu-salzburg.at
domain:stb-feldbach.at,Steuerberatung Feldbach Rödl GmbH,stb-feldbach.at,http://www.stb-feldbach.at,office@stb-feldbach.at | nadja.hubmann@hoferleitinger.at,+43 3152 41 67 | +43 676 844 386 100 | +43 3152 44 95 | +43 316 386001 897,Feldbach Gemeinde: Feldbach Bezirk Südoststeiermark +43 3152,1,1,1,Steuerberatung Feldbach Rödl GmbH,https://ksw.or.at/mitgliederverzeichnis/?tx_kswmembers_membersdirectory%5Bcontroller%5D=MembersDirectory&tx_kswmembers_membersdirectory%5BcurrentPage%5D=99,1,CONFIRMED_30_PLUS,HIGH,60,60,official explicit employee count,60: Geschäft: Das Team der Steuerberatung Feldbach und der Hofer Leitinger Steuerberatung mit mehr als 60 Mitarbeitenden schließt sich an. Mehr dazu in der offiziellen Presseaussendung,0,3,12,,,,https://www.hoferleitinger.at/steuerberatung-feldbach/ | https://www.hoferleitinger.at/team-geschaeftsleitung/ | https://www.hoferleitinger.at/karriere/ | https://www.hoferleitinger.at/jobs/ | https://www.hoferleitinger.at/leistungen/leistung-unternehmensentwicklung-denktaktik/,PRIOR_STAGE2_CANDIDATE;JOB_LINKS_3_PLUS,VERIFY_PRIOR,CONFIRMED_30_PLUS,60,,AUSTRIA_LEGAL_ENTITY,HIGH,Official Austrian company/group page states approximately or explicitly 60 employees.,https://www.hoferleitinger.at/steuerberatung-feldbach/,Official site employee statement around 60.,Official-site employee statement is sufficient for a 30+ lower bound.,SINGLE,1,domain:stb-feldbach.at,Steuerberatung Feldbach Rödl GmbH,SINGLE_GROUP,CONFIRMED_20_PLUS,KSW,,,,,,,,,,,,Geschäftsführerinnen Dr [Geschäftsführer]; Nadja Hubmann [Geschäftsführer]; Maria Koller [Geschäftsführer]; Kooperationen Wie Sie [Partner]; Startups Sportler [Partner]; Künstlerinnen Medizinische Berufe Wie [Partner]; Kostenlose Erstberatung Wie [Management]; Ihre Ansprechpartner [Partner]; Steuererklärungen Gerne [Partner]; Ihrem Jahresabschluss [Partner],ALEXANDER HOFER Geschäftsführender Gesellschafter (); Unternehmensberater MAG (); HELMUT LEITINGER Geschäftsführender Gesellschafter (); Sachverständiger MAG (); NADJA HUBMANN Geschäftsführe (); NADJA HUBMANN Geschäftsführende Gesellschafterin (); Steuerberaterin MAG (); KARIN STEINER Geschäftsführende Gesellschafterin (); Simone Wesiak Marketing (); Hofer Leitinger Content Creator (),ALEXANDER HOFER Geschäftsführender Gesellschafter; Unternehmensberater MAG; HELMUT LEITINGER Geschäftsführender Gesellschafter; Sachverständiger MAG,"Public sources identify owner/shareholder names, but complete share percentages were not safely established.",PARTNER_OWNED,ALEXANDER HOFER Geschäftsführender Gesellschafter; Unternehmensberater MAG,Owner/Gesellschafter; Owner/Gesellschafter,MEDIUM_HIGH,https://www.hoferleitinger.at/steuerberatung-feldbach/ | https://www.hoferleitinger.at/steuerberatung-feldbach/ | https://www.hoferleitinger.at/steuerberatung-feldbach/ | https://www.hoferleitinger.at/steuerberatung-feldbach/ | https://www.hoferleitinger.at/steuerberatung-feldbach/ | https://www.hoferleitinger.at/steuerberatung-feldbach/ | https://www.hoferleitinger.at/steuerberatung-feldbach/ | https://www.hoferleitinger.at/steuerberatung-feldbach/ | https://www.hoferleitinger.at/team-geschaeftsleitung/ | https://www.hoferleitinger.at/team-geschaeftsleitung/ | https://www.hoferleitinger.at/team-geschaeftsleitung/ | https://www.hoferleitinger.at/team-geschaeftsleitung/ | https://www.hoferleitinger.at/team-geschaeftsleitung/ | https://www.hoferleitinger.at/team-geschaeftsleitung/ | https://www.hoferleitinger.at/team-geschaeftsleitung/ | https://www.hoferleitinger.at/team-geschaeftsleitung/,No ownership was inferred from surname. Unknown share percentages remain null. For international/network firms the Austrian operational leadership is preferred over a global parent.,,central_fallback,20,,https://www.hoferleitinger.at/steuerberatung-feldbach/,,generic_fallback,30,,https://www.hoferleitinger.at/steuerberatung-feldbach/,+4331524167,office@stb-feldbach.at
domain:kirchmair-kraisser.at,Wirtschaftstreuhand OG Kirchmair Kraisser Steuerberatungsgesellschaft,kirchmair-kraisser.at,http://www.kirchmair-kraisser.at | http://www.berger-kirchmair-kraisser.at,steuerberater@kirchmair-kraisser.at | steuerberater@berger-kirchmair-kraisser.at | s.kraisser@berger-kirchmair-kraisser.at | m.kirchmair@kirchmair-kraisser.at,+43 512 58 11 61 | +43 512 58 31 66 | +43 699 1 658 11 61 | +43 664 738 57 117 | +43 512 581161 | +43 664 73857117,Innsbruck Gemeinde: Innsbruck Bezirk Innsbruck-Stadt +43 512 | Buch Gemeinde: Buch in Tirol Bezirk Schwaz +43 664 738 57 11 | Jenbach Gemeinde: Jenbach Bezirk Schwaz +43 699 1 658 11 61,1,3,3,Wirtschaftstreuhand OG Kirchmair Kraisser Steuerberatungsgesellschaft,https://ksw.or.at/mitgliederverzeichnis/?tx_kswmembers_membersdirectory%5Bcontroller%5D=MembersDirectory&tx_kswmembers_membersdirectory%5BcurrentPage%5D=136 | https://ksw.or.at/mitgliederverzeichnis/?tx_kswmembers_membersdirectory%5Bcontroller%5D=MembersDirectory&tx_kswmembers_membersdirectory%5BcurrentPage%5D=464 | https://ksw.or.at/mitgliederverzeichnis/?tx_kswmembers_membersdirectory%5Bcontroller%5D=MembersDirectory&tx_kswmembers_membersdirectory%5BcurrentPage%5D=469,1,CONFIRMED_30_PLUS,HIGH,30,30,official team/profile lower bound,,30,18,4,,,,https://www.kirchmair-kraisser.at/ | https://www.kirchmair-kraisser.at/kanzlei/innsbruck/ | https://www.kirchmair-kraisser.at/kanzlei/ansprechpartner/ | https://www.kirchmair-kraisser.at/leistungen/unternehmensberatung/ | https://www.kirchmair-kraisser.at/leistungen/unternehmensgruendung/ | https://www.kirchmair-kraisser.at/leistungen/unternehmensnachfolge/ | https://www.kirchmair-kraisser.at/karriere/warum_zu_uns/ | https://www.kirchmair-kraisser.at/karriere/benefits/,PRIOR_STAGE2_CANDIDATE;TEAM_PROFILES_10_PLUS;TEAM_EMAILS_10_PLUS;JOB_LINKS_3_PLUS;KSW_LISTINGS_3_PLUS;LOCATIONS_3_PLUS,VERIFY_PRIOR,CONFIRMED_30_PLUS,30,,AUSTRIA_LEGAL_ENTITY,HIGH,Official site provides a direct staff lower bound of at least 30.,https://www.kirchmair-kraisser.at/,Official site exposes at least 30 distinct staff profiles/personal company-domain emails.,Staff-page lower bound alone proves 30+; no upper bound assumed.,SINGLE,1,domain:kirchmair-kraisser.at,Wirtschaftstreuhand OG Kirchmair Kraisser Steuerberatungsgesellschaft,SINGLE_GROUP,CONFIRMED_20_PLUS,KSW,,,,,,,,,,,,Vertretung Ihrer Interessen [Management]; Steuerberater Lehrbeauftra [Geschäftsführung]; Steuerberater Lehrbeauftragter [Geschäftsführung]; Universität Innsbruck Ausbildung Handelsakademie [Geschäftsführung]; Schwaz Studium [Geschäftsführung]; Innsbruck Steuerberaterprüfung Berufserfahrung [Management]; WIFI Innsbruck Mag [Geschäftsführung]; Steuerberaterin Ausbildung Handelsaka [Geschäftsführung]; Steuerberaterin Ausbildung Handelsakademie Schwaz [Geschäftsführung]; Steuerbüro Innsbruck [Partner],Geschäftsführender Gesellschafter Univ (); Stefan Laner Dkfm (); Michael Flossmann Rechtsform Offene (); Firmensitz Fallmerayerstraße (); Innsbruck Firmenbuch (),Geschäftsführender Gesellschafter Univ; Stefan Laner Dkfm; Michael Flossmann Rechtsform Offene; Firmensitz Fallmerayerstraße,"Public sources identify owner/shareholder names, but complete share percentages were not safely established.",PARTNER_OWNED,Geschäftsführender Gesellschafter Univ; Stefan Laner Dkfm,Owner/Gesellschafter; Owner/Gesellschafter,MEDIUM_HIGH,https://www.kirchmair-kraisser.at/ | https://www.kirchmair-kraisser.at/kanzlei/ansprechpartner/ | https://www.kirchmair-kraisser.at/kanzlei/ansprechpartner/ | https://www.kirchmair-kraisser.at/kanzlei/ansprechpartner/ | https://www.kirchmair-kraisser.at/kanzlei/ansprechpartner/ | https://www.kirchmair-kraisser.at/kanzlei/ansprechpartner/ | https://www.kirchmair-kraisser.at/kanzlei/ansprechpartner/ | https://www.kirchmair-kraisser.at/kanzlei/ansprechpartner/ | https://www.kirchmair-kraisser.at/impressum/ | https://www.kirchmair-kraisser.at/impressum/ | https://www.kirchmair-kraisser.at/impressum/ | https://www.kirchmair-kraisser.at/impressum/ | https://www.kirchmair-kraisser.at/impressum/,No ownership was inferred from surname. Unknown share percentages remain null. For international/network firms the Austrian operational leadership is preferred over a global parent.,,,,,,steuerberater@kirchmair-kraisser.at,named_context_email,74,Geschäftsführender Gesellschafter Univ,https://www.kirchmair-kraisser.at/impressum | https://www.kirchmair-kraisser.at/impressum/,,
domain:bollenberger.com,AREA Bollenberger Steuerberatungs GmbH,bollenberger.com,http://www.bollenberger.com | http://www.area-bollenberger.at | https://www.area-bollenberger.at | https://area-bollenberger.at/,volkert@gmx.at | yvonnem@gmx.at | schereda@area-bollenberger.at | haubeneder@area-bollenberger.at | peter.kopper-zisser@area-bollenberger.at | purkersdorf@area-bollenberger.at | wien@area-bollenberger.at,+43 664 425 00 88 | +43 650 966 65 95 | +43 1 21178 50 | +43 676 844 676 271 | +43 676 844 676 222 | +43 2231 681 77 | +43 2231 681 77 50 | +43 1 711 78 | +43 1 811 78 50,"Wiener Neustadt Gemeinde: Wiener Neustadt Bezirk Wiener Neus | Purkersdorf Gemeinde: Purkersdorf Bezirk Sankt Pölten(Land) | Wien Gemeinde: Wien Wien 1.,Innere Stadt +43 1 711 78 +43 1",1,3,3,AREA Bollenberger Steuerberatungs GmbH,https://ksw.or.at/mitgliederverzeichnis/?tx_kswmembers_membersdirectory%5Bcontroller%5D=MembersDirectory&tx_kswmembers_membersdirectory%5BcurrentPage%5D=423 | https://ksw.or.at/mitgliederverzeichnis/?tx_kswmembers_membersdirectory%5Bcontroller%5D=MembersDirectory&tx_kswmembers_membersdirectory%5BcurrentPage%5D=247 | https://ksw.or.at/mitgliederverzeichnis/?tx_kswmembers_membersdirectory%5Bcontroller%5D=MembersDirectory&tx_kswmembers_membersdirectory%5BcurrentPage%5D=217,1,CONFIRMED_30_PLUS,HIGH,140,140,official explicit employee count,140: dafür sind folgende Faktoren: Die Menschen hinter dem Erfolg Gerne würden wir Ihnen alle rund 140 Mitarbeiter der AREA Bollenberger Gruppe vorstellen. Aus Platzgründen beschränken ,0,8,6,,,,https://area-bollenberger.at/ | https://area-bollenberger.at/ueber-uns/ | https://area-bollenberger.at/leistungen/unternehmensberatung/ | https://area-bollenberger.at/karriere/ | https://area-bollenberger.at/kontakt/ | https://www.bing.com/ck/a?!&&p=dd93017175f7df88c30db00f5766196e7535d1e60ff2438e9d451f2080281dc8JmltdHM9MTc4ODA0ODAwMA&ptn=3&ver=2&hsh=4&fclid=0eb8cb99-3d85-665b-0b8a-dc5c3cff6767&u=a1aHR0cHM6Ly9lbi53aWtpcGVkaWEub3JnL3dpa2kvQXJlYQ&ntb=1 | https://www.bing.com/ck/a?!&&p=a1a4ea4eb6d8de2494d3a6f52b2725165d9880bbd5510a326078291a07bfa971JmltdHM9MTc4ODA0ODAwMA&ptn=3&ver=2&hsh=4&fclid=0eb8cb99-3d85-665b-0b8a-dc5c3cff6767&u=a1aHR0cHM6Ly93d3cuY2FsY3VsYXRvci5uZXQvYXJlYS1jYWxjdWxhdG9yLmh0bWw&ntb=1 | https://www.bing.com/ck/a?!&&p=64ba9a2a630cd06ac4853bedbc59c8038ce1d458556b3d3637768834c6f70359JmltdHM9MTc4ODA0ODAwMA&ptn=3&ver=2&hsh=4&fclid=0eb8cb99-3d85-665b-0b8a-dc5c3cff6767&u=a1aHR0cHM6Ly93d3cuY3VlbWF0aC5jb20vbWVhc3VyZW1lbnQvYXJlYS8&ntb=1 | https://www.bing.com/ck/a?!&&p=a8b11b54eb28465bd2d5f782c56f1d6afb8431071dfcff2afbb046ea231b2920JmltdHM9MTc4ODA0ODAwMA&ptn=3&ver=2&hsh=4&fclid=0eb8cb99-3d85-665b-0b8a-dc5c3cff6767&u=a1aHR0cHM6Ly93d3cubWVycmlhbS13ZWJzdGVyLmNvbS9kaWN0aW9uYXJ5L2FyZWE&ntb=1 | https://www.bing.com/ck/a?!&&p=7498fca32bfbf3db3df026f4c65f7d8d11eb9298e1f1352be4c19903264755c9JmltdHM9MTc4ODA0ODAwMA&ptn=3&ver=2&hsh=4&fclid=0eb8cb99-3d85-665b-0b8a-dc5c3cff6767&u=a1aHR0cHM6Ly93d3cubWF0aHNpc2Z1bi5jb20vYXJlYS5odG1s&ntb=1 | https://www.bing.com/ck/a?!&&p=917cc92b02ed22cb387e1fe0888d335550e092fa38c2812d7823bc973aa9e8fcJmltdHM9MTc4ODA0ODAwMA&ptn=3&ver=2&hsh=4&fclid=0eb8cb99-3d85-665b-0b8a-dc5c3cff6767&u=a1aHR0cHM6Ly9iZXN0LWNhbGN1bGF0b3JzLmNvbS9tYXRoLWNvbnZlcnNpb24vYXJlYS1jYWxjdWxhdG9yLw&ntb=1 | https://www.bing.com/ck/a?!&&p=ec85f29964db57846606ed178edd7ab783bdc9509d30ddc6e4054b3faf6eca05JmltdHM9MTc4ODA0ODAwMA&ptn=3&ver=2&hsh=4&fclid=0eb8cb99-3d85-665b-0b8a-dc5c3cff6767&u=a1aHR0cHM6Ly93d3cuZ2lnYWNhbGN1bGF0b3IuY29tL2NhbGN1bGF0b3JzL2FyZWEtY2FsY3VsYXRvci5waHA&ntb=1 | https://www.bing.com/ck/a?!&&p=918c17b50f83186ff5754ac9bf7df9fcbf563d7fc869beda68eb3d512597597fJmltdHM9MTc4ODA0ODAwMA&ptn=3&ver=2&hsh=4&fclid=0eb8cb99-3d85-665b-0b8a-dc5c3cff6767&u=a1aHR0cHM6Ly93d3cubWF0aHNpc2Z1bi5jb20vZ2VvbWV0cnkvYXJlYS5odG1s&ntb=1 | https://www.bing.com/ck/a?!&&p=2db6d3d398b140428dbc8072e724246a1217793f9ac87c928f166e3e1141225bJmltdHM9MTc4ODA0ODAwMA&ptn=3&ver=2&hsh=4&fclid=0eb8cb99-3d85-665b-0b8a-dc5c3cff6767&u=a1aHR0cHM6Ly93d3cuc3BsYXNobGVhcm4uY29tL21hdGgtdm9jYWJ1bGFyeS9nZW9tZXRyeS9hcmVh&ntb=1 | https://www.bing.com/ck/a?!&&p=7cd6391e67b29cd89a5b771e18d45ff16ca3726ff7a98748607500324d9a22bfJmltdHM9MTc4ODA0ODAwMA&ptn=3&ver=2&hsh=4&fclid=0eb8cb99-3d85-665b-0b8a-dc5c3cff6767&u=a1aHR0cHM6Ly9jYWxjdWxhdG9yLW9ubGluZS5uZXQvYXJlYS1jYWxjdWxhdG9yLw&ntb=1 | https://www.bing.com/ck/a?!&&p=531ca5523edded3deb3ec6fbe6de262824112f03dfca4dc7a8c43c71839233c9JmltdHM9MTc4ODA0ODAwMA&ptn=3&ver=2&hsh=4&fclid=17e6aeba-620a-6bb3-06b4-b97f63ce6a47&u=a1aHR0cHM6Ly9lbi53aWtpcGVkaWEub3JnL3dpa2kvQXJlYQ&ntb=1 | https://www.bing.com/ck/a?!&&p=227879851d0cdd150289ade94bbc81439b24a3ab9c69ad060f809f55060a5cecJmltdHM9MTc4ODA0ODAwMA&ptn=3&ver=2&hsh=4&fclid=17e6aeba-620a-6bb3-06b4-b97f63ce6a47&u=a1aHR0cHM6Ly93d3cuY2FsY3VsYXRvci5uZXQvYXJlYS1jYWxjdWxhdG9yLmh0bWw&ntb=1,PRIOR_STAGE2_CANDIDATE;JOB_LINKS_3_PLUS;KSW_LISTINGS_3_PLUS;LOCATIONS_3_PLUS,VERIFY_PRIOR,CONFIRMED_30_PLUS,140,,AUSTRIA_LEGAL_ENTITY,HIGH,Official Austrian company/group page states approximately or explicitly 140 employees.,https://area-bollenberger.at/ueber-uns/,Official site employee statement around 140.,Official-site employee statement is sufficient for a 30+ lower bound.,SINGLE,1,domain:bollenberger.com,AREA Bollenberger Steuerberatungs GmbH,SINGLE_GROUP,CONFIRMED_20_PLUS,KSW,,,,,,,,,,,,MEHR INFOS [Management]; WEITERE NEWS [Partner]; Independent Member [Partner]; Leistungen Branchen Aktuelles Karriere [Partner]; Bilanzierung Personalverrechnung Smart-Office Corp [Management]; Aus Platzgründen [Geschäftsführer]; Gerald Haubeneder [Geschäftsführer]; LLB Steuerberater [Geschäftsführer]; Sachverständiger Mag [Geschäftsführer]; Ursula Kilzer Steuerberaterin MMag [Geschäftsführer],Begünstigung MEHR INFOS (); MEHR INFOS (); WEITERE NEWS (); Independent Member (); Leistungen Branchen Aktuelles Karriere (),Begünstigung MEHR INFOS; MEHR INFOS; WEITERE NEWS; Independent Member,"Public sources identify owner/shareholder names, but complete share percentages were not safely established.",PARTNER_OWNED,Begünstigung MEHR INFOS; MEHR INFOS,Owner/Gesellschafter; Owner/Gesellschafter,MEDIUM_HIGH,https://area-bollenberger.at/ | https://area-bollenberger.at/ | https://area-bollenberger.at/ | https://area-bollenberger.at/ | https://area-bollenberger.at/ | https://area-bollenberger.at/ueber-uns/ | https://area-bollenberger.at/ueber-uns/ | https://area-bollenberger.at/ueber-uns/ | https://area-bollenberger.at/ | https://area-bollenberger.at/ | https://area-bollenberger.at/ | https://area-bollenberger.at/ | https://area-bollenberger.at/,No ownership was inferred from surname. Unknown share percentages remain null. For international/network firms the Austrian operational leadership is preferred over a global parent.,,central_context,20,MEHR INFOS,https://area-bollenberger.at/,,,,,,,
domain:sstb.at,capra Steuerberatungs GmbH,sstb.at,http://www.sstb.at,w.winter@sstb.at | office@winter.st | k.uedl@sstb.at | office@sstb.at | m.stradner@sstb.at,+43 3452 83 481 | +43 3452 83 481 18 | +43 664 160 65 61 | +43 3452 834 81 0 | +43 3452 8 34 81 0 | +43 3452 8 34 81 18 | +43 3452 834 81 12 | +43 3452 834 81 18,Leibnitz Gemeinde: Leibnitz Bezirk Leibnitz +43 3452 83 481 | Leibnitz Gemeinde: Leibnitz Bezirk Leibnitz +43 3452 8 34 81,2,2,2,capra Steuerberatungs GmbH | Südsteirische Steuerberatung GmbH,https://ksw.or.at/mitgliederverzeichnis/?tx_kswmembers_membersdirectory%5Bcontroller%5D=MembersDirectory&tx_kswmembers_membersdirectory%5BcurrentPage%5D=466 | https://ksw.or.at/mitgliederverzeichnis/?tx_kswmembers_membersdirectory%5Bcontroller%5D=MembersDirectory&tx_kswmembers_membersdirectory%5BcurrentPage%5D=113,1,CONFIRMED_30_PLUS,HIGH,33,33,official team/profile lower bound,,1,33,4,,,,https://www.sstb.at/ | https://www.sstb.at/ueber-uns/ | https://www.sstb.at/team/ | https://www.sstb.at/karriere/,PRIOR_STAGE2_CANDIDATE;TEAM_EMAILS_10_PLUS;JOB_LINKS_3_PLUS;LEGAL_ENTITIES_2_PLUS,VERIFY_PRIOR,CONFIRMED_30_PLUS,31,,AUSTRIA_GROUP,HIGH,Official site provides a direct staff lower bound of at least 31.,https://www.sstb.at/,Official site exposes at least 31 distinct staff profiles/personal company-domain emails.,Staff-page lower bound alone proves 30+; no upper bound assumed.,SINGLE,1,domain:sstb.at,capra Steuerberatungs GmbH,SINGLE_GROUP,CONFIRMED_20_PLUS,KSW,,,,,,,,,,,,Steuerfragen Home Über [Partner]; Buchhaltung Lohnverrechnung Services Steuerrechner [Partner]; Checklisten Finanzämter Pantherix Klientenportal [Partner]; Aktuelles Klienten-Info Management [Management]; Ihre Steuern [Partner]; Ihr Steuerpartner [Partner]; Ihr Unt [Management]; Fragen Sie [Partner]; Ihren SSTB-Ansprechpartner [Partner]; Wenn Sie [Partner],,unresolved,Ownership/control layer was not safely established from public evidence; operational management is retained where verified.,UNRESOLVED,Andrea Sauer Assistentin; Astrid Waldhauser Assistentin; BA Assistentin,Geschäftsführung; Geschäftsführung; Geschäftsführung,MEDIUM_HIGH,https://www.sstb.at/ | https://www.sstb.at/ | https://www.sstb.at/ | https://www.sstb.at/ | https://www.sstb.at/ | https://www.sstb.at/ | https://www.sstb.at/ | https://www.sstb.at/,No ownership was inferred from surname. Unknown share percentages remain null. For international/network firms the Austrian operational leadership is preferred over a global parent.,,central_context,20,Andrea Sauer Assistentin,https://www.sstb.at/team/,a.renner@sstb.at,named_context_email,70,Andrea Sauer Assistentin,https://www.sstb.at/team/,,
domain:enzinger-stb.at,Enzinger Steuerberatung GmbH,enzinger-stb.at,http://www.enzinger-stb.at,office@enzinger-stb.at | natalie.enzinger@enzinger-stb.at,+43 316 838 734 36 | +43 316 838 34 49,Graz Gemeinde: Graz Bezirk Graz(Stadt) +43 316 838 734 36 +4,1,1,1,Enzinger Steuerberatung GmbH,https://ksw.or.at/mitgliederverzeichnis/?tx_kswmembers_membersdirectory%5Bcontroller%5D=MembersDirectory&tx_kswmembers_membersdirectory%5BcurrentPage%5D=172,1,CONFIRMED_20_29,HIGH,27,27,official team/profile lower bound,,2,27,6,,,,https://www.enzinger-stb.at/ | https://www.enzinger-stb.at/team/ | https://www.enzinger-stb.at/karriere/,PRIOR_STAGE2_CANDIDATE;TEAM_EMAILS_10_PLUS;JOB_LINKS_3_PLUS,VERIFY_PRIOR,CONFIRMED_20_PLUS,26,,AUSTRIA_LEGAL_ENTITY,HIGH,Official site provides a direct staff lower bound of at least 26.,https://www.enzinger-stb.at/,Official site exposes at least 26 distinct staff profiles/personal company-domain emails.,Staff-page lower bound proves 20+ but not 30+ unless count reaches 30.,SINGLE,1,domain:enzinger-stb.at,Enzinger Steuerberatung GmbH,SINGLE_GROUP,CONFIRMED_20_PLUS,KSW,,,,,,,,,,,,Krypto-Steuer Newsletter [Partner]; Allgemeinen Auftragsbedingungen [Partner]; Fiduciary Professions [Partner],,unresolved,Ownership/control layer was not safely established from public evidence; operational management is retained where verified.,UNRESOLVED,Allgemeinen Auftragsbedingungen; Fiduciary Professions; Krypto-Steuer Newsletter,Partner; Partner; Partner,MEDIUM_HIGH,https://www.enzinger-stb.at/ | https://www.enzinger-stb.at/ | https://www.enzinger-stb.at/en/team/,No ownership was inferred from surname. Unknown share percentages remain null. For international/network firms the Austrian operational leadership is preferred over a global parent.,,central_context,28,Allgemeinen Auftragsbedingungen,https://www.enzinger-stb.at/ | https://www.enzinger-stb.at/impressum/ | https://www.enzinger-stb.at/karriere/ | https://www.enzinger-stb.at/kontakt/ | https://www.enzinger-stb.at/news/ | https://www.enzinger-stb.at/news/?kicat=1&navcat=&art_id=2940 | https://www.enzinger-stb.at/news/?kicat=1&navcat=&art_id=2941 | https://www.enzinger-stb.at/news/?kicat=1&navcat=&art_id=2942 | https://www.enzinger-stb.at/news/?kicat=1&navcat=&art_id=2943 | https://www.enzinger-stb.at/news/?kicat=1&navcat=&art_id=2944 | https://www.enzinger-stb.at/news/?kicat=1amp;navcat=2&id=21 | https://www.enzinger-stb.at/news/?kicat=2&navcat=2&id=21 | https://www.enzinger-stb.at/news/?kicat=3&navcat=3&id=21 | https://www.enzinger-stb.at/team/,,generic_email,38,Allgemeinen Auftragsbedingungen,https://www.enzinger-stb.at/ | https://www.enzinger-stb.at/impressum/ | https://www.enzinger-stb.at/karriere/ | https://www.enzinger-stb.at/kontakt/ | https://www.enzinger-stb.at/news/ | https://www.enzinger-stb.at/news/?kicat=1&navcat=&art_id=2940 | https://www.enzinger-stb.at/news/?kicat=1&navcat=&art_id=2941 | https://www.enzinger-stb.at/news/?kicat=1&navcat=&art_id=2942 | https://www.enzinger-stb.at/news/?kicat=1&navcat=&art_id=2943 | https://www.enzinger-stb.at/news/?kicat=1&navcat=&art_id=2944 | https://www.enzinger-stb.at/news/?kicat=1amp;navcat=2&id=21 | https://www.enzinger-stb.at/news/?kicat=2&navcat=2&id=21 | https://www.enzinger-stb.at/news/?kicat=3&navcat=3&id=21 | https://www.enzinger-stb.at/team/,,
domain:grosschedl-pusswald.at,Großschedl & Pußwald Wirtschaftstreuhand- und Steuerberatungs GmbH,grosschedl-pusswald.at,http://www.grosschedl-pusswald.at | http://www.kiendl-grosschedl.at,kanzlei@grosschedl-pusswald.at | s.pusswald@grosschedl-pusswald.at,+43 3172 31 51 0 | +43 3172 31 51 32 | +43 3172 31 51 14,Weiz Gemeinde: Weiz Bezirk Weiz +43 3172 31 51 0 +43 3172 31,1,1,1,Großschedl & Pußwald Wirtschaftstreuhand- und Steuerberatungs GmbH,https://ksw.or.at/mitgliederverzeichnis/?tx_kswmembers_membersdirectory%5Bcontroller%5D=MembersDirectory&tx_kswmembers_membersdirectory%5BcurrentPage%5D=274,1,CONFIRMED_30_PLUS,HIGH,30,30,official team/profile lower bound,,30,0,1,,,,https://www.grosschedl-pusswald.at/ | https://www.grosschedl-pusswald.at/at/kanzlei/ansprechpartner/index.html | https://www.grosschedl-pusswald.at/at/kanzlei/adresse_und_anfahrt/index.html | https://www.grosschedl-pusswald.at/at/kanzlei/kontakt/index.html | https://www.grosschedl-pusswald.at/at/kanzlei/karriere/index.html | https://www.grosschedl-pusswald.at/at/kanzlei/impressum/index.html | https://www.grosschedl-pusswald.at/at/leistungen/unternehmensgr%C3%BCndung/index.html,PRIOR_STAGE2_CANDIDATE;TEAM_PROFILES_10_PLUS,VERIFY_PRIOR,CONFIRMED_30_PLUS,30,,AUSTRIA_LEGAL_ENTITY,HIGH,Official site provides a direct staff lower bound of at least 30.,https://www.grosschedl-pusswald.at/,Official site exposes at least 30 distinct staff profiles/personal company-domain emails.,Staff-page lower bound alone proves 30+; no upper bound assumed.,SINGLE,1,domain:grosschedl-pusswald.at,Großschedl & Pußwald Wirtschaftstreuhand- und Steuerberatungs GmbH,SINGLE_GROUP,CONFIRMED_20_PLUS,KSW,,,,,,,,,,,,Leistungen Unternehmensgründung Buchhaltung Lohnverrechnung [Partner]; Bilanzierung Tools Online-Rechner Erinnerungsservice [Partner]; Aktuelles Steuernews [Management]; Newsletter Positionsanzeige Sie [Partner]; Sie Ihre [Partner]; Kontaktieren Sie [Partner]; Inhalt Mag [Partner]; Positionsanzeige Sie [Partner]; Ansprechpartner Ansprechpartner Hier [Partner]; Ansprechpartner Sämtliche Anfragen [Partner],,unresolved,Ownership/control layer was not safely established from public evidence; operational management is retained where verified.,UNRESOLVED,Aktuelles Steuernews; Ansprechpartner Ansprechpartner Hier; Ansprechpartner Sämtliche Anfragen,Management; Partner; Partner,MEDIUM_HIGH,https://www.grosschedl-pusswald.at/ | https://www.grosschedl-pusswald.at/ | https://www.grosschedl-pusswald.at/ | https://www.grosschedl-pusswald.at/at/kanzlei/ansprechpartner/index.html | https://www.grosschedl-pusswald.at/at/kanzlei/ansprechpartner/index.html | https://www.grosschedl-pusswald.at/at/kanzlei/ansprechpartner/index.html | https://www.grosschedl-pusswald.at/at/kanzlei/ansprechpartner/index.html | https://www.grosschedl-pusswald.at/at/kanzlei/ansprechpartner/index.html,No ownership was inferred from surname. Unknown share percentages remain null. For international/network firms the Austrian operational leadership is preferred over a global parent.,,central_context,28,Ansprechpartner Ansprechpartner Hier,https://www.grosschedl-pusswald.at/at/kanzlei/adresse_und_anfahrt/index.html | https://www.grosschedl-pusswald.at/at/kanzlei/ansprechpartner/index.html | https://www.grosschedl-pusswald.at/at/kanzlei/impressum/index.html | https://www.grosschedl-pusswald.at/at/kanzlei/kontakt/index.html,,,,,,,
domain:hoetzl.at,Hötzl + Partner GmbH Wirtschaftsprüfer + Steuerberater,hoetzl.at,http://www.hoetzl.at,hup@hoetzl.at | jhoetzl@hoetzl.at | office@hoetzl.at | hoetzl@hoetzl.at | doppler@hoetzl.at,+43 316 31 93 19 | +43 316 31 93 19 25 | +43 316 319 319 | +43 316 319 319 25,Graz Gemeinde: Graz Bezirk Graz(Stadt) +43 316 31 93 19 +43,1,1,1,Hötzl + Partner GmbH Wirtschaftsprüfer + Steuerberater,https://ksw.or.at/mitgliederverzeichnis/?tx_kswmembers_membersdirectory%5Bcontroller%5D=MembersDirectory&tx_kswmembers_membersdirectory%5BcurrentPage%5D=333,1,CONFIRMED_20_29,HIGH,22,22,official team/profile lower bound,,0,22,2,,,,https://hoetzl.at/ | https://hoetzl.at/ueber-uns/ | https://hoetzl.at/karriere/ | https://www.bing.com/ck/a?!&&p=13515841969f82150e0b89977b49b183952f52bbc22e1fc85efb82d1ee9b824cJmltdHM9MTc4ODA0ODAwMA&ptn=3&ver=2&hsh=4&fclid=05dd1cdb-a0a5-6424-2942-0b1ea1d765e5&u=a1aHR0cHM6Ly93d3cubGl0dGxlbGVhZ3VlLm9yZy93b3JsZC1zZXJpZXMvMjAyNi9sbGJ3cy8&ntb=1,PRIOR_STAGE2_CANDIDATE;TEAM_EMAILS_10_PLUS,VERIFY_PRIOR,CONFIRMED_20_PLUS,20,,AUSTRIA_LEGAL_ENTITY,HIGH,Official site provides a direct staff lower bound of at least 20.,https://hoetzl.at/,Official site exposes at least 20 distinct staff profiles/personal company-domain emails.,Staff-page lower bound proves 20+ but not 30+ unless count reaches 30.,SINGLE,1,domain:hoetzl.at,Hötzl + Partner GmbH Wirtschaftsprüfer + Steuerberater,SINGLE_GROUP,CONFIRMED_20_PLUS,KSW,,,,,,,,,,,,English Deutsch Menü Über [Partner]; Ihr Anliegen [Partner]; Darstellung Ihrer Unterneh [Management]; Graz Fachautor Beratungsschwerpunkte [Geschäftsführer]; Beratung Abgabenverfahren Finanzstrafrecht Unternehmensbewertung [Geschäftsführer]; Unternehmensnachfolge Internationales Ste [Geschäftsführung]; Partnerin Geschäftsführerin [Geschäftsführer]; Graz Beratungsschwerpunkte [Geschäftsführer]; Beratung Konzernrechnungslegung Abschlussprüfung Vereine [Geschäftsführer]; Umgründungen Apotheken Land [Geschäftsführer],,unresolved,Ownership/control layer was not safely established from public evidence; operational management is retained where verified.,UNRESOLVED,Beratung Abgabenverfahren Finanzstrafrecht Unternehmensbewertung; Beratung Konzernrechnungslegung Abschlussprüfung Vereine; Forstwirtschaft Mag,Geschäftsführer; Geschäftsführer; Geschäftsführer,MEDIUM_HIGH,https://hoetzl.at/ | https://hoetzl.at/ | https://hoetzl.at/ | https://hoetzl.at/ueber-uns/ | https://hoetzl.at/ueber-uns/ | https://hoetzl.at/ueber-uns/ | https://hoetzl.at/ueber-uns/ | https://hoetzl.at/ueber-uns/,No ownership was inferred from surname. Unknown share percentages remain null. For international/network firms the Austrian operational leadership is preferred over a global parent.,,,,,,,,,,,,
domain:klinger-rieger.at,KRW Wien Steuerberatungsgesellschaft mbH,klinger-rieger.at,http://www.klinger-rieger.at,office@krw-steuerberater.at | michael.klinger@klinger-rieger.at | bettina.vrana@krw-steuerberater.at | office@klinger-rieger.at | fabia.klinger@klinger-rieger.at | office@steuerberater-kaernten.at | kai.hoefler@steuerberater-kaernten.at | office@krw-moedling.at | michael@csencsits-steuerberater.at | steuerberatung@klinger-rieger.at | abakus@klinger-rieger.at | manfred.rieger@klinger-rieger.at | sina.klinger@klinger-rieger.at,+43 1 3300250 | +43 1 3300250 21 | +43 662 62 13 17 0 | +43 662 62 13 17 9 | +43 1 33 00 250 | +43 512 577 090 | +43 512 577 090 20 | +43 662 62 13 17 | +43 4242 42 446 | +43 4242 44 092 | +43 676 614 79 01 | +43 1 602 44 38 11 | +43 660 310 08 37 | +43 1 33 00 250 0 | +43 1 33 00 250 21,"Wien Gemeinde: Wien Wien 2.,Leopoldstadt +43 1 3300250 +43 1 | Amras Gemeinde: Innsbruck Bezirk Innsbruck-Stadt +43 512 577 | Salzburg Gemeinde: Salzburg Bezirk Salzburg(Stadt) +43 662 6 | Villach-Innere Stadt Gemeinde: Villach Bezirk Villach Stadt | Mödling Gemeinde: Mödling Bezirk Mödling +43 1 602 44 38 11 | Wien Gemeinde: Wien Wien 2.,Leopoldstadt +43 1 33 00 250 0 +",8,8,8,KRW Wien Steuerberatungsgesellschaft mbH | KRW Aktiv Steuerberatungsgesellschaft mbH | SFT Wirtschaftsprüfungsgesellschaft m.b.H. | KRW Kärnten Steuerberatungsgesellschaft mbH | KRW Mödling Steuerberatungsgesellschaft mbH | KRW Allconsult Steuerberatungsgesellschaft mbH | KRW Dr.Klinger & Rieger Steuerberatung Salzburg OG | ABAKUS Wirtschaftsprüfungs- und Steuerberatungsgesellschaft m.b.H.,https://ksw.or.at/mitgliederverzeichnis/?tx_kswmembers_membersdirectory%5Bcontroller%5D=MembersDirectory&tx_kswmembers_membersdirectory%5BcurrentPage%5D=214 | https://ksw.or.at/mitgliederverzeichnis/?tx_kswmembers_membersdirectory%5Bcontroller%5D=MembersDirectory&tx_kswmembers_membersdirectory%5BcurrentPage%5D=103 | https://ksw.or.at/mitgliederverzeichnis/?tx_kswmembers_membersdirectory%5Bcontroller%5D=MembersDirectory&tx_kswmembers_membersdirectory%5BcurrentPage%5D=326 | https://ksw.or.at/mitgliederverzeichnis/?tx_kswmembers_membersdirectory%5Bcontroller%5D=MembersDirectory&tx_kswmembers_membersdirectory%5BcurrentPage%5D=494 | https://ksw.or.at/mitgliederverzeichnis/?tx_kswmembers_membersdirectory%5Bcontroller%5D=MembersDirectory&tx_kswmembers_membersdirectory%5BcurrentPage%5D=84 | https://ksw.or.at/mitgliederverzeichnis/?tx_kswmembers_membersdirectory%5Bcontroller%5D=MembersDirectory&tx_kswmembers_membersdirectory%5BcurrentPage%5D=199 | https://ksw.or.at/mitgliederverzeichnis/?tx_kswmembers_membersdirectory%5Bcontroller%5D=MembersDirectory&tx_kswmembers_membersdirectory%5BcurrentPage%5D=489 | https://ksw.or.at/mitgliederverzeichnis/?tx_kswmembers_membersdirectory%5Bcontroller%5D=MembersDirectory&tx_kswmembers_membersdirectory%5BcurrentPage%5D=470,1,CONFIRMED_30_PLUS,HIGH,200,200,official explicit employee count,200: Die Ein-Mann-Kanzlei von damals zählt in Salzburg nun um die 30 Köpfe und österreichweit über 200 Mitarbeiter:innen. Eine besondere Auszeichnung wurde uns im Mai 2022 zuteil: wir w | 35: 2022 SteuerNews ÖSV Steuer-Portal CoronaNews Karriere English Suchen nach: Unser Team in Zahlen 35 Mitarbeitende 22 Frauenanteil 11 Nationen 8 Sprachen Die Geschäftsführung Kommerz,0,1,1,,,,https://www.klinger-rieger.at/ | https://www.klinger-rieger.at/?taxonomy=nav_menu&term=kanzlei | https://www.klinger-rieger.at/ueber-uns/ | https://www.klinger-rieger.at/steuerberater-salzburg/steuerberater/ | https://www.klinger-rieger.at/steuerberater/salzburg/anfahrt_steuerberatungskanzlei/ | https://www.klinger-rieger.at/karriere/,PRIOR_STAGE2_CANDIDATE;KSW_LISTINGS_3_PLUS;LOCATIONS_3_PLUS;LEGAL_ENTITIES_2_PLUS;SANITY_SEED:KRW|Klinger,VERIFY_PRIOR,CONFIRMED_30_PLUS,200,,AUSTRIA_GROUP,HIGH,Official Austrian company/group page states approximately or explicitly 200 employees.,https://www.klinger-rieger.at/ueber-uns/,Official site employee statement around 200.,Official-site employee statement is sufficient for a 30+ lower bound.,SINGLE,1,domain:klinger-rieger.at,KRW Wien Steuerberatungsgesellschaft mbH,SINGLE_GROUP,CONFIRMED_20_PLUS,KSW,,,,,,,,,,,,Leistungen Diverses Partnerkanzleien Presse [Partner]; Artikel Steuerberater [Partner]; SteuerNews ÖSV Steuer-Portal CoronaNews [Partner]; Karriere English Suchen [Partner]; KRW Dr [Management]; Lohnverrechnung Suchen [Management]; Kategorie Allrounder Salzburg KRW [Management]; Sina Klinger [Geschäftsführung]; Ihre Schwester Mag [Geschäftsführung]; Fabia Klinger [Geschäftsführung],Geschäftsführende Gesellschafter (); Steuerberater Manfred Rieger (); Steuerberater Mag (); Sina Klinger (); Steuerberaterin Mag (); Fabia Klinger (); Wirtschaftsprüferin Partnerk (),Geschäftsführende Gesellschafter; Steuerberater Manfred Rieger; Steuerberater Mag; Sina Klinger,"Public sources identify owner/shareholder names, but complete share percentages were not safely established.",PARTNER_OWNED,Geschäftsführende Gesellschafter; Steuerberater Manfred Rieger,Owner/Gesellschafter; Owner/Gesellschafter,MEDIUM_HIGH,https://www.klinger-rieger.at/ | https://www.klinger-rieger.at/ | https://www.klinger-rieger.at/ | https://www.klinger-rieger.at/ | https://www.klinger-rieger.at/ | https://www.klinger-rieger.at/ | https://www.klinger-rieger.at/ | https://www.klinger-rieger.at/ueber-uns/ | https://www.klinger-rieger.at/steuerberater-salzburg/steuerberater-visitenkarte/ | https://www.klinger-rieger.at/steuerberater-salzburg/steuerberater-visitenkarte/ | https://www.klinger-rieger.at/steuerberater-salzburg/steuerberater-visitenkarte/ | https://www.klinger-rieger.at/steuerberater-salzburg/steuerberater-visitenkarte/ | https://www.klinger-rieger.at/steuerberater-salzburg/steuerberater-visitenkarte/ | https://www.klinger-rieger.at/steuerberater-salzburg/steuerberater-visitenkarte/ | https://www.klinger-rieger.at/steuerberater-salzburg/steuerberater-visitenkarte/,No ownership was inferred from surname. Unknown share percentages remain null. For international/network firms the Austrian operational leadership is preferred over a global parent.,+43662621317,central_context,83,Steuerberater Manfred Rieger,https://www.klinger-rieger.at/partner/ | https://www.klinger-rieger.at/steuerberater/salzburg/anfahrt_steuerberatungskanzlei/ | https://www.klinger-rieger.at/steuerberater/salzburg/feedback_steuerberater/,melanie.zayim@klinger-rieger.at,named_context_email,70,Steuerberater Manfred Rieger,https://www.klinger-rieger.at/karriere/,,
domain:rtg.at,MOORE RTG Wirtschaftsprüfung GmbH,rtg.at,http://www.rtg.at | https://www.rtg.at/ | https://www.rtg.at/standorte-kleinwalsertal,geismayr@vol.at | a.geismayr@rtg.at | m.ruemmele@rtg.at | l.schurz@rtg.at | t.tiefenthaler@rtg.at | office.kwt@rtg.at | office@rtg.at | p.koegl@rtg.at | birgit.jochum@gmail.com,+43 699 1296 0018 | +43 5572 363 66 | +43 699 12 96 00 18 | +43 5572 296 00 0 | +43 699 1 296 00 10 | +43 5572 296 00 84 | +43 5572 296 00 44 | +43 5572 29 60 00 | +43 5572 29 60 044 | +43 5572 296 00 18 | +43 5517 53 29 0 | +43 5517 53 29 72 | +43 5572 296 00,Dornbirn Gemeinde: Dornbirn Bezirk Dornbirn +43 699 1296 001 | Dornbirn Gemeinde: Dornbirn Bezirk Dornbirn +43 5572 296 00 | Riezlern Gemeinde: Mittelberg Bezirk Bregenz +43 5517 53 29,6,6,6,MOORE RTG Wirtschaftsprüfung GmbH | LS Steuerberatung und Wirtschaftsprüfung GmbH | ALG Steuerberatung und Wirtschaftsprüfung GmbH | RTG Kleinwalsertal Steuerberatung GmbH & Co KG | RTG Dr. Rümmele Steuerberatung und Wirtschaftsprüfung GmbH | RTG Dr. Rümmele Steuerberatung und Wirtschaftsprüfung GmbH & Co KG,https://ksw.or.at/mitgliederverzeichnis/?tx_kswmembers_membersdirectory%5Bcontroller%5D=MembersDirectory&tx_kswmembers_membersdirectory%5BcurrentPage%5D=350 | https://ksw.or.at/mitgliederverzeichnis/?tx_kswmembers_membersdirectory%5Bcontroller%5D=MembersDirectory&tx_kswmembers_membersdirectory%5BcurrentPage%5D=66 | https://ksw.or.at/mitgliederverzeichnis/?tx_kswmembers_membersdirectory%5Bcontroller%5D=MembersDirectory&tx_kswmembers_membersdirectory%5BcurrentPage%5D=289 | https://ksw.or.at/mitgliederverzeichnis/?tx_kswmembers_membersdirectory%5Bcontroller%5D=MembersDirectory&tx_kswmembers_membersdirectory%5BcurrentPage%5D=42 | https://ksw.or.at/mitgliederverzeichnis/?tx_kswmembers_membersdirectory%5Bcontroller%5D=MembersDirectory&tx_kswmembers_membersdirectory%5BcurrentPage%5D=435 | https://ksw.or.at/mitgliederverzeichnis/?tx_kswmembers_membersdirectory%5Bcontroller%5D=MembersDirectory&tx_kswmembers_membersdirectory%5BcurrentPage%5D=382,1,CONFIRMED_30_PLUS,HIGH,40,40,official explicit employee count,40: hand OHG. 2000 Umzug in unser aktuelles Büro in der Marktstraße 30 in Dornbirn mit damals ca. 40 Mitarbeitenden. 2004 Gründung der RTG Dr. Rümmele Treuhand GmbH mit Dr. Manfred Rüm | 20: nen individuell maßgeschneiderten und nachhaltigen Beratungsansatz. Mit einem engagierten Team von 20 Mitarbeiter:innen bieten wir kompetente und persönliche Betreuung vor Ort. Dab,0,2,1,,,,https://www.rtg.at/ | https://www.rtg.at/unternehmen | https://www.rtg.at/team-all | https://www.rtg.at/karriere | https://www.rtg.at/standorte-kleinwalsertal | https://www.bing.com/ck/a?!&&p=751aca644512a7a6c6dabfe1a53c356c61df7ea8f12f883ef031c16f2ae52026JmltdHM9MTc4ODA0ODAwMA&ptn=3&ver=2&hsh=4&fclid=041119dd-43c5-62c1-16a9-0e184278635a&u=a1aHR0cHM6Ly93d3cuc3RncHJlc2VudHMub3JnL3N0Zy12ZW51ZXMvbW9vcmUtdGhlYXRyZS9ldmVudHMv&ntb=1 | https://www.bing.com/ck/a?!&&p=c90ea7936e17f0e822d57c8851017b5e75154701eac1e78b997f36ba8261c795JmltdHM9MTc4ODA0ODAwMA&ptn=3&ver=2&hsh=4&fclid=041119dd-43c5-62c1-16a9-0e184278635a&u=a1aHR0cHM6Ly93d3cubW9vcmUtZ2xvYmFsLmNvbS8&ntb=1 | https://www.bing.com/ck/a?!&&p=e5c2c9fb5ab55816c1c7e594010bb43b69158d97d80aa32e7c9d93425693c8c1JmltdHM9MTc4ODA0ODAwMA&ptn=3&ver=2&hsh=4&fclid=041119dd-43c5-62c1-16a9-0e184278635a&u=a1aHR0cHM6Ly93ZWFyZW1vb3JlLmNvbS8&ntb=1 | https://www.bing.com/ck/a?!&&p=074fbfc75e95ab2252996fd283824340a705a924b92556335ad4f609c39c68caJmltdHM9MTc4ODA0ODAwMA&ptn=3&ver=2&hsh=4&fclid=041119dd-43c5-62c1-16a9-0e184278635a&u=a1aHR0cHM6Ly93d3cuc3RncHJlc2VudHMub3JnL3N0Zy12ZW51ZXMvbW9vcmUtdGhlYXRyZS8&ntb=1 | https://www.bing.com/ck/a?!&&p=1931bd16c232fe7c67534d0488dd35c7d5dd9fde3ac3bb736ab76c6cab1e7559JmltdHM9MTc4ODA0ODAwMA&ptn=3&ver=2&hsh=4&fclid=041119dd-43c5-62c1-16a9-0e184278635a&u=a1aHR0cHM6Ly93d3cubW9vcmVob3RlbC5jb20v&ntb=1 | https://www.bing.com/ck/a?!&&p=80c6c2fbec9983b706d6031317f5b84f5fe0d1b86b64986680f1e2921672c603JmltdHM9MTc4ODA0ODAwMA&ptn=3&ver=2&hsh=4&fclid=041119dd-43c5-62c1-16a9-0e184278635a&u=a1aHR0cHM6Ly93d3cuYmVuamFtaW5tb29yZS5jb20vZW4tdXM_bXNvY2tpZD0wNDExMTlkZDQzYzU2MmMxMTZhOTBlMTg0Mjc4NjM1YQ&ntb=1 | https://www.bing.com/ck/a?!&&p=be740c78ea27ef07cd67d2399056ffe82793d7ca86726c782ff187d42214578bJmltdHM9MTc4ODA0ODAwMA&ptn=3&ver=2&hsh=4&fclid=041119dd-43c5-62c1-16a9-0e184278635a&u=a1aHR0cHM6Ly9lbi53aWtpcGVkaWEub3JnL3dpa2kvTW9vcmVfR2xvYmFs&ntb=1 | https://www.bing.com/ck/a?!&&p=1c7b0a56e333dbcfc7788d1bfe603e8050cbb517450c54104cd2dfa3cf739c86JmltdHM9MTc4ODA0ODAwMA&ptn=3&ver=2&hsh=4&fclid=041119dd-43c5-62c1-16a9-0e184278635a&u=a1aHR0cHM6Ly93d3cubW9vcmV0aGVhdHJlLm5ldC9ldmVudHMv&ntb=1 | https://www.bing.com/ck/a?!&&p=9d1a4e109781faad8f6329b1704f70b7a8308be0d74a5221f45a2e0bf185c67dJmltdHM9MTc4ODA0ODAwMA&ptn=3&ver=2&hsh=4&fclid=041119dd-43c5-62c1-16a9-0e184278635a&u=a1aHR0cHM6Ly93d3cubW9vcmV0aGVhdHJlLm5ldC90aWNrZXQtaW5mby8&ntb=1 | https://www.bing.com/ck/a?!&&p=c640bc20e6f19838c11ead26600d9ec459b5358d9af395019fe4edf717e79e60JmltdHM9MTc4ODA0ODAwMA&ptn=3&ver=2&hsh=4&fclid=041119dd-43c5-62c1-16a9-0e184278635a&u=a1aHR0cHM6Ly9lbi53aWtpcGVkaWEub3JnL3dpa2kvTW9vcmU&ntb=1 | https://www.bing.com/ck/a?!&&p=1480261b227191a3ae845322dae720a140004ba9fedd054163ed4faaf9ff6719JmltdHM9MTc4ODA0ODAwMA&ptn=3&ver=2&hsh=4&fclid=247ae5e9-1a0f-6742-2707-f22c1b5666b7&u=a1aHR0cHM6Ly93d3cuc3RncHJlc2VudHMub3JnL3N0Zy12ZW51ZXMvbW9vcmUtdGhlYXRyZS9ldmVudHMv&ntb=1 | https://www.bing.com/ck/a?!&&p=9019187c38920accb18a6b5531dfa6451de84128f8594f3eed2ce798fd138187JmltdHM9MTc4ODA0ODAwMA&ptn=3&ver=2&hsh=4&fclid=247ae5e9-1a0f-6742-2707-f22c1b5666b7&u=a1aHR0cHM6Ly93d3cubW9vcmUtZ2xvYmFsLmNvbS8&ntb=1,PRIOR_STAGE2_CANDIDATE;KSW_LISTINGS_3_PLUS;LOCATIONS_3_PLUS;LEGAL_ENTITIES_2_PLUS;SANITY_SEED:RTG|MOORE,VERIFY_PRIOR,CONFIRMED_30_PLUS,40,,AUSTRIA_GROUP,HIGH,Official Austrian company/group page states approximately or explicitly 40 employees.,https://www.rtg.at/unternehmen,Official site employee statement around 40.,Official-site employee statement is sufficient for a 30+ lower bound.,SINGLE,1,domain:rtg.at,MOORE RTG Wirtschaftsprüfung GmbH,SINGLE_GROUP,CONFIRMED_20_PLUS,KSW,,,,,,,,,,,,Tanja Tiefenthaler Mag [Geschäftsführer]; Tanja Tiefenthaler [Geschäftsführung]; WP Partnerin Mag [Geschäftsführung]; Tiefgehende Expertise [Management]; Matthias Feurstein LL [Partner]; Alfred Geismayr WP [Partner]; Birgit Jochum StB PartnerIN [Partner]; Manfred Rümmele WP [Partner]; Ferdinand Schurz WP [Partner]; Leopold Schurz WP [Geschäftsführung],Dunja Zwerger-Holdermann Firmenbuch-Nummer (); Feldkirch UID-Nummer (); Rechtsform RTG Dr (),Dunja Zwerger-Holdermann Firmenbuch-Nummer; Feldkirch UID-Nummer; Rechtsform RTG Dr,"Public sources identify owner/shareholder names, but complete share percentages were not safely established.",PARTNER_OWNED,Alina Sautner; Alina Zettinig Geschäftsf; Alina Zettinig Geschäftsführerin,Geschäftsführer; Geschäftsführer; Geschäftsführer,MEDIUM_HIGH,https://www.rtg.at/unternehmen | https://www.rtg.at/unternehmen | https://www.rtg.at/unternehmen | https://www.rtg.at/unternehmen | https://www.rtg.at/unternehmen | https://www.rtg.at/unternehmen | https://www.rtg.at/unternehmen | https://www.rtg.at/unternehmen | https://www.rtg.at/impressum | https://www.rtg.at/impressum | https://www.rtg.at/impressum,No ownership was inferred from surname. Unknown share percentages remain null. For international/network firms the Austrian operational leadership is preferred over a global parent.,,central_fallback,20,,https://www.rtg.at/,,generic_fallback,30,,https://www.rtg.at/,+43557229600,office@rtg.at
domain:steuermann.at,PIRKER & PARTNER Wirtschaftstreuhand-Steuerberatungs OG,steuermann.at,http://www.steuermann.at,office@steuermann.at | wt-pirker@steuermann.at,+43 4242 328 36 | +43 664 121 69 79 | +43 4242 328 36 4 | +43 463 544 77 | +43 463 544 77 33,Villach-St. Agathen und Perau Gemeinde: Villach Bezirk Villa | Klagenfurt Gemeinde: Klagenfurt am Wörthersee Bezirk Klagenf,1,2,2,PIRKER & PARTNER Wirtschaftstreuhand-Steuerberatungs OG,https://ksw.or.at/mitgliederverzeichnis/?tx_kswmembers_membersdirectory%5Bcontroller%5D=MembersDirectory&tx_kswmembers_membersdirectory%5BcurrentPage%5D=265 | https://ksw.or.at/mitgliederverzeichnis/?tx_kswmembers_membersdirectory%5Bcontroller%5D=MembersDirectory&tx_kswmembers_membersdirectory%5BcurrentPage%5D=145,1,CONFIRMED_20_29,HIGH,26,26,official team/profile lower bound,,26,13,4,,,,https://www.steuermann.at/index_ger.html | https://www.steuermann.at/de/kanzlei/adresse_und_anfahrt/index_ger.html | https://www.steuermann.at/de/kanzlei/gutschein_erstgespr%C3%A4ch/index_ger.html | https://www.steuermann.at/de/kanzlei/ansprechpartner/index_ger.html | https://www.steuermann.at/de/kanzlei/impressum/index_ger.html | https://www.steuermann.at/de/kanzlei/datenschutz/index_ger.html | https://www.steuermann.at/de/digitale_kanzlei/digitalisierung/index_ger.html | https://www.steuermann.at/de/karriere/karriere_mit_vorteil/index_ger.html,PRIOR_STAGE2_CANDIDATE;TEAM_PROFILES_10_PLUS;TEAM_EMAILS_10_PLUS;JOB_LINKS_3_PLUS,VERIFY_PRIOR,CONFIRMED_20_PLUS,26,,AUSTRIA_LEGAL_ENTITY,HIGH,Official site provides a direct staff lower bound of at least 26.,https://www.steuermann.at/index_ger.html,Official site exposes at least 26 distinct staff profiles/personal company-domain emails.,Staff-page lower bound proves 20+ but not 30+ unless count reaches 30.,SINGLE,1,domain:steuermann.at,PIRKER & PARTNER Wirtschaftstreuhand-Steuerberatungs OG,SINGLE_GROUP,CONFIRMED_20_PLUS,KSW,,,,,,,,,,,,Anfahrt Gutschein Erstgespräch Ansprechpartner [Partner]; Karriere Karriere [Partner]; Vorteil Warum [Partner]; Offene Stellen Ser [Partner]; Offene Stellen Servicecenter Unternehmensgründung [Partner]; Rechtsformgestaltung Buchhaltung Lohnverrechnung Unternehmensbe [Management]; Klienten Ihr Steuerberater [Partner]; Klagenfurt Herzlich Willkommen [Partner]; Mitarbeitern Ihr [Partner]; Ihre Fragen [Partner],Geschäftsführender Gesellschafter Stb Mag (); Firmensitz Fromillerstrasse (); Wörthersee Firmenbuch-Nummer FN (); Firmenbuch-Gericht Klagenfurt Steuernummer (),Geschäftsführender Gesellschafter Stb Mag; Firmensitz Fromillerstrasse; Wörthersee Firmenbuch-Nummer FN; Firmenbuch-Gericht Klagenfurt Steuernummer,"Public sources identify owner/shareholder names, but complete share percentages were not safely established.",PARTNER_OWNED,Geschäftsführender Gesellschafter Stb Mag; Firmensitz Fromillerstrasse,Owner/Gesellschafter; Owner/Gesellschafter,MEDIUM_HIGH,https://www.steuermann.at/index_ger.html | https://www.steuermann.at/index_ger.html | https://www.steuermann.at/index_ger.html | https://www.steuermann.at/index_ger.html | https://www.steuermann.at/index_ger.html | https://www.steuermann.at/index_ger.html | https://www.steuermann.at/index_ger.html | https://www.steuermann.at/index_ger.html | https://www.steuermann.at/de/kanzlei/impressum/index_ger.html | https://www.steuermann.at/de/kanzlei/impressum/index_ger.html | https://www.steuermann.at/de/kanzlei/impressum/index_ger.html | https://www.steuermann.at/de/kanzlei/impressum/index_ger.html,No ownership was inferred from surname. Unknown share percentages remain null. For international/network firms the Austrian operational leadership is preferred over a global parent.,,,,,,,,,,,,
domain:amp1.at,S4B Steuerberatung GmbH,amp1.at,http://www.amp1.at | http://www.meindl.at | http://www.eca-leoben.at,autischer@amp1.at | autischer@murtax.at | winkler@murtax.at | office@murtax.at,+43 3532 447 33 | +43 3532 447 33 4 | +43 3532 44733 | +43 3572 72605 | +43 3572 82605 5 | +43 664 347 48 52 | +43 3537 2784 | +43 664 152 44 07 | +43 3532 37 06 | +43 3532 37 06 4,"Murau Gemeinde: Murau Bezirk Murau +43 3532 447 33 +43 3532 | Murau Gemeinde: Murau Bezirk Murau +43 664 347 48 52 winkler | Graz Gemeinde: Graz Bezirk Graz(Stadt) +43 664 152 44 07 aut | Murau Gemeinde: Murau Bezirk Murau +43 3532 37 06 +43 3532 3 | Wien Gemeinde: Wien Wien 2.,Leopoldstadt +43 664 86 36 939 z | Wien Gemeinde: Wien Wien 2.,Leopoldstadt +43 664 50 23 728 o",7,5,5,S4B Steuerberatung GmbH | murtax Steuerberatungs GmbH | KELLE Holding Steuerberatung GmbH | Muta Steuerberatung Beteiligungs GmbH | S&B Autischer Steuerberatung & Beteiligung GmbH | ZICH Steuerberatungs GmbH | Herzschlag Steuerberatung GmbH,https://ksw.or.at/mitgliederverzeichnis/?tx_kswmembers_membersdirectory%5Bcontroller%5D=MembersDirectory&tx_kswmembers_membersdirectory%5BcurrentPage%5D=300 | https://ksw.or.at/mitgliederverzeichnis/?tx_kswmembers_membersdirectory%5Bcontroller%5D=MembersDirectory&tx_kswmembers_membersdirectory%5BcurrentPage%5D=186 | https://ksw.or.at/mitgliederverzeichnis/ | https://ksw.or.at/mitgliederverzeichnis/?tx_kswmembers_membersdirectory%5Bcontroller%5D=MembersDirectory&tx_kswmembers_membersdirectory%5BcurrentPage%5D=99 | https://ksw.or.at/mitgliederverzeichnis/?tx_kswmembers_membersdirectory%5Bcontroller%5D=MembersDirectory&tx_kswmembers_membersdirectory%5BcurrentPage%5D=311,1,POSSIBLE_20_PLUS,LOW_MEDIUM,0,0,multiple scale signals; manual verification needed,,0,0,0,,,,,PRIOR_STAGE2_CANDIDATE;KSW_LISTINGS_3_PLUS;LOCATIONS_3_PLUS;LEGAL_ENTITIES_2_PLUS,DEEP_RESEARCH,CONFIRMED_30_PLUS,90,,AUSTRIA_GROUP,HIGH,Official Austrian company/group page states approximately or explicitly 90 employees.,https://www.murtax.at/karriere | https://eca-steiermark.at/team,Official site employee statement around 90.,Official-site employee statement is sufficient for a 30+ lower bound.,SINGLE,3,domain:amp1.at | domain:meindl.at | domain:eca-leoben.at,S4B Steuerberatung GmbH | ZICH Steuerberatungs GmbH | Herzschlag Steuerberatung GmbH,DIRECT_SHARED_PRIMARY_DOMAIN,CONFIRMED_20_PLUS,KSW,,,,,,,,,,,,Fernwartung More Use [Partner]; Ansprechpartner Wir [Partner]; Ernst Autischer Mag [Geschäftsführer]; Birgit Winkler [Geschäftsführer]; Firmenbuch-Nummer FN [Geschäftsführer]; Firmenbuch-Gericht Leoben [Geschäftsführer]; UID-Nummer ATU [Geschäftsführer]; Walter Prodinger [Geschäftsführer]; Firmenbuch-Gericht Salzburg [Geschäftsführer]; Allgemeine Auftragsb [Management],,unresolved,Ownership/control layer was not safely established from public evidence; operational management is retained where verified.,UNRESOLVED,Birgit Winkler; Ernst Autischer Mag; Firmenbuch-Gericht Leoben,Geschäftsführer; Geschäftsführer; Geschäftsführer,MEDIUM_HIGH,https://www.murtax.at/ansprechpartner | https://www.murtax.at/ansprechpartner | https://www.murtax.at/impressum | https://www.murtax.at/impressum | https://www.murtax.at/impressum | https://www.murtax.at/impressum | https://www.murtax.at/impressum | https://www.murtax.at/impressum,No ownership was inferred from surname. Unknown share percentages remain null. For international/network firms the Austrian operational leadership is preferred over a global parent.,68980301,mobile_public,100,Birgit Winkler,https://www.murtax.at/impressum,judenburg@murtax.at,named_context_email,70,Birgit Winkler,https://www.murtax.at/impressum,,
domain:tu.tax,TREUHAND UNION KLAGENFURT Wirtschaftstreuhand und Steuerberatungs GmbH & Co KG,tu.tax,http://www.tu.tax,office@tiefling.at | office@tu.tax,+43 463 56 1 66 0 | +43 463 56 166 22,Klagenfurt Gemeinde: Klagenfurt am Wörthersee Bezirk Klagenf,1,1,1,TREUHAND UNION KLAGENFURT Wirtschaftstreuhand und Steuerberatungs GmbH & Co KG,https://ksw.or.at/mitgliederverzeichnis/?tx_kswmembers_membersdirectory%5Bcontroller%5D=MembersDirectory&tx_kswmembers_membersdirectory%5BcurrentPage%5D=424,1,CONFIRMED_30_PLUS,HIGH,400,400,official explicit employee count,"25: ngebunden. WIE GROSS IST DAS TEAM AM STANDORT KLAGENFURT? Am Standort Klagenfurt arbeiten rund 25 Mitarbeiterinnen und Mitarbeiter aus den Bereichen Steuerberatung, Buchhaltung, Lo | 400: satmosphäre! Wir feiern Erfolge gemeinsam mit Mitarbeitenden. Jedes Jahr laden wir unsere über 400 Mitarbeiter:innen zu einer inspirierenden Mitarbeitertagung an tollen Orten ein. ",0,2,9,,,,https://www.treuhand-union.com/de/standorte/tu-klagenfurt | https://www.treuhand-union.com/de/standorte | https://www.treuhand-union.com/de/karriere | https://www.treuhand-union.com/de/standorte/tu-klagenfurt/erstberatung | https://www.treuhand-union.com/de/standorte/tu-klagenfurt/dienstnehmer-abmeldung | https://www.treuhand-union.com/de/standorte/www.realfinanz.at | https://www.treuhand-union.com/de/standorte/assets/dynamic/downloads/_AAB_2018_de.pdf | https://www.treuhand-union.com/de/standorte/tu-eisenstadt,PRIOR_STAGE2_CANDIDATE;JOB_LINKS_3_PLUS,VERIFY_PRIOR,CONFIRMED_30_PLUS,400,,AUSTRIA_LEGAL_ENTITY,HIGH,Official Austrian company/group page states approximately or explicitly 400 employees.,https://www.treuhand-union.com/de/karriere,Official site employee statement around 400.,Official-site employee statement is sufficient for a 30+ lower bound.,SINGLE,1,domain:tu.tax,TREUHAND UNION KLAGENFURT Wirtschaftstreuhand und Steuerberatungs GmbH & Co KG,SINGLE_GROUP,CONFIRMED_20_PLUS,KSW,,,,,,,,,,,,Weitere Informationen Weitere Informationen [Management]; Isabel Grün Steuerberaterin [Geschäftsführer]; Ingo Gruss Mag [Geschäftsführer]; Ingo Gruss Steuerberater [Geschäftsführer]; Birgit Spechtler Mag [Management]; Birgit Spechtler Steu [Management]; Isabel Grün [Geschäftsführer]; Ingo Gruss [Geschäftsführer]; Birgit Spechtler [Management]; Paul Tiefling [Management],Paul Tiefling (); Ingo Gruss (); Gesellschafter Dr (); Hannes Debus (); Vater Dr (); Ludwig Debus (); Im Jahr (); Robert Kuhar (); Im No (),Paul Tiefling; Ingo Gruss; Gesellschafter Dr; Hannes Debus,"Public sources identify owner/shareholder names, but complete share percentages were not safely established.",PARTNER_OWNED,Paul Tiefling; Ingo Gruss,Owner/Gesellschafter; Owner/Gesellschafter,MEDIUM_HIGH,https://www.treuhand-union.com/de/standorte/tu-klagenfurt | https://www.treuhand-union.com/de/standorte/tu-klagenfurt | https://www.treuhand-union.com/de/standorte/tu-klagenfurt | https://www.treuhand-union.com/de/standorte/tu-klagenfurt | https://www.treuhand-union.com/de/standorte/tu-klagenfurt | https://www.treuhand-union.com/de/standorte/tu-klagenfurt | https://www.treuhand-union.com/de/standorte/tu-klagenfurt | https://www.treuhand-union.com/de/standorte/tu-klagenfurt | https://www.treuhand-union.com/de/standorte/tu-klagenfurt | https://www.treuhand-union.com/de/standorte/tu-klagenfurt | https://www.treuhand-union.com/de/standorte/tu-partner-kuhar | https://www.treuhand-union.com/de/standorte/tu-partner-kuhar | https://www.treuhand-union.com/de/standorte/tu-partner-kuhar | https://www.treuhand-union.com/de/standorte/tu-partner-kuhar | https://www.treuhand-union.com/de/standorte/tu-partner-kuhar | https://www.treuhand-union.com/de/standorte/tu-partner-kuhar,No ownership was inferred from surname. Unknown share percentages remain null. For international/network firms the Austrian operational leadership is preferred over a global parent.,,central_context,20,Ingo Gruss,https://www.treuhand-union.com/de/standorte/tu-klagenfurt,ingo.gruss@tu.tax,personal_verified_email,90,Ingo Gruss,https://www.treuhand-union.com/de/standorte/tu-klagenfurt,,
domain:zobl-bauer.at,zobl.bauer. St. Johann Steuerberatung GmbH,zobl-bauer.at,http://www.zobl-bauer.at | http://www.audit-salzburg.at,sanktjohann@zobl-bauer.at | ulrich.lankmayer@zobl-bauer.at | gerhard.unterberger@zobl-bauer.at | wolfgang.gerzer@zobl-bauer.at | kitzbuehel@zobl-bauer.at | anton.kaiser@zobl-bauer.at | salzburg@zobl-bauer.at | johannes.eisl@zobl-bauer.at | anna.ferner@zobl-bauer.at | robert.faerberbaeck@zobl-bauer.at | w.wolfsgruber@aon.at | saalfelden@zobl-bauer.at | gerald.brugger@zobl-bauer.at | pinzgau@zobl-bauer.at | daniela.santner@zobl-bauer.at,+43 6412 56 56 0 | +43 6412 56 56 16 | +43 662 639 71 0 | +43 662 62 45 45 | +43 6412 5656 | +43 6412 5656 16 | +43 5356 644 90 | +43 5356 644 90 30 | +43 6582 725 50 | +43 6582 725 50 30 | +43 664 516 75 15 | +43 662 639 71 | +43 664 518 23 80 | +43 6582 725 50 0 | +43 664 201 92 32 | +43 664 201 92 33,Einöden Gemeinde: St. Johann im Pongau Bezirk Sankt Johann i | Großarl Gemeinde: Großarl Bezirk Sankt Johann im Pongau +43 | Kitzbühel Gemeinde: Kitzbühel Bezirk Kitzbühel +43 5356 644 | Salzburg Gemeinde: Salzburg Bezirk Salzburg(Stadt) +43 662 6 | Saalfelden am Steinernen Meer Gemeinde: Saalfelden am Steine,6,6,6,zobl.bauer. St. Johann Steuerberatung GmbH | zobl.bauer. Kitzbühel Steuerberatung GmbH | Allgemeine Treuhand- und Verwaltungsgesellschaft m.b.H. | zobl.bauer. Salzburg Steuerberatung und Wirtschaftsprüfung GmbH | zobl.bauer. Saalfelden Steuerberatung und Wirtschaftsprüfung GmbH | audit.salzburg. Wirtschaftsprüfung GmbH,https://ksw.or.at/mitgliederverzeichnis/?tx_kswmembers_membersdirectory%5Bcontroller%5D=MembersDirectory&tx_kswmembers_membersdirectory%5BcurrentPage%5D=278 | https://ksw.or.at/mitgliederverzeichnis/?tx_kswmembers_membersdirectory%5Bcontroller%5D=MembersDirectory&tx_kswmembers_membersdirectory%5BcurrentPage%5D=350 | https://ksw.or.at/mitgliederverzeichnis/?tx_kswmembers_membersdirectory%5Bcontroller%5D=MembersDirectory&tx_kswmembers_membersdirectory%5BcurrentPage%5D=282 | https://ksw.or.at/mitgliederverzeichnis/?tx_kswmembers_membersdirectory%5Bcontroller%5D=MembersDirectory&tx_kswmembers_membersdirectory%5BcurrentPage%5D=462 | https://ksw.or.at/mitgliederverzeichnis/?tx_kswmembers_membersdirectory%5Bcontroller%5D=MembersDirectory&tx_kswmembers_membersdirectory%5BcurrentPage%5D=535 | https://ksw.or.at/mitgliederverzeichnis/?tx_kswmembers_membersdirectory%5Bcontroller%5D=MembersDirectory&tx_kswmembers_membersdirectory%5BcurrentPage%5D=184,1,CONFIRMED_30_PLUS,HIGH,180,180,official explicit employee count,"180: rg , Saalfelden , Kitzbühel , St. Johann im Pongau und Großarl . Insgesamt 16 Partner und rund 180 Mitarbeiterinnen und Mitarbeiter arbeiten standortübergreifend eng zusammen. Das  | 27: JOHANN bieten kann. zobl.bauer. ST. JOHANN besticht durch Expansion und Wachstum. Aktuell sind 27 Mitarbeiterinnen und Mitarbeiter am Standort im Einsatz. Offene Türen und Manageme | 37: JOHANN bieten kann. zobl.bauer. ST. JOHANN besticht durch Expansion und Wachstum. Aktuell sind 37 Mitarbeiterinnen und Mitarbeiter am Standort im Einsatz. Offene Türen und Manageme | 90: kann. zobl.bauer. SALZBURG ist die traditionsreichste und größte Kanzlei der zobl.bauer. Gruppe mit über 90 Mitarbeiterinnen und Mitarbeitern. Agiles Management und eine teamorient | 90: .bauer. SALZBURG ist die traditionsreichste und größte Kanzlei der zobl.bauer. Gruppe mit über 90 Mitarbeiterinnen und Mitarbeitern. Agiles Management und eine teamorientierte Führ | 90: llschaft audit.salzburg. durch. Kompetente Beratung - auch bei komplexen Steuerfragen Mit rund 90 Mitarbeiterinnen und Mitarbeitern gehört zobl.bauer. Salzburg zu den größten Kanzl",2,0,6,,,,https://www.zobl-bauer.at/ | https://www.zobl-bauer.at/team/ | https://www.zobl-bauer.at/leistungen/unternehmensberatung/ | https://www.zobl-bauer.at/karriere/arbeiten-bei-zoblbauer/ | https://www.zobl-bauer.at/aktuelles/karriere-blog/ | https://www.zobl-bauer.at/karriere/offene-stellen/ | https://www.zobl-bauer.at/kontakt-standorte/salzburg/ | https://www.zobl-bauer.at/kontakt-standorte/saalfelden/,PRIOR_STAGE2_CANDIDATE;JOB_LINKS_3_PLUS;KSW_LISTINGS_3_PLUS;LOCATIONS_3_PLUS;LEGAL_ENTITIES_2_PLUS;SANITY_SEED:zobl,VERIFY_PRIOR,CONFIRMED_30_PLUS,180,,AUSTRIA_GROUP,HIGH,Official Austrian company/group page states approximately or explicitly 180 employees.,https://www.zobl-bauer.at/,Official site employee statement around 180.,Official-site employee statement is sufficient for a 30+ lower bound.,SINGLE,2,domain:zobl-bauer.at | domain:audit-salzburg.at,zobl.bauer. St. Johann Steuerberatung GmbH | audit.salzburg. Wirtschaftsprüfung GmbH,DIRECT_SHARED_PRIMARY_DOMAIN,CONFIRMED_20_PLUS,KSW,,,,,,,,,,,,Beratung Sie [Partner]; Salzburg St [Geschäftsführer]; Lohnverrechnung Prokurist [Geschäftsführer]; Mathias Breitfuss Steuerberater E-Mail [Geschäftsführer]; Card Kurzprofil Jahrgang [Geschäftsführer]; HAK Matura [Management]; Studium Wirtschaft [Management]; Wirtschaftsprüfer E-Mail [Management]; Card Elisabeth Müllauer Geschäftsführerin [Geschäftsführer]; Handelsschule Kitzbühel Schwerpunkte [Geschäftsführer],Gesellschafter Mag (); Brugger Gerald Mag (); Eisl Johannes Mag (); Ferner Anna Mag (); Färberbäck Robert Dr (); Lukas Haigermoser Lankmayer Ulrich (); Meingast Silvia Mag (); Unterberger Gerhard (); Kaiser Anton Lankmayer Ulrich (); Wolfsgruber Wieland Gesellschafter (),Gesellschafter Mag; Brugger Gerald Mag; Eisl Johannes Mag; Ferner Anna Mag,"Public sources identify owner/shareholder names, but complete share percentages were not safely established.",PARTNER_OWNED,Gesellschafter Mag; Brugger Gerald Mag,Owner/Gesellschafter; Owner/Gesellschafter,MEDIUM_HIGH,https://www.zobl-bauer.at/ | https://www.zobl-bauer.at/team/ | https://www.zobl-bauer.at/team/ | https://www.zobl-bauer.at/team/ | https://www.zobl-bauer.at/team/ | https://www.zobl-bauer.at/team/ | https://www.zobl-bauer.at/team/ | https://www.zobl-bauer.at/team/ | https://www.zobl-bauer.at/impressum/ | https://www.zobl-bauer.at/impressum/ | https://www.zobl-bauer.at/impressum/ | https://www.zobl-bauer.at/impressum/ | https://www.zobl-bauer.at/impressum/ | https://www.zobl-bauer.at/impressum/ | https://www.zobl-bauer.at/impressum/ | https://www.zobl-bauer.at/impressum/,No ownership was inferred from surname. Unknown share percentages remain null. For international/network firms the Austrian operational leadership is preferred over a global parent.,+436582725500,mobile_public,100,Gesellschafter Mag,https://www.zobl-bauer.at/impressum/,fnymohet@mboy-onhre.ng,named_context_email,70,Brugger Gerald Mag,https://www.zobl-bauer.at/impressum/,,
domain:area-bollenberger.at,AREA Bollenberger GmbH Wirtschaftsprüfung und Steuerberatung,area-bollenberger.at,http://www.area-bollenberger.at | https://www.area-bollenberger.at | https://area-bollenberger.at/ | http://www.area-treuhand.at | http://www.an-consulting.at,office@area-bollenberger.at | schereda@area-bollenberger.at | graz@area-bollenberger.at | volkert@gmx.at | yvonnem@gmx.at | haubeneder@area-bollenberger.at | office@area-treuhand.at | volkert@area-bollenberger.at | volkert@area-treuhand.at | peter.kopper-zisser@area-bollenberger.at | mart.bonner@gmail.com | wien@area-bollenberger.at | moedling@area-bollenberger.at | martin.hotter@gmx.at | office@an-consulting.at | streitenberger@steuerberateronline.at | haubeneder@area-treuhand.at | ag@agsteuerberatung.at,+43 2622 223 57 | +43 2622 27 574 36 | +43 676 844 676 271 | +43 2242 20 677 20 | +43 2242 20 677 27 | +43 316 931 281 | +43 1 211 78 257 | +43 650 966 65 95 | +43 1 21178 50 | +43 664 425 00 88 | +43 2242 20677 | +43 820 220 26 92 80 | +43 676 844 676 666 | +43 2622 22 357 | +43 1 211 78 | +43 1 211 78 50 | +43 2622 275 74 36 | +43 681 8111 65 02 | +43 2600 22 357 | +43 676 844 676 222 | +43 2622 22 357 0 | +43 1 711 78 | +43 711 78 50 | +43 2236 304300 | +43 664 513 77 31 | +43 316 67 23 57 20 | +43 1 713 56 00 | +43 1 713 07 45 26 | +43 650 516 04 86 | +43 699 115 210 36,"Wiener Neustadt Gemeinde: Wiener Neustadt Bezirk Wiener Neus | Graz Gemeinde: Graz Bezirk Graz(Stadt) +43 316 931 281 graz( | Bad Hofgastein Gemeinde: Bad Hofgastein Bezirk Sankt Johann | Wien Gemeinde: Wien Wien 1.,Innere Stadt +43 2242 20 677 20 | Muckendorf an der Donau Gemeinde: Muckendorf-Wipfing Bezirk | Wien Gemeinde: Wien Wien 1.,Innere Stadt +43 1 211 78 +43 1 | Pöttsching Gemeinde: Pöttsching Bezirk Mattersburg +43 2622 | Wien Gemeinde: Wien Wien 1.,Innere Stadt +43 2600 22 357 +43 | Wien Gemeinde: Wien Wien 1.,Innere Stadt +43 1 711 78 +43 71 | Mödling Gemeinde: Mödling Bezirk Mödling +43 2236 304300 +43 | Wien Gemeinde: Wien Wien 1.,Innere Stadt +43 1 713 56 00 +43 | Wien Gemeinde: Wien Wien 1.,Innere Stadt +43 650 516 04 86 h | Reith Gemeinde: Leonding Bezirk Linz-Land +43 1 211 78 +43 1",9,17,17,AREA Bollenberger GmbH Wirtschaftsprüfung und Steuerberatung | VPA GmbH Wirtschaftsprüfung und Steuerberatung | KRESTON AREA Bollenberger Wirtschaftsprüfungs GmbH | KRESTON AREA Bollenberger Transfer Pricing Steuerberatungs GmbH | AREA Bollenberger Holding GmbH Wirtschaftsprüfung und Steuerberatung | Tiefengraber AREA Bollenberger Steuerberatungs GmbH | Dr. Streitenberger Wirtschaftstreuhand- Gesellschaft m.b.H. | HAG GmbH Wirtschaftsprüfungs- und Steuerberatungsgesellschaft | AREA Bollenberger Oberösterreich GmbH Steuerberatung und Wirtschaftsprüfung,https://ksw.or.at/mitgliederverzeichnis/?tx_kswmembers_membersdirectory%5Bcontroller%5D=MembersDirectory&tx_kswmembers_membersdirectory%5BcurrentPage%5D=264 | https://ksw.or.at/mitgliederverzeichnis/?tx_kswmembers_membersdirectory%5Bcontroller%5D=MembersDirectory&tx_kswmembers_membersdirectory%5BcurrentPage%5D=488 | https://ksw.or.at/mitgliederverzeichnis/?tx_kswmembers_membersdirectory%5Bcontroller%5D=MembersDirectory&tx_kswmembers_membersdirectory%5BcurrentPage%5D=401 | https://ksw.or.at/mitgliederverzeichnis/?tx_kswmembers_membersdirectory%5Bcontroller%5D=MembersDirectory&tx_kswmembers_membersdirectory%5BcurrentPage%5D=147 | https://ksw.or.at/mitgliederverzeichnis/?tx_kswmembers_membersdirectory%5Bcontroller%5D=MembersDirectory&tx_kswmembers_membersdirectory%5BcurrentPage%5D=120 | https://ksw.or.at/mitgliederverzeichnis/?tx_kswmembers_membersdirectory%5Bcontroller%5D=MembersDirectory&tx_kswmembers_membersdirectory%5BcurrentPage%5D=359 | https://ksw.or.at/mitgliederverzeichnis/?tx_kswmembers_membersdirectory%5Bcontroller%5D=MembersDirectory&tx_kswmembers_membersdirectory%5BcurrentPage%5D=124 | https://ksw.or.at/mitgliederverzeichnis/?tx_kswmembers_membersdirectory%5Bcontroller%5D=MembersDirectory&tx_kswmembers_membersdirectory%5BcurrentPage%5D=70 | https://ksw.or.at/mitgliederverzeichnis/?tx_kswmembers_membersdirectory%5Bcontroller%5D=MembersDirectory&tx_kswmembers_membersdirectory%5BcurrentPage%5D=397 | https://ksw.or.at/mitgliederverzeichnis/?tx_kswmembers_membersdirectory%5Bcontroller%5D=MembersDirectory&tx_kswmembers_membersdirectory%5BcurrentPage%5D=155 | https://ksw.or.at/mitgliederverzeichnis/?tx_kswmembers_membersdirectory%5Bcontroller%5D=MembersDirectory&tx_kswmembers_membersdirectory%5BcurrentPage%5D=338 | https://ksw.or.at/mitgliederverzeichnis/?tx_kswmembers_membersdirectory%5Bcontroller%5D=MembersDirectory&tx_kswmembers_membersdirectory%5BcurrentPage%5D=406 | https://ksw.or.at/mitgliederverzeichnis/?tx_kswmembers_membersdirectory%5Bcontroller%5D=MembersDirectory&tx_kswmembers_membersdirectory%5BcurrentPage%5D=23 | https://ksw.or.at/mitgliederverzeichnis/?tx_kswmembers_membersdirectory%5Bcontroller%5D=MembersDirectory&tx_kswmembers_membersdirectory%5BcurrentPage%5D=187 | https://ksw.or.at/mitgliederverzeichnis/?tx_kswmembers_membersdirectory%5Bcontroller%5D=MembersDirectory&tx_kswmembers_membersdirectory%5BcurrentPage%5D=414 | https://ksw.or.at/mitgliederverzeichnis/?tx_kswmembers_membersdirectory%5Bcontroller%5D=MembersDirectory&tx_kswmembers_membersdirectory%5BcurrentPage%5D=384,1,CONFIRMED_30_PLUS,HIGH,140,140,official explicit employee count,140: dafür sind folgende Faktoren: Die Menschen hinter dem Erfolg Gerne würden wir Ihnen alle rund 140 Mitarbeiter der AREA Bollenberger Gruppe vorstellen. Aus Platzgründen beschränken ,0,8,6,,,,https://area-bollenberger.at/ | https://area-bollenberger.at/ueber-uns/ | https://area-bollenberger.at/leistungen/unternehmensberatung/ | https://area-bollenberger.at/karriere/ | https://area-bollenberger.at/kontakt/ | https://www.bing.com/ck/a?!&&p=88d0ce11fdfc2127504465f28eba6ffaeef113a6533f9af66eb7207791b7ffadJmltdHM9MTc4ODA0ODAwMA&ptn=3&ver=2&hsh=4&fclid=0ce9d59e-eb8f-6ee8-29d8-c25beadf6f54&u=a1aHR0cHM6Ly9lbi53aWtpcGVkaWEub3JnL3dpa2kvQXJlYQ&ntb=1 | https://www.bing.com/ck/a?!&&p=b3f5e7628f7f74923c97ec8c0cac080f769bd858029247f97708e9f3e55f0d17JmltdHM9MTc4ODA0ODAwMA&ptn=3&ver=2&hsh=4&fclid=0ce9d59e-eb8f-6ee8-29d8-c25beadf6f54&u=a1aHR0cHM6Ly93d3cuY2FsY3VsYXRvci5uZXQvYXJlYS1jYWxjdWxhdG9yLmh0bWw&ntb=1 | https://www.bing.com/ck/a?!&&p=da97459153ed36f0df46accb3701e7b6db7573f457adaeb962a642e64039a879JmltdHM9MTc4ODA0ODAwMA&ptn=3&ver=2&hsh=4&fclid=0ce9d59e-eb8f-6ee8-29d8-c25beadf6f54&u=a1aHR0cHM6Ly93d3cuY3VlbWF0aC5jb20vbWVhc3VyZW1lbnQvYXJlYS8&ntb=1 | https://www.bing.com/ck/a?!&&p=64af17033631d81dadebd06953e1a7ee5dd3e52023e1ddfefe4d643bd66cdf95JmltdHM9MTc4ODA0ODAwMA&ptn=3&ver=2&hsh=4&fclid=0ce9d59e-eb8f-6ee8-29d8-c25beadf6f54&u=a1aHR0cHM6Ly93d3cubWVycmlhbS13ZWJzdGVyLmNvbS9kaWN0aW9uYXJ5L2FyZWE&ntb=1 | https://www.bing.com/ck/a?!&&p=05c8b959b381d0ff4ddd0d668d093a63742e0888362acfa8f766a1201c8f31abJmltdHM9MTc4ODA0ODAwMA&ptn=3&ver=2&hsh=4&fclid=0ce9d59e-eb8f-6ee8-29d8-c25beadf6f54&u=a1aHR0cHM6Ly93d3cubWF0aHNpc2Z1bi5jb20vYXJlYS5odG1s&ntb=1 | https://www.bing.com/ck/a?!&&p=6e4e43bd0e18cf8cca74dbcba75fdd6890b951c87e0cc772ec6dcfa2a048dc5aJmltdHM9MTc4ODA0ODAwMA&ptn=3&ver=2&hsh=4&fclid=0ce9d59e-eb8f-6ee8-29d8-c25beadf6f54&u=a1aHR0cHM6Ly9iZXN0LWNhbGN1bGF0b3JzLmNvbS9tYXRoLWNvbnZlcnNpb24vYXJlYS1jYWxjdWxhdG9yLw&ntb=1 | https://www.bing.com/ck/a?!&&p=0623615f0e0e384dc183e379eb4b1b87349955b82d8ba7a13bf65314132759ddJmltdHM9MTc4ODA0ODAwMA&ptn=3&ver=2&hsh=4&fclid=0ce9d59e-eb8f-6ee8-29d8-c25beadf6f54&u=a1aHR0cHM6Ly93d3cuZ2lnYWNhbGN1bGF0b3IuY29tL2NhbGN1bGF0b3JzL2FyZWEtY2FsY3VsYXRvci5waHA&ntb=1 | https://www.bing.com/ck/a?!&&p=ebd4cf247ec28975399a3fb93b8d62ad6d678f2c3c051656e17fc0799ee90ca1JmltdHM9MTc4ODA0ODAwMA&ptn=3&ver=2&hsh=4&fclid=0ce9d59e-eb8f-6ee8-29d8-c25beadf6f54&u=a1aHR0cHM6Ly93d3cubWF0aHNpc2Z1bi5jb20vZ2VvbWV0cnkvYXJlYS5odG1s&ntb=1 | https://www.bing.com/ck/a?!&&p=735cc07150b944f0f81510c0c2c782cd7acb151d7ffae3922f88ba9f06e7f87eJmltdHM9MTc4ODA0ODAwMA&ptn=3&ver=2&hsh=4&fclid=0ce9d59e-eb8f-6ee8-29d8-c25beadf6f54&u=a1aHR0cHM6Ly93d3cuc3BsYXNobGVhcm4uY29tL21hdGgtdm9jYWJ1bGFyeS9nZW9tZXRyeS9hcmVh&ntb=1 | https://www.bing.com/ck/a?!&&p=e56f838f709af2a2143b0def61a666ff038bf3674f667be00d11541c994be715JmltdHM9MTc4ODA0ODAwMA&ptn=3&ver=2&hsh=4&fclid=0ce9d59e-eb8f-6ee8-29d8-c25beadf6f54&u=a1aHR0cHM6Ly9jYWxjdWxhdG9yLW9ubGluZS5uZXQvYXJlYS1jYWxjdWxhdG9yLw&ntb=1 | https://www.bing.com/ck/a?!&&p=46b08a30b4d51b381a3f0c1e923fbe9f66c5c419dca96dd289616dd260daa6f4JmltdHM9MTc4ODA0ODAwMA&ptn=3&ver=2&hsh=4&fclid=3cf611ab-a289-61f5-1c61-066ea36d601d&u=a1aHR0cHM6Ly9lbi53aWtpcGVkaWEub3JnL3dpa2kvQXJlYQ&ntb=1 | https://www.bing.com/ck/a?!&&p=b684ffd9d73478ac238313f8b70bbfceb1ddf15893b45d99d0773fcdf535ed5cJmltdHM9MTc4ODA0ODAwMA&ptn=3&ver=2&hsh=4&fclid=3cf611ab-a289-61f5-1c61-066ea36d601d&u=a1aHR0cHM6Ly93d3cuY2FsY3VsYXRvci5uZXQvYXJlYS1jYWxjdWxhdG9yLmh0bWw&ntb=1,PRIOR_STAGE2_CANDIDATE;JOB_LINKS_3_PLUS;KSW_LISTINGS_3_PLUS;LOCATIONS_3_PLUS;LEGAL_ENTITIES_2_PLUS,VERIFY_PRIOR,CONFIRMED_30_PLUS,140,,AUSTRIA_GROUP,HIGH,Official Austrian company/group page states approximately or explicitly 140 employees.,https://area-bollenberger.at/ueber-uns/,Official site employee statement around 140.,Official-site employee statement is sufficient for a 30+ lower bound.,SINGLE,1,domain:area-bollenberger.at,AREA Bollenberger GmbH Wirtschaftsprüfung und Steuerberatung,SINGLE_GROUP,CONFIRMED_20_PLUS,KSW,,,,,,,,,,,,MEHR INFOS [Management]; WEITERE NEWS [Partner]; Independent Member [Partner]; Leistungen Branchen Aktuelles Karriere [Partner]; Bilanzierung Personalverrechnung Smart-Office Corp [Management]; Aus Platzgründen [Geschäftsführer]; Gerald Haubeneder [Geschäftsführer]; LLB Steuerberater [Geschäftsführer]; Sachverständiger Mag [Geschäftsführer]; Ursula Kilzer Steuerberaterin MMag [Geschäftsführer],Begünstigung MEHR INFOS (); MEHR INFOS (); WEITERE NEWS (); Independent Member (); Leistungen Branchen Aktuelles Karriere (),Begünstigung MEHR INFOS; MEHR INFOS; WEITERE NEWS; Independent Member,"Public sources identify owner/shareholder names, but complete share percentages were not safely established.",PARTNER_OWNED,Begünstigung MEHR INFOS; MEHR INFOS,Owner/Gesellschafter; Owner/Gesellschafter,MEDIUM_HIGH,https://area-bollenberger.at/ | https://area-bollenberger.at/ | https://area-bollenberger.at/ | https://area-bollenberger.at/ | https://area-bollenberger.at/ | https://area-bollenberger.at/ueber-uns/ | https://area-bollenberger.at/ueber-uns/ | https://area-bollenberger.at/ueber-uns/ | https://area-bollenberger.at/ | https://area-bollenberger.at/ | https://area-bollenberger.at/ | https://area-bollenberger.at/ | https://area-bollenberger.at/,No ownership was inferred from surname. Unknown share percentages remain null. For international/network firms the Austrian operational leadership is preferred over a global parent.,,central_context,20,MEHR INFOS,https://area-bollenberger.at/,,,,,,,
domain:gstoettner-partner.at,CAPHILU Holding und Steuerberatung GmbH,gstoettner-partner.at,http://www.gstoettner-partner.at,gstoettner@gstoettner-partner.at | office@gstoettner-partner.at,+43 7262 52 489 0 | +43 7262 52 489 40 | +43 650 963 72 15 | +43 7262 524 89 0 | +43 7262 524 89 40,Perg Gemeinde: Perg Bezirk Perg +43 7262 52 489 0 +43 7262 5 | Perg Gemeinde: Perg Bezirk Perg +43 7262 524 89 0 +43 7262 5,3,3,3,CAPHILU Holding und Steuerberatung GmbH | Gstöttner & Partner Steuerberatung Gesellschaft m.b.H. | Gstöttner & Partner Steuerberatung Gesellschaft m.b.H. & Co. KG,https://ksw.or.at/mitgliederverzeichnis/?tx_kswmembers_membersdirectory%5Bcontroller%5D=MembersDirectory&tx_kswmembers_membersdirectory%5BcurrentPage%5D=49 | https://ksw.or.at/mitgliederverzeichnis/?tx_kswmembers_membersdirectory%5Bcontroller%5D=MembersDirectory&tx_kswmembers_membersdirectory%5BcurrentPage%5D=203 | https://ksw.or.at/mitgliederverzeichnis/?tx_kswmembers_membersdirectory%5Bcontroller%5D=MembersDirectory&tx_kswmembers_membersdirectory%5BcurrentPage%5D=103,1,CONFIRMED_30_PLUS,HIGH,45,45,official explicit employee count,45: isensicherer Job in einem aufstrebenden Unternehmen Team Sie arbeiten in einem familiären Team von ca. 45 Kolleg/innen wertschätzender Umgang und Respekt untereinander wird großges,3,2,3,,,,https://www.gstoettner-partner.at/start/ | https://www.gstoettner-partner.at/team/ | https://www.gstoettner-partner.at/kanzlei/ | https://www.gstoettner-partner.at/karriere/,PRIOR_STAGE2_CANDIDATE;JOB_LINKS_3_PLUS;KSW_LISTINGS_3_PLUS;LOCATIONS_3_PLUS;LEGAL_ENTITIES_2_PLUS,VERIFY_PRIOR,CONFIRMED_30_PLUS,45,,AUSTRIA_GROUP,HIGH,Official Austrian company/group page states approximately or explicitly 45 employees.,https://www.gstoettner-partner.at/karriere/,Official site employee statement around 45.,Official-site employee statement is sufficient for a 30+ lower bound.,SINGLE,1,domain:gstoettner-partner.at,CAPHILU Holding und Steuerberatung GmbH,SINGLE_GROUP,CONFIRMED_20_PLUS,KSW,,,,,,,,,,,,Willkommen Menü [Partner]; Uhr Freitag [Partner]; Uhr Termine [Partner]; SENDEN Jetzt Termin [Partner]; WIR STEUERN IHRE STEUERN [Management]; Newsletter Anmeldung ANMELDEN Ich [Partner]; Perg TELEFON [Partner]; Datenschutz Cookie [Partner]; Datenschutz-Einstellungen Wir [Partner]; HTTP Cookie [Partner],Herr Mag (); Im Zuge (); Herrn Hörwertner (); Klaus Gstöttner (); Rainer Moosbauer (); Thomas Hackl (); Eine Verwendung (),Herr Mag; Im Zuge; Herrn Hörwertner; Klaus Gstöttner,"Public sources identify owner/shareholder names, but complete share percentages were not safely established.",PARTNER_OWNED,Herr Mag; Im Zuge,Owner/Gesellschafter; Owner/Gesellschafter,MEDIUM_HIGH,https://www.gstoettner-partner.at/start/ | https://www.gstoettner-partner.at/start/ | https://www.gstoettner-partner.at/start/ | https://www.gstoettner-partner.at/start/ | https://www.gstoettner-partner.at/start/ | https://www.gstoettner-partner.at/start/ | https://www.gstoettner-partner.at/start/ | https://www.gstoettner-partner.at/start/ | https://www.gstoettner-partner.at/kanzlei/ | https://www.gstoettner-partner.at/kanzlei/ | https://www.gstoettner-partner.at/kanzlei/ | https://www.gstoettner-partner.at/kanzlei/ | https://www.gstoettner-partner.at/kanzlei/ | https://www.gstoettner-partner.at/kanzlei/ | https://www.gstoettner-partner.at/datenschutz/,No ownership was inferred from surname. Unknown share percentages remain null. For international/network firms the Austrian operational leadership is preferred over a global parent.,,central_context,20,Im Zuge,https://www.gstoettner-partner.at/aktuelles/,,generic_email,30,Im Zuge,https://www.gstoettner-partner.at/aktuelles/,,
domain:emberger.co.at,Emberger Kohlbacher Rauch Steuerberatungs GmbH,emberger.co.at,http://www.emberger.co.at,office@emberger.co.at | claus.kohlbacher@emberger.co.at | lorenz.rauch@emberger.co.at,+43 5372 637 16 | +43 5372 637 16 20 | +43 5337 635 57 | +43 5337 635 57 15 | +43 5372 645 34 | +43 676 317 97 45,Kufstein Gemeinde: Kufstein Bezirk Kufstein +43 5372 637 16 | Brixlegg Gemeinde: Brixlegg Bezirk Kufstein +43 5337 635 57,1,2,2,Emberger Kohlbacher Rauch Steuerberatungs GmbH,https://ksw.or.at/mitgliederverzeichnis/?tx_kswmembers_membersdirectory%5Bcontroller%5D=MembersDirectory&tx_kswmembers_membersdirectory%5BcurrentPage%5D=105 | https://ksw.or.at/mitgliederverzeichnis/?tx_kswmembers_membersdirectory%5Bcontroller%5D=MembersDirectory&tx_kswmembers_membersdirectory%5BcurrentPage%5D=536,1,CONFIRMED_20_29,HIGH,23,23,official team/profile lower bound,,0,23,3,,,,https://www.emberger.co.at/index_ger.html | https://www.emberger.co.at/de/kanzlei/adresse_und_anfahrt/ | https://www.emberger.co.at/de/kanzlei/ansprechpartner/ | https://www.emberger.co.at/de/kanzlei/kontakt/ | https://www.emberger.co.at/de/kanzlei/impressum/ | https://www.emberger.co.at/de/kanzlei/datenschutzerkl%C3%A4rung/ | https://www.emberger.co.at/de/leistungen/unternehmensbewertung/ | https://www.emberger.co.at/de/karriere/,PRIOR_STAGE2_CANDIDATE;TEAM_EMAILS_10_PLUS;JOB_LINKS_3_PLUS,VERIFY_PRIOR,CONFIRMED_20_PLUS,22,,AUSTRIA_LEGAL_ENTITY,HIGH,Official site provides a direct staff lower bound of at least 22.,https://www.emberger.co.at/index_ger.html,Official site exposes at least 22 distinct staff profiles/personal company-domain emails.,Staff-page lower bound proves 20+ but not 30+ unless count reaches 30.,SINGLE,1,domain:emberger.co.at,Emberger Kohlbacher Rauch Steuerberatungs GmbH,SINGLE_GROUP,CONFIRMED_20_PLUS,KSW,,,,,,,,,,,,Buchhaltung Gründungsberatung Unternehmensbewertung Nachfolgeberatung [Partner]; Betriebswirtschaftliche Beratung Umgründung Immobilien [Management]; Vertrauen Sie [Partner]; Geschäftsleitung Dr [Geschäftsführer]; Prokurist Tel [Geschäftsführer]; Anfahrt Aktuelle Seite [Partner]; Gründungsberatung Unternehmensbewertung Nachfolgeberatung Betriebswirtschaftliche [Partner]; Beratung Umgründung Immobilien Karrie [Management]; Positionsanzeige Sie [Partner]; Ansprechpartner Inhalt Ansprechpartner Hier [Partner],,unresolved,Ownership/control layer was not safely established from public evidence; operational management is retained where verified.,UNRESOLVED,Geschäftsleitung Dr; Kontaktieren Sie; Prokurist Tel,Geschäftsführer; Geschäftsführer; Geschäftsführer,MEDIUM_HIGH,https://www.emberger.co.at/index_ger.html | https://www.emberger.co.at/index_ger.html | https://www.emberger.co.at/index_ger.html | https://www.emberger.co.at/de/kanzlei/ansprechpartner/ | https://www.emberger.co.at/de/kanzlei/ansprechpartner/ | https://www.emberger.co.at/de/kanzlei/ansprechpartner/ | https://www.emberger.co.at/de/kanzlei/ansprechpartner/ | https://www.emberger.co.at/de/kanzlei/ansprechpartner/,No ownership was inferred from surname. Unknown share percentages remain null. For international/network firms the Austrian operational leadership is preferred over a global parent.,+43537263716,mobile_public,108,Kontaktieren Sie,https://www.emberger.co.at/de/kanzlei/adresse_und_anfahrt/ | https://www.emberger.co.at/de/kanzlei/ansprechpartner/ | https://www.emberger.co.at/de/kanzlei/impressum/ | https://www.emberger.co.at/de/karriere/offene_stellen/steuerberater_steuerberaterberufsanw%C3%A4rter_m_w_d__e794/ | https://www.emberger.co.at/de/news/anmeldung_zum_newsletter/,brixlegg@emberger.co.at,named_context_email,78,Prokurist Tel,https://www.emberger.co.at/de/kanzlei/adresse_und_anfahrt/ | https://www.emberger.co.at/de/kanzlei/datenschutzerkl%C3%A4rung/ | https://www.emberger.co.at/de/kanzlei/impressum/ | https://www.emberger.co.at/de/kanzlei/kontakt/ | https://www.emberger.co.at/de/karriere/ | https://www.emberger.co.at/de/karriere/offene_stellen/steuerberater_steuerberaterberufsanw%C3%A4rter_m_w_d__e794/ | https://www.emberger.co.at/de/karriere/online_bewerben/ | https://www.emberger.co.at/de/leistungen/unternehmensbewertung/ | https://www.emberger.co.at/de/news/anmeldung_zum_newsletter/ | https://www.emberger.co.at/de/news/kanzleimomente/aktuelle_beitr%C3%A4ge/ | https://www.emberger.co.at/de/news/steuernews_f%C3%BCr_%C3%A4rzte/ | https://www.emberger.co.at/de/news/steuernews_f%C3%BCr_klienten/ | https://www.emberger.co.at/de/news/steuernews_f%C3%BCr_klienten/april_2026/kryptowaehrungen_im_fokus_der_finanzverwaltung/ | https://www.emberger.co.at/de/news/steuernews_f%C3%BCr_klienten/august_2026/muss_probearbeit_angemeldet_werden_/ | https://www.emberger.co.at/de/news/steuernews_f%C3%BCr_klienten/juli_2026/mitarbeiterpraemienregelung_2026_beschlossen/ | https://www.emberger.co.at/de/news/steuernews_f%C3%BCr_klienten/juni_2026/anhebung_der_buchfuehrungsgrenze_und_aktivierungswahl_angekuendigt/ | https://www.emberger.co.at/de/news/steuernews_f%C3%BCr_klienten/m%C3%A4rz_2026/wichtige_tipps_fuer_die_arbeitnehmerveranlagung_2025/ | https://www.emberger.co.at/de/news/steuernews_f%C3%BCr_klienten/mai_2026/was_muss_bei_vermietungen_im_familienverbund_beachtet_werden_/ | https://www.emberger.co.at/de/news/steuernews_f%C3%BCr_klienten/september_2026/sachbezug_kuenftig_auch_fuer_elektroautos/ | https://www.emberger.co.at/de/news/steuernews_f%C3%BCr_klienten/september_2026/umfassende_aenderungen_im_doppelbesteuerungsabkommen_mit_der_schweiz/ | https://www.emberger.co.at/index_ger.html,,
domain:wt-gratt.at,Gratt Sappl Steuerberatung GmbH,wt-gratt.at,http://www.wt-gratt.at,g.gratt@wt-gratt.at,+43 5372 636 88 | +43 5372 636 88 14,Kufstein Gemeinde: Kufstein Bezirk Kufstein +43 5372 636 88,1,1,1,Gratt Sappl Steuerberatung GmbH,https://ksw.or.at/mitgliederverzeichnis/?tx_kswmembers_membersdirectory%5Bcontroller%5D=MembersDirectory&tx_kswmembers_membersdirectory%5BcurrentPage%5D=128,1,CONFIRMED_20_29,HIGH,20,20,official explicit employee count,20: & Recht Inhalt Herzlich Willkommen! Wir sind eine Wirtschaftstreuhand- und Steuerberatungskanzlei mit mehr als 20 Jahren Erfahrung auf den Gebieten des Unternehmens- und Steuerrech,0,11,0,,,,https://www.wt-gratt.at/index_ger.html | https://www.wt-gratt.at/de/kanzlei/unser_team/index_ger.html | https://www.wt-gratt.at/de/kanzlei/adresse_und_anfahrt/index_ger.html | https://www.wt-gratt.at/de/kanzlei/kontakt/index_ger.html | https://www.wt-gratt.at/de/kanzlei/impressum_und_haftung/index_ger.html | https://www.wt-gratt.at/de/kanzlei/datenschutzerkl%C3%A4rung/index_ger.html,PRIOR_STAGE2_CANDIDATE;TEAM_EMAILS_10_PLUS;SANITY_SEED:APP,VERIFY_PRIOR,CONFIRMED_20_PLUS,20,,AUSTRIA_LEGAL_ENTITY,HIGH,Official Austrian company/group page proves at least 20 employees.,https://www.wt-gratt.at/index_ger.html,Official site employee statement around 20.,"Official count proves 20+, but does not safely bound an upper limit.",SINGLE,1,domain:wt-gratt.at,Gratt Sappl Steuerberatung GmbH,SINGLE_GROUP,CONFIRMED_20_PLUS,KSW,,,,,,,,,,,,Leistungen Service Aktuelles Login [Management]; BMD Anrufen E-Mail Ihr [Partner]; Sachen Steuern [Partner]; Recht Inhalt Herzlich Willkommen [Partner]; Jahren Erfahrung [Partner]; David Huter [Geschäftsführer]; Steuerberater Bilanzierung [Geschäftsführer]; Karin Schwarzenbacher Leitung Perso [Geschäftsführer]; Karin Schwarzenbacher Leitung Personalverrechnung [Geschäftsführer]; Victoria Embacher Bila [Management],,unresolved,Ownership/control layer was not safely established from public evidence; operational management is retained where verified.,UNRESOLVED,David Huter; Karin Schwarzenbacher Leitung Perso; Karin Schwarzenbacher Leitung Personalverrechnung,Geschäftsführer; Geschäftsführer; Geschäftsführer,MEDIUM_HIGH,https://www.wt-gratt.at/index_ger.html | https://www.wt-gratt.at/index_ger.html | https://www.wt-gratt.at/index_ger.html | https://www.wt-gratt.at/index_ger.html | https://www.wt-gratt.at/index_ger.html | https://www.wt-gratt.at/de/kanzlei/unser_team/index_ger.html | https://www.wt-gratt.at/de/kanzlei/unser_team/index_ger.html | https://www.wt-gratt.at/de/kanzlei/unser_team/index_ger.html,No ownership was inferred from surname. Unknown share percentages remain null. For international/network firms the Austrian operational leadership is preferred over a global parent.,,,,,,d.huter@wt-gratt.at,personal_verified_email,90,David Huter,https://www.wt-gratt.at/de/kanzlei/unser_team/index_ger.html,,
domain:ludwig-partner.at,HUF Steuerberatungs- und Wirtschaftsprüfungs GmbH,ludwig-partner.at,http://www.ludwig-partner.at,feng.hu@gmx.at | fengxue.hu@ludwig-partner.at | christian.ludwig@ludwig-partner.at | julian.fuchs@ludwig-partner.at,+43 664 885 32 433 | +43 1 531 45 | +43 1 531 45 500 | +43 664 418 25 22,"Wien Gemeinde: Wien Wien 19.,Döbling +43 664 885 32 433 feng | Wien Gemeinde: Wien Wien 1.,Innere Stadt +43 1 531 45 +43 1",2,2,2,HUF Steuerberatungs- und Wirtschaftsprüfungs GmbH | Ludwig & Partner Wirtschaftsprüfungs- und Steuerberatungs GmbH,https://ksw.or.at/mitgliederverzeichnis/?tx_kswmembers_membersdirectory%5Bcontroller%5D=MembersDirectory&tx_kswmembers_membersdirectory%5BcurrentPage%5D=406 | https://ksw.or.at/mitgliederverzeichnis/?tx_kswmembers_membersdirectory%5Bcontroller%5D=MembersDirectory&tx_kswmembers_membersdirectory%5BcurrentPage%5D=136,1,CONFIRMED_30_PLUS,HIGH,40,40,official explicit employee count,"40: sowie der Durchsetzung steuerlicher Strukturen etabliert. Unser Team besteht aktuell aus etwa 40 Mitarbeitern, davon rund 10 Steuerberater. Ein Großteil unserer Mitarbeiter bringt ",1,0,6,,,,https://www.ludwig-partner.at/de/ | https://www.ludwig-partner.at/de/team | https://www.ludwig-partner.at/de/karriere | https://www.bing.com/ck/a?!&&p=cb59d0c17f323edbacc11cc2896da9a64d9a9ea51e318815efb7888509c9b20dJmltdHM9MTc4ODA0ODAwMA&ptn=3&ver=2&hsh=4&fclid=139db7db-8848-6084-2607-a01e89ab6102&u=a1aHR0cHM6Ly9lbi5tLndpa2lwZWRpYS5vcmcvd2lraS9IVUY&ntb=1 | https://www.bing.com/ck/a?!&&p=fb7149d77a8724bf43d2202f5cf25631de16e505915e09234a2bb75bee89f183JmltdHM9MTc4ODA0ODAwMA&ptn=3&ver=2&hsh=4&fclid=203b8c29-d412-6b56-2e24-9becd5d06ad2&u=a1aHR0cHM6Ly9lbi5tLndpa2lwZWRpYS5vcmcvd2lraS9IVUY&ntb=1 | https://www.bing.com/ck/a?!&&p=57b8f31a9204cc85b193419ccffb2e19e15273f9ea5423d77a2c0cca5072a4f5JmltdHM9MTc4ODA0ODAwMA&ptn=3&ver=2&hsh=4&fclid=1836bd40-4b75-6cd4-3b6b-aa854a316d39&u=a1aHR0cHM6Ly9lbi5tLndpa2lwZWRpYS5vcmcvd2lraS9IVUY&ntb=1,PRIOR_STAGE2_CANDIDATE;JOB_LINKS_3_PLUS;LEGAL_ENTITIES_2_PLUS,VERIFY_PRIOR,CONFIRMED_30_PLUS,40,,AUSTRIA_GROUP,HIGH,Official Austrian company/group page states approximately or explicitly 40 employees.,https://www.ludwig-partner.at/de/,Official site employee statement around 40.,Official-site employee statement is sufficient for a 30+ lower bound.,SINGLE,1,domain:ludwig-partner.at,HUF Steuerberatungs- und Wirtschaftsprüfungs GmbH,SINGLE_GROUP,CONFIRMED_20_PLUS,KSW,,,,,,,,,,,,StB Dr Christian Ludwig [Geschäftsführer]; StB Mag Karoline Steurer [Geschäftsführer]; StB Fengxue HU [Geschäftsführer]; StB Mag Bernhard Riedl [Geschäftsführer]; StB Mag Johanna Eleonore [Geschäftsführer]; Handelsgericht Wi [Management]; Ein Großteil [Management]; PUBLIKATIONEN Österreichische Privatstiftung [Partner]; Eingang Wallner [Geschäftsführer]; Eingang Wallnerstraße [Geschäftsführer],Sicht Ludwig (),Sicht Ludwig,"Public sources identify owner/shareholder names, but complete share percentages were not safely established.",PARTNER_OWNED,Sicht Ludwig,Owner/Gesellschafter,MEDIUM_HIGH,https://www.ludwig-partner.at/de/ | https://www.ludwig-partner.at/de/ | https://www.ludwig-partner.at/de/ | https://www.ludwig-partner.at/de/ | https://www.ludwig-partner.at/de/ | https://www.ludwig-partner.at/de/ | https://www.ludwig-partner.at/de/ | https://www.ludwig-partner.at/de/ | https://www.ludwig-partner.at/de/publikationen,No ownership was inferred from surname. Unknown share percentages remain null. For international/network firms the Austrian operational leadership is preferred over a global parent.,+43153145,named_fixed_candidate,83,Sicht Ludwig,https://www.ludwig-partner.at/de/impressum | https://www.ludwig-partner.at/en/ | https://www.ludwig-partner.at/en/contact | https://www.ludwig-partner.at/en/impressum,,,,,,,
domain:it-steuerberatung.at,KRW Steuerberatungsgesellschaft mbH,it-steuerberatung.at,http://www.it-steuerberatung.at | http://www.klinger-rieger.at,office@klinger-rieger.at | manfred.rieger@klinger-rieger.at | michael.klinger@klinger-rieger.at | sina.klinger@klinger-rieger.at | fabia.klinger@klinger-rieger.at,+43 662 62 19 70 | +43 662 62 19 70 9 | +43 662 62 13 17 0 | +43 662 62 13 17 9,Salzburg Gemeinde: Salzburg Bezirk Salzburg(Stadt) +43 662 6,1,1,1,KRW Steuerberatungsgesellschaft mbH,https://ksw.or.at/mitgliederverzeichnis/?tx_kswmembers_membersdirectory%5Bcontroller%5D=MembersDirectory&tx_kswmembers_membersdirectory%5BcurrentPage%5D=394,1,NO_20PLUS_EVIDENCE,LOW,0,0,no reliable 20+ evidence found,,0,0,0,,,,,SANITY_SEED:KRW|Klinger,DEEP_RESEARCH,CONFIRMED_30_PLUS,200,,AUSTRIA_LEGAL_ENTITY,HIGH,Official Austrian company/group page states approximately or explicitly 200 employees.,https://www.klinger-rieger.at/ueber-uns/,Official site employee statement around 200.,Official-site employee statement is sufficient for a 30+ lower bound.,SINGLE,1,domain:it-steuerberatung.at,KRW Steuerberatungsgesellschaft mbH,SINGLE_GROUP,CONFIRMED_20_PLUS,KSW,,,,,,,,,,,,Leistungen Diverses Partnerkanzleien Presse [Partner]; Artikel Steuerberater [Partner]; SteuerNews ÖSV Steuer-Portal CoronaNews [Partner]; Karriere English Suchen [Partner]; KRW Dr [Management]; Lohnverrechnung Suchen [Management]; Kategorie Allrounder Salzburg KRW [Management]; Sina Klinger [Geschäftsführung]; Ihre Schwester Mag [Geschäftsführung]; Fabia Klinger [Geschäftsführung],Geschäftsführende Gesellschafter (); Steuerberater Manfred Rieger (); Steuerberater Mag (); Sina Klinger (); Steuerberaterin Mag (); Fabia Klinger (); Wirtschaftsprüferin Partnerk (),Geschäftsführende Gesellschafter; Steuerberater Manfred Rieger; Steuerberater Mag; Sina Klinger,"Public sources identify owner/shareholder names, but complete share percentages were not safely established.",PARTNER_OWNED,Geschäftsführende Gesellschafter; Steuerberater Manfred Rieger,Owner/Gesellschafter; Owner/Gesellschafter,MEDIUM_HIGH,https://www.klinger-rieger.at/ | https://www.klinger-rieger.at/ | https://www.klinger-rieger.at/ | https://www.klinger-rieger.at/ | https://www.klinger-rieger.at/ | https://www.klinger-rieger.at/ | https://www.klinger-rieger.at/ | https://www.klinger-rieger.at/ueber-uns/ | https://www.klinger-rieger.at/steuerberater-salzburg/steuerberater-visitenkarte/ | https://www.klinger-rieger.at/steuerberater-salzburg/steuerberater-visitenkarte/ | https://www.klinger-rieger.at/steuerberater-salzburg/steuerberater-visitenkarte/ | https://www.klinger-rieger.at/steuerberater-salzburg/steuerberater-visitenkarte/ | https://www.klinger-rieger.at/steuerberater-salzburg/steuerberater-visitenkarte/ | https://www.klinger-rieger.at/steuerberater-salzburg/steuerberater-visitenkarte/ | https://www.klinger-rieger.at/steuerberater-salzburg/steuerberater-visitenkarte/,No ownership was inferred from surname. Unknown share percentages remain null. For international/network firms the Austrian operational leadership is preferred over a global parent.,+43662621317,central_context,83,Steuerberater Manfred Rieger,https://www.klinger-rieger.at/partner/ | https://www.klinger-rieger.at/steuerberater/salzburg/anfahrt_steuerberatungskanzlei/ | https://www.klinger-rieger.at/steuerberater/salzburg/feedback_steuerberater/,melanie.zayim@klinger-rieger.at,named_context_email,70,Steuerberater Manfred Rieger,https://www.klinger-rieger.at/karriere/,,
domain:mondsee-treuhand.at,MONDSEE-TREUHAND Wiedlroither GmbH Wirtschaftsprüfer & Steuerberater,mondsee-treuhand.at,http://www.mondsee-treuhand.at,office@mondsee-treuhand.at,+43 6232 40 80 | +43 6232 40 80 22 | +43 6232 28 18 | +43 6232 4080 | +43 6232 4080 22,Mondsee Gemeinde: Mondsee Bezirk Vöcklabruck +43 6232 40 80 | Mondsee Gemeinde: Mondsee Bezirk Vöcklabruck +43 6232 4080 +,2,2,2,"MONDSEE-TREUHAND Wiedlroither GmbH Wirtschaftsprüfer & Steuerberater | Wiedlroither Holding GmbH Wirtschaftsprüfungs-, Steuerberatungs- & Unternehmensbeteiligungsgesellschaft",https://ksw.or.at/mitgliederverzeichnis/?tx_kswmembers_membersdirectory%5Bcontroller%5D=MembersDirectory&tx_kswmembers_membersdirectory%5BcurrentPage%5D=473 | https://ksw.or.at/mitgliederverzeichnis/?tx_kswmembers_membersdirectory%5Bcontroller%5D=MembersDirectory&tx_kswmembers_membersdirectory%5BcurrentPage%5D=346,1,CONFIRMED_30_PLUS,HIGH,38,38,official team/profile lower bound,,0,38,3,,,,https://www.mondsee-treuhand.at/de/ | https://www.mondsee-treuhand.at/de/mondsee-treuhand-wiedlroither-gmbh/karriere | https://www.mondsee-treuhand.at/de/geschaeftsbereiche/unternehmensberatung | https://www.mondsee-treuhand.at/de/sonderberatung-spezialisierung/unternehmensgruendung-uebergabe | https://www.mondsee-treuhand.at/de/mondsee-treuhand-wiedlroither-gmbh/team,PRIOR_STAGE2_CANDIDATE;TEAM_EMAILS_10_PLUS;JOB_LINKS_3_PLUS;LEGAL_ENTITIES_2_PLUS,VERIFY_PRIOR,CONFIRMED_30_PLUS,37,,AUSTRIA_GROUP,HIGH,Official site provides a direct staff lower bound of at least 37.,https://www.mondsee-treuhand.at/de/,Official site exposes at least 37 distinct staff profiles/personal company-domain emails.,Staff-page lower bound alone proves 30+; no upper bound assumed.,SINGLE,1,domain:mondsee-treuhand.at,MONDSEE-TREUHAND Wiedlroither GmbH Wirtschaftsprüfer & Steuerberater,SINGLE_GROUP,CONFIRMED_20_PLUS,KSW,,,,,,,,,,,,Unternehmensberatung Zusammenarbeit [Partner]; BERUFSTRÄGER Mag [Geschäftsführer]; MBA WP [Geschäftsführer]; STB MBA [Geschäftsführer]; Sachverständiger Unternehmensberater Spezialisierung [Geschäftsführer]; Unternehmensnachfolge Immobilien [Management]; Bilanzbuchhalter WP [Geschäftsführer]; STB Mag [Geschäftsführer]; MBA MBA [Geschäftsführer]; Wirtschaftstreuhänder Aufsichtsbehörde [Management],,unresolved,Ownership/control layer was not safely established from public evidence; operational management is retained where verified.,UNRESOLVED,BERUFSTRÄGER Mag; Bilanzbuchhalter WP; MBA MBA,Geschäftsführer; Geschäftsführer; Geschäftsführer,MEDIUM_HIGH,https://www.mondsee-treuhand.at/de/ | https://www.mondsee-treuhand.at/de/mondsee-treuhand-wiedlroither-gmbh/team | https://www.mondsee-treuhand.at/de/mondsee-treuhand-wiedlroither-gmbh/team | https://www.mondsee-treuhand.at/de/mondsee-treuhand-wiedlroither-gmbh/team | https://www.mondsee-treuhand.at/de/mondsee-treuhand-wiedlroither-gmbh/team | https://www.mondsee-treuhand.at/de/mondsee-treuhand-wiedlroither-gmbh/team | https://www.mondsee-treuhand.at/de/mondsee-treuhand-wiedlroither-gmbh/team | https://www.mondsee-treuhand.at/de/mondsee-treuhand-wiedlroither-gmbh/team,No ownership was inferred from surname. Unknown share percentages remain null. For international/network firms the Austrian operational leadership is preferred over a global parent.,+4362324080,mobile_public,108,Bilanzbuchhalter WP,https://www.mondsee-treuhand.at/de/geschaeftsbereiche/steuerberatung | https://www.mondsee-treuhand.at/de/geschaeftsbereiche/unternehmensberatung | https://www.mondsee-treuhand.at/de/geschaeftsbereiche/wirtschaftspruefung,,generic_fallback,30,,https://www.mondsee-treuhand.at/de/,,office@mondsee-treuhand.at
domain:stb-pilz.at,Pilz & Partner Wirtschaftstreuhand und Steuerberatung GmbH,stb-pilz.at,http://www.stb-pilz.at | http://stb-pilz.at,office@stb-pilz.at | mandlier@stb-pilz.at | christoph.mandlier@gmail.com | pilz@stb-pilz.at | ianustreuhand@gmail.com,+43 6243 20 992 | +43 650 660 04 79 | +43 6132 23 754 | +43 676 839 40 812 | +43 6132 23754 16 | +43 676 8 394 08 12 | +43 720 346 181 | +43 720 346 184 | +43 650 66 00 479,Abtenau Gemeinde: Abtenau Bezirk Hallein +43 6243 20 992 off | Bad Ischl Gemeinde: Bad Ischl Bezirk Gmunden +43 6132 23 754 | Seekirchen am Wallersee Gemeinde: Seekirchen am Wallersee Be | Gosau Gemeinde: Gosau Bezirk Gmunden +43 6132 23 754 office( | Hintersee Gemeinde: Hintersee Bezirk Salzburg-Umgebung +43 6,4,5,5,Pilz & Partner Wirtschaftstreuhand und Steuerberatung GmbH | Pilz und Partner Steuerberatung Seekirchen GmbH | Pilz Gerhard Steuerberatung und Unternehmensberatung GmbH | IANUS Steuerberatungs- und Wirtschaftstreuhandgesellschaft mbH,https://ksw.or.at/mitgliederverzeichnis/?tx_kswmembers_membersdirectory%5Bcontroller%5D=MembersDirectory&tx_kswmembers_membersdirectory%5BcurrentPage%5D=146 | https://ksw.or.at/mitgliederverzeichnis/?tx_kswmembers_membersdirectory%5Bcontroller%5D=MembersDirectory&tx_kswmembers_membersdirectory%5BcurrentPage%5D=218 | https://ksw.or.at/mitgliederverzeichnis/?tx_kswmembers_membersdirectory%5Bcontroller%5D=MembersDirectory&tx_kswmembers_membersdirectory%5BcurrentPage%5D=39 | https://ksw.or.at/mitgliederverzeichnis/?tx_kswmembers_membersdirectory%5Bcontroller%5D=MembersDirectory&tx_kswmembers_membersdirectory%5BcurrentPage%5D=299 | https://ksw.or.at/mitgliederverzeichnis/?tx_kswmembers_membersdirectory%5Bcontroller%5D=MembersDirectory&tx_kswmembers_membersdirectory%5BcurrentPage%5D=251,1,CONFIRMED_20_29,HIGH,29,29,official team/profile lower bound,,0,29,3,,,,https://www.stb-pilz.at/ | https://www.stb-pilz.at/modern-aus-tradition.html,PRIOR_STAGE2_CANDIDATE;TEAM_EMAILS_10_PLUS;JOB_LINKS_3_PLUS;KSW_LISTINGS_3_PLUS;LOCATIONS_3_PLUS;LEGAL_ENTITIES_2_PLUS,VERIFY_PRIOR,CONFIRMED_20_PLUS,28,,AUSTRIA_GROUP,HIGH,Official site provides a direct staff lower bound of at least 28.,https://www.stb-pilz.at/,Official site exposes at least 28 distinct staff profiles/personal company-domain emails.,Staff-page lower bound proves 20+ but not 30+ unless count reaches 30.,SINGLE,1,domain:stb-pilz.at,Pilz & Partner Wirtschaftstreuhand und Steuerberatung GmbH,SINGLE_GROUP,CONFIRMED_20_PLUS,KSW,,,,,,,,,,,,Willkommen Schön [Partner]; Manche Di [Partner]; Manche Dinge [Partner]; Eine Steuerberatungskanzlei [Partner]; Ihre Wünsche [Partner]; Bei Steuerberat [Partner]; Verständnis Nur [Partner]; Als Kanzle [Management]; Leistungen Nur [Partner]; Als Steuerberater [Partner],Christoph Mandlier Steuerberater (); Julia Hofer BA Steuerberaterin (); Sandra Pesendorfer Sekretariat (); Sandra Unger Sekretariat (),Christoph Mandlier Steuerberater; Julia Hofer BA Steuerberaterin; Sandra Pesendorfer Sekretariat; Sandra Unger Sekretariat,"Public sources identify owner/shareholder names, but complete share percentages were not safely established.",PARTNER_OWNED,Christoph Mandlier Steuerberater; Julia Hofer BA Steuerberaterin,Owner/Gesellschafter; Owner/Gesellschafter,MEDIUM_HIGH,https://www.stb-pilz.at/ | https://www.stb-pilz.at/ | https://www.stb-pilz.at/ | https://www.stb-pilz.at/ | https://www.stb-pilz.at/ | https://www.stb-pilz.at/ | https://www.stb-pilz.at/ | https://www.stb-pilz.at/ | https://www.stb-pilz.at/modern-aus-tradition.html | https://www.stb-pilz.at/modern-aus-tradition.html | https://www.stb-pilz.at/modern-aus-tradition.html | https://www.stb-pilz.at/modern-aus-tradition.html,No ownership was inferred from surname. Unknown share percentages remain null. For international/network firms the Austrian operational leadership is preferred over a global parent.,,central_context,24,Christoph Mandlier Steuerberater,https://stb-pilz.at/modern-aus-tradition.html | https://www.stb-pilz.at/modern-aus-tradition.html,harringer@stb-pilz.at,named_context_email,74,Christoph Mandlier Steuerberater,https://stb-pilz.at/modern-aus-tradition.html | https://www.stb-pilz.at/modern-aus-tradition.html,,
domain:roedl.de,Rödl GmbH Wirtschaftsprüfungsgesellschaft Steuerberatungsgesellschaft,roedl.de,http://www.roedl.de/unternehmen/standorte/oesterreich/,vienna@roedl.com | mag.matthias.werner@gmail.com | ruzica.offner@gmail.com | ruzica.offner@roedl.com,+43 1 712 41 14 | +43 1 712 41 14 20 | +43 676 9005478 | +43 670 50 92 333,"Wien Gemeinde: Wien Wien 3.,Landstraße +43 1 712 41 14 +43 1",1,1,1,Rödl GmbH Wirtschaftsprüfungsgesellschaft Steuerberatungsgesellschaft,https://ksw.or.at/mitgliederverzeichnis/?tx_kswmembers_membersdirectory%5Bcontroller%5D=MembersDirectory&tx_kswmembers_membersdirectory%5BcurrentPage%5D=434,1,CONFIRMED_30_PLUS,HIGH,60,60,official explicit employee count,"60: sen Wien Weiterlesen Insights 10.06.2026 RÖDL stärkt Österreich-Geschäft: Hofer Leitinger-Team mit mehr als 60 Mitarbeitenden schließt sich an Graz, 10. Juni 2026: Die internationa | 60: Weiterlesen Insights 10.06.2026 RÖDL stärkt Österreich-Geschäft: Hofer Leitinger-Team mit mehr als 60 Mitarbeitenden schließt sich an Graz, 10. Juni 2026: Die internationale Beratu | 60: Events Presse Kontakt Home / Insights / RÖDL stärkt Österreich-Geschäft: Hofer Leitinger-Team mit mehr als 60 Mitarbeitenden schließt sich an Veröffentlicht am 10. Juni 2026 Leseda | 60: am 10. Juni 2026 Lesedauer ca. 1 Minute RÖDL stärkt Österreich-Geschäft: Hofer Leitinger-Team mit mehr als 60 Mitarbeitenden schließt sich an Jens-Christian Pastille Geschäftsführe | 60: Österreich. Mit der Integration der Steuerberatung Hofer Leitinger und dem vollständigen Team von mehr als 60 Mitarbeitenden erweitert RÖDL gezielt die Präsenz in der Steiermark. „ | 60: resse Kontakt Home / Insights / RÖDL stärkt Österreich-Geschäft: Hofer Leitinger-Team mit mehr als 60 Mitarbeitenden schließt sich an Veröffentlicht am 10. Juni 2026 Lesedauer ca.  | 60: uni 2026 Lesedauer ca. 1 Minute RÖDL stärkt Österreich-Geschäft: Hofer Leitinger-Team mit mehr als 60 Mitarbeitenden schließt sich an Jens-Christian Pastille Geschäftsführender Par | 60: ch. Mit der Integration der Steuerberatung Hofer Leitinger und dem vollständigen Team von mehr als 60 Mitarbeitenden erweitert RÖDL gezielt die Präsenz in der Steiermark. „Als verl",0,2,0,,,,https://www.roedl.com/locations/oesterreich/ | https://www.roedl.com/standorte-weltweit/ | https://www.roedl.com/steuerberatung/unternehmens-vermoegensnachfolge-stiftung/ | https://www.roedl.com/internationalisierung-von-unternehmen/ | https://www.roedl.com/unternehmensnachfolge/ | https://www.roedl.com/ueber-uns/ | https://www.roedl.com/compliance-meldestellen/ | https://www.roedl.com/insights/roedl-staerkt-oesterreich-geschaeft-hofer-leitinger-team-mit-mehr-als-60-mitarbeitenden-schliesst-sich-an/,PRIOR_STAGE2_CANDIDATE,VERIFY_PRIOR,CONFIRMED_30_PLUS,60,,AUSTRIA_LEGAL_ENTITY,HIGH,Official Austrian company/group page states approximately or explicitly 60 employees.,https://www.roedl.com/locations/oesterreich/,Official site employee statement around 60.,Official-site employee statement is sufficient for a 30+ lower bound.,SINGLE,1,domain:roedl.de,Rödl GmbH Wirtschaftsprüfungsgesellschaft Steuerberatungsgesellschaft,SINGLE_GROUP,CONFIRMED_20_PLUS,KSW,,,,,,,,,,,,Ruzica Offner [Geschäftsführer]; Kontaktieren Sie [Geschäftsführer]; Kontaktformular Folgen Sie [Geschäftsführer]; LinkedIn Bleiben Sie [Partner]; Steuerplanung Salary Tax Consulting [Partner]; Tax Business Partnering Audit [Partner]; Assurance Audit [Partner]; Ihrer Seite [Management]; Ihrer Schritte [Partner]; Transparenzbericht Compliance [Partner],Im Oktober (); Ruhige Woche (); Niederlassungen Joint Venture Agreements (); Partnerschaften Gesellschaftervereinbarungen (); Bezug Zum Service Internationales (); PEs Analyse (); Betriebsstättenrisiken Strukturierung (); Doppelbesteuerung Nutzung (); Ihrem Weg (); Corporate Finance (),Im Oktober; Ruhige Woche; Niederlassungen Joint Venture Agreements; Partnerschaften Gesellschaftervereinbarungen,"Public sources identify owner/shareholder names, but complete share percentages were not safely established.",PARTNER_OWNED,Im Oktober; Ruhige Woche,Owner/Gesellschafter; Owner/Gesellschafter,MEDIUM_HIGH,https://www.roedl.com/locations/oesterreich/ | https://www.roedl.com/locations/oesterreich/ | https://www.roedl.com/locations/oesterreich/ | https://www.roedl.com/locations/oesterreich/ | https://www.roedl.com/locations/oesterreich/ | https://www.roedl.com/locations/oesterreich/ | https://www.roedl.com/locations/oesterreich/ | https://www.roedl.com/locations/oesterreich/ | https://www.roedl.com/steuerberatung/unternehmens-vermoegensnachfolge-stiftung/ | https://www.roedl.com/steuerberatung/unternehmens-vermoegensnachfolge-stiftung/ | https://www.roedl.com/internationalisierung-von-unternehmen/ | https://www.roedl.com/internationalisierung-von-unternehmen/ | https://www.roedl.com/internationalisierung-von-unternehmen/ | https://www.roedl.com/internationalisierung-von-unternehmen/ | https://www.roedl.com/internationalisierung-von-unternehmen/ | https://www.roedl.com/internationalisierung-von-unternehmen/,No ownership was inferred from surname. Unknown share percentages remain null. For international/network firms the Austrian operational leadership is preferred over a global parent.,,central_fallback,20,,https://www.roedl.com/locations/oesterreich/,,generic_fallback,30,,https://www.roedl.com/locations/oesterreich/,+431712411433,info@roedl.com
domain:centurion.at,Treuhand HG 8 Wirtschaftsprüfungs GmbH,centurion.at,https://www.centurion.at | http://www.centurion.at | http://www.maurer-wt.at | http://www.adler-simonet.at,office@centurion.at | stephan.maurer@maurer-wt.at | wolfgang.adler@centurion.at | adler@adler-simonet.at | joerg.steiner@centurion.at | stefan.weinzettl@centurion.at,+43 1 39 17 00 | +43 1 391700 | +43 1 391700 210 | +43 1 39 17 00 233 | +43 1 39 17 00 9233 | +43 664 312 55 30 | +43 1 39 17 00 210 | +43 664 84 66 000,"Wien Gemeinde: Wien Wien 1.,Innere Stadt +43 1 39 17 00 offi | Wien Gemeinde: Wien Wien 1.,Innere Stadt +43 1 39 17 00 233 | Wien Gemeinde: Wien Wien 1.,Innere Stadt +43 1 39 17 00 +43",3,3,3,Treuhand HG 8 Wirtschaftsprüfungs GmbH | MOORE CENTURION Wirtschaftsprüfungs- und Steuerberatungs GmbH | MOORE CENTURION CONSULT Wirtschaftsprüfungs- und Steuerberatungs GmbH,https://ksw.or.at/mitgliederverzeichnis/?tx_kswmembers_membersdirectory%5Bcontroller%5D=MembersDirectory&tx_kswmembers_membersdirectory%5BcurrentPage%5D=13 | https://ksw.or.at/mitgliederverzeichnis/?tx_kswmembers_membersdirectory%5Bcontroller%5D=MembersDirectory&tx_kswmembers_membersdirectory%5BcurrentPage%5D=148 | https://ksw.or.at/mitgliederverzeichnis/?tx_kswmembers_membersdirectory%5Bcontroller%5D=MembersDirectory&tx_kswmembers_membersdirectory%5BcurrentPage%5D=295,1,POSSIBLE_20_PLUS,LOW_MEDIUM,0,0,multiple scale signals; manual verification needed,,0,14,9,,,,https://www.centurion.at/start.html | https://www.centurion.at/unsere-kanzlei/ueber-uns.html | https://www.centurion.at/unsere-kanzlei/moore-netzwerk.html | https://www.centurion.at/unsere-kanzlei/ansprechpartner.html | https://www.centurion.at/unsere-kanzlei/transparenz-qualtaet.html | https://www.centurion.at/unsere-kanzlei/kontakt-anfahrt.html | https://www.centurion.at/wirtschaftspruefung/sonstige-pruefungs-stellen.html | https://www.centurion.at/unternehmensberatung.html,PRIOR_STAGE2_CANDIDATE;TEAM_EMAILS_10_PLUS;JOB_LINKS_3_PLUS;KSW_LISTINGS_3_PLUS;LOCATIONS_3_PLUS;LEGAL_ENTITIES_2_PLUS;SANITY_SEED:MOORE,DEEP_RESEARCH,CONFIRMED_30_PLUS,30,,AUSTRIA_GROUP,HIGH,Official Austrian company/group page states approximately or explicitly 30 employees.,https://www.centurion.at/unsere-kanzlei/moore-netzwerk.html,Official site employee statement around 30.,Official-site employee statement is sufficient for a 30+ lower bound.,SINGLE,1,domain:centurion.at,Treuhand HG 8 Wirtschaftsprüfungs GmbH,SINGLE_GROUP,CONFIRMED_20_PLUS,KSW,,,,,,,,,,,,UD Navigation [Partner]; MOORE Netzwerk Ansprech [Partner]; Abschlussprüfung PIE Prüfung Non-Profit [Partner]; Organisationen ESG Audit Sachverständigen [Partner]; Sonstige Prüfungs [Management]; MOORE CENTURION Lernen Sie [Partner]; Lösungen Kontaktieren Sie [Partner]; Geschäftszeiten Mo-Do [Partner]; Uhr Fr [Partner]; Uhr Navigation [Partner],,unresolved,Ownership/control layer was not safely established from public evidence; operational management is retained where verified.,UNRESOLVED,Barbara Worsch Steuerberaterin; Details Dr; Details MOORE CENTURION Gesch,Geschäftsführer; Geschäftsführer; Geschäftsführer,MEDIUM_HIGH,https://www.centurion.at/start.html | https://www.centurion.at/start.html | https://www.centurion.at/start.html | https://www.centurion.at/start.html | https://www.centurion.at/start.html | https://www.centurion.at/start.html | https://www.centurion.at/start.html | https://www.centurion.at/start.html,No ownership was inferred from surname. Unknown share percentages remain null. For international/network firms the Austrian operational leadership is preferred over a global parent.,,central_context,28,Barbara Worsch Steuerberaterin,https://www.centurion.at/karriere/arbeiten-bei-centurion.html | https://www.centurion.at/karriere/bewerbungsprozess.html | https://www.centurion.at/karriere/karriere-bei-moore-centurion.html,christine.steinkellner@centurion.at,named_context_email,78,Barbara Worsch Steuerberaterin,https://www.centurion.at/karriere/arbeiten-bei-centurion.html | https://www.centurion.at/karriere/bewerbungsprozess.html | https://www.centurion.at/karriere/karriere-bei-moore-centurion.html,,
domain:zks-steuerberatung.at,ZKS Steuerberatung GmbH,zks-steuerberatung.at,http://www.zks-steuerberatung.at | https://www.zks-steuerberatung.at,kanzlei.bludenz@zks-steuerberatung.at | sabine.klapper@abopat.com | s.klapper@zks-steuerberatung.at | c.zobel@zks-steuerberatung.at | c.zobel@quintus-audit.at | kanzlei.weiler@zks-steuerberatung.at,+43 5552 656 60 | +43 5522 36 894 | +43 676 3526562 | +43 5522 44291 6 | +43 5552 65660 | +43 5523 21606 | +43 5523 21606 6 | +43 676 634 38 64,Bludenz Gemeinde: Bludenz Bezirk Bludenz +43 5552 656 60 kan | Weiler Gemeinde: Weiler Bezirk Feldkirch +43 5523 21606 +43 | Bludenz Gemeinde: Bludenz Bezirk Bludenz +43 5552 65660 c.zo | Feldkirch Gemeinde: Feldkirch Bezirk Feldkirch +43 676 634 3,5,5,5,ZKS Steuerberatung GmbH | ZKS Steuerberatung Weiler GmbH & Co KG | ZPP Steuerberatung und Wirtschaftsprüfung GmbH | ZOCH Steuerberatung und Wirtschaftsprüfung GmbH | ZPP Steuerberatung und Wirtschaftsprüfung GmbH & Co KG,https://ksw.or.at/mitgliederverzeichnis/?tx_kswmembers_membersdirectory%5Bcontroller%5D=MembersDirectory&tx_kswmembers_membersdirectory%5BcurrentPage%5D=102 | https://ksw.or.at/mitgliederverzeichnis/?tx_kswmembers_membersdirectory%5Bcontroller%5D=MembersDirectory&tx_kswmembers_membersdirectory%5BcurrentPage%5D=423 | https://ksw.or.at/mitgliederverzeichnis/?tx_kswmembers_membersdirectory%5Bcontroller%5D=MembersDirectory&tx_kswmembers_membersdirectory%5BcurrentPage%5D=158 | https://ksw.or.at/mitgliederverzeichnis/?tx_kswmembers_membersdirectory%5Bcontroller%5D=MembersDirectory&tx_kswmembers_membersdirectory%5BcurrentPage%5D=72 | https://ksw.or.at/mitgliederverzeichnis/?tx_kswmembers_membersdirectory%5Bcontroller%5D=MembersDirectory&tx_kswmembers_membersdirectory%5BcurrentPage%5D=125,1,CONFIRMED_30_PLUS,HIGH,35,35,official team/profile lower bound,,35,2,11,,,,https://www.zks-steuerberatung.at/ | https://www.zks-steuerberatung.at/kanzlei/standort_bludenz/ | https://www.zks-steuerberatung.at/kanzlei/standort_weiler/ | https://www.zks-steuerberatung.at/kanzlei/team/ | https://www.zks-steuerberatung.at/kanzlei/kontakt/ | https://www.zks-steuerberatung.at/kanzlei/datenschutzerkl%C3%A4rung/ | https://www.zks-steuerberatung.at/karriere/warum_zu_uns_/ | https://www.zks-steuerberatung.at/jobs/,PRIOR_STAGE2_CANDIDATE;TEAM_PROFILES_10_PLUS;JOB_LINKS_3_PLUS;KSW_LISTINGS_3_PLUS;LOCATIONS_3_PLUS;LEGAL_ENTITIES_2_PLUS,VERIFY_PRIOR,CONFIRMED_30_PLUS,35,,AUSTRIA_GROUP,HIGH,Official site provides a direct staff lower bound of at least 35.,https://www.zks-steuerberatung.at/,Official site exposes at least 35 distinct staff profiles/personal company-domain emails.,Staff-page lower bound alone proves 30+; no upper bound assumed.,SINGLE,1,domain:zks-steuerberatung.at,ZKS Steuerberatung GmbH,SINGLE_GROUP,CONFIRMED_20_PLUS,KSW,,,,,,,,,,,,Haftung Datenschutzerklärung Kooperationen Karriere [Partner]; Offene Stellen Karriere [Management]; Sie Ihre [Partner]; Kontaktieren Sie [Partner]; Weiler Mag [Partner]; Steuerberater Standort Bludenz [Partner]; Sabine Klapper Partnerin [Partner]; Steuerberaterin Standort Weiler [Partner]; Steuerberater Standort Weiler [Partner]; Lukas Kofler [Partner],Geschäftsführende Gesellschafter Mag (); Christian Zobel Mag (); Sabine Klapper Mag (); Emanuel Singer Lukas Kofler (); Nadja Bernhart-Plank (); Singer Lukas Kofler (); Bludenz Firmenbuch-Nummer FN (); Firmenbuch-Gericht Landesgericht Feldkirch WT-Code (); Umsatzsteuer-Identifikationsnummer ATU (); Weiler Firmenbuch-Nummer FN (),Geschäftsführende Gesellschafter Mag; Christian Zobel Mag; Sabine Klapper Mag; Emanuel Singer Lukas Kofler,"Public sources identify owner/shareholder names, but complete share percentages were not safely established.",PARTNER_OWNED,Geschäftsführende Gesellschafter Mag; Christian Zobel Mag,Owner/Gesellschafter; Owner/Gesellschafter,MEDIUM_HIGH,https://www.zks-steuerberatung.at/kanzlei/team/ | https://www.zks-steuerberatung.at/kanzlei/team/ | https://www.zks-steuerberatung.at/kanzlei/team/ | https://www.zks-steuerberatung.at/kanzlei/team/ | https://www.zks-steuerberatung.at/kanzlei/team/ | https://www.zks-steuerberatung.at/kanzlei/team/ | https://www.zks-steuerberatung.at/kanzlei/team/ | https://www.zks-steuerberatung.at/kanzlei/team/ | https://www.zks-steuerberatung.at/impressum/ | https://www.zks-steuerberatung.at/impressum/ | https://www.zks-steuerberatung.at/impressum/ | https://www.zks-steuerberatung.at/impressum/ | https://www.zks-steuerberatung.at/impressum/ | https://www.zks-steuerberatung.at/impressum/ | https://www.zks-steuerberatung.at/impressum/ | https://www.zks-steuerberatung.at/impressum/,No ownership was inferred from surname. Unknown share percentages remain null. For international/network firms the Austrian operational leadership is preferred over a global parent.,,,,,,,generic_email,30,Christian Zobel Mag,https://www.zks-steuerberatung.at/impressum/,,
domain:accurata.at,ACCURATA Wirtschaftsprüfung GmbH,accurata.at,https://www.accurata.at/ | http://www.accurata.at | https://www.accurata.at | http://www.acura.at,steininger@accurata.at | josef.steininger@accurata.at | michael.edelhofer@accurata.at | office@accurata.at | patrick.weninger@accurata.at | jochen.auer@accurata.at | thomas.roester@accurata.at | alexander.hofmann@accurata.at | philipp.laimer@accurata.at | kanzlei@accurata.at | benjamin.kopriva@accurata.at,+43 1 505 87 65 | +43 1 505 87 65 18 | +43 699 1 110 98 87 | +43 2682 63407 | +43 2682 63407 18 | +43 2732 76 000 | +43 2732 76 000 200 | +43 1 36 12 560 | +43 2732 760 00 | +43 2732 760 00 200 | +43 1 361 25 60 | +43 2758 40 50 | +43 2758 40 50 4 | +43 2732 76 000 155 | +43 2732 76 000 201 | +43 2732 76000 | +43 2732 76000 200,"Wien Gemeinde: Wien Wien 1.,Innere Stadt +43 1 505 87 65 +43 | Eisenstadt Gemeinde: Eisenstadt Bezirk Eisenstadt(Stadt) +43 | Krems an der Donau Gemeinde: Krems an der Donau Bezirk Krems | Wien Gemeinde: Wien Wien 1.,Innere Stadt +43 1 36 12 560 off | Wien Gemeinde: Wien Wien 1.,Innere Stadt +43 1 361 25 60 off | Pöggstall Gemeinde: Pöggstall Bezirk Melk +43 2758 40 50 +43 | Rohrendorf bei Krems Gemeinde: Rohrendorf bei Krems Bezirk K | St. Pölten Gemeinde: St. Pölten Bezirk Sankt Pölten(Stadt) +",14,14,14,ACCURATA Wirtschaftsprüfung GmbH | ACCURATA Steuerberatungs GmbH & Co KG | ACCURATA Umgründungs- und Steuerberatungs GmbH & Co KG | ACCURATA Steuerberatung GmbH | accurata Steuerberatungs GmbH | Laimer Steuerberatungs- und Beteiligungs GmbH | ACCURATA Steuerberatung Pöggstall GmbH & Co KG | Kopriva Steuerberatungs- und Beteiligungs GmbH | Dr. Jochen Auer Steuerberatungs- und Beteiligungs GmbH | Dr. Thomas Röster Steuerberatungs- und Beteiligungs GmbH | Mag. Alexander Hofmann Steuerberatungs- und Beteiligungs GmbH | accurata Steuerberatung St. Pölten GmbH | acura Wirtschaftsprüfungsgesellschaft mbH | carpa fides Steuerberatung und Wirtschaftsprüfung GmbH,https://ksw.or.at/mitgliederverzeichnis/?tx_kswmembers_membersdirectory%5Bcontroller%5D=MembersDirectory&tx_kswmembers_membersdirectory%5BcurrentPage%5D=174 | https://ksw.or.at/mitgliederverzeichnis/?tx_kswmembers_membersdirectory%5Bcontroller%5D=MembersDirectory&tx_kswmembers_membersdirectory%5BcurrentPage%5D=280 | https://ksw.or.at/mitgliederverzeichnis/?tx_kswmembers_membersdirectory%5Bcontroller%5D=MembersDirectory&tx_kswmembers_membersdirectory%5BcurrentPage%5D=438 | https://ksw.or.at/mitgliederverzeichnis/?tx_kswmembers_membersdirectory%5Bcontroller%5D=MembersDirectory&tx_kswmembers_membersdirectory%5BcurrentPage%5D=63 | https://ksw.or.at/mitgliederverzeichnis/?tx_kswmembers_membersdirectory%5Bcontroller%5D=MembersDirectory&tx_kswmembers_membersdirectory%5BcurrentPage%5D=23 | https://ksw.or.at/mitgliederverzeichnis/?tx_kswmembers_membersdirectory%5Bcontroller%5D=MembersDirectory&tx_kswmembers_membersdirectory%5BcurrentPage%5D=62 | https://ksw.or.at/mitgliederverzeichnis/?tx_kswmembers_membersdirectory%5Bcontroller%5D=MembersDirectory&tx_kswmembers_membersdirectory%5BcurrentPage%5D=163 | https://ksw.or.at/mitgliederverzeichnis/?tx_kswmembers_membersdirectory%5Bcontroller%5D=MembersDirectory&tx_kswmembers_membersdirectory%5BcurrentPage%5D=24 | https://ksw.or.at/mitgliederverzeichnis/?tx_kswmembers_membersdirectory%5Bcontroller%5D=MembersDirectory&tx_kswmembers_membersdirectory%5BcurrentPage%5D=99 | https://ksw.or.at/mitgliederverzeichnis/?tx_kswmembers_membersdirectory%5Bcontroller%5D=MembersDirectory&tx_kswmembers_membersdirectory%5BcurrentPage%5D=487 | https://ksw.or.at/mitgliederverzeichnis/?tx_kswmembers_membersdirectory%5Bcontroller%5D=MembersDirectory&tx_kswmembers_membersdirectory%5BcurrentPage%5D=474 | https://ksw.or.at/mitgliederverzeichnis/?tx_kswmembers_membersdirectory%5Bcontroller%5D=MembersDirectory&tx_kswmembers_membersdirectory%5BcurrentPage%5D=212 | https://ksw.or.at/mitgliederverzeichnis/?tx_kswmembers_membersdirectory%5Bcontroller%5D=MembersDirectory&tx_kswmembers_membersdirectory%5BcurrentPage%5D=355 | https://ksw.or.at/mitgliederverzeichnis/?tx_kswmembers_membersdirectory%5Bcontroller%5D=MembersDirectory&tx_kswmembers_membersdirectory%5BcurrentPage%5D=235,1,CONFIRMED_20_29,HIGH,29,29,official team/profile lower bound,,0,29,1,,,,https://www.accurata.at/ | https://www.accurata.at/standorte/ | https://www.accurata.at/karriere/,PRIOR_STAGE2_CANDIDATE;TEAM_EMAILS_10_PLUS;KSW_LISTINGS_3_PLUS;LOCATIONS_3_PLUS;LEGAL_ENTITIES_2_PLUS;SANITY_SEED:Accurata,VERIFY_PRIOR,CONFIRMED_20_PLUS,25,,AUSTRIA_GROUP,HIGH,Official site provides a direct staff lower bound of at least 25.,https://www.accurata.at/ | http://www.acura.at/,Official site exposes at least 25 distinct staff profiles/personal company-domain emails.,Staff-page lower bound proves 20+ but not 30+ unless count reaches 30.,SINGLE,2,domain:accurata.at | domain:acura.at,ACCURATA Wirtschaftsprüfung GmbH | accurata Steuerberatung St. Pölten GmbH,DIRECT_SHARED_PRIMARY_DOMAIN,CONFIRMED_20_PLUS,KSW,,,,,,,,,,,,Services Online Rechner [Partner]; Events Erinnerungsservice Downloads Apotheken [Management]; Ihr Anliegen [Management]; Jochen Auer Steuerberater [Geschäftsführer]; Lebenslauf Dr [Geschäftsführer]; Jochen Auer [Geschäftsführer]; Sein Spezialgebiet [Partner]; Michael Edelhofer Wirtschaftsprüfer [Geschäftsführer]; Lebenslauf DDr [Geschäftsführer]; Michael Edelhofer [Geschäftsführer],Michael Edelhofer (); Bereichen Unternehmensbewertung (); Rechtsform Kommanditgesellschaft Unbeschränkt (); Jochen Auer Steuerberatungs (); Thomas Röster Steuerberatungs (); Alexander Hofmann Steuerberatungs (); Josef Steininger Gesellschafter Mag (); Josef Steininger Firmensitz Hauptstraße (); Eisenstadt Firmenbuchnummer (); Firmenbuchgericht Landesgericht Eisenstadt Umsatzsteuer-Identifikationsnummer (),Michael Edelhofer; Bereichen Unternehmensbewertung; Rechtsform Kommanditgesellschaft Unbeschränkt; Jochen Auer Steuerberatungs,"Public sources identify owner/shareholder names, but complete share percentages were not safely established.",PARTNER_OWNED,Michael Edelhofer; Bereichen Unternehmensbewertung,Owner/Gesellschafter; Owner/Gesellschafter,MEDIUM_HIGH,https://www.accurata.at/ | https://www.accurata.at/ | https://www.accurata.at/ansprechpersonen/ | https://www.accurata.at/ansprechpersonen/ | https://www.accurata.at/ansprechpersonen/ | https://www.accurata.at/ansprechpersonen/ | https://www.accurata.at/ansprechpersonen/ | https://www.accurata.at/ansprechpersonen/ | https://www.accurata.at/ansprechpersonen/ | https://www.accurata.at/ansprechpersonen/ | https://www.accurata.at/impressum/ | https://www.accurata.at/impressum/ | https://www.accurata.at/impressum/ | https://www.accurata.at/impressum/ | https://www.accurata.at/impressum/ | https://www.accurata.at/impressum/,No ownership was inferred from surname. Unknown share percentages remain null. For international/network firms the Austrian operational leadership is preferred over a global parent.,+4315058765,named_fixed_candidate,75,Michael Edelhofer,https://www.accurata.at/impressum/,michael.edelhofer@accurata.at,personal_verified_email,94,Michael Edelhofer,https://www.accurata.at/ansprechpersonen/ | https://www.accurata.at/impressum/,,
domain:argos.at,Dr.Gerhard Kohler Steuerberatungsgesellschaft m.b.H.,argos.at,http://www.argos.at,kohler@argos.at | steuerberatung@argos.at | hauleithner@argos.at | gasparin@argos.at,+43 664 445 08 88 | +43 1 545 08 00 | +43 1 545 08 00 8 | +43 1 545 08 00 13 | +43 1 54 50 800 | +43 1 54 50 800 8,"Markt Piesting Gemeinde: Markt Piesting Bezirk Wiener Neusta | Wien Gemeinde: Wien Wien 5.,Margareten +43 1 545 08 00 +43 1 | Wien Gemeinde: Wien Wien 5.,Margareten +43 1 54 50 800 +43 1",2,3,3,Dr.Gerhard Kohler Steuerberatungsgesellschaft m.b.H. | Dr. Kohler und Partner Steuerberatungs GmbH,https://ksw.or.at/mitgliederverzeichnis/?tx_kswmembers_membersdirectory%5Bcontroller%5D=MembersDirectory&tx_kswmembers_membersdirectory%5BcurrentPage%5D=101 | https://ksw.or.at/mitgliederverzeichnis/?tx_kswmembers_membersdirectory%5Bcontroller%5D=MembersDirectory&tx_kswmembers_membersdirectory%5BcurrentPage%5D=391 | https://ksw.or.at/mitgliederverzeichnis/?tx_kswmembers_membersdirectory%5Bcontroller%5D=MembersDirectory&tx_kswmembers_membersdirectory%5BcurrentPage%5D=319,1,CONFIRMED_20_29,HIGH,22,22,official team/profile lower bound,"15: urde 1995 als Einmann Kanzlei von Dr. Gerhard Kohler gegründet . Mittlerweile umfasst sie mehr als 15 Mitarbeiter, die Ihnen dabei helfen, bei der Vielzahl an Regelungen stets den ",0,22,1,,,,https://argos.at/ | https://argos.at/steuerberatung/ | https://argos.at/hausverwaltung/ | https://argos.at/makler/ | https://argos.at/stellenausschreibungen/,PRIOR_STAGE2_CANDIDATE;TEAM_EMAILS_10_PLUS;KSW_LISTINGS_3_PLUS;LOCATIONS_3_PLUS;LEGAL_ENTITIES_2_PLUS,VERIFY_PRIOR,CONFIRMED_20_PLUS,22,,AUSTRIA_GROUP,HIGH,Official site provides a direct staff lower bound of at least 22.,https://argos.at/,Official site exposes at least 22 distinct staff profiles/personal company-domain emails.,Staff-page lower bound proves 20+ but not 30+ unless count reaches 30.,SINGLE,1,domain:argos.at,Dr.Gerhard Kohler Steuerberatungsgesellschaft m.b.H.,SINGLE_GROUP,CONFIRMED_20_PLUS,KSW,,,,,,,,,,,,Login Hausverwaltung About Leistungen [Partner]; Stellenangebote Dr [Partner]; Beratung Buchhaltung [Geschäftsführung]; Alexandra Gasparin [Geschäftsführung]; MA Buchhaltung [Geschäftsführung]; Halise Akcakaya Buchhaltung [Management]; Albert Einstein Albert Einstein [Partner]; Uhr Freitag [Management]; Uhr Öffent [Management]; Weitere Informationen Dr [Partner],,unresolved,Ownership/control layer was not safely established from public evidence; operational management is retained where verified.,UNRESOLVED,Alexandra Gasparin; Beratung Buchhaltung; MA Buchhaltung,Geschäftsführung; Geschäftsführung; Geschäftsführung,MEDIUM_HIGH,https://argos.at/ | https://argos.at/ | https://argos.at/steuerberatung/ | https://argos.at/steuerberatung/ | https://argos.at/steuerberatung/ | https://argos.at/steuerberatung/ | https://argos.at/steuerberatung/ | https://argos.at/steuerberatung/,No ownership was inferred from surname. Unknown share percentages remain null. For international/network firms the Austrian operational leadership is preferred over a global parent.,+4315450800,mobile_public,100,Beratung Buchhaltung,https://argos.at/steuerberatung/,gasparin@argos.at,personal_verified_email,90,Alexandra Gasparin,https://argos.at/steuerberatung/,,
domain:fuessel.at,Gerhard Füssel & Partner Steuerberatungs-OG,fuessel.at,http://www.fuessel.at,sabrina.varal@fuessel.at | office@fuessel.at | s.varal@liwest.at,+43 7246 64 62 | +43 7246 64 62 23 | +43 7246 64 62 0 | +43 7246 64 62 11 | +43 7242 21 17 44 | +43 699 19006322,Gunskirchen Gemeinde: Gunskirchen Bezirk Wels-Land +43 7246,2,2,2,Gerhard Füssel & Partner Steuerberatungs-OG | Gerhard Füssel Steuerberatungsgesellschaft mbH,https://ksw.or.at/mitgliederverzeichnis/?tx_kswmembers_membersdirectory%5Bcontroller%5D=MembersDirectory&tx_kswmembers_membersdirectory%5BcurrentPage%5D=291 | https://ksw.or.at/mitgliederverzeichnis/?tx_kswmembers_membersdirectory%5Bcontroller%5D=MembersDirectory&tx_kswmembers_membersdirectory%5BcurrentPage%5D=320,1,CONFIRMED_20_29,HIGH,22,22,official team/profile lower bound,,22,12,3,,,,https://www.fuessel.at/ | https://www.fuessel.at/kanzlei/adresse_und_anfahrt/ | https://www.fuessel.at/kanzlei/ansprechpartner/ | https://www.fuessel.at/kanzlei/kontakt/ | https://www.fuessel.at/kanzlei/barrierefreiheitserkl%C3%A4rung/ | https://www.fuessel.at/karriere/ | https://www.fuessel.at/leistungen/unternehmensgruendung/ | https://www.fuessel.at/jobs/bilanzbuchhalter_e79/,PRIOR_STAGE2_CANDIDATE;TEAM_PROFILES_10_PLUS;TEAM_EMAILS_10_PLUS;JOB_LINKS_3_PLUS;LEGAL_ENTITIES_2_PLUS,VERIFY_PRIOR,CONFIRMED_20_PLUS,22,,AUSTRIA_GROUP,HIGH,Official site provides a direct staff lower bound of at least 22.,https://www.fuessel.at/,Official site exposes at least 22 distinct staff profiles/personal company-domain emails.,Staff-page lower bound proves 20+ but not 30+ unless count reaches 30.,SINGLE,1,domain:fuessel.at,Gerhard Füssel & Partner Steuerberatungs-OG,SINGLE_GROUP,CONFIRMED_20_PLUS,KSW,,,,,,,,,,,,Werden Sie Fan [Partner]; Datenschutzerklärung Barrierefreiheitserklärung Digitalisierung Karriere [Partner]; Bilanzierung Gründungsberatung Buchhaltung Lohnverrechnung [Partner]; Nachfolgeberatung Jahres [Management]; Persönlich Persönliche Ansprechpartner [Partner]; Ihr Bro [Management]; Sie Fan [Partner]; Ansprechpartner Inhalt Steuerberaterin Sabrina [Geschäftsführer]; Socher-Varal Steuerberaterin [Geschäftsführer]; Anrufen Speichern Mitarbeiter Kerstin [Geschäftsführer],,unresolved,Ownership/control layer was not safely established from public evidence; operational management is retained where verified.,UNRESOLVED,Angerer-Mößlinger Buchhaltung; Anrufen Speichern Mitarbeiter Kerstin; Ansprechpartner Inhalt Steuerberaterin Sabrina,Geschäftsführer; Geschäftsführer; Geschäftsführer,MEDIUM_HIGH,https://www.fuessel.at/ | https://www.fuessel.at/ | https://www.fuessel.at/ | https://www.fuessel.at/ | https://www.fuessel.at/ | https://www.fuessel.at/ | https://www.fuessel.at/kanzlei/adresse_und_anfahrt/ | https://www.fuessel.at/kanzlei/ansprechpartner/,No ownership was inferred from surname. Unknown share percentages remain null. For international/network firms the Austrian operational leadership is preferred over a global parent.,+4372466462,central_context,108,Ansprechpartner Inhalt Steuerberaterin Sabrina,https://www.fuessel.at/ | https://www.fuessel.at/aktuelles/gastronews/ | https://www.fuessel.at/aktuelles/gastronews/fr%C3%BChling_2026/gilt_die_neue_hitzeschutzverordnung_auch_im_bereich_der_gastronomie_/ | https://www.fuessel.at/aktuelles/steuernews_klienten/ | https://www.fuessel.at/aktuelles/steuernews_klienten/august_2026/muss_probearbeit_angemeldet_werden_/ | https://www.fuessel.at/aktuelles/steuernews_klienten/september_2026/digitalisierungsfoerderung_fuer_kmu/ | https://www.fuessel.at/aktuelles/steuernews_klienten/september_2026/sachbezug_kuenftig_auch_fuer_elektroautos/ | https://www.fuessel.at/aktuelles/steuernews_klienten/september_2026/umfassende_aenderungen_im_doppelbesteuerungsabkommen_mit_der_schweiz/ | https://www.fuessel.at/aktuelles/steuernews_klienten/september_2026/welche_zahlungen_unterliegen_der_abzugsteuer_/ | https://www.fuessel.at/aktuelles/steuernews_klienten/september_2026/welcher_einkunftsart_unterliegt_die_kurzfristige_touristische_vermietung_/ | https://www.fuessel.at/aktuelles/steuernews_klienten/september_2026/zeitpunkt_der_gebaeudeabschreibung_bei_einer_vermietung_und_verpachtung_nach_generalsanierung/ | https://www.fuessel.at/impressum | https://www.fuessel.at/impressum/ | https://www.fuessel.at/jobs/personalverrechner_e80/ | https://www.fuessel.at/kanzlei/adresse_und_anfahrt/ | https://www.fuessel.at/kanzlei/barrierefreiheitserkl%C3%A4rung/ | https://www.fuessel.at/kanzlei/kontakt/ | https://www.fuessel.at/karriere/ | https://www.fuessel.at/leistungen/unternehmensgruendung/ | https://www.fuessel.at/leistungen/unternehmensgruendung/faq_unternehmensgruendung/,sabrina.varal@fuessel.at,personal_verified_email,94,Ansprechpartner Inhalt Steuerberaterin Sabrina,https://www.fuessel.at/jobs/personalverrechner_e80/ | https://www.fuessel.at/kanzlei/ansprechpartner/,,
domain:hlb-vorarlberg.com,HLB Vorarlberg GmbH Steuerberatung und Wirtschaftsprüfung,hlb-vorarlberg.com,http://www.hlb-vorarlberg.com,office@hlb-vorarlberg.com | stefan.werle@chello.at | daniela.gantner@hlb-vorarlberg.com | sebastian.fritz@hlb-vorarlberg.com,+43 5522 394 40 | +43 5522 394 40 33 | +43 5572 408457 | +43 664 197 40 41,Feldkirch Gemeinde: Feldkirch Bezirk Feldkirch +43 5522 394,1,1,1,HLB Vorarlberg GmbH Steuerberatung und Wirtschaftsprüfung,https://ksw.or.at/mitgliederverzeichnis/?tx_kswmembers_membersdirectory%5Bcontroller%5D=MembersDirectory&tx_kswmembers_membersdirectory%5BcurrentPage%5D=388,1,CONFIRMED_30_PLUS,HIGH,40,40,official explicit employee count,40: und renommiertesten Wirtschaftsprüfungs- und Steuerberatungsgesellschaften in Vorarlberg. Wir beschäftigen derzeit rund 40 MitarbeiterInnen an unseren Standorten in Feldkirch und D | 40: chaftsprüfungs- und Steuerberatungsgesellschaften in Vorarlberg. Wir beschäftigen derzeit rund 40 MitarbeiterInnen an unseren Standorten in Feldkirch und Dornbirn. Zur HLB Vorarlbe,1,33,8,,,,https://hlb-vorarlberg.com/ | https://hlb-vorarlberg.com/kanzlei/ | https://hlb-vorarlberg.com/team/ | https://hlb-vorarlberg.com/standort/ | https://hlb-vorarlberg.com/internationales-hlb-netzwerk/ | https://hlb-vorarlberg.com/karriereleiter/ | https://hlb-vorarlberg.com/karrierechancen/ | https://hlb-vorarlberg.com/mitarbeiterstimmen/,PRIOR_STAGE2_CANDIDATE;TEAM_EMAILS_10_PLUS;JOB_LINKS_3_PLUS,VERIFY_PRIOR,CONFIRMED_30_PLUS,40,,AUSTRIA_LEGAL_ENTITY,HIGH,Official Austrian company/group page states approximately or explicitly 40 employees.,https://hlb-vorarlberg.com/kanzlei/,Official site employee statement around 40.,Official-site employee statement is sufficient for a 30+ lower bound.,SINGLE,1,domain:hlb-vorarlberg.com,HLB Vorarlberg GmbH Steuerberatung und Wirtschaftsprüfung,SINGLE_GROUP,CONFIRMED_20_PLUS,KSW,,,,,,,,,,,,Profitieren Sie [Partner]; Als Mitglied [Partner]; HLB International [Partner]; Arbeitsrecht Senior SteuerberaterIn WirtschaftsprüferIn [Partner]; Sie Ihr [Management]; BDO Netzwerkes [Partner]; Kurt Schreiber [Partner]; Martin Bauer [Partner]; Stefan Werle [Partner]; Co Wirtschaftsprüfungs [Management],Stb Mag (); Christoph Reiter (); WP Sophia Werle (); MSc Stb Edwin Alibabic (); MSc Gesellschafter (); Rechte Dritter (); Verwendete Grafiken (); Business Plan Erstellung (),Stb Mag; Christoph Reiter; WP Sophia Werle; MSc Stb Edwin Alibabic,"Public sources identify owner/shareholder names, but complete share percentages were not safely established.",PARTNER_OWNED,Stb Mag; Christoph Reiter,Owner/Gesellschafter; Owner/Gesellschafter,MEDIUM_HIGH,https://hlb-vorarlberg.com/ | https://hlb-vorarlberg.com/ | https://hlb-vorarlberg.com/ | https://hlb-vorarlberg.com/ | https://hlb-vorarlberg.com/ | https://hlb-vorarlberg.com/kanzlei/ | https://hlb-vorarlberg.com/kanzlei/ | https://hlb-vorarlberg.com/kanzlei/ | https://hlb-vorarlberg.com/impressum/ | https://hlb-vorarlberg.com/impressum/ | https://hlb-vorarlberg.com/impressum/ | https://hlb-vorarlberg.com/impressum/ | https://hlb-vorarlberg.com/impressum/ | https://hlb-vorarlberg.com/impressum/ | https://hlb-vorarlberg.com/impressum/ | https://hlb-vorarlberg.com/corporate-finance-leistungen/,No ownership was inferred from surname. Unknown share percentages remain null. For international/network firms the Austrian operational leadership is preferred over a global parent.,,central_fallback,20,,https://hlb-vorarlberg.com/,christoph.reiter@hlb-vorarlberg.com,personal_verified_email,94,Christoph Reiter,https://hlb-vorarlberg.com/steuerberatung/ | https://hlb-vorarlberg.com/team/,+43552239440,
domain:klarkurs.at,klarkurs steuerberatung gmbh,klarkurs.at,http://www.klarkurs.at,office@klarkurs.at | ewald.steiner@klarkurs.at,+43 2167 5040 | +43 2167 5040 4 | +43 2167 5040 50 | +43 664 851 93 51,Neusiedl am See Gemeinde: Neusiedl am See Bezirk Neusiedl am,1,1,1,klarkurs steuerberatung gmbh,https://ksw.or.at/mitgliederverzeichnis/?tx_kswmembers_membersdirectory%5Bcontroller%5D=MembersDirectory&tx_kswmembers_membersdirectory%5BcurrentPage%5D=170,1,CONFIRMED_20_29,HIGH,23,23,official team/profile lower bound,,1,23,1,,,,https://www.klarkurs.at/ | https://www.klarkurs.at/ueber-uns/ | https://www.klarkurs.at/team/ | https://www.klarkurs.at/karriere/,PRIOR_STAGE2_CANDIDATE;TEAM_EMAILS_10_PLUS,VERIFY_PRIOR,CONFIRMED_20_PLUS,22,,AUSTRIA_LEGAL_ENTITY,HIGH,Official site provides a direct staff lower bound of at least 22.,https://www.klarkurs.at/,Official site exposes at least 22 distinct staff profiles/personal company-domain emails.,Staff-page lower bound proves 20+ but not 30+ unless count reaches 30.,SINGLE,1,domain:klarkurs.at,klarkurs steuerberatung gmbh,SINGLE_GROUP,CONFIRMED_20_PLUS,KSW,,,,,,,,,,,,Kurt Lentsch [Management]; Frau Petra [Partner],Rechte Dritter (),Rechte Dritter,"Public sources identify owner/shareholder names, but complete share percentages were not safely established.",PARTNER_OWNED,Rechte Dritter,Owner/Gesellschafter,MEDIUM_HIGH,https://www.klarkurs.at/ueber-uns/ | https://www.klarkurs.at/ueber-uns/ | https://www.klarkurs.at/impressum/,No ownership was inferred from surname. Unknown share percentages remain null. For international/network firms the Austrian operational leadership is preferred over a global parent.,,central_fallback,20,,https://www.klarkurs.at/,,generic_fallback,30,,https://www.klarkurs.at/,+4321675040,office@klarkurs.at
domain:marsoner.at,Marsoner + Partner GmbH Wirtschaftsprüfungs- und Steuerberatungsgesellschaft,marsoner.at,http://www.marsoner.at,vorarlberg@marsoner.at | beyweiss@stb-beyweiss.at | office@marsoner.at | j.marsoner@marsoner.at | w.tschapeller@marsoner.at | dominik.haeusler@gmail.com | g.pfanner@marsoner.at | s.magerle@marsoner.at | lienz@marsoner.at | l.kofler@marsoner.at,+43 5552 98 2 09 | +43 512 57 43 45 | +43 512 57 98 65 | +43 664 505 34 12 | +43 512 57 43 45 0 | +43 664 262 28 15 | +43 4852 63 440 | +43 4852 63 440 77,Bludenz Gemeinde: Bludenz Bezirk Bludenz +43 5552 98 2 09 vo | Wilten Gemeinde: Innsbruck Bezirk Innsbruck-Stadt +43 512 57 | Lienz Gemeinde: Lienz Bezirk Lienz +43 4852 63 440 +43 4852,4,5,5,Marsoner + Partner GmbH Wirtschaftsprüfungs- und Steuerberatungsgesellschaft | Mag. German Pfanner GmbH Steuerberatungsgesellschaft | Mag. Stefan Magerle GmbH Steuerberatungsgesellschaft | Marsoner + Partner Osttirol GmbH Steuerberatungsgesellschaft,https://ksw.or.at/mitgliederverzeichnis/?tx_kswmembers_membersdirectory%5Bcontroller%5D=MembersDirectory&tx_kswmembers_membersdirectory%5BcurrentPage%5D=485 | https://ksw.or.at/mitgliederverzeichnis/?tx_kswmembers_membersdirectory%5Bcontroller%5D=MembersDirectory&tx_kswmembers_membersdirectory%5BcurrentPage%5D=185 | https://ksw.or.at/mitgliederverzeichnis/?tx_kswmembers_membersdirectory%5Bcontroller%5D=MembersDirectory&tx_kswmembers_membersdirectory%5BcurrentPage%5D=158 | https://ksw.or.at/mitgliederverzeichnis/?tx_kswmembers_membersdirectory%5Bcontroller%5D=MembersDirectory&tx_kswmembers_membersdirectory%5BcurrentPage%5D=445 | https://ksw.or.at/mitgliederverzeichnis/?tx_kswmembers_membersdirectory%5Bcontroller%5D=MembersDirectory&tx_kswmembers_membersdirectory%5BcurrentPage%5D=458,1,CONFIRMED_30_PLUS,HIGH,80,80,official explicit employee count,"80: haftsprüfungs- und Steuerberatungskanzlei mit Standorten in Innsbruck und Lienz und einem Team von 80 qualifizierten Mitarbeiter:innen stehen wir Ihnen in allen steuerlichen und wi | 80: betriebswirtschaftlichen Belangen. Wir arbeiten kompetent, individuell und mit Weitblick. Über 80 Mitarbeiter:innen an zwei Standorten entwickeln individuelle Lösungen für regional | 70: beratung und Wirtschaftsprüfung etabliert. Heute ist Innsbruck unser größter Standort mit rund 70 Mitarbeiterinnen und Mitarbeitern und einem klaren fachlichen Schwerpunkt auf inte",0,2,2,,,,https://www.marsoner.at/ | https://www.marsoner.at/uber-uns/ | https://www.marsoner.at/uber-uns/innsbruck/ | https://www.marsoner.at/uber-uns/lienz/ | https://www.marsoner.at/karriere/,PRIOR_STAGE2_CANDIDATE;KSW_LISTINGS_3_PLUS;LOCATIONS_3_PLUS;LEGAL_ENTITIES_2_PLUS,VERIFY_PRIOR,CONFIRMED_30_PLUS,80,,AUSTRIA_GROUP,HIGH,Official Austrian company/group page states approximately or explicitly 80 employees.,https://www.marsoner.at/,Official site employee statement around 80.,Official-site employee statement is sufficient for a 30+ lower bound.,SINGLE,1,domain:marsoner.at,Marsoner + Partner GmbH Wirtschaftsprüfungs- und Steuerberatungsgesellschaft,SINGLE_GROUP,CONFIRMED_20_PLUS,KSW,,,,,,,,,,,,Lienz Home Über [Partner]; Lienz Expertise [Partner]; Ihre Jahresabschlüsse [Partner]; Tiroler Firmenlauf [Partner]; Jetzt Lesen [Partner]; Jetzt Lesen ALLE NEWS [Partner]; ANZEIGEN Aktuelles [Partner]; Anzeigen Aug [Partner]; Anzeigen Juli [Partner]; Lesen ALLE NEWS ANZEIGEN [Partner],,unresolved,Ownership/control layer was not safely established from public evidence; operational management is retained where verified.,UNRESOLVED,ANZEIGEN Aktuelles; Anzeigen Aug; Anzeigen Juli,Partner; Partner; Partner,MEDIUM_HIGH,https://www.marsoner.at/ | https://www.marsoner.at/ | https://www.marsoner.at/ | https://www.marsoner.at/ | https://www.marsoner.at/ | https://www.marsoner.at/ | https://www.marsoner.at/ | https://www.marsoner.at/,No ownership was inferred from surname. Unknown share percentages remain null. For international/network firms the Austrian operational leadership is preferred over a global parent.,,central_fallback,20,,https://www.marsoner.at/,,generic_fallback,30,,https://www.marsoner.at/,31072025,office@marsoner.at
domain:appvienna.at,RG Steuerberatung GmbH,appvienna.at,http://appvienna.at,r.gruen@appvienna.at,+43 664 45 75 673 | +43 1 408 42 58 718 | +43 1 408 42 58 20,"Wien Gemeinde: Wien Wien 1.,Innere Stadt +43 664 45 75 673 r",1,1,1,RG Steuerberatung GmbH,https://ksw.or.at/mitgliederverzeichnis/?tx_kswmembers_membersdirectory%5Bcontroller%5D=MembersDirectory&tx_kswmembers_membersdirectory%5BcurrentPage%5D=375,1,CONFIRMED_30_PLUS,HIGH,32,32,official team/profile lower bound,,0,32,0,,,,https://www.appvienna.at/ | https://www.appvienna.at/our-team/,PRIOR_STAGE2_CANDIDATE;TEAM_EMAILS_10_PLUS;SANITY_SEED:APP,VERIFY_PRIOR,CONFIRMED_30_PLUS,32,,AUSTRIA_LEGAL_ENTITY,HIGH,Official site provides a direct staff lower bound of at least 32.,https://www.appvienna.at/,Official site exposes at least 32 distinct staff profiles/personal company-domain emails.,Staff-page lower bound alone proves 30+; no upper bound assumed.,SINGLE,1,domain:appvienna.at,RG Steuerberatung GmbH,SINGLE_GROUP,CONFIRMED_20_PLUS,KSW,,,,,,,,,,,,Tax Management Accounting Employment [Geschäftsführer]; Back Office Klaus Fritsch [Geschäftsführer]; Richard Grün Steuerberater [Geschäftsführer]; Dominik Eigner Steuerberater [Geschäftsführer]; Alexander Ritschl Steuerberater [Geschäftsführer]; Daniela Kaiser Steuerberaterin E-Mail [Geschäftsführer]; Michael Langer Steuerberater E-Mail [Management],Rechte Dritter (),Rechte Dritter,"Public sources identify owner/shareholder names, but complete share percentages were not safely established.",PARTNER_OWNED,Rechte Dritter,Owner/Gesellschafter,MEDIUM_HIGH,https://www.appvienna.at/our-team/ | https://www.appvienna.at/our-team/ | https://www.appvienna.at/our-team/ | https://www.appvienna.at/our-team/ | https://www.appvienna.at/our-team/ | https://www.appvienna.at/our-team/ | https://www.appvienna.at/our-team/ | https://www.appvienna.at/impressum-2/,No ownership was inferred from surname. Unknown share percentages remain null. For international/network firms the Austrian operational leadership is preferred over a global parent.,,central_fallback,20,,https://www.appvienna.at/,,generic_fallback,30,,https://www.appvienna.at/,+4314084258,wien@appvienna.at
domain:wt-oberland.at,Wirtschaftstreuhand Oberland Steuerberatungs GmbH,wt-oberland.at,http://www.wt-oberland.at | http://members.aon.at/schmid.alfred,wt@wt-oberland.at | schmid.alfred@aon.at | t.zerzer@wt-oberland.at | m.schweisgut@wt-oberland.at | a.schmid@wt-oberland.at,+43 5472 280 28 | +43 5472 280 28 50 | +43 5473 873 00 | +43 5473 873 00 4 | +43 5472 280 28 0,Ried im Oberinntal Gemeinde: Ried im Oberinntal Bezirk Lande,2,2,2,Wirtschaftstreuhand Oberland Steuerberatungs GmbH | Wirtschaftstreuhand Oberland Steuerberatungs GmbH & Co KG,https://ksw.or.at/mitgliederverzeichnis/?tx_kswmembers_membersdirectory%5Bcontroller%5D=MembersDirectory&tx_kswmembers_membersdirectory%5BcurrentPage%5D=522 | https://ksw.or.at/mitgliederverzeichnis/?tx_kswmembers_membersdirectory%5Bcontroller%5D=MembersDirectory&tx_kswmembers_membersdirectory%5BcurrentPage%5D=346,1,CONFIRMED_30_PLUS,HIGH,35,35,official team/profile lower bound,,7,35,7,,,,https://www.wt-oberland.at/ | https://www.wt-oberland.at/team/ | https://www.wt-oberland.at/geschichte/ | https://www.wt-oberland.at/unternehmensgruendung/ | https://www.wt-oberland.at/unternehmensberatung/ | https://www.wt-oberland.at/unternehmensnachfolge/ | https://www.wt-oberland.at/karriere/ | https://www.bing.com/ck/a?!&&p=7f0c22947c8b5ab935f1b24c5a11fbd1e9133a5f0e905c462519b58b5908b823JmltdHM9MTc4ODA0ODAwMA&ptn=3&ver=2&hsh=4&fclid=34432e84-77b9-6232-34aa-394176296376&u=a1aHR0cHM6Ly9maXJtZW5idWNoLmFpL2thaXNlci13aXJ0c2NoYWZ0c3RyZXVoYW5kLTA5NjMwNmI&ntb=1 | https://www.bing.com/ck/a?!&&p=febe58417d291334d730de6ea611bb0c99143b747b254d72ee0cecc7c870830cJmltdHM9MTc4ODA0ODAwMA&ptn=3&ver=2&hsh=4&fclid=34432e84-77b9-6232-34aa-394176296376&u=a1aHR0cHM6Ly9maXJtZW5idWNoLmFpL2RzLXdpcnRzY2hhZnRzdHJldWhhbmQtc3RldWVyLTE0MTU0Nmc&ntb=1 | https://www.bing.com/ck/a?!&&p=8aa7cc0b69d5229c85ac57e70205533284c20b63bec2adabcbae28add20b6df8JmltdHM9MTc4ODA0ODAwMA&ptn=3&ver=2&hsh=4&fclid=34432e84-77b9-6232-34aa-394176296376&u=a1aHR0cHM6Ly9maXJtZW5idWNoLmFpL2EtdC13aXJ0c2NoYWZ0c3RyZXVoYW5kLWdtYmgtMDcyOTM3aw&ntb=1 | https://www.bing.com/ck/a?!&&p=0a606d97fcc64adc74ca7ba1ab20e8ef8253d17dbca40bc37f85da65d0731857JmltdHM9MTc4ODA0ODAwMA&ptn=3&ver=2&hsh=4&fclid=34432e84-77b9-6232-34aa-394176296376&u=a1aHR0cHM6Ly9maXJtZW5idWNoLmFpL2NvbnN1bHR1cy13aXJ0c2NoYWZ0c3RyZXVoYW5kLWdtYmgtNDg4NTU1cA&ntb=1 | https://www.bing.com/ck/a?!&&p=1eb2a5922beb73374f129f40bc94d69bde56dc1b3363211cff2507a01b7d5de2JmltdHM9MTc4ODA0ODAwMA&ptn=3&ver=2&hsh=4&fclid=34432e84-77b9-6232-34aa-394176296376&u=a1aHR0cHM6Ly9maXJtZW5idWNoLmFpL3Jwdy13aXJ0c2NoYWZ0c3RyZXVoYW5kLWdtYmgtMTU4NTg3dA&ntb=1 | https://www.bing.com/ck/a?!&&p=5127f0006072e3e2001a67b3a7fa727f1ab0d5a1fdf5c1409496da5a80418ca2JmltdHM9MTc4ODA0ODAwMA&ptn=3&ver=2&hsh=4&fclid=34432e84-77b9-6232-34aa-394176296376&u=a1aHR0cHM6Ly9maXJtZW5idWNoLmFpL29ubGluZS13aXJ0c2NoYWZ0c3RyZXVoYW5kLWdtYmgtMTMxMTEybQ&ntb=1 | https://www.bing.com/ck/a?!&&p=130d968b1fd08104c347f4fc3a20af544c5dc043e7939d66b1ddc705ba5262fbJmltdHM9MTc4ODA0ODAwMA&ptn=3&ver=2&hsh=4&fclid=34432e84-77b9-6232-34aa-394176296376&u=a1aHR0cHM6Ly9maXJtZW5idWNoLmFpL3RzZy13aXJ0c2NoYWZ0c3RyZXVoYW5kLTExMTUyM2Y&ntb=1 | https://www.bing.com/ck/a?!&&p=f803fb99e45c7b77d3e641d30b7a3e7399f9db8373b03998522e7aaf0fb7e0e0JmltdHM9MTc4ODA0ODAwMA&ptn=3&ver=2&hsh=4&fclid=313e8c92-9974-6dda-2493-9b5798296c04&u=a1aHR0cHM6Ly9maXJtZW5idWNoLmFpL2thaXNlci13aXJ0c2NoYWZ0c3RyZXVoYW5kLTA5NjMwNmI&ntb=1 | https://www.bing.com/ck/a?!&&p=32ba3420c7dd41fa965b4db5906ddaeef834028892212bdc42bd0eb371904c95JmltdHM9MTc4ODA0ODAwMA&ptn=3&ver=2&hsh=4&fclid=313e8c92-9974-6dda-2493-9b5798296c04&u=a1aHR0cHM6Ly9maXJtZW5idWNoLmFpL2RzLXdpcnRzY2hhZnRzdHJldWhhbmQtc3RldWVyLTE0MTU0Nmc&ntb=1 | https://www.bing.com/ck/a?!&&p=e3a11cef5ca69d2fc74f6a06caba5e800e78280e3c7bd863487195fe432f9a72JmltdHM9MTc4ODA0ODAwMA&ptn=3&ver=2&hsh=4&fclid=313e8c92-9974-6dda-2493-9b5798296c04&u=a1aHR0cHM6Ly9maXJtZW5idWNoLmFpL2EtdC13aXJ0c2NoYWZ0c3RyZXVoYW5kLWdtYmgtMDcyOTM3aw&ntb=1 | https://www.bing.com/ck/a?!&&p=865e0a061091781874c2394af450285ccda4408c75120447af01b73757930d28JmltdHM9MTc4ODA0ODAwMA&ptn=3&ver=2&hsh=4&fclid=313e8c92-9974-6dda-2493-9b5798296c04&u=a1aHR0cHM6Ly9maXJtZW5idWNoLmFpL2NvbnN1bHR1cy13aXJ0c2NoYWZ0c3RyZXVoYW5kLWdtYmgtNDg4NTU1cA&ntb=1 | https://www.bing.com/ck/a?!&&p=1afa98f69d32c1feb9ce0cd6249fda3232b878e432fcc8260566787d54b93da9JmltdHM9MTc4ODA0ODAwMA&ptn=3&ver=2&hsh=4&fclid=313e8c92-9974-6dda-2493-9b5798296c04&u=a1aHR0cHM6Ly9maXJtZW5idWNoLmFpL3Jwdy13aXJ0c2NoYWZ0c3RyZXVoYW5kLWdtYmgtMTU4NTg3dA&ntb=1,PRIOR_STAGE2_CANDIDATE;TEAM_EMAILS_10_PLUS;JOB_LINKS_3_PLUS;LEGAL_ENTITIES_2_PLUS,VERIFY_PRIOR,CONFIRMED_30_PLUS,35,,AUSTRIA_GROUP,HIGH,Official site provides a direct staff lower bound of at least 35.,https://www.wt-oberland.at/,Official site exposes at least 35 distinct staff profiles/personal company-domain emails.,Staff-page lower bound alone proves 30+; no upper bound assumed.,SINGLE,1,domain:wt-oberland.at,Wirtschaftstreuhand Oberland Steuerberatungs GmbH,SINGLE_GROUP,CONFIRMED_20_PLUS,KSW,,,,,,,,,,,,Co KEG [Partner]; Im Jahr [Management]; Hansjörg Zerzer [Management]; Steuerberatungskanzlei Mag [Management]; Alfred Schmid [Management]; Christof Aufschnaiter [Geschäftsführung]; Christina Martin [Geschäftsführung]; Mathias Schweisgut [Management],Christof Aufschnaiter Geschäftsführender Gesellschafter (); Christina Martin (); Geschäftsführende Gesellschafterin (); Alfred Schmid Geschäftsführender Gesellschafter (); Mathias Schweisgut Geschäftsführender Gesellschafter (); Simon Sommer (); Thomas Zerzer Geschäftsfü (); Thomas Zerzer Geschäftsführender Gesellschafter (); Daniela Fili (); Florian Haag Bilanzierung (),Christof Aufschnaiter Geschäftsführender Gesellschafter; Christina Martin; Geschäftsführende Gesellschafterin; Alfred Schmid Geschäftsführender Gesellschafter,"Public sources identify owner/shareholder names, but complete share percentages were not safely established.",PARTNER_OWNED,Christof Aufschnaiter Geschäftsführender Gesellschafter; Christina Martin,Owner/Gesellschafter; Owner/Gesellschafter,MEDIUM_HIGH,https://www.wt-oberland.at/geschichte/ | https://www.wt-oberland.at/geschichte/ | https://www.wt-oberland.at/geschichte/ | https://www.wt-oberland.at/geschichte/ | https://www.wt-oberland.at/geschichte/ | https://www.wt-oberland.at/impressum/ | https://www.wt-oberland.at/impressum/ | https://www.wt-oberland.at/impressum/ | https://www.wt-oberland.at/team/ | https://www.wt-oberland.at/team/ | https://www.wt-oberland.at/team/ | https://www.wt-oberland.at/team/ | https://www.wt-oberland.at/team/ | https://www.wt-oberland.at/team/ | https://www.wt-oberland.at/team/ | https://www.wt-oberland.at/team/,No ownership was inferred from surname. Unknown share percentages remain null. For international/network firms the Austrian operational leadership is preferred over a global parent.,,central_context,20,Christof Aufschnaiter Geschäftsführender Gesellschafter,https://www.wt-oberland.at/geschichte/,c.martin@wt-oberland.at,personal_verified_email,98,Christina Martin,https://www.wt-oberland.at/team | https://www.wt-oberland.at/team/ | https://www.wt-oberland.at/team/leitung/christina_martin_e696/,,
domain:auditreu.at,AUDITREU Steuerberatungsgesellschaft m.b.H.,auditreu.at,http://www.auditreu.at,steuerberatung@auditreu.at | martin.holnthoner@auditreu.at | friedrich.gardovszky@auditreu.at | werner.tresnak@auditreu.at,+43 1 535 67 29 0 | +43 1 535 07 45 | +43 1 535 67 29 | +43 676 88 53 56 763,"Wien Gemeinde: Wien Wien 1.,Innere Stadt +43 1 535 67 29 0 + | Wien Gemeinde: Wien Wien 1.,Innere Stadt +43 1 535 67 29 +43",2,2,2,AUDITREU Steuerberatungsgesellschaft m.b.H. | MH Steuerberatungs- und Beteiligungsgesellschaft mbH,https://ksw.or.at/mitgliederverzeichnis/?tx_kswmembers_membersdirectory%5Bcontroller%5D=MembersDirectory&tx_kswmembers_membersdirectory%5BcurrentPage%5D=370 | https://ksw.or.at/mitgliederverzeichnis/?tx_kswmembers_membersdirectory%5Bcontroller%5D=MembersDirectory&tx_kswmembers_membersdirectory%5BcurrentPage%5D=175,1,CONFIRMED_30_PLUS,HIGH,70,70,official explicit employee count,70: sen sowie unsere weltweite Vernetzung. Nicht umsonst zählt unsere 1987 in Wien gegründete Kanzlei mit über 70 Mitarbeitern zu den führenden Steuerberatungsunternehmen Österreichs.  | 70: sere weltweite Vernetzung. Nicht umsonst zählt unsere 1987 in Wien gegründete Kanzlei mit über 70 Mitarbeitern zu den führenden Steuerberatungsunternehmen Österreichs. Ihnen höchst,0,2,13,,,,https://www.auditreu.at/ | https://www.auditreu.at/net/ | https://www.auditreu.at/wie_wir_arbeiten/kanzlei_videos/ | https://www.auditreu.at/leistungen/unternehmensgr%C3%BCndung/ | https://www.auditreu.at/leistungen/unternehmensberatung/ | https://www.auditreu.at/karriere/warum_zu_auditreu/ | https://www.auditreu.at/karriere/offene_stellen/ | https://www.auditreu.at/karriere/online_bewerben/,PRIOR_STAGE2_CANDIDATE;JOB_LINKS_3_PLUS;LEGAL_ENTITIES_2_PLUS,VERIFY_PRIOR,CONFIRMED_30_PLUS,70,,AUSTRIA_GROUP,HIGH,Official Austrian company/group page states approximately or explicitly 70 employees.,https://www.auditreu.at/,Official site employee statement around 70.,Official-site employee statement is sufficient for a 30+ lower bound.,SINGLE,1,domain:auditreu.at,AUDITREU Steuerberatungsgesellschaft m.b.H.,SINGLE_GROUP,CONFIRMED_20_PLUS,KSW,,,,,,,,,,,,Auftritte Wie [Partner]; Ansprechpartner Netzwerkpartner Zertifizierungen Awards [Partner]; Netz Kanzlei-Videos Informationen [Partner]; Bilanzierung Buchhaltung Lohnverrechnung [Partner]; Personalverrechnung Unternehmensgrü [Management]; Hauptnavigation Wie [Partner]; Bereiche Ihres Rechnungswesens [Partner]; ERFOLG VERBINDET [Partner]; Auszeichnungen Durch Ihr Vertrauen [Partner]; Advisory Firm [Partner],,unresolved,Ownership/control layer was not safely established from public evidence; operational management is retained where verified.,UNRESOLVED,Advisory Firm; Ansprechpartner Ansprechpartner Inhalt Kompetenz; Ansprechpartner Netzwerkpartner Zertifizierungen Awards,Partner; Partner; Partner,MEDIUM_HIGH,https://www.auditreu.at/ | https://www.auditreu.at/ | https://www.auditreu.at/ | https://www.auditreu.at/ | https://www.auditreu.at/ | https://www.auditreu.at/ | https://www.auditreu.at/ | https://www.auditreu.at/,No ownership was inferred from surname. Unknown share percentages remain null. For international/network firms the Austrian operational leadership is preferred over a global parent.,,,,,,steuerberatung@auditreu.at,named_context_email,78,Ansprechpartner Netzwerkpartner Zertifizierungen Awards,https://www.auditreu.at/ | https://www.auditreu.at/impressum | https://www.auditreu.at/impressum/ | https://www.auditreu.at/karriere/offene_stellen/ | https://www.auditreu.at/karriere/online_bewerben/ | https://www.auditreu.at/karriere/warum_zu_auditreu/ | https://www.auditreu.at/leistungen/unternehmensberatung/ | https://www.auditreu.at/leistungen/unternehmensgr%C3%BCndung/ | https://www.auditreu.at/lohnverrechnung_personalverrechnung_outsourcing/ | https://www.auditreu.at/net/ | https://www.auditreu.at/steuernews/ | https://www.auditreu.at/steuernews/september_2026/sachbezug_kuenftig_auch_fuer_elektroautos/ | https://www.auditreu.at/wie_wir_arbeiten/ansprechpartner/ | https://www.auditreu.at/wie_wir_arbeiten/kanzlei_videos/ | https://www.auditreu.at/wie_wir_arbeiten/kontakt/ | https://www.auditreu.at/wie_wir_arbeiten/netzwerkpartner/ | https://www.auditreu.at/wissenswertes/anmeldung_zum_newsletter/ | https://www.auditreu.at/wissenswertes/steuernews_tv/august_2026/aktivpension_f%C3%BCr_2027_beschlossen/ | https://www.auditreu.at/wissenswertes/steuernews_tv/juli_2026/bundesregierung_k%C3%BCndigt_anhebung_der_buchf%C3%BChrungsgrenze_und_aktivierungswahlrecht_an/ | https://www.auditreu.at/wissenswertes/steuernews_tv/juni_2026/achtung_geringf%C3%BCgigkeitsgrenze_im_fokus/ | https://www.auditreu.at/wissenswertes/steuernews_tv/september_2026/sind_ausgaben_vor_betriebser%C3%B6ffnung_bereits_steuerlich_abzugsf%C3%A4hig_/,,
domain:concordia-steuer.at,Concordia Steuerberatung GmbH,concordia-steuer.at,http://www.concordia-steuer.at,office@concordia-steuer.at | baumgartner@concordia-steuer.at,+43 5223 426 53 | +43 5223 426 53 340 | +43 512 57 94 64 | +43 676 606 55 71 | +43 512 58 37 88,Mils Gemeinde: Mils Bezirk Innsbruck-Land +43 5223 426 53 +4 | Innsbruck Gemeinde: Innsbruck Bezirk Innsbruck-Stadt +43 512,1,2,2,Concordia Steuerberatung GmbH,https://ksw.or.at/mitgliederverzeichnis/?tx_kswmembers_membersdirectory%5Bcontroller%5D=MembersDirectory&tx_kswmembers_membersdirectory%5BcurrentPage%5D=138 | https://ksw.or.at/mitgliederverzeichnis/?tx_kswmembers_membersdirectory%5Bcontroller%5D=MembersDirectory&tx_kswmembers_membersdirectory%5BcurrentPage%5D=216,1,CONFIRMED_20_29,HIGH,21,21,official team/profile lower bound,,0,21,0,,,,http://www.concordia-steuer.at/ | https://www.concordia-steuer.at/ueber-uns/ | https://www.bing.com/ck/a?!&&p=74de15854b6892088ce801262b2d05e028279c644878c36e7ae30c1bfe0e65eaJmltdHM9MTc4ODA0ODAwMA&ptn=3&ver=2&hsh=4&fclid=23aa0fc5-ea92-65dc-3135-1800eb1f64a6&u=a1aHR0cHM6Ly93d3cuY29uY29yZGlhc3VwcGx5LmNvbS8&ntb=1 | https://www.bing.com/ck/a?!&&p=50c55aeb2740d11fceb11b921eb17dd5dc04cf3c2fe6893fb48ca283c180d9cbJmltdHM9MTc4ODA0ODAwMA&ptn=3&ver=2&hsh=4&fclid=23aa0fc5-ea92-65dc-3135-1800eb1f64a6&u=a1aHR0cHM6Ly93d3cuY29uY29yZGlhLmNhLw&ntb=1 | https://www.bing.com/ck/a?!&&p=4866ceff6a0a10c7d7c87dcf31854d8bf63aa50c4dcd9d318b3fe23d24bb86bbJmltdHM9MTc4ODA0ODAwMA&ptn=3&ver=2&hsh=4&fclid=23aa0fc5-ea92-65dc-3135-1800eb1f64a6&u=a1aHR0cHM6Ly93d3cuY3BoLm9yZy8&ntb=1 | https://www.bing.com/ck/a?!&&p=d3990e1bb00fe3422eb3aef2c7bd85be6960478a4c79391d7ec9013cbc4b8015JmltdHM9MTc4ODA0ODAwMA&ptn=3&ver=2&hsh=4&fclid=23aa0fc5-ea92-65dc-3135-1800eb1f64a6&u=a1aHR0cHM6Ly9lbi53aWtpcGVkaWEub3JnL3dpa2kvQ29zdGFfQ29uY29yZGlhX2Rpc2FzdGVy&ntb=1 | https://www.bing.com/ck/a?!&&p=dcdf303e5b46e814771ce74830f24dae0de3cf9190047df4725aa86b542d759cJmltdHM9MTc4ODA0ODAwMA&ptn=3&ver=2&hsh=4&fclid=23aa0fc5-ea92-65dc-3135-1800eb1f64a6&u=a1aHR0cHM6Ly93d3cudW5pdGVkY29uY29yZGlhLmNvbS8&ntb=1 | https://www.bing.com/ck/a?!&&p=76ddb0dc4ef0face7de3875b232299bd308d805c268e1866780dcb0f0da4611bJmltdHM9MTc4ODA0ODAwMA&ptn=3&ver=2&hsh=4&fclid=23aa0fc5-ea92-65dc-3135-1800eb1f64a6&u=a1aHR0cHM6Ly93d3cuY3VuZS5lZHUv&ntb=1 | https://www.bing.com/ck/a?!&&p=575421d862fc6981046ae0c4b8a4dbd7f0bc7a29bd21375dc8674095c41fd56bJmltdHM9MTc4ODA0ODAwMA&ptn=3&ver=2&hsh=4&fclid=23aa0fc5-ea92-65dc-3135-1800eb1f64a6&u=a1aHR0cHM6Ly9lbi53aWtpcGVkaWEub3JnL3dpa2kvQ29uY29yZGlh&ntb=1 | https://www.bing.com/ck/a?!&&p=e626324deaf8a63f6b45aebf507a8dffc9fd091596df310404e62e03449044fbJmltdHM9MTc4ODA0ODAwMA&ptn=3&ver=2&hsh=4&fclid=23aa0fc5-ea92-65dc-3135-1800eb1f64a6&u=a1aHR0cHM6Ly93d3cuY3VuZS5lZHUvYXRobGV0aWNz&ntb=1 | https://www.bing.com/ck/a?!&&p=13029ea7a86f6d14bf8f89fcff9846c5c34bfbcd257ce15cf4c67d8e1f9174f9JmltdHM9MTc4ODA0ODAwMA&ptn=3&ver=2&hsh=4&fclid=23aa0fc5-ea92-65dc-3135-1800eb1f64a6&u=a1aHR0cHM6Ly9jb25jb3JkaWEubmV0L2V2ZW50LzIwMjYtY29uY29yZGlhLWFubnVhbC1zdW1taXQv&ntb=1 | https://www.bing.com/ck/a?!&&p=e3bb0fed9f865a6f0a26bca49ed7532458aecefff6541b01a15825ebec94ef79JmltdHM9MTc4ODA0ODAwMA&ptn=3&ver=2&hsh=4&fclid=23aa0fc5-ea92-65dc-3135-1800eb1f64a6&u=a1aHR0cHM6Ly93d3cuY3NwLmVkdS8&ntb=1 | https://www.bing.com/ck/a?!&&p=edc39569cde87bcb2871c35cd1afdde64204567d2dc650720e509b6f0c37d695JmltdHM9MTc4ODA0ODAwMA&ptn=3&ver=2&hsh=4&fclid=2a59864a-f85b-6433-3009-918ff9876552&u=a1aHR0cHM6Ly93d3cuY29uY29yZGlhc3VwcGx5LmNvbS8&ntb=1 | https://www.bing.com/ck/a?!&&p=47dcda988639d82706b082eecbfb3f9ace12b6d749b9712af9e75998ee8682d3JmltdHM9MTc4ODA0ODAwMA&ptn=3&ver=2&hsh=4&fclid=2a59864a-f85b-6433-3009-918ff9876552&u=a1aHR0cHM6Ly93d3cuY29uY29yZGlhLmNhLw&ntb=1,PRIOR_STAGE2_CANDIDATE;TEAM_EMAILS_10_PLUS,VERIFY_PRIOR,CONFIRMED_20_PLUS,20,,AUSTRIA_LEGAL_ENTITY,HIGH,Official site provides a direct staff lower bound of at least 20.,http://www.concordia-steuer.at/,Official site exposes at least 20 distinct staff profiles/personal company-domain emails.,Staff-page lower bound proves 20+ but not 30+ unless count reaches 30.,SINGLE,1,domain:concordia-steuer.at,Concordia Steuerberatung GmbH,SINGLE_GROUP,CONFIRMED_20_PLUS,KSW,,,,,,,,,,,,Stellar Law Partners LLP [Partner]; Ensuring Seamless Payroll [Partner]; Fast-Paced Legal Firm Zero [Partner]; Testomonial Mehr Testimonials FAQs [Management]; Prüfung Ihrer Finanzen [Partner]; WIR Mag [Geschäftsführung]; Map-pin Mils Mag [Geschäftsführung]; Map-pin Mils Andreas Trockenbacher [Geschäftsführung]; Map-pin Innsbruck [Geschäftsführung]; Mils Emanuel Haider [Geschäftsführung],,unresolved,Ownership/control layer was not safely established from public evidence; operational management is retained where verified.,UNRESOLVED,Alexander Dornauer; Andreas Trockenbacher; Map-pin Innsbruck,Geschäftsführer; Geschäftsführer; Geschäftsführung,MEDIUM_HIGH,http://www.concordia-steuer.at/ | http://www.concordia-steuer.at/ | http://www.concordia-steuer.at/ | http://www.concordia-steuer.at/ | http://www.concordia-steuer.at/ | https://www.concordia-steuer.at/ueber-uns/ | https://www.concordia-steuer.at/ueber-uns/ | https://www.concordia-steuer.at/ueber-uns/,No ownership was inferred from surname. Unknown share percentages remain null. For international/network firms the Austrian operational leadership is preferred over a global parent.,+43522342653,central_context,103,Map-pin Innsbruck,http://www.concordia-steuer.at/ | http://www.concordia-steuer.at/impressum/ | http://www.concordia-steuer.at/kontakt/ | http://www.concordia-steuer.at/ueber-uns/ | https://www.concordia-steuer.at/aktuelles/ | https://www.concordia-steuer.at/impressum/ | https://www.concordia-steuer.at/kontakt/ | https://www.concordia-steuer.at/ueber-uns/,dornauer@concordia-steuer.at,personal_verified_email,94,Alexander Dornauer,http://www.concordia-steuer.at/ueber-uns/ | https://www.concordia-steuer.at/ueber-uns/,,
domain:flachgau-treuhand.at,Flachgau Treuhand GmbH Steuerberatung und Wirtschaftsprüfung,flachgau-treuhand.at,http://www.flachgau-treuhand.at,office@flachgau-treuhand.at,+43 664 341 74 44 | +43 6215 61 16 | +43 6215 61 16 160,Straßwalchen Gemeinde: Straßwalchen Bezirk Salzburg-Umgebung,1,1,1,Flachgau Treuhand GmbH Steuerberatung und Wirtschaftsprüfung,https://ksw.or.at/mitgliederverzeichnis/?tx_kswmembers_membersdirectory%5Bcontroller%5D=MembersDirectory&tx_kswmembers_membersdirectory%5BcurrentPage%5D=526,1,CONFIRMED_20_29,HIGH,20,20,official explicit employee count,20: weitere Kanzlei am gleichen Standort eröffnet. Aktuell Die Flachgau Treuhand beschäftigt mehr als 20 Mitarbeiterinnen und Mitarbeiter. Sie ist überwiegend in der Region Nord-Salzbu,2,0,0,,,,https://www.flachgau-treuhand.at/ | https://www.flachgau-treuhand.at/ueber-ft/was-uns-ausmacht/ | https://www.flachgau-treuhand.at/ueber-ft/team/ | https://www.flachgau-treuhand.at/ueber-ft/historisches/ | https://www.flachgau-treuhand.at/fuer-klienten/unsere-klienten/,PRIOR_STAGE2_CANDIDATE,VERIFY_PRIOR,CONFIRMED_20_PLUS,20,,AUSTRIA_LEGAL_ENTITY,HIGH,Official Austrian company/group page proves at least 20 employees.,https://www.flachgau-treuhand.at/ueber-ft/historisches/,Official site employee statement around 20.,"Official count proves 20+, but does not safely bound an upper limit.",SINGLE,1,domain:flachgau-treuhand.at,Flachgau Treuhand GmbH Steuerberatung und Wirtschaftsprüfung,SINGLE_GROUP,CONFIRMED_20_PLUS,KSW,,,,,,,,,,,,Herrn Ing [Geschäftsführung]; Michael Thalhauser [Geschäftsführung]; Viele Klienten [Partner]; Herrn Dkfm [Management]; Stadt Salzburg [Partner]; Herr Ing [Partner]; Herr Thalhauser [Partner]; Kommunikation Nachricht Empfehlung Online-Anwendungen [Partner]; Public Private Partnerships [Partner]; Vereine Non-Profit-Organisationen [Partner],Michael Thalhauser (); Alleiniger Gesellschafter (); MBA Firmenbuchnummer (); Landesgericht Salzburg Umsatzsteuer-Identifikationsnummer (),Michael Thalhauser; Alleiniger Gesellschafter; MBA Firmenbuchnummer; Landesgericht Salzburg Umsatzsteuer-Identifikationsnummer,"Public sources identify owner/shareholder names, but complete share percentages were not safely established.",PARTNER_OWNED,Michael Thalhauser; Alleiniger Gesellschafter,Owner/Gesellschafter; Owner/Gesellschafter,MEDIUM_HIGH,https://www.flachgau-treuhand.at/ueber-ft/geschaeftsfuehrung/ | https://www.flachgau-treuhand.at/ueber-ft/geschaeftsfuehrung/ | https://www.flachgau-treuhand.at/ueber-ft/historisches/ | https://www.flachgau-treuhand.at/ueber-ft/historisches/ | https://www.flachgau-treuhand.at/ueber-ft/historisches/ | https://www.flachgau-treuhand.at/ueber-ft/historisches/ | https://www.flachgau-treuhand.at/ueber-ft/historisches/ | https://www.flachgau-treuhand.at/ueber-ft/historisches/ | https://www.flachgau-treuhand.at/ueber-ft/geschaeftsfuehrung/ | https://www.flachgau-treuhand.at/impressum/ | https://www.flachgau-treuhand.at/impressum/ | https://www.flachgau-treuhand.at/impressum/,No ownership was inferred from surname. Unknown share percentages remain null. For international/network firms the Austrian operational leadership is preferred over a global parent.,+4362156116100,named_fixed_candidate,75,Alleiniger Gesellschafter,https://www.flachgau-treuhand.at/impressum/,,,,,,,
domain:hallas-partner.at,Hallas & Partner Wirtschaftsprüfung und Steuerberatung GmbH,hallas-partner.at,http://www.hallas-partner.at,hallas@hallas-partner.at | Koss@hallas-partner.at,+43 1 587 85 77 | +43 1 587 85 77 85 | +43 1 587 85 77 25 | +43 1 587 85 77 20,"Wien Gemeinde: Wien Wien 2.,Leopoldstadt +43 1 587 85 77 +43",2,2,2,Hallas & Partner Wirtschaftsprüfung und Steuerberatung GmbH | Hallas & Partner Wirtschaftsprüfung und Steuerberatung GmbH & Co KG,https://ksw.or.at/mitgliederverzeichnis/?tx_kswmembers_membersdirectory%5Bcontroller%5D=MembersDirectory&tx_kswmembers_membersdirectory%5BcurrentPage%5D=301 | https://ksw.or.at/mitgliederverzeichnis/?tx_kswmembers_membersdirectory%5Bcontroller%5D=MembersDirectory&tx_kswmembers_membersdirectory%5BcurrentPage%5D=513,1,CONFIRMED_30_PLUS,HIGH,30,30,official team/profile lower bound,,1,30,1,,,,https://www.hallas-partner.at/ | https://www.hallas-partner.at/kanzlei/ | https://www.hallas-partner.at/kanzlei/geschichte/ | https://www.hallas-partner.at/kanzlei/leitbild/ | https://www.hallas-partner.at/kanzlei/team/ | https://www.hallas-partner.at/kanzlei/referenzen/ | https://www.hallas-partner.at/kanzlei/karriere/,PRIOR_STAGE2_CANDIDATE;TEAM_EMAILS_10_PLUS;LEGAL_ENTITIES_2_PLUS,VERIFY_PRIOR,CONFIRMED_20_PLUS,29,,AUSTRIA_GROUP,HIGH,Official site provides a direct staff lower bound of at least 29.,https://www.hallas-partner.at/,Official site exposes at least 29 distinct staff profiles/personal company-domain emails.,Staff-page lower bound proves 20+ but not 30+ unless count reaches 30.,SINGLE,1,domain:hallas-partner.at,Hallas & Partner Wirtschaftsprüfung und Steuerberatung GmbH,SINGLE_GROUP,CONFIRMED_20_PLUS,KSW,,,,,,,,,,,,Leitbild Menschen Referenzen Karri [Partner]; Leitbild Menschen Referenzen Karriere [Partner]; Verfahrensrecht Personalverre [Partner]; Verfahrensrecht Personalverrechnung Betriebswirtschaftliche Beratung [Partner]; Gutachten Finanzstraf [Partner]; Verfahrensrecht Personalverrechnung Betrie [Partner]; Immobilien Förderberatung [Management]; Station Nestroyplatz [Partner]; Verfahrensrecht Persona [Partner]; Geschichte Leitbild Menschen Referenzen [Partner],Spaltungsprüfungen Sacheinlageprüfungen Umwandlungsprüfungen Prüfungen (); Gesellschafterausschlussgesetz Rechenschaftsprüfungen (); Vereinen Gebarungsprüfungen Sonderprüfungen Unterschlagungsprüfungen (),Spaltungsprüfungen Sacheinlageprüfungen Umwandlungsprüfungen Prüfungen; Gesellschafterausschlussgesetz Rechenschaftsprüfungen; Vereinen Gebarungsprüfungen Sonderprüfungen Unterschlagungsprüfungen,"Public sources identify owner/shareholder names, but complete share percentages were not safely established.",PARTNER_OWNED,Spaltungsprüfungen Sacheinlageprüfungen Umwandlungsprüfungen Prüfungen; Gesellschafterausschlussgesetz Rechenschaftsprüfungen,Owner/Gesellschafter; Owner/Gesellschafter,MEDIUM_HIGH,https://www.hallas-partner.at/ | https://www.hallas-partner.at/ | https://www.hallas-partner.at/ | https://www.hallas-partner.at/ | https://www.hallas-partner.at/ | https://www.hallas-partner.at/ | https://www.hallas-partner.at/ | https://www.hallas-partner.at/ | https://www.hallas-partner.at/leistungen/wirtschaftspruefung/ | https://www.hallas-partner.at/leistungen/wirtschaftspruefung/ | https://www.hallas-partner.at/leistungen/wirtschaftspruefung/,No ownership was inferred from surname. Unknown share percentages remain null. For international/network firms the Austrian operational leadership is preferred over a global parent.,,central_context,28,Spaltungsprüfungen Sacheinlageprüfungen Umwandlungsprüfungen Prüfungen,https://www.hallas-partner.at/leistungen/betriebswirtschaftliche-beratung/ | https://www.hallas-partner.at/leistungen/steuerberatung/ | https://www.hallas-partner.at/leistungen/wirtschaftspruefung/,,generic_email,38,Spaltungsprüfungen Sacheinlageprüfungen Umwandlungsprüfungen Prüfungen,https://www.hallas-partner.at/leistungen/betriebswirtschaftliche-beratung/ | https://www.hallas-partner.at/leistungen/steuerberatung/ | https://www.hallas-partner.at/leistungen/wirtschaftspruefung/,,
domain:pippan-partner.com,KAPA Wirtschaftsprüfungs- und SteuerberatungsGmbH,pippan-partner.com,http://www.pippan-partner.com | http://www.trusttreuhand.at,info@pippan-partner.com | wb@tth.at,+43 4242 26 76 4 | +43 4242 26 76 4 15 | +43 4242 267 64 | +43 664 445 73 45 | +43 4242 267 64 15,Villach-Völkendorf Gemeinde: Villach Bezirk Villach Stadt +4,2,2,2,KAPA Wirtschaftsprüfungs- und SteuerberatungsGmbH | Pippan & Partner Wirtschaftsprüfungs- und SteuerberatungsGmbH & Co KG,https://ksw.or.at/mitgliederverzeichnis/?tx_kswmembers_membersdirectory%5Bcontroller%5D=MembersDirectory&tx_kswmembers_membersdirectory%5BcurrentPage%5D=262 | https://ksw.or.at/mitgliederverzeichnis/?tx_kswmembers_membersdirectory%5Bcontroller%5D=MembersDirectory&tx_kswmembers_membersdirectory%5BcurrentPage%5D=373,1,CONFIRMED_30_PLUS,HIGH,112,112,official team/profile lower bound,,112,0,0,,,,https://www.steuerberater-villach.com/ | https://www.steuerberater-villach.com/kanzlei/ | https://www.steuerberater-villach.com/team/annemarie-pippan/ | https://www.steuerberater-villach.com/team/axel-klaiber/ | https://www.steuerberater-villach.com/team/kurt-wallnberger/ | https://www.steuerberater-villach.com/team/robert-herzl/ | https://www.steuerberater-villach.com/team/elisabeth-fischer/ | https://www.steuerberater-villach.com/team/eva-tarmastin/ | https://www.bing.com/ck/a?!&&p=5ab252183ada275b9f7af735bfe15cf3c9539f4080d6e70c155ce2ae4f0ee683JmltdHM9MTc4ODA0ODAwMA&ptn=3&ver=2&hsh=4&fclid=1fb8efb4-9f65-669c-2300-f8719ef1677a&u=a1aHR0cHM6Ly9lbi5tLndpa2lwZWRpYS5vcmcvd2lraS9LYXBh&ntb=1 | https://www.bing.com/ck/a?!&&p=ac5f2b6f64f5c9c7752233dedd8d339c06060b7beccea004aa645853c31c06baJmltdHM9MTc4ODA0ODAwMA&ptn=3&ver=2&hsh=4&fclid=1fb8efb4-9f65-669c-2300-f8719ef1677a&u=a1aHR0cHM6Ly9kaWFnbm9zdGljcy5yb2NoZS5jb20vZ2xvYmFsL2VuL3Byb2R1Y3RzL3NldC9rYXBhLWxpYnJhcnktYW1wbGlmaWNhdGlvbi1raXRzLXBpZDAwMDAxMDcxLmh0bWw&ntb=1 | https://www.bing.com/ck/a?!&&p=84fa4cd20575c74e7d73996f6fe593ad5de1c27f3b864f0b8a82aac8f2190946JmltdHM9MTc4ODA0ODAwMA&ptn=3&ver=2&hsh=4&fclid=1fb8efb4-9f65-669c-2300-f8719ef1677a&u=a1aHR0cHM6Ly9sZWh1YXVha2VhLmNvbS93aGF0LWlzLWthcGE&ntb=1 | https://www.bing.com/ck/a?!&&p=d5d54a0cfd9acd557f9176c5cea3cdaa1bb3e814d0dc8c42571b01f8630454ceJmltdHM9MTc4ODA0ODAwMA&ptn=3&ver=2&hsh=4&fclid=1fb8efb4-9f65-669c-2300-f8719ef1677a&u=a1aHR0cHM6Ly93d3cua2FhaGVsZWhhd2FpaS5jb20va2FwYS10aGUtZmFicmljLW9mLWhhd2FpJWNhJWJiaS8&ntb=1 | https://www.bing.com/ck/a?!&&p=bf0b60a8507050eea47af37df58e1d62151776e725154e45ba6f1e0c2a9b58f5JmltdHM9MTc4ODA0ODAwMA&ptn=3&ver=2&hsh=4&fclid=1fb8efb4-9f65-669c-2300-f8719ef1677a&u=a1aHR0cHM6Ly9rYXBhaGF3YWlpLmNvbS9oYXdhaWlhbi1rYXBhLWRlc2lnbnMtYW5kLXBhdHRlcm5zLmh0bWw&ntb=1 | https://www.bing.com/ck/a?!&&p=4bca02440e4d71b6d9c27e7e8837236db3b12e935fc57ca80e1f1d3acabd207eJmltdHM9MTc4ODA0ODAwMA&ptn=3&ver=2&hsh=4&fclid=1fb8efb4-9f65-669c-2300-f8719ef1677a&u=a1aHR0cHM6Ly93d3cuYWlybmF2LmNvbS9haXJwb3J0L0tBUEE&ntb=1 | https://www.bing.com/ck/a?!&&p=9363e34479d251d4c1ec2c00a2306588357042804f27ab0dc2c7937446b258bbJmltdHM9MTc4ODA0ODAwMA&ptn=3&ver=2&hsh=4&fclid=1fb8efb4-9f65-669c-2300-f8719ef1677a&u=a1aHR0cHM6Ly9rZW50dWNreXBhLm9yZy8&ntb=1 | https://www.bing.com/ck/a?!&&p=3e2f7b5571202a4bd9fc90986b934fe0e7cec68df9568a98b2dde4b2a398f018JmltdHM9MTc4ODA0ODAwMA&ptn=3&ver=2&hsh=4&fclid=1fb8efb4-9f65-669c-2300-f8719ef1677a&u=a1aHR0cDovL3d3dy5rc2FzcGhhbHQuY29tLw&ntb=1 | https://www.bing.com/ck/a?!&&p=66a94aa34a39ae0a86ee389c762ab98ddaa83d2f5d531f54561b06bba6190bb1JmltdHM9MTc4ODA0ODAwMA&ptn=3&ver=2&hsh=4&fclid=1fb8efb4-9f65-669c-2300-f8719ef1677a&u=a1aHR0cHM6Ly9pc2xhbmRob3BwZXJndWlkZXMuY29tL2hhd2FpaS9oYXdhaWlhbi1jdWx0dXJlL3RoZS1zaWduaWZpY2FuY2Utb2Yta2FwYS10cmFkaXRpb25hbC1oYXdhaWlhbi1iYXJrLWNsb3RoLWFuZC1pdHMtcmV2aXZhbC8&ntb=1 | https://www.bing.com/ck/a?!&&p=ea231f01bf23d6bf8e2966c6bcc9a92171c8c4608792159ab934491796c6cba9JmltdHM9MTc4ODA0ODAwMA&ptn=3&ver=2&hsh=4&fclid=2feca0a9-a363-658e-1503-b76ca20c645d&u=a1aHR0cHM6Ly9lbi5tLndpa2lwZWRpYS5vcmcvd2lraS9LYXBh&ntb=1 | https://www.bing.com/ck/a?!&&p=ac799daca882d526bb6cb5aeeec5b12359e7996676b5ecf2b9a01b042781dab3JmltdHM9MTc4ODA0ODAwMA&ptn=3&ver=2&hsh=4&fclid=2feca0a9-a363-658e-1503-b76ca20c645d&u=a1aHR0cHM6Ly9kaWFnbm9zdGljcy5yb2NoZS5jb20vZ2xvYmFsL2VuL3Byb2R1Y3RzL3NldC9rYXBhLWxpYnJhcnktYW1wbGlmaWNhdGlvbi1raXRzLXBpZDAwMDAxMDcxLmh0bWw&ntb=1 | https://www.bing.com/ck/a?!&&p=afaa4fdb51973aa0c14d40836f38952b1f8f839420043f9ad64c3ba4b16d05dbJmltdHM9MTc4ODA0ODAwMA&ptn=3&ver=2&hsh=4&fclid=2feca0a9-a363-658e-1503-b76ca20c645d&u=a1aHR0cHM6Ly9sZWh1YXVha2VhLmNvbS93aGF0LWlzLWthcGE&ntb=1,PRIOR_STAGE2_CANDIDATE;TEAM_PROFILES_10_PLUS;LEGAL_ENTITIES_2_PLUS,VERIFY_PRIOR,CONFIRMED_30_PLUS,141,,AUSTRIA_GROUP,HIGH,Official site provides a direct staff lower bound of at least 141.,https://www.steuerberater-villach.com/,Official site exposes at least 141 distinct staff profiles/personal company-domain emails.,Staff-page lower bound alone proves 30+; no upper bound assumed.,SINGLE,1,domain:pippan-partner.com,KAPA Wirtschaftsprüfungs- und SteuerberatungsGmbH,SINGLE_GROUP,CONFIRMED_20_PLUS,KSW,,,,,,,,,,,,Annemarie Pippan Wirtschaftsprüferin [Geschäftsführer]; Axel Klaiber Wirtschaftsprüfer [Geschäftsführer]; Kurt Wallnberger Wirtschaftsprüfer [Geschäftsführer]; Robert Herzl [Geschäftsführer]; Elisabeth Fischer [Partner]; Kompetenzfelder Online Buchhaltung Service [Partner]; Online Buchhaltung [Partner]; Buchhaltung Nur Lust [Partner]; Erfolg Herzlich Willkommen [Partner]; Kurt Wallnberger Wirt [Geschäftsführer],UHY-International Wir (); UHY-TAX Wirtschaftstreuhandgesellschaft (); UHY International (); Geschäftsführender Gesellschafter (); Vereidigung zum deutschen Wirtschaftsprüfer (50.0); ST Treuhand (); können aber trotzdem auch (100.0),Vereidigung zum deutschen Wirtschaftsprüfer; können aber trotzdem auch,"Public sources identify material individual shareholders: Vereidigung zum deutschen Wirtschaftsprüfer 50.0%, können aber trotzdem auch 100.0%.",INDIVIDUAL_FAMILY_CONTROL,können aber trotzdem auch; Vereidigung zum deutschen Wirtschaftsprüfer,Owner/Gesellschafter; Owner/Gesellschafter,HIGH,https://www.steuerberater-villach.com/ | https://www.steuerberater-villach.com/ | https://www.steuerberater-villach.com/ | https://www.steuerberater-villach.com/ | https://www.steuerberater-villach.com/ | https://www.steuerberater-villach.com/ | https://www.steuerberater-villach.com/ | https://www.steuerberater-villach.com/ | https://www.steuerberater-villach.com/kanzlei/ | https://www.steuerberater-villach.com/kanzlei/ | https://www.steuerberater-villach.com/kanzlei/ | https://www.steuerberater-villach.com/team/axel-klaiber/ | https://www.steuerberater-villach.com/team/axel-klaiber/ | http://www.trusttreuhand.at/ | http://www.trusttreuhand.at/,No ownership was inferred from surname. Unknown share percentages remain null. For international/network firms the Austrian operational leadership is preferred over a global parent.,,central_fallback,20,,https://www.steuerberater-villach.com/,annemarie@pippan-partner.com,named_context_email,78,Vereidigung zum deutschen Wirtschaftsprüfer,https://www.steuerberater-villach.com/ | https://www.steuerberater-villach.com/kanzlei/ | https://www.steuerberater-villach.com/team/,+43424226764,
domain:lehner.org,Lehner & Partner Wirtschaftsprüfungs- und Steuerberatungsgesellschaft mbH,lehner.org,http://www.lehner.org | http://www.treuhand-union.com | http://www.lehner.tax,office@lehner.org | bernhard.lehner@lehner.tax,+43 2252 433 35 0 | +43 2252 429 19 | +43 2252 433 35,Baden Gemeinde: Baden Bezirk Baden +43 2252 433 35 0 +43 225,1,1,1,Lehner & Partner Wirtschaftsprüfungs- und Steuerberatungsgesellschaft mbH,https://ksw.or.at/mitgliederverzeichnis/?tx_kswmembers_membersdirectory%5Bcontroller%5D=MembersDirectory&tx_kswmembers_membersdirectory%5BcurrentPage%5D=489,1,CONFIRMED_30_PLUS,HIGH,30,30,official explicit employee count,"30: e und stetig wachsende Steuerberatungskanzlei in Baden. Wir sind stolz auf unsere derzeit rund 30 Mitarbeiter:innen, die meisten begleiten uns schon seit vielen Jahren. Ein Grund d",0,0,1,,,,https://www.lehner.org/ | https://www.lehner.org/karriere | https://www.lehner.org/leistungen,PRIOR_STAGE2_CANDIDATE,VERIFY_PRIOR,CONFIRMED_30_PLUS,400,,AUSTRIA_LEGAL_ENTITY,HIGH,Official Austrian company/group page states approximately or explicitly 400 employees.,https://www.treuhand-union.com/de/karriere,Official site employee statement around 400.,Official-site employee statement is sufficient for a 30+ lower bound.,SINGLE,1,domain:lehner.org,Lehner & Partner Wirtschaftsprüfungs- und Steuerberatungsgesellschaft mbH,SINGLE_GROUP,CONFIRMED_20_PLUS,KSW,,,,,,,,,,,,Bewerbung English [Partner]; Recht Steuern [Partner]; Ihr Rat [Management]; Umgründungen Wir [Partner]; Erreichbarkeit Langfristige Klientenbeziehungen Seit [Partner]; Bewerbung English Erfolgsfaktor [Partner]; Klienten Erfolgsfaktor [Partner]; Stand Erfolgsfak [Management]; Bewerbung English Treuhand-Union [Partner]; Behörden Erstellung [Management],KANN IC (),KANN IC,"Public sources identify owner/shareholder names, but complete share percentages were not safely established.",PARTNER_OWNED,KANN IC,Owner/Gesellschafter,MEDIUM_HIGH,https://www.lehner.org/ | https://www.lehner.org/ | https://www.lehner.org/ | https://www.lehner.org/ | https://www.lehner.org/ | https://www.lehner.org/lehner-und-partner | https://www.lehner.org/lehner-und-partner | https://www.lehner.org/lehner-und-partner | https://www.treuhand-union.com/,No ownership was inferred from surname. Unknown share percentages remain null. For international/network firms the Austrian operational leadership is preferred over a global parent.,,central_fallback,20,,https://www.lehner.org/,,generic_fallback,30,,https://www.lehner.org/,+437062026,office@lehner.tax
domain:app-tax.at,NiWo Steuerberatung GmbH,app-tax.at,http://www.app-tax.at | http://appvienna.at | http://www.poeschl-partner.at | http://www.appvienna.at | http://www.appellator.at | http://www.datex.at,w.granig@app-tax.at | klagenfurt@app-tax.at | b.pontasch@app-tax.at | g.willner@app-tax.at | r.gruen@appvienna.at,+43 664 8850 8440 | +43 463 26 36 00 | +43 463 26 36 00 910 | +43 664 351 65 10 | +43 664 230 80 15,"Klagenfurt Gemeinde: Klagenfurt am Wörthersee Bezirk Klagenf | Seeboden am Millstätter See Gemeinde: Seeboden am Millstätte | Wien Gemeinde: Wien Wien 1.,Innere Stadt +43 1 408 42 58 +43 | Villach-Innere Stadt Gemeinde: Villach Bezirk Villach Stadt",3,2,4,NiWo Steuerberatung GmbH | P W T Steuerberatung GmbH | APP Steuerberatung GmbH,https://ksw.or.at/mitgliederverzeichnis/?tx_kswmembers_membersdirectory%5Bcontroller%5D=MembersDirectory&tx_kswmembers_membersdirectory%5BcurrentPage%5D=191 | https://ksw.or.at/mitgliederverzeichnis/?tx_kswmembers_membersdirectory%5Bcontroller%5D=MembersDirectory&tx_kswmembers_membersdirectory%5BcurrentPage%5D=145,1,POSSIBLE_20_PLUS,LOW_MEDIUM,0,0,multiple scale signals; manual verification needed,,0,3,4,,,,https://www.app-tax.at/ | https://www.app-tax.at/standorte/ | https://www.app-tax.at/standorte/klagenfurt/ | https://www.app-tax.at/standorte/seeboden/ | https://www.app-tax.at/standorte/villach/ | https://www.app-tax.at/standorte/wien/ | https://www.app-tax.at/karriere/,PRIOR_STAGE2_CANDIDATE;JOB_LINKS_3_PLUS;LEGAL_ENTITIES_2_PLUS;SANITY_SEED:APP,DEEP_RESEARCH,CONFIRMED_30_PLUS,34,,AUSTRIA_GROUP,HIGH,Official site provides a direct staff lower bound of at least 34.,https://www.app-tax.at/ | https://www.bing.com/ck/a?!&&p=3d5b279e5df471db76e1a0a22c010aab80832ab75be23e9196326aabfffa5014JmltdHM9MTc4ODEzNDQwMA&ptn=3&ver=2&hsh=4&fclid=1c9ac41b-43a8-69e8-3208-d3dd42a46894&u=a1aHR0cHM6Ly9wbGF5Lmdvb2dsZS5jb20v&ntb=1,Official site exposes at least 34 distinct staff profiles/personal company-domain emails.,Staff-page lower bound alone proves 30+; no upper bound assumed.,SINGLE,2,domain:app-tax.at | domain:poeschl-partner.at,NiWo Steuerberatung GmbH | APP Steuerberatung GmbH,DIRECT_SHARED_PRIMARY_DOMAIN,CONFIRMED_20_PLUS,KSW,,,,,,,,,,,,Marina Brnadic [Geschäftsführung]; Wolfgang Granig [Geschäftsführung]; Bernhard Pontasch [Geschäftsführung]; Günther Willner Firmenbuch [Geschäftsführung]; HG Klagenfurt FN [Geschäftsführung]; Tax Management Accounting Employment [Geschäftsführer]; Back Office Klaus Fritsch [Geschäftsführer]; Richard Grün Steuerberater [Geschäftsführer]; Dominik Eigner Steuerberater [Geschäftsführer]; Alexander Ritschl Steuerberater [Geschäftsführer],Rechte Dritter (),Rechte Dritter,"Public sources identify owner/shareholder names, but complete share percentages were not safely established.",PARTNER_OWNED,Rechte Dritter,Owner/Gesellschafter,MEDIUM_HIGH,https://www.app-tax.at/impressum/ | https://www.app-tax.at/impressum/ | https://www.app-tax.at/impressum/ | https://www.app-tax.at/impressum/ | https://www.app-tax.at/impressum/ | https://www.appvienna.at/our-team/ | https://www.appvienna.at/our-team/ | https://www.appvienna.at/our-team/ | https://www.appvienna.at/impressum-2/,No ownership was inferred from surname. Unknown share percentages remain null. For international/network firms the Austrian operational leadership is preferred over a global parent.,,central_fallback,20,,https://www.app-tax.at/kontakt/,,generic_fallback,30,,https://www.app-tax.at/kontakt/,+43463263600,office@app-villach.at
domain:pwt.co.at,pwt pannonische Wirtschaftstreuhand Gesellschaft m.b.H.,pwt.co.at,http://www.pwt.co.at,office@pwt.at,+43 2622 772 55 0 | +43 664 384 18 28 | +43 2622 772 55 29 | +43 2622 772 55,Neudörfl Gemeinde: Neudörfl Bezirk Mattersburg +43 2622 772,1,1,1,pwt pannonische Wirtschaftstreuhand Gesellschaft m.b.H.,https://ksw.or.at/mitgliederverzeichnis/?tx_kswmembers_membersdirectory%5Bcontroller%5D=MembersDirectory&tx_kswmembers_membersdirectory%5BcurrentPage%5D=351,1,CONFIRMED_20_29,HIGH,24,24,official team/profile lower bound,,0,24,3,,,,https://www.pwt.at | https://www.pwt.at/kanzlei/adresse_anfahrt/ | https://www.pwt.at/kanzlei/ansprechpartner/ | https://www.pwt.at/kanzlei/kontakt/ | https://www.pwt.at/kanzlei/erstgespraech/ | https://www.pwt.at/leistungen/unternehmensberatung/ | https://www.pwt.at/leistungen/unternehmensnachfolge/ | https://www.pwt.at/karriere/warum_zu_uns/,PRIOR_STAGE2_CANDIDATE;TEAM_EMAILS_10_PLUS;JOB_LINKS_3_PLUS,VERIFY_PRIOR,CONFIRMED_20_PLUS,23,,AUSTRIA_LEGAL_ENTITY,HIGH,Official site provides a direct staff lower bound of at least 23.,https://www.pwt.at,Official site exposes at least 23 distinct staff profiles/personal company-domain emails.,Staff-page lower bound proves 20+ but not 30+ unless count reaches 30.,SINGLE,1,domain:pwt.co.at,pwt pannonische Wirtschaftstreuhand Gesellschaft m.b.H.,SINGLE_GROUP,CONFIRMED_20_PLUS,KSW,,,,,,,,,,,,Bezirk Mattersburg [Partner]; Bilanzierung Gründungsberatung Buchhaltung Lohnverrechnung [Partner]; Unternehmensberatung Unternehmensnachfolge Finanzstrafrecht [Management]; Wissen Teamwork Menü Hauptnavigation [Partner]; Ihrer Anliegen [Partner]; Zögern Sie [Partner]; Ihre Ansprechpartner Zum Kontaktformular [Partner]; Steuerkanzlei Neudörfl [Partner]; Bilanzierung Gründungsb [Partner]; Positionsanzeige Sie [Partner],Hans Christian Gradwohl Persönlich (); Gesellschafter Mag (); Hans Christian Gradwohl Beteiligungsverhältnisse (); Hans Christian Gradwohl Firmensitz (100.0); Neudörfl Firmenbuch-Nummer FN (); Firmenbuch-Gericht Landesgericht Eisenstadt WT (); Christian Gradwohl Persönlich haftender (100.0),Hans Christian Gradwohl Firmensitz; Christian Gradwohl Persönlich haftender,"Public sources identify material individual shareholders: Hans Christian Gradwohl Firmensitz 100.0%, Christian Gradwohl Persönlich haftender 100.0%.",INDIVIDUAL_FAMILY_CONTROL,Hans Christian Gradwohl Firmensitz; Christian Gradwohl Persönlich haftender,Owner/Gesellschafter; Owner/Gesellschafter,HIGH,https://www.pwt.at | https://www.pwt.at | https://www.pwt.at | https://www.pwt.at | https://www.pwt.at | https://www.pwt.at | https://www.pwt.at | https://www.pwt.at/kanzlei/ansprechpartner/ | https://www.pwt.at/impressum/ | https://www.pwt.at/impressum/ | https://www.pwt.at/impressum/ | https://www.pwt.at/impressum/ | https://www.pwt.at/impressum/ | https://www.pwt.at/impressum/ | https://www.pwt.at/impressum/,No ownership was inferred from surname. Unknown share percentages remain null. For international/network firms the Austrian operational leadership is preferred over a global parent.,,central_context,24,Christian Gradwohl Persönlich haftender,https://www.pwt.at/impressum | https://www.pwt.at/impressum/,,generic_email,34,Christian Gradwohl Persönlich haftender,https://www.pwt.at/impressum | https://www.pwt.at/impressum/,,
domain:sh.at,sh Schebesta Wirtschaftstreuhand Steuerberatung GmbH,sh.at,http://www.sh.at,info-wien@sh.at | helmut.schebesta@sh.at | info@sh.at,+43 1 30 10 550 | +43 2742 334 0 | +43 2742 334 44 | +43 2713 23 27 0 | +43 2713 23 27 21 | +43 2742 334,"Wien Gemeinde: Wien Wien 12.,Meidling +43 1 30 10 550 info-w | St. Pölten Gemeinde: St. Pölten Bezirk Sankt Pölten(Stadt) + | Spitz Gemeinde: Spitz Bezirk Krems(Land) +43 2713 23 27 0 +4",2,5,4,sh Schebesta Wirtschaftstreuhand Steuerberatung GmbH | Helmut Schebesta Steuerberatung GmbH,https://ksw.or.at/mitgliederverzeichnis/?tx_kswmembers_membersdirectory%5Bcontroller%5D=MembersDirectory&tx_kswmembers_membersdirectory%5BcurrentPage%5D=229 | https://ksw.or.at/mitgliederverzeichnis/?tx_kswmembers_membersdirectory%5Bcontroller%5D=MembersDirectory&tx_kswmembers_membersdirectory%5BcurrentPage%5D=432 | https://ksw.or.at/mitgliederverzeichnis/?tx_kswmembers_membersdirectory%5Bcontroller%5D=MembersDirectory&tx_kswmembers_membersdirectory%5BcurrentPage%5D=466 | https://ksw.or.at/mitgliederverzeichnis/?tx_kswmembers_membersdirectory%5Bcontroller%5D=MembersDirectory&tx_kswmembers_membersdirectory%5BcurrentPage%5D=412 | https://ksw.or.at/mitgliederverzeichnis/?tx_kswmembers_membersdirectory%5Bcontroller%5D=MembersDirectory&tx_kswmembers_membersdirectory%5BcurrentPage%5D=59,1,CONFIRMED_30_PLUS,HIGH,70,70,official explicit employee count,70: rnadette Schlöglhofer Jetzt anfragen > Gerne für Sie da! Über uns Mit vier Standorten und rund 70 Mitarbeiter/-innen zählt die sh-Gruppe zu den größten Steuer- und Unternehmensbera,0,0,1,,,,https://www.sh.at/ | https://www.sh.at/standorte/uebersicht | https://www.sh.at/sh-team | https://www.sh.at/standorte/st-poelten | https://www.sh.at/standorte/sh-treuhand-spitz | https://www.sh.at/standorte/wien | https://www.sh.at/standorte/boeheimkirchen | https://www.sh.at/leistungen/unternehmensberatungundrechtsformgestaltung,PRIOR_STAGE2_CANDIDATE;KSW_LISTINGS_3_PLUS;LOCATIONS_3_PLUS;LEGAL_ENTITIES_2_PLUS,VERIFY_PRIOR,CONFIRMED_30_PLUS,70,,AUSTRIA_GROUP,HIGH,Official Austrian company/group page states approximately or explicitly 70 employees.,https://www.sh.at/leistungen/unternehmensberatungundrechtsformgestaltung,Official site employee statement around 70.,Official-site employee statement is sufficient for a 30+ lower bound.,SINGLE,1,domain:sh.at,sh Schebesta Wirtschaftstreuhand Steuerberatung GmbH,SINGLE_GROUP,CONFIRMED_20_PLUS,KSW,,,,,,,,,,,,,Rubrik Zeitreise (); Haftung Sitz (),Rubrik Zeitreise; Haftung Sitz,"Public sources identify owner/shareholder names, but complete share percentages were not safely established.",PARTNER_OWNED,Rubrik Zeitreise; Haftung Sitz,Owner/Gesellschafter; Owner/Gesellschafter,MEDIUM_HIGH,https://www.sh.at/leistungen/unternehmensberatungundrechtsformgestaltung | https://www.sh.at/impressum,No ownership was inferred from surname. Unknown share percentages remain null. For international/network firms the Austrian operational leadership is preferred over a global parent.,+4327423340,mobile_public,108,Rubrik Zeitreise,https://www.sh.at/ | https://www.sh.at/impressum | https://www.sh.at/kontakt | https://www.sh.at/sh-team,,,,,,,
domain:citytax.at,Vienna CityTax Steuerberater GmbH,citytax.at,http://www.citytax.at | http://www.jakobs-stb.at | https://stb-pilwachs.com | https://stb-pilwachs.com/,office@citytax.at | gernot.jakobs@jakobs-stb.at | gernot.jakobs@citytax.at | andreas.stoiber@stb-stoiber.at | reinhold.pilwachs@gmx.at,+43 1 8906463 0 | +43 664 3926438 | +43 664 4549220 | +43 1 8906463 76 | +43 664 392 64 38,"Wien Gemeinde: Wien Wien 2.,Leopoldstadt +43 1 8906463 0 +43 | Kleinwiesendorf Gemeinde: Großweikersdorf Bezirk Tulln +43 6",3,1,2,Vienna CityTax Steuerberater GmbH | Steuerberatung Pilwachs GmbH | Steuerberatung Pilwachs GmbH & Co KG,https://ksw.or.at/mitgliederverzeichnis/?tx_kswmembers_membersdirectory%5Bcontroller%5D=MembersDirectory&tx_kswmembers_membersdirectory%5BcurrentPage%5D=307,1,CONFIRMED_20_29,HIGH,25,25,official team/profile lower bound,,1,25,0,,,,https://www.citytax.at/steuerberatungwien/de/startseite-de/ | https://www.citytax.at/steuerberatungwien/de/leistungen/kernkompetenzen/unternehmensnachfolge-uebergabe/ | https://www.citytax.at/steuerberatungwien/de/kanzlei/ | https://www.citytax.at/steuerberatungwien/de/kanzlei/gesellschaften-standorte/ | https://www.citytax.at/steuerberatungwien/de/team/ | https://www.bing.com/ck/a?!&&p=2a56b37f88e93338a47b804c21f24f98bd2f4af79c566a44ddc26b3afb0ad381JmltdHM9MTc4ODA0ODAwMA&ptn=3&ver=2&hsh=4&fclid=168ffc3a-90d9-66b8-3a7a-ebff911b679b&u=a1aHR0cHM6Ly9lbi5tLndpa2lwZWRpYS5vcmcvd2lraS9WaWVubmE&ntb=1 | https://www.bing.com/ck/a?!&&p=a1deb08b63f3c1d11209f633e49f6ac6b1f9d3719ee94b223274e5a5bda2abf5JmltdHM9MTc4ODA0ODAwMA&ptn=3&ver=2&hsh=4&fclid=168ffc3a-90d9-66b8-3a7a-ebff911b679b&u=a1aHR0cHM6Ly93d3cuZWFydGh0cmVra2Vycy5jb20vdG9wLXRlbi12aWVubmEv&ntb=1 | https://www.bing.com/ck/a?!&&p=4c520bf6606306b9a64f37cbbb3db5f209b48c74812948d5348041c60660f4b9JmltdHM9MTc4ODA0ODAwMA&ptn=3&ver=2&hsh=4&fclid=168ffc3a-90d9-66b8-3a7a-ebff911b679b&u=a1aHR0cHM6Ly93d3cud2llbi5pbmZvL2Vu&ntb=1 | https://www.bing.com/ck/a?!&&p=657768c9b32abfb9dd6eb1eda9fb3250251c554838d071210e745788e068f4a6JmltdHM9MTc4ODA0ODAwMA&ptn=3&ver=2&hsh=4&fclid=168ffc3a-90d9-66b8-3a7a-ebff911b679b&u=a1aHR0cHM6Ly93d3cuYnJpdGFubmljYS5jb20vcGxhY2UvVmllbm5h&ntb=1 | https://www.bing.com/ck/a?!&&p=3d5e74928744fb28454f817ad49db80bb67a5bc43cbcb88f19e45042b2d341caJmltdHM9MTc4ODA0ODAwMA&ptn=3&ver=2&hsh=4&fclid=168ffc3a-90d9-66b8-3a7a-ebff911b679b&u=a1aHR0cHM6Ly93d3cudmllbm5hdG91cmlzbS5vcmcvdGhpbmdzLXRvLWRvLWluLXZpZW5uYS8&ntb=1 | https://www.bing.com/ck/a?!&&p=e880b56ef88f8a68f2ea9b07146428591d25e24dfbd9535c243aa8799427b35cJmltdHM9MTc4ODA0ODAwMA&ptn=3&ver=2&hsh=4&fclid=168ffc3a-90d9-66b8-3a7a-ebff911b679b&u=a1aHR0cHM6Ly93d3cudmlzaXRhdXN0cmlhLmluZm8vZW4vdmllbm5hLw&ntb=1 | https://www.bing.com/ck/a?!&&p=4a7df8167c87a3ecb8f3015fac0565284abd625abe346dfbdb0b3b1914d5ac06JmltdHM9MTc4ODA0ODAwMA&ptn=3&ver=2&hsh=4&fclid=168ffc3a-90d9-66b8-3a7a-ebff911b679b&u=a1aHR0cHM6Ly93d3cudGltZW91dC5jb20vdmllbm5hL3RoaW5ncy10by1kby9iZXN0LXRoaW5ncy10by1kby1pbi12aWVubmE&ntb=1 | https://www.bing.com/ck/a?!&&p=ecc61bfd066c0a462ecdcc2befcbc7c1e3ebf782cbe037cdbc1e8c7a47db1f2dJmltdHM9MTc4ODA0ODAwMA&ptn=3&ver=2&hsh=4&fclid=168ffc3a-90d9-66b8-3a7a-ebff911b679b&u=a1aHR0cHM6Ly93d3cubG9uZWx5cGxhbmV0LmNvbS9hcnRpY2xlcy9iZXN0LXRoaW5ncy10by1kby1pbi12aWVubmE&ntb=1 | https://www.bing.com/ck/a?!&&p=18d9b0b3b4e4820079f0101be583f296d05a3b6dae055fe89805100fb9a3084eJmltdHM9MTc4ODA0ODAwMA&ptn=3&ver=2&hsh=4&fclid=168ffc3a-90d9-66b8-3a7a-ebff911b679b&u=a1aHR0cHM6Ly93d3cudHJpcGFkdmlzb3IuY29tL0F0dHJhY3Rpb25zLWcxOTA0NTQtQWN0aXZpdGllcy1WaWVubmEuaHRtbA&ntb=1 | https://www.bing.com/ck/a?!&&p=ea3726302b452f8a67a9b0922eecdb151bc50dbdda3990e406a5f4d1aee74a33JmltdHM9MTc4ODA0ODAwMA&ptn=3&ver=2&hsh=4&fclid=168ffc3a-90d9-66b8-3a7a-ebff911b679b&u=a1aHR0cHM6Ly93d3cudHJpcGFkdmlzb3IuY29tL1RvdXJpc20tZzE5MDQ1NC1WaWVubmEtVmFjYXRpb25zLmh0bWw&ntb=1 | https://www.bing.com/ck/a?!&&p=1b475fc54d17a5777ff029ff2c798612ee0b9e5347fa5335d233212677273910JmltdHM9MTc4ODA0ODAwMA&ptn=3&ver=2&hsh=4&fclid=22509376-ecc3-643c-232e-84b3ed49658d&u=a1aHR0cHM6Ly9lbi5tLndpa2lwZWRpYS5vcmcvd2lraS9WaWVubmE&ntb=1 | https://www.bing.com/ck/a?!&&p=f147905e4027bd8ca71d9cc2d02df2f9d11ed46ae76d044c16c089fa1eca412aJmltdHM9MTc4ODA0ODAwMA&ptn=3&ver=2&hsh=4&fclid=22509376-ecc3-643c-232e-84b3ed49658d&u=a1aHR0cHM6Ly93d3cuZWFydGh0cmVra2Vycy5jb20vdG9wLXRlbi12aWVubmEv&ntb=1,PRIOR_STAGE2_CANDIDATE;TEAM_EMAILS_10_PLUS,VERIFY_PRIOR,CONFIRMED_20_PLUS,24,,AUSTRIA_GROUP,HIGH,Official site provides a direct staff lower bound of at least 24.,https://www.citytax.at/steuerberatungwien/de/startseite-de/,Official site exposes at least 24 distinct staff profiles/personal company-domain emails.,Staff-page lower bound proves 20+ but not 30+ unless count reaches 30.,SINGLE,2,domain:citytax.at | domain:stb-pilwachs.com,Vienna CityTax Steuerberater GmbH | Steuerberatung Pilwachs GmbH,DIRECT_SHARED_PRIMARY_DOMAIN,CONFIRMED_20_PLUS,KSW,,,,,,,,,,,,Uhr Fr [Partner]; Uhr Lageplan [Partner]; Disclaimer AABs [Partner]; Untere Donaustraße [Partner]; Alexander Graussam [Partner]; Vajo Micic [Management]; Aktuell Lageplan [Partner]; StB Mag [Geschäftsführer]; Gernot Jakobs [Geschäftsführer]; Andreas Stoiber Steuerberatungsgesellschaft Handelsgericht [Geschäftsführer],,unresolved,Ownership/control layer was not safely established from public evidence; operational management is retained where verified.,UNRESOLVED,Andreas Stoiber Steuerberatungsgesellschaft Handelsgericht; English ABOUT US Companies; Gernot Jakobs,Geschäftsführer; Geschäftsführer; Geschäftsführer,MEDIUM_HIGH,https://www.citytax.at/steuerberatungwien/de/startseite-de/ | https://www.citytax.at/steuerberatungwien/de/startseite-de/ | https://www.citytax.at/steuerberatungwien/de/startseite-de/ | https://www.citytax.at/steuerberatungwien/de/leistungen/kernkompetenzen/unternehmensnachfolge-uebergabe/ | https://www.citytax.at/steuerberatungwien/de/leistungen/kernkompetenzen/unternehmensnachfolge-uebergabe/ | https://www.citytax.at/steuerberatungwien/de/leistungen/kernkompetenzen/unternehmensnachfolge-uebergabe/ | https://www.citytax.at/steuerberatungwien/de/leistungen/kernkompetenzen/unternehmensnachfolge-uebergabe/ | https://www.citytax.at/steuerberatungwien/de/kanzlei/gesellschaften-standorte/,No ownership was inferred from surname. Unknown share percentages remain null. For international/network firms the Austrian operational leadership is preferred over a global parent.,+431890646334,mobile_public,108,Gernot Jakobs,https://www.citytax.at/steuerberatungwien/de/kanzlei/gesellschaften-standorte/ | https://www.citytax.at/steuerberatungwien/de/leistungen/betriebswirtschaftliche-beratung/ | https://www.citytax.at/steuerberatungwien/de/leistungen/jungunternehmerberatung/ | https://www.citytax.at/steuerberatungwien/de/leistungen/kernkompetenzen/unternehmensnachfolge-uebergabe/ | https://www.citytax.at/steuerberatungwien/de/leistungen/personalverrechnung/ | https://www.citytax.at/steuerberatungwien/de/team/ | https://www.citytax.at/steuerberatungwien/en/services/kernkompetenzen/unternehmensnachfolge-uebergabe/,gernot.jakobs@citytax.at,personal_verified_email,98,Gernot Jakobs,https://www.citytax.at/steuerberatungwien/de/impressum/ | https://www.citytax.at/steuerberatungwien/de/kanzlei/gesellschaften-standorte/ | https://www.citytax.at/steuerberatungwien/de/leistungen/betriebswirtschaftliche-beratung/ | https://www.citytax.at/steuerberatungwien/de/leistungen/jungunternehmerberatung/ | https://www.citytax.at/steuerberatungwien/de/leistungen/kernkompetenzen/unternehmensnachfolge-uebergabe/ | https://www.citytax.at/steuerberatungwien/de/leistungen/personalverrechnung/ | https://www.citytax.at/steuerberatungwien/de/team/ | https://www.citytax.at/steuerberatungwien/en/services/kernkompetenzen/unternehmensnachfolge-uebergabe/,,
domain:akkurata.com,AKKURATA Steuerberatungsgesellschaft m.b.H.,akkurata.com,http://www.akkurata.com,r.mach@akkurata.com | k.mach@akkurata.com | office@akkurata.com,+43 1 5032280 36 | +43 664 88 43 08 05 | +43 1 913 32 45 | +43 1 503 22 80 | +43 1 503 22 80 90,"Saalbach Gemeinde: Saalbach-Hinterglemm Bezirk Zell am See Z | Wien Gemeinde: Wien Wien 1.,Innere Stadt +43 1 503 22 80 +43",3,4,4,AKKURATA Steuerberatungsgesellschaft m.b.H. | MACH Steuerberatung Holding GmbH | KEROMA Steuerberatungsgesellschaft m.b.H.,https://ksw.or.at/mitgliederverzeichnis/?tx_kswmembers_membersdirectory%5Bcontroller%5D=MembersDirectory&tx_kswmembers_membersdirectory%5BcurrentPage%5D=427 | https://ksw.or.at/mitgliederverzeichnis/?tx_kswmembers_membersdirectory%5Bcontroller%5D=MembersDirectory&tx_kswmembers_membersdirectory%5BcurrentPage%5D=536 | https://ksw.or.at/mitgliederverzeichnis/?tx_kswmembers_membersdirectory%5Bcontroller%5D=MembersDirectory&tx_kswmembers_membersdirectory%5BcurrentPage%5D=514 | https://ksw.or.at/mitgliederverzeichnis/?tx_kswmembers_membersdirectory%5Bcontroller%5D=MembersDirectory&tx_kswmembers_membersdirectory%5BcurrentPage%5D=106,1,CONFIRMED_20_29,HIGH,20,20,official team/profile lower bound,,3,20,0,,,,https://akkurata.com/ | https://akkurata.com/about-us/ | https://akkurata.com/team/,PRIOR_STAGE2_CANDIDATE;TEAM_EMAILS_10_PLUS;KSW_LISTINGS_3_PLUS;LOCATIONS_3_PLUS;LEGAL_ENTITIES_2_PLUS,VERIFY_PRIOR,CONFIRMED_20_PLUS,20,,AUSTRIA_GROUP,HIGH,Official site provides a direct staff lower bound of at least 20.,https://akkurata.com/,Official site exposes at least 20 distinct staff profiles/personal company-domain emails.,Staff-page lower bound proves 20+ but not 30+ unless count reaches 30.,SINGLE,1,domain:akkurata.com,AKKURATA Steuerberatungsgesellschaft m.b.H.,SINGLE_GROUP,CONFIRMED_20_PLUS,KSW,,,,,,,,,,,,Deutsch English Toggle [Management]; Kerstin Mach Steuerberaterin [Geschäftsführung]; Studium Finanz [Geschäftsführung]; Robert Ma [Management]; Kerstin Mach Mag [Geschäftsführer]; Robert Mach Firmenbuch Nummer [Geschäftsführer],,unresolved,Ownership/control layer was not safely established from public evidence; operational management is retained where verified.,UNRESOLVED,Kerstin Mach Mag; Kerstin Mach Steuerberaterin; Robert Mach Firmenbuch Nummer,Geschäftsführer; Geschäftsführung; Geschäftsführer,MEDIUM_HIGH,https://akkurata.com/team/ | https://akkurata.com/team/ | https://akkurata.com/team/ | https://akkurata.com/team/ | https://akkurata.com/impressum/ | https://akkurata.com/impressum/,No ownership was inferred from surname. Unknown share percentages remain null. For international/network firms the Austrian operational leadership is preferred over a global parent.,+4315032280,central_context,83,Kerstin Mach Mag,https://akkurata.com/en/impressum/ | https://akkurata.com/en/team/ | https://akkurata.com/impressum/ | https://akkurata.com/team/,k.mach@akkurata.com,personal_verified_email,94,Kerstin Mach Mag,https://akkurata.com/en/team/ | https://akkurata.com/team/,,
domain:rachinger.at,BJR Steuerberatung GmbH,rachinger.at,http://www.rachinger.at,b.rachinger@rachinger.at | bernhard.rachinger@rachinger.at | steuern@rachinger.at,+43 7742 24 12 | +43 7742 24 12 6 | +43 664 250 64 80 | +43 7742 25 37,Mattighofen Gemeinde: Mattighofen Bezirk Braunau am Inn +43,2,2,2,BJR Steuerberatung GmbH | Rachinger Steuerberatung GmbH,https://ksw.or.at/mitgliederverzeichnis/?tx_kswmembers_membersdirectory%5Bcontroller%5D=MembersDirectory&tx_kswmembers_membersdirectory%5BcurrentPage%5D=227 | https://ksw.or.at/mitgliederverzeichnis/?tx_kswmembers_membersdirectory%5Bcontroller%5D=MembersDirectory&tx_kswmembers_membersdirectory%5BcurrentPage%5D=167,1,CONFIRMED_20_29,HIGH,22,22,official team/profile lower bound,,0,22,0,,,,https://www.rachinger.at/,PRIOR_STAGE2_CANDIDATE;TEAM_EMAILS_10_PLUS;LEGAL_ENTITIES_2_PLUS,VERIFY_PRIOR,CONFIRMED_20_PLUS,22,,AUSTRIA_GROUP,HIGH,Official site provides a direct staff lower bound of at least 22.,https://www.rachinger.at/,Official site exposes at least 22 distinct staff profiles/personal company-domain emails.,Staff-page lower bound proves 20+ but not 30+ unless count reaches 30.,SINGLE,1,domain:rachinger.at,BJR Steuerberatung GmbH,SINGLE_GROUP,CONFIRMED_20_PLUS,KSW,,,,,,,,,,,,Ihrer Seite Geschäfts [Geschäftsführer]; Bernhard Rachinger Steuerberater [Geschäftsführer]; Katrin Nußbaumer [Geschäftsführer]; Prokuristin Telefon [Geschäftsführer]; Lisa Maria Aichinger LLB [Management]; Betriebsprüfungen Korrespondenz [Geschäftsführung]; Behörden Unterstützung [Geschäftsführung]; Sonderthemen Ihr Profil [Geschäftsführung]; Abgeschlossenes Studium [Geschäftsführung]; Vertiefung Idealerweise [Geschäftsführung],,unresolved,Ownership/control layer was not safely established from public evidence; operational management is retained where verified.,UNRESOLVED,Abgeschlossenes Studium; Behörden Unterstützung; Bernhard Rachinger Beteiligungsverhältnisse,Geschäftsführung; Geschäftsführung; Geschäftsführer,MEDIUM_HIGH,https://www.rachinger.at/ | https://www.rachinger.at/ | https://www.rachinger.at/ | https://www.rachinger.at/ | https://www.rachinger.at/ | https://www.rachinger.at/ | https://www.rachinger.at/ | https://www.rachinger.at/,No ownership was inferred from surname. Unknown share percentages remain null. For international/network firms the Austrian operational leadership is preferred over a global parent.,+4377422412,named_fixed_candidate,75,Bernhard Rachinger Beteiligungsverhältnisse,https://www.rachinger.at/impressum/,steuern@rachinger.at,named_context_email,70,Bernhard Rachinger Beteiligungsverhältnisse,https://www.rachinger.at/impressum/,,
domain:eca-steiermark.at,ECA Haingartner und Pfnadschek Steuerberatung GmbH,eca-steiermark.at,http://www.eca-steiermark.at | http://www.eca-leoben.at,office@eca-steiermark.at | sonja.haingartner@eca-steiermark.at | pfnadschek@eca-leoben.at,+43 5 7466 | +43 5 7466 6031 | +43 676 749 19 95 | +43 5 7466 6014 | +43 13422 242292195 | +43 5 7466 6010,Knittelfeld Gemeinde: Knittelfeld Bezirk Murtal +43 5 7466 + | Leoben Gemeinde: Leoben Bezirk Leoben +43 5 7466 6010 +43 5,1,2,2,ECA Haingartner und Pfnadschek Steuerberatung GmbH,https://ksw.or.at/mitgliederverzeichnis/?tx_kswmembers_membersdirectory%5Bcontroller%5D=MembersDirectory&tx_kswmembers_membersdirectory%5BcurrentPage%5D=513 | https://ksw.or.at/mitgliederverzeichnis/?tx_kswmembers_membersdirectory%5Bcontroller%5D=MembersDirectory&tx_kswmembers_membersdirectory%5BcurrentPage%5D=102,1,CONFIRMED_20_29,HIGH,20,20,official explicit employee count,"20: Bilanzierung Neben den oben angeführten Personen in der Geschäftsführung steht Ihnen ein Team von 20 Mitarbeiterinnen und Mitarbeitern aus den Bereichen Buchhaltung, Lohnverrechnun",0,3,1,,,,https://eca-steiermark.at/ | https://eca-steiermark.at/unternehmensberatung | https://eca-steiermark.at/team | https://eca-steiermark.at/kanzlei-standorte/standort-leoben | https://eca-steiermark.at/kanzlei-standorte/standort-knittelfeld | https://eca-steiermark.at/karriere,PRIOR_STAGE2_CANDIDATE,VERIFY_PRIOR,CONFIRMED_20_PLUS,20,,AUSTRIA_LEGAL_ENTITY,HIGH,Official Austrian company/group page proves at least 20 employees.,https://eca-steiermark.at/team,Official site employee statement around 20.,"Official count proves 20+, but does not safely bound an upper limit.",SINGLE,1,domain:eca-steiermark.at,ECA Haingartner und Pfnadschek Steuerberatung GmbH,SINGLE_GROUP,CONFIRMED_20_PLUS,KSW,,,,,,,,,,,,PMBA Geschäftsführerin [Geschäftsführer]; StB Mag [Geschäftsführer]; Bilanzierung Neben [Geschäftsführung]; Anita Pfnad [Geschäftsführer]; Bereichen Buchhaltung [Geschäftsführung],,unresolved,Ownership/control layer was not safely established from public evidence; operational management is retained where verified.,UNRESOLVED,Anita Pfnad; Bereichen Buchhaltung; Bilanzierung Neben,Geschäftsführer; Geschäftsführung; Geschäftsführung,MEDIUM_HIGH,https://eca-steiermark.at/team | https://eca-steiermark.at/team | https://eca-steiermark.at/team | https://eca-steiermark.at/team | https://eca-steiermark.at/team,No ownership was inferred from surname. Unknown share percentages remain null. For international/network firms the Austrian operational leadership is preferred over a global parent.,,central_context,20,Anita Pfnad,https://eca-steiermark.at/impressum,anita.pfnadschek@eca-steiermark.at,personal_verified_email,90,Anita Pfnad,https://eca-steiermark.at/team,,
domain:ginthoer.at,GIWO Steuerberatung GmbH,ginthoer.at,http://www.ginthoer.at,office@steuerservice.at | oliver.ginthoer@steuerservice.at | christoph.wolf@steuerservice.at | office@solina.company,+43 1 505 55 | +43 1 505 55 55 | +43 1 501 55 0 | +43 1 501 55 55 | +43 676 6490060 | +43 1 501 55,"Wien Gemeinde: Wien Wien 1.,Innere Stadt +43 1 505 55 +43 1 | Wien Gemeinde: Wien Wien 13.,Hietzing +43 1 501 55 +43 1 501",2,2,2,GIWO Steuerberatung GmbH | solina management & steuerberatungs gmbh,https://ksw.or.at/mitgliederverzeichnis/?tx_kswmembers_membersdirectory%5Bcontroller%5D=MembersDirectory&tx_kswmembers_membersdirectory%5BcurrentPage%5D=190,1,CONFIRMED_30_PLUS,HIGH,30,30,official explicit employee count,"30: . Die Kanzleigruppe mit Sitz in der Wiener Innenstadt ist eine renommierte Steuerberatungskanzlei mit mehr als 30 Jahren Erfahrung. Das engagierte Team von ca. 30 Mitarbeiterinnen  | 30: eine renommierte Steuerberatungskanzlei mit mehr als 30 Jahren Erfahrung. Das engagierte Team von ca. 30 Mitarbeiterinnen und Mitarbeitern bietet umfassende steuerliche Beratung un | 30: ommierte Steuerberatungskanzlei mit mehr als 30 Jahren Erfahrung. Das engagierte Team von ca. 30 Mitarbeiterinnen und Mitarbeitern bietet umfassende steuerliche Beratung und Unters | 30: ber die Stadtgrenzen hinaus Unternehmen und Privatpersonen betreut. Mit einem engagierten Team von rund 30 Experten bieten wir nicht nur umfassende steuerliche Beratung, sondern ma | 30: Die G & W Steuerberatungs GmbH, mit Sitz in Wien, zählt mit über 30 Jahren Erfahrung und mehr als 30 Mitarbeitern zu den etablierten Steuerberatungsgesellschaften in Österreich. Na",2,0,1,,,,https://www.steuerservice.at/ | https://www.steuerservice.at/kanzlei/ | https://www.steuerservice.at/kanzlei/team/ | https://www.steuerservice.at/kanzlei/ueber-uns/ | https://www.steuerservice.at/kanzlei/partner/ | https://www.steuerservice.at/kanzlei/ki-guidelines/ | https://www.steuerservice.at/kanzlei/nachhaltigkeit/ | https://www.steuerservice.at/leistungen/unternehmensberatung/,PRIOR_STAGE2_CANDIDATE;LEGAL_ENTITIES_2_PLUS,VERIFY_PRIOR,CONFIRMED_30_PLUS,30,,AUSTRIA_GROUP,HIGH,Official Austrian company/group page states approximately or explicitly 30 employees.,https://www.steuerservice.at/kanzlei/,Official site employee statement around 30.,Official-site employee statement is sufficient for a 30+ lower bound.,SINGLE,1,domain:ginthoer.at,GIWO Steuerberatung GmbH,SINGLE_GROUP,CONFIRMED_20_PLUS,KSW,,,,,,,,,,,,Ihr Erfolg [Partner]; Fokussiertes Know-how [Partner]; Netzwerk Unt [Partner]; MED Management [Partner]; Zwei Schwerpunkte [Partner]; Erreichbarkeit Karlsplatz [Partner]; Wiener Ringstraße In [Partner]; Nähe Karlskirche [Partner]; Stellen Erfahrung [Management]; Steuerberatern Dr [Partner],Steuerberater Visitenkarte Mag (); Christoph Wolf (); Gerichtssachverständiger Visitenkarte Mag (); Ulrike Hofer Steuerberaterin (); Visitenkarte Mag (); Gruppenleiterin Mag (); Thomas Gritsch Bilanzbuchhalter (); Gruppenleiter Maria Hofer (); MSc Steuerberaterin (),Steuerberater Visitenkarte Mag; Christoph Wolf; Gerichtssachverständiger Visitenkarte Mag; Ulrike Hofer Steuerberaterin,"Public sources identify owner/shareholder names, but complete share percentages were not safely established.",PARTNER_OWNED,Steuerberater Visitenkarte Mag; Christoph Wolf,Owner/Gesellschafter; Owner/Gesellschafter,MEDIUM_HIGH,https://www.steuerservice.at/ | https://www.steuerservice.at/ | https://www.steuerservice.at/ | https://www.steuerservice.at/ | https://www.steuerservice.at/ | https://www.steuerservice.at/ | https://www.steuerservice.at/ | https://www.steuerservice.at/ | https://www.steuerservice.at/kanzlei/team/ | https://www.steuerservice.at/kanzlei/team/ | https://www.steuerservice.at/kanzlei/team/ | https://www.steuerservice.at/kanzlei/team/ | https://www.steuerservice.at/kanzlei/team/ | https://www.steuerservice.at/kanzlei/team/ | https://www.steuerservice.at/kanzlei/team/ | https://www.steuerservice.at/kanzlei/team/,No ownership was inferred from surname. Unknown share percentages remain null. For international/network firms the Austrian operational leadership is preferred over a global parent.,38662602,named_fixed_candidate,75,Christoph Wolf,https://www.steuerservice.at/impressum/,,,,,,,
domain: krw-steuerberater.at,KRW Dr. Klinger & Partner Steuerberatungsgesellschaft mbH, krw-steuerberater.at,http://www. krw-steuerberater.at | http://www.klinger-rieger.at,michael.klinger@klinger-rieger.at | manfred.rieger@klinger-rieger.at | sina.klinger@klinger-rieger.at | fabia.klinger@klinger-rieger.at,+43 662 62 13 17 | +43 662 62 13 17 9 | +43 662 62 13 17 0,Salzburg Gemeinde: Salzburg Bezirk Salzburg(Stadt) +43 662 6,1,1,1,KRW Dr. Klinger & Partner Steuerberatungsgesellschaft mbH,https://ksw.or.at/mitgliederverzeichnis/?tx_kswmembers_membersdirectory%5Bcontroller%5D=MembersDirectory&tx_kswmembers_membersdirectory%5BcurrentPage%5D=220,1,NO_20PLUS_EVIDENCE,LOW,0,0,no reliable 20+ evidence found,,0,0,0,,,,,SANITY_SEED:KRW|Klinger,DEEP_RESEARCH,CONFIRMED_30_PLUS,200,,AUSTRIA_LEGAL_ENTITY,HIGH,Official Austrian company/group page states approximately or explicitly 200 employees.,https://www.klinger-rieger.at/ueber-uns/,Official site employee statement around 200.,Official-site employee statement is sufficient for a 30+ lower bound.,SINGLE,1,domain: krw-steuerberater.at,KRW Dr. Klinger & Partner Steuerberatungsgesellschaft mbH,SINGLE_GROUP,CONFIRMED_20_PLUS,KSW,,,,,,,,,,,,Leistungen Diverses Partnerkanzleien Presse [Partner]; Artikel Steuerberater [Partner]; SteuerNews ÖSV Steuer-Portal CoronaNews [Partner]; Karriere English Suchen [Partner]; KRW Dr [Management]; Lohnverrechnung Suchen [Management]; Kategorie Allrounder Salzburg KRW [Management]; Ihre Schwester Mag [Geschäftsführung]; Mehr-Generationen Famili [Management]; Eine Familienkanzlei [Management],Geschäftsführende Gesellschafter (); Steuerberater Manfred Rieger (); Steuerberater Mag (); Steuerberaterin Mag (); Wirtschaftsprüferin Partnerk (),Geschäftsführende Gesellschafter; Steuerberater Manfred Rieger; Steuerberater Mag; Steuerberaterin Mag,"Public sources identify owner/shareholder names, but complete share percentages were not safely established.",PARTNER_OWNED,Geschäftsführende Gesellschafter; Steuerberater Manfred Rieger,Owner/Gesellschafter; Owner/Gesellschafter,MEDIUM_HIGH,https://www.klinger-rieger.at/ | https://www.klinger-rieger.at/ | https://www.klinger-rieger.at/ | https://www.klinger-rieger.at/ | https://www.klinger-rieger.at/ | https://www.klinger-rieger.at/ | https://www.klinger-rieger.at/ | https://www.klinger-rieger.at/ueber-uns/ | https://www.klinger-rieger.at/steuerberater-salzburg/steuerberater-visitenkarte/ | https://www.klinger-rieger.at/steuerberater-salzburg/steuerberater-visitenkarte/ | https://www.klinger-rieger.at/steuerberater-salzburg/steuerberater-visitenkarte/ | https://www.klinger-rieger.at/steuerberater-salzburg/steuerberater-visitenkarte/ | https://www.klinger-rieger.at/steuerberater-salzburg/steuerberater-visitenkarte/,No ownership was inferred from surname. Unknown share percentages remain null. For international/network firms the Austrian operational leadership is preferred over a global parent.,+43662621317,central_context,83,Steuerberater Manfred Rieger,https://www.klinger-rieger.at/partner/ | https://www.klinger-rieger.at/steuerberater/salzburg/anfahrt_steuerberatungskanzlei/ | https://www.klinger-rieger.at/steuerberater/salzburg/feedback_steuerberater/,melanie.zayim@klinger-rieger.at,named_context_email,70,Steuerberater Manfred Rieger,https://www.klinger-rieger.at/karriere/,,
domain:medmanagement.at,MEDmanagement Wirtschaftstreuhandgesellschaft mbH.,medmanagement.at,http://www.medmanagement.at | http://www.ginthoer.at,office@medmanagement.at | oliver.ginthoer@steuerservice.at | christoph.wolf@steuerservice.at,+43 1 501 55 66 | +43 1 501 55 77 | +43 1 501 55 0 | +43 1 501 55 55 | +43 676 6490060,"Wien Gemeinde: Wien Wien 1.,Innere Stadt +43 1 501 55 66 +43",1,1,1,MEDmanagement Wirtschaftstreuhandgesellschaft mbH.,https://ksw.or.at/mitgliederverzeichnis/?tx_kswmembers_membersdirectory%5Bcontroller%5D=MembersDirectory&tx_kswmembers_membersdirectory%5BcurrentPage%5D=331,1,CONFIRMED_30_PLUS,HIGH,30,30,official explicit employee count,"30: . Die Kanzleigruppe mit Sitz in der Wiener Innenstadt ist eine renommierte Steuerberatungskanzlei mit mehr als 30 Jahren Erfahrung. Das engagierte Team von ca. 30 Mitarbeiterinnen  | 30: eine renommierte Steuerberatungskanzlei mit mehr als 30 Jahren Erfahrung. Das engagierte Team von ca. 30 Mitarbeiterinnen und Mitarbeitern bietet umfassende steuerliche Beratung un | 30: ommierte Steuerberatungskanzlei mit mehr als 30 Jahren Erfahrung. Das engagierte Team von ca. 30 Mitarbeiterinnen und Mitarbeitern bietet umfassende steuerliche Beratung und Unters | 30: ber die Stadtgrenzen hinaus Unternehmen und Privatpersonen betreut. Mit einem engagierten Team von rund 30 Experten bieten wir nicht nur umfassende steuerliche Beratung, sondern ma | 30: Die G & W Steuerberatungs GmbH, mit Sitz in Wien, zählt mit über 30 Jahren Erfahrung und mehr als 30 Mitarbeitern zu den etablierten Steuerberatungsgesellschaften in Österreich. Na",2,0,1,,,,https://www.steuerservice.at/kanzlei/partner/med-management/ | https://www.steuerservice.at/kanzlei/ | https://www.steuerservice.at/kanzlei/team/ | https://www.steuerservice.at/kanzlei/ueber-uns/ | https://www.steuerservice.at/kanzlei/partner/ | https://www.steuerservice.at/kanzlei/ki-guidelines/ | https://www.steuerservice.at/kanzlei/nachhaltigkeit/ | https://www.steuerservice.at/leistungen/unternehmensberatung/,PRIOR_STAGE2_CANDIDATE,VERIFY_PRIOR,CONFIRMED_30_PLUS,30,,AUSTRIA_LEGAL_ENTITY,HIGH,Official Austrian company/group page states approximately or explicitly 30 employees.,https://www.steuerservice.at/kanzlei/,Official site employee statement around 30.,Official-site employee statement is sufficient for a 30+ lower bound.,SINGLE,1,domain:medmanagement.at,MEDmanagement Wirtschaftstreuhandgesellschaft mbH.,SINGLE_GROUP,CONFIRMED_20_PLUS,KSW,,,,,,,,,,,,Steuerberatern Dr [Partner]; Oliver Ginthör [Partner]; Christoph Wolf [Partner]; Steuerberater Visitenkarte Mag [Partner]; Gerichtssachverständiger Visitenkarte Mag [Partner]; Ulrike Hofer Ste [Partner]; Ulrike Hofer Steuerberaterin [Partner]; Gruppenleiterin Mag [Partner]; Thomas Gritsch Bilanzbuchhalter [Management]; Gruppenleiter Maria Hofer [Management],Steuerberater Visitenkarte Mag (); Christoph Wolf (); Gerichtssachverständiger Visitenkarte Mag (); Ulrike Hofer Steuerberaterin (); Visitenkarte Mag (); Gruppenleiterin Mag (); Thomas Gritsch Bilanzbuchhalter (); Gruppenleiter Maria Hofer (); MSc Steuerberaterin (),Steuerberater Visitenkarte Mag; Christoph Wolf; Gerichtssachverständiger Visitenkarte Mag; Ulrike Hofer Steuerberaterin,"Public sources identify owner/shareholder names, but complete share percentages were not safely established.",PARTNER_OWNED,Steuerberater Visitenkarte Mag; Christoph Wolf,Owner/Gesellschafter; Owner/Gesellschafter,MEDIUM_HIGH,https://www.steuerservice.at/kanzlei/ | https://www.steuerservice.at/kanzlei/ | https://www.steuerservice.at/kanzlei/ | https://www.steuerservice.at/kanzlei/team/ | https://www.steuerservice.at/kanzlei/team/ | https://www.steuerservice.at/kanzlei/team/ | https://www.steuerservice.at/kanzlei/team/ | https://www.steuerservice.at/kanzlei/team/ | https://www.steuerservice.at/kanzlei/team/ | https://www.steuerservice.at/kanzlei/team/ | https://www.steuerservice.at/kanzlei/team/ | https://www.steuerservice.at/kanzlei/team/ | https://www.steuerservice.at/kanzlei/team/ | https://www.steuerservice.at/kanzlei/team/ | https://www.steuerservice.at/kanzlei/team/ | https://www.steuerservice.at/kanzlei/team/,No ownership was inferred from surname. Unknown share percentages remain null. For international/network firms the Austrian operational leadership is preferred over a global parent.,38662602,named_fixed_candidate,75,Christoph Wolf,https://www.steuerservice.at/impressum/,,,,,,,
domain:docu-wels.com,Pfaffenzeller Holding GmbH,docu-wels.com,http://www.docu-wels.com,herwig.pfaffenzeller@nextberatung.at | herwig.pfaffenzeller@docu-wels.com | office@docu-wels.com | sabine@bieregger.com | roth.next@icloud.com | roth@hroth.at,+43 664 386 16 16 | +43 7242 299 92 0 | +43 7242 299 95 95 | +43 7242 299 92 | +43 664 326 14 83 | +43 7242 29 99 92 95 | +43 660 627 44 99 | +43 2742 25 19 73,Lichtenegg Gemeinde: Wels Bezirk Wels(Stadt) +43 664 386 16 | Lichtenegg Gemeinde: Wels Bezirk Wels(Stadt) +43 7242 299 92 | Oberwagram Gemeinde: St. Pölten Bezirk Sankt Pölten(Stadt) +,3,3,3,Pfaffenzeller Holding GmbH | next Steuerberatung Wels GmbH | next Steuerberatung St. Pölten GmbH,https://ksw.or.at/mitgliederverzeichnis/?tx_kswmembers_membersdirectory%5Bcontroller%5D=MembersDirectory&tx_kswmembers_membersdirectory%5BcurrentPage%5D=417 | https://ksw.or.at/mitgliederverzeichnis/?tx_kswmembers_membersdirectory%5Bcontroller%5D=MembersDirectory&tx_kswmembers_membersdirectory%5BcurrentPage%5D=395 | https://ksw.or.at/mitgliederverzeichnis/?tx_kswmembers_membersdirectory%5Bcontroller%5D=MembersDirectory&tx_kswmembers_membersdirectory%5BcurrentPage%5D=33,1,CONFIRMED_20_29,HIGH,29,29,official team/profile lower bound,,0,29,0,,,,https://www.documenta-treuhand.com/ | https://www.documenta-treuhand.com/?page_id=24,PRIOR_STAGE2_CANDIDATE;TEAM_EMAILS_10_PLUS;KSW_LISTINGS_3_PLUS;LOCATIONS_3_PLUS;LEGAL_ENTITIES_2_PLUS,VERIFY_PRIOR,CONFIRMED_20_PLUS,28,,AUSTRIA_GROUP,HIGH,Official site provides a direct staff lower bound of at least 28.,https://www.documenta-treuhand.com/,Official site exposes at least 28 distinct staff profiles/personal company-domain emails.,Staff-page lower bound proves 20+ but not 30+ unless count reaches 30.,SINGLE,1,domain:docu-wels.com,Pfaffenzeller Holding GmbH,SINGLE_GROUP,CONFIRMED_20_PLUS,KSW,,,,,,,,,,,,WIR HABEN EINE NEUE [Partner]; Website INTELLIGENT BERATEN Wissen [Partner],Datenverarbeitung Wir (); Gerichtsstand Wels Offenlegung (); Mediengesetz Medieninhaber (); Oberösterreich Mitglied (); E-Commerce Gesetz (); Sabine Bieregger Geschäftsführende Gesellschafterin (); Evelyn Schranz Prokuristin (); Manuela Schmid Ste (),Datenverarbeitung Wir; Gerichtsstand Wels Offenlegung; Mediengesetz Medieninhaber; Oberösterreich Mitglied,"Public sources identify owner/shareholder names, but complete share percentages were not safely established.",PARTNER_OWNED,Datenverarbeitung Wir; Gerichtsstand Wels Offenlegung,Owner/Gesellschafter; Owner/Gesellschafter,MEDIUM_HIGH,https://www.documenta-treuhand.com/ | https://www.documenta-treuhand.com/ | https://www.documenta-treuhand.com/ | https://www.documenta-treuhand.com/ | https://www.documenta-treuhand.com/ | https://www.documenta-treuhand.com/ | https://www.documenta-treuhand.com/ | https://www.documenta-treuhand.com/?page_id=24 | https://www.documenta-treuhand.com/?page_id=24 | https://www.documenta-treuhand.com/?page_id=24,No ownership was inferred from surname. Unknown share percentages remain null. For international/network firms the Austrian operational leadership is preferred over a global parent.,,central_context,28,Gerichtsstand Wels Offenlegung,https://www.documenta-treuhand.com/ | https://www.documenta-treuhand.com/?page_id=24 | https://www.documenta-treuhand.com/?page_id=30,,generic_email,38,Gerichtsstand Wels Offenlegung,https://www.documenta-treuhand.com/ | https://www.documenta-treuhand.com/?page_id=24 | https://www.documenta-treuhand.com/?page_id=30,,
domain:rsm.at,RSM Austria Steuerberatung GmbH,rsm.at,http://www.rsm.at | http://www.rsmi.at,contact@rsm.at | stefan.walter@rsm.at | lukas.zeinler@rsm.at | ines@hofbauer-steffel.at | aa@auer-tax.at | michael.heck@rsm.at | katrin.windischhofer@rsm.at | ts@rsm.at | front.desk@rsm.at,+43 1 505 63 63 | +43 1 505 63 63 63 | +43 662 230 845 | +43 1 5056363 | +43 1 5056363 63 | +43 1 503 63 63 63,"Wien Gemeinde: Wien Wien 1.,Innere Stadt +43 1 505 63 63 +43 | Kitzbühel Gemeinde: Kitzbühel Bezirk Kitzbühel +43 1 505 63 | Salzburg Gemeinde: Salzburg Bezirk Salzburg(Stadt) +43 662 2 | Wien Gemeinde: Wien Wien 1.,Innere Stadt +43 1 5056363 +43 1",6,8,8,RSM Austria Steuerberatung GmbH | RSM Austria Wirtschaftsprüfung GmbH | Exacta Steuerberatung und Wirtschaftsprüfung GmbH | RSM Austria Global Employer Services Steuerberatung GmbH | RSM Austria Transaction Services Wirtschaftsprüfung GmbH | RSM Austria Holding Steuerberatung und Wirtschaftsprüfung GmbH,https://ksw.or.at/mitgliederverzeichnis/?tx_kswmembers_membersdirectory%5Bcontroller%5D=MembersDirectory&tx_kswmembers_membersdirectory%5BcurrentPage%5D=89 | https://ksw.or.at/mitgliederverzeichnis/?tx_kswmembers_membersdirectory%5Bcontroller%5D=MembersDirectory&tx_kswmembers_membersdirectory%5BcurrentPage%5D=91 | https://ksw.or.at/mitgliederverzeichnis/?tx_kswmembers_membersdirectory%5Bcontroller%5D=MembersDirectory&tx_kswmembers_membersdirectory%5BcurrentPage%5D=264 | https://ksw.or.at/mitgliederverzeichnis/?tx_kswmembers_membersdirectory%5Bcontroller%5D=MembersDirectory&tx_kswmembers_membersdirectory%5BcurrentPage%5D=53 | https://ksw.or.at/mitgliederverzeichnis/?tx_kswmembers_membersdirectory%5Bcontroller%5D=MembersDirectory&tx_kswmembers_membersdirectory%5BcurrentPage%5D=34 | https://ksw.or.at/mitgliederverzeichnis/?tx_kswmembers_membersdirectory%5Bcontroller%5D=MembersDirectory&tx_kswmembers_membersdirectory%5BcurrentPage%5D=295 | https://ksw.or.at/mitgliederverzeichnis/?tx_kswmembers_membersdirectory%5Bcontroller%5D=MembersDirectory&tx_kswmembers_membersdirectory%5BcurrentPage%5D=58,1,POSSIBLE_20_PLUS,LOW_MEDIUM,0,0,multiple scale signals; manual verification needed,,17,0,0,,,,https://www.rsm.global/austria/de | https://www.rsm.global/austria/de/service/tax/steuerplanung-fur-unternehmen | https://www.rsm.global/austria/de/ueber-rsm/ueber-uns | https://www.rsm.global/austria/de/ueber-rsm/unser-team | https://www.rsm.global/austria/de/ueber-rsm/unsere-standorte | https://www.rsm.global/meet-one-of-the-rsm-team,PRIOR_STAGE2_CANDIDATE;TEAM_PROFILES_10_PLUS;KSW_LISTINGS_3_PLUS;LOCATIONS_3_PLUS;LEGAL_ENTITIES_2_PLUS;SANITY_SEED:RSM,DEEP_RESEARCH,CONFIRMED_30_PLUS,45,,AUSTRIA_GROUP,HIGH,Official site provides a direct staff lower bound of at least 45.,https://www.rsm.global/austria/de,Official site exposes at least 45 distinct staff profiles/personal company-domain emails.,Staff-page lower bound alone proves 30+; no upper bound assumed.,SINGLE,1,domain:rsm.at,RSM Austria Steuerberatung GmbH,SINGLE_GROUP,CONFIRMED_20_PLUS,KSW,,,,,,,,,,,,People's Business [Management]; Tax Mag [Managing Partner]; Kristina Babuder Hummel Senior [Managing Partner]; Tax Manager [Partner]; Leadership Mag [Managing Partner]; Senior Tax [Partner]; Senior Tax Manager [Partner]; Manuel Gruber MSc Senior [Partner]; Wetscher MSc Tax Manager [Partner]; Jandrasits LL [Partner],,unresolved,Ownership/control layer was not safely established from public evidence; operational management is retained where verified.,CORPORATE_GROUP,Andreas Auer; Australia Simon Hart Executive; China Jason Yau Head,Geschäftsführer; Managing Partner; Managing Partner,MEDIUM_HIGH,https://www.rsm.global/austria/de | https://www.rsm.global/austria/de/ueber-rsm/unser-team | https://www.rsm.global/austria/de/ueber-rsm/unser-team | https://www.rsm.global/austria/de/ueber-rsm/unser-team | https://www.rsm.global/austria/de/ueber-rsm/unser-team | https://www.rsm.global/austria/de/ueber-rsm/unser-team | https://www.rsm.global/austria/de/ueber-rsm/unser-team | https://www.rsm.global/austria/de/ueber-rsm/unser-team,No ownership was inferred from surname. Unknown share percentages remain null. For international/network firms the Austrian operational leadership is preferred over a global parent.,,,,,,rsmcommunications@rsm.global,named_context_email,70,Australia Simon Hart Executive,https://www.rsm.global/austria/de/geschaeftsbedingungen,,
domain:steuerviertel.at,Steuerviertel Steuerberatungs GmbH & Co KG,steuerviertel.at,http://www.steuerviertel.at | http://www.steuerservice.at | http://www.kanzlei-haas.at | http://www.ginthoer.at,office@steuerviertel.at | guenther.pichler@steuerviertel.at | alexander.haas@steuerviertel.at | office@kanzlei-haas.at | office@derstadtschreiber.at | philipp.eder@steuerviertel.at,+43 50 256 55 | +43 50 256 533 | +43 2272 822 90 0 | +43 2272 822 90 30 | +43 50 256 104 | +43 2266 652 20 0 | +43 2266 652 20 33 | +43 699 10 990 787,"Hollabrunn Gemeinde: Hollabrunn Bezirk Hollabrunn +43 50 256 | Tulln an der Donau Gemeinde: Tulln an der Donau Bezirk Tulln | Gänserndorf Gemeinde: Gänserndorf Bezirk Gänserndorf +43 50 | Stockerau Gemeinde: Stockerau Bezirk Korneuburg +43 50 256 5 | Korneuburg Gemeinde: Korneuburg Bezirk Korneuburg +43 664 22 | Wien Gemeinde: Wien Wien 1.,Innere Stadt +43 1 501 55 +43 1 | Wien Gemeinde: Wien Wien 1.,Innere Stadt +43 1 501 55 0 +43",5,5,5,Steuerviertel Steuerberatungs GmbH & Co KG | Steuerviertel Steuerberatungs GmbH | A. Haas Steuerberatungs GmbH | G & W Steuerberatungs GmbH | Ginthoer & Wagner Unternehmens- und SteuerberatungsgmbH,https://ksw.or.at/mitgliederverzeichnis/?tx_kswmembers_membersdirectory%5Bcontroller%5D=MembersDirectory&tx_kswmembers_membersdirectory%5BcurrentPage%5D=374 | https://ksw.or.at/mitgliederverzeichnis/?tx_kswmembers_membersdirectory%5Bcontroller%5D=MembersDirectory&tx_kswmembers_membersdirectory%5BcurrentPage%5D=472 | https://ksw.or.at/mitgliederverzeichnis/?tx_kswmembers_membersdirectory%5Bcontroller%5D=MembersDirectory&tx_kswmembers_membersdirectory%5BcurrentPage%5D=315 | https://ksw.or.at/mitgliederverzeichnis/?tx_kswmembers_membersdirectory%5Bcontroller%5D=MembersDirectory&tx_kswmembers_membersdirectory%5BcurrentPage%5D=318 | https://ksw.or.at/mitgliederverzeichnis/?tx_kswmembers_membersdirectory%5Bcontroller%5D=MembersDirectory&tx_kswmembers_membersdirectory%5BcurrentPage%5D=115,1,CONFIRMED_30_PLUS,HIGH,70,70,official explicit employee count,"70: finden Sie uns an fünf Standorten in Stockerau, Hollabrunn, Tulln, Gänserndorf und Wien. Wir beschäftigen über 70 Mitarbeiter:innen und haben große Kapazitäten, um Ihnen mit Rat un | 70: n fünf Standorten in Stockerau, Hollabrunn, Tulln, Gänserndorf und Wien. Wir beschäftigen über 70 Mitarbeiter:innen und haben große Kapazitäten, um Ihnen mit Rat und Tat zur Seite ",0,0,1,,,,https://www.steuerviertel.at/ | https://www.steuerviertel.at/unternehmen/ | https://www.steuerviertel.at/unternehmen/ueber-uns.php | https://www.steuerviertel.at/unternehmen/standorte/ | https://www.steuerviertel.at/unternehmen/standorte/stockerau.php | https://www.steuerviertel.at/unternehmen/standorte/hollabrunn.php | https://www.steuerviertel.at/unternehmen/standorte/tulln.php | https://www.steuerviertel.at/unternehmen/standorte/gaenserndorf.php,PRIOR_STAGE2_CANDIDATE;KSW_LISTINGS_3_PLUS;LOCATIONS_3_PLUS;LEGAL_ENTITIES_2_PLUS;SANITY_SEED:Steuerviertel,VERIFY_PRIOR,CONFIRMED_30_PLUS,70,,AUSTRIA_GROUP,HIGH,Official Austrian company/group page states approximately or explicitly 70 employees.,https://www.steuerviertel.at/ | https://www.steuerservice.at/kanzlei/,Official site employee statement around 70.,Official-site employee statement is sufficient for a 30+ lower bound.,SINGLE,3,domain:steuerviertel.at | domain:kanzlei-haas.at | domain:steuerservice.at,Steuerviertel Steuerberatungs GmbH & Co KG | A. Haas Steuerberatungs GmbH | G & W Steuerberatungs GmbH,DIRECT_SHARED_PRIMARY_DOMAIN,CONFIRMED_20_PLUS,KSW,,,,,,,,,,,,Philipp Eder Steuerberater E-Mail [Partner]; Matura Studium [Management]; Diese Tätigkeiten [Partner]; Kontaktieren Sie [Partner]; Ihre Steuerfragen [Partner]; Stockerau Sparkassaplatz [Management]; Ihr Erfolg [Partner]; Fokussiertes Know-how [Partner]; Netzwerk Unt [Partner]; MED Management [Partner],Studium Betriebswirtschaft (); Wilhelm Koll Steuerberatungsgesellschaft (); Christine Tüchler Steuerberaterin (),Studium Betriebswirtschaft; Wilhelm Koll Steuerberatungsgesellschaft; Christine Tüchler Steuerberaterin,"Public sources identify owner/shareholder names, but complete share percentages were not safely established.",PARTNER_OWNED,Studium Betriebswirtschaft; Wilhelm Koll Steuerberatungsgesellschaft,Owner/Gesellschafter; Owner/Gesellschafter,MEDIUM_HIGH,https://www.steuerviertel.at/unternehmen/ueber-uns.php | https://www.steuerviertel.at/unternehmen/ueber-uns.php | https://www.steuerviertel.at/unternehmen/ueber-uns.php | https://www.steuerviertel.at/unternehmen/ueber-uns.php | https://www.steuerviertel.at/unternehmen/ueber-uns.php | https://www.steuerviertel.at/unternehmen/ueber-uns.php | https://www.steuerservice.at/ | https://www.steuerservice.at/ | https://www.steuerviertel.at/unternehmen/ueber-uns.php | https://www.steuerviertel.at/unternehmen/ueber-uns.php | https://www.steuerviertel.at/unternehmen/ueber-uns.php,No ownership was inferred from surname. Unknown share percentages remain null. For international/network firms the Austrian operational leadership is preferred over a global parent.,65946658,mobile_public,100,Wilhelm Koll Steuerberatungsgesellschaft,https://www.steuerviertel.at/impressum.php,,,,,,,
domain:stauder-schuchter-kempf.at,WS Wirtschaftsprüfungs- und Steuerberatungsgesellschaft mbH,stauder-schuchter-kempf.at,http://www.stauder-schuchter-kempf.at | http://www.stauder-kempf-partner.at | http://www.bdo.at/de-at/standorte-de/innsbruck | http://www.bdo.at | http://www.ager-partner.at | http://www.ks-beratung.at | http://www.bdo.at/de-at/standorte-de/schwaz | http://www.bdo.at/de-at/standorte-de/wolfsberg | http://www.bdo.at/de-at/Standorte-de/klagenfurt-am-wortherse | http://www.bdo.at/de-at/standorte-de/dornbirn | http://www.bdo.at/de-at/standorte-de/salzburg | http://www.bdo.at/de-at/standorte-de/judenburg | http://www.bdo.at/de-at/de-at/standorte-de/graz | http://www.bdo.at/de-at/standorte-de/eisenstadt | http://www.bdo.at/de-at/standorte-de/bruck-an-der-leitha | http://www.bdo.at/de-at/standorte-de/linz | http://www.bdo.at/de-at/standorte-de/oberwart | http://www.bdo.at/de-at/standorte-de/graz | http://www.bdo.at/de-at/standorte-de/klagenfurt-am-wortherse | http://www.bdo.at/de-at/standorte/salzburg | http://www.bdo.at/de-at/standorte/graz | http://www.bdo.at/de-at/standorte-de/schlins | http://www.gerstgrasser.at | http://www.bdo.at/de-at/standorte-de/lustenau,wilfried.stauder@wt-ssk.at | wilfried.stauder@stauder-schuchter-kempf.at | office@stauder-schuchter-kempf.at | oliver.kempf@sk-p.at | thomas.pichler@sk-p.at | christian.mueller@sk-p.at | office@sk-p.at,+43 699 19 08 32 10 | +43 512 90 83 20 30 | +43 512 90 83 20 | +43 512 90 83 20 40 | +43 512 90 83 20 50 | +43 512 908320 900,"Innsbruck Gemeinde: Innsbruck Bezirk Innsbruck-Stadt +43 699 | Innsbruck Gemeinde: Innsbruck Bezirk Innsbruck-Stadt +43 512 | Innsbruck Gemeinde: Innsbruck Bezirk Innsbruck-Stadt vertret | Wilten Gemeinde: Innsbruck Bezirk Innsbruck-Stadt +43 570 37 | Wien Gemeinde: Wien Wien 10.,Favoriten +43 5 70 375 1000 +43 | Oberwart / Felsőőr Gemeinde: Oberwart Bezirk Oberwart +43 57 | Schwaz Gemeinde: Schwaz Bezirk Schwaz +43 5 70 375 6200 schw | Wolfsberg Gemeinde: Wolfsberg Bezirk Wolfsberg +43 5 70 375 | Klagenfurt Gemeinde: Klagenfurt am Wörthersee Bezirk Klagenf | Lustenau Gemeinde: Lustenau Bezirk Dornbirn +43 5 70 375 680 | Himmelreich Gemeinde: Wals-Siezenheim Bezirk Salzburg-Umgebu | Judenburg Gemeinde: Judenburg Bezirk Murtal +43 5 70 375 870 | Graz Gemeinde: Graz Bezirk Graz(Stadt) +43 5 70 375 8000 gra | Eisenstadt Gemeinde: Eisenstadt Bezirk Eisenstadt(Stadt) +43 | Bruck an der Leitha Gemeinde: Bruck an der Leitha Bezirk Bru | Linz Gemeinde: Linz Bezirk Linz(Stadt) +43 5 70 375 4200 lin | Oberwart / Felsőőr Gemeinde: Oberwart Bezirk Oberwart +43 5 | Graz Gemeinde: Graz Bezirk Graz(Stadt) +43 5 703 758 000 +43 | Wien Gemeinde: Wien Wien 10.,Favoriten +43 676 83 57 37 00 + | Lustenau Gemeinde: Lustenau Bezirk Dornbirn +43 5 703 756 80 | Linz Gemeinde: Linz Bezirk Linz(Stadt) +43 732 660 876 +43 7 | Judenburg Gemeinde: Judenburg Bezirk Murtal +43 570 375 87 0 | Lustenau Gemeinde: Lustenau Bezirk Dornbirn +43 570 375 68 0 | Schlins Gemeinde: Schlins Bezirk Feldkirch +43 5524 21 49 0 | Wien Gemeinde: Wien Wien 10.,Favoriten +43 5524 2149 +43 552 | Wien Gemeinde: Wien Wien 10.,Favoriten +43 1 53737 +43 1 537 | Schlins Gemeinde: Schlins Bezirk Feldkirch +43 5524 2149 +43",11,4,35,WS Wirtschaftsprüfungs- und Steuerberatungsgesellschaft mbH | MOORE SKP Wirtschaftsprüfungs- und Steuerberatungsgesellschaft mbH | Stauder Kempf und Partner Wirtschaftsprüfungs- und Steuerberatungsgesellschaft mbH | Stauder Kempf und Partner Wirtschaftsprüfungs- und Steuerberatungsgesellschaft mbH & Co KG | Kempf Steuerberatungsgesellschaft mbH | BDO GmbH Wirtschaftsprüfungs- und Steuerberatungsgesellschaft | BDO Austria GmbH Wirtschaftsprüfungs- und Steuerberatungsgesellschaft | BDO Assurance GmbH Wirtschaftsprüfungs- und Steuerberatungsgesellschaft | BDO Steuerberatung GmbH | Euro Audit Wirtschaftsprüfungs GmbH | GC Steuerberatung GmbH,https://ksw.or.at/mitgliederverzeichnis/?tx_kswmembers_membersdirectory%5Bcontroller%5D=MembersDirectory&tx_kswmembers_membersdirectory%5BcurrentPage%5D=234 | https://ksw.or.at/mitgliederverzeichnis/?tx_kswmembers_membersdirectory%5Bcontroller%5D=MembersDirectory&tx_kswmembers_membersdirectory%5BcurrentPage%5D=394 | https://ksw.or.at/mitgliederverzeichnis/?tx_kswmembers_membersdirectory%5Bcontroller%5D=MembersDirectory&tx_kswmembers_membersdirectory%5BcurrentPage%5D=295 | https://ksw.or.at/mitgliederverzeichnis/?tx_kswmembers_membersdirectory%5Bcontroller%5D=MembersDirectory&tx_kswmembers_membersdirectory%5BcurrentPage%5D=386,1,CONFIRMED_20_29,HIGH,24,24,official team/profile lower bound,,24,0,3,,,,https://www.stauder-kempf-partner.at | https://www.stauder-kempf-partner.at/ueber-uns/ | https://www.stauder-kempf-partner.at/karriere/ | https://www.stauder-kempf-partner.at/unternehmensbewertung/ | https://www.stauder-kempf-partner.at/services/unternehmensbewertung/ | https://www.stauder-kempf-partner.at/kfs-bw-1-unternehmensbewertung/ | https://www.stauder-kempf-partner.at/risikomanagement-unternehmen/,PRIOR_STAGE2_CANDIDATE;TEAM_PROFILES_10_PLUS;JOB_LINKS_3_PLUS;KSW_LISTINGS_3_PLUS;LOCATIONS_3_PLUS;LEGAL_ENTITIES_2_PLUS;SANITY_SEED:MOORE,VERIFY_PRIOR,CONFIRMED_20_PLUS,28,,AUSTRIA_GROUP,HIGH,Official site provides a direct staff lower bound of at least 28.,https://www.stauder-kempf-partner.at | https://www.stauder-kempf-partner.at/ | https://www.bdo.at/de-at/standorte-de/innsbruck,Official site exposes at least 28 distinct staff profiles/personal company-domain emails.,Staff-page lower bound proves 20+ but not 30+ unless count reaches 30.,SINGLE,4,domain:stauder-schuchter-kempf.at | domain:stauder-kempf-partner.at | domain:bdo.at | domain:gerstgrasser.at,WS Wirtschaftsprüfungs- und Steuerberatungsgesellschaft mbH | Kempf Steuerberatungsgesellschaft mbH | BDO GmbH Wirtschaftsprüfungs- und Steuerberatungsgesellschaft | GC Steuerberatung GmbH,DIRECT_SHARED_PRIMARY_DOMAIN,CONFIRMED_20_PLUS,KSW,,,,,,,,,,,,Stauder Kempf [Partner]; By SK [Management]; Allgemein Wachstum [Partner]; StrategiQ Stauder Kempf [Partner]; Internationales Steuerrecht [Management]; Entscheidungsgrundlagen Inter [Management]; German Service Branchen News [Partner]; Karriere Portale [Partner]; Branchen News Über [Partner]; Laufende Buchhaltung [Management],,unresolved,Ownership/control layer was not safely established from public evidence; operational management is retained where verified.,UNRESOLVED,Bernhard Häusler LL; Christian Müller WP; Müller WP,Geschäftsführung; Geschäftsführung; Geschäftsführung,MEDIUM_HIGH,https://www.stauder-kempf-partner.at | https://www.stauder-kempf-partner.at | https://www.stauder-kempf-partner.at | https://www.stauder-kempf-partner.at | https://www.stauder-kempf-partner.at | https://www.stauder-kempf-partner.at/service/ | https://www.stauder-kempf-partner.at/service/ | https://www.stauder-kempf-partner.at/service/,No ownership was inferred from surname. Unknown share percentages remain null. For international/network firms the Austrian operational leadership is preferred over a global parent.,,,,,,,,,,,,
domain:artus.at,ARTUS Steuerberatung GmbH,artus.at,http://www.artus.at | http://blog.artus.at | http://www.wegenstein-partner.at,baden@artus.at | t.stipic@artus.at | wien@artus.at | w.dibiasi@artus.at | w.schmid@artus.at | m.obernberger@artus.at,+43 2252 204 0 | +43 2252 204 5 | +43 676 89 70 89 227 | +43 2252 20 45 | +43 1 513 79 00 0 | +43 1 513 79 00 5 | +43 1 513 79 00 | +43 676 89 70 89 210 | +43 1 5137900 402,"Baden Gemeinde: Baden Bezirk Baden +43 2252 204 0 +43 2252 2 | Wien Gemeinde: Wien Wien 1.,Innere Stadt +43 1 513 79 00 0 + | Wien Gemeinde: Wien Wien 1.,Innere Stadt +43 1 513 79 00 +43 | Wien Gemeinde: Wien Wien 1.,Innere Stadt +43 1 15 13 7900 +4",8,9,9,ARTUS Steuerberatung GmbH | ARTUS Steuerberatung GmbH & CO KG | ARTUS Steuerberatung Holding GmbH | Mag. Wolfgang SCHMID Steuerberatung GmbH | wolfgang dibiasi wirtschaftspruefung gmbh | wolfgang dibiasi secundus wirtschaftspruefung gmbH | Österreichische Revisions- und Treuhand-Gesellschaft m.b.H. | WEGENSTEIN & PARTNER Wirtschaftstreuhand & Steuerberatungsgesellschaft m.b.H.,https://ksw.or.at/mitgliederverzeichnis/?tx_kswmembers_membersdirectory%5Bcontroller%5D=MembersDirectory&tx_kswmembers_membersdirectory%5BcurrentPage%5D=322 | https://ksw.or.at/mitgliederverzeichnis/?tx_kswmembers_membersdirectory%5Bcontroller%5D=MembersDirectory&tx_kswmembers_membersdirectory%5BcurrentPage%5D=312 | https://ksw.or.at/mitgliederverzeichnis/?tx_kswmembers_membersdirectory%5Bcontroller%5D=MembersDirectory&tx_kswmembers_membersdirectory%5BcurrentPage%5D=161 | https://ksw.or.at/mitgliederverzeichnis/?tx_kswmembers_membersdirectory%5Bcontroller%5D=MembersDirectory&tx_kswmembers_membersdirectory%5BcurrentPage%5D=317 | https://ksw.or.at/mitgliederverzeichnis/?tx_kswmembers_membersdirectory%5Bcontroller%5D=MembersDirectory&tx_kswmembers_membersdirectory%5BcurrentPage%5D=181 | https://ksw.or.at/mitgliederverzeichnis/?tx_kswmembers_membersdirectory%5Bcontroller%5D=MembersDirectory&tx_kswmembers_membersdirectory%5BcurrentPage%5D=423 | https://ksw.or.at/mitgliederverzeichnis/?tx_kswmembers_membersdirectory%5Bcontroller%5D=MembersDirectory&tx_kswmembers_membersdirectory%5BcurrentPage%5D=513 | https://ksw.or.at/mitgliederverzeichnis/?tx_kswmembers_membersdirectory%5Bcontroller%5D=MembersDirectory&tx_kswmembers_membersdirectory%5BcurrentPage%5D=212 | https://ksw.or.at/mitgliederverzeichnis/?tx_kswmembers_membersdirectory%5Bcontroller%5D=MembersDirectory&tx_kswmembers_membersdirectory%5BcurrentPage%5D=176,1,CONFIRMED_20_29,HIGH,21,21,official team/profile lower bound,,2,21,10,,,,https://artus.at/ | https://artus.at/unternehmensberatung/start-ups-unternehmensgruendung/ | https://artus.at/unternehmensberatung/das-rundum-sorglos-paket-fuer-rechtsanwaelte/ | https://artus.at/karriere/ | https://artus.at/team/ | https://artus.at/ueber-uns/ | https://artus.at/wirtschaftspruefung/unternehmensbewertung/ | https://artus.at/personalmanagement/people-culture/ | https://www.bing.com/ck/a?!&&p=390d1aa5a5af389d7b662cb2543e07c0afa7f2e21566f841f13b09b7821bfbbcJmltdHM9MTc4ODA0ODAwMA&ptn=3&ver=2&hsh=4&fclid=33f23a44-0a4f-6fb2-0ac1-2d810bb36ed1&u=a1aHR0cHM6Ly9hcnR1c3dvcmxkLmNvbS8&ntb=1 | https://www.bing.com/ck/a?!&&p=f9a7f882b762ad6890e244de6e7bfd669ad81278617644bb3b51b7428a64f199JmltdHM9MTc4ODA0ODAwMA&ptn=3&ver=2&hsh=4&fclid=33f23a44-0a4f-6fb2-0ac1-2d810bb36ed1&u=a1aHR0cHM6Ly9mci53aWtpcGVkaWEub3JnL3dpa2kvQXJ0dXNfKGh1bW9yaXN0ZSk&ntb=1 | https://www.bing.com/ck/a?!&&p=800542224c937c46063f3a1230ce071e4ffb70952462db885ce07ac4b9f82800JmltdHM9MTc4ODA0ODAwMA&ptn=3&ver=2&hsh=4&fclid=33f23a44-0a4f-6fb2-0ac1-2d810bb36ed1&u=a1aHR0cHM6Ly93d3cuYXJ0dXNjby5jb20v&ntb=1 | https://www.bing.com/ck/a?!&&p=ae4fb3bc5ff3dc1c8dd086152506d54191c8d6e9867a04c0b4e76e32557aaa55JmltdHM9MTc4ODA0ODAwMA&ptn=3&ver=2&hsh=4&fclid=33f23a44-0a4f-6fb2-0ac1-2d810bb36ed1&u=a1aHR0cHM6Ly9hcnR1c3dvcmxkLmNvbS9hYm91dC11cy8&ntb=1 | https://www.bing.com/ck/a?!&&p=0462c8cf071ee81e9dd8cabd4e0334e9aed911bbde3ee64044fc53f5ed180ba3JmltdHM9MTc4ODA0ODAwMA&ptn=3&ver=2&hsh=4&fclid=33f23a44-0a4f-6fb2-0ac1-2d810bb36ed1&u=a1aHR0cHM6Ly9lbi53aWt0aW9uYXJ5Lm9yZy93aWtpL2FydHVz&ntb=1 | https://www.bing.com/ck/a?!&&p=935ec9b38db424089eb2a99dc56f7031df21173d8bb5393607a390029c679c40JmltdHM9MTc4ODA0ODAwMA&ptn=3&ver=2&hsh=4&fclid=33f23a44-0a4f-6fb2-0ac1-2d810bb36ed1&u=a1aHR0cHM6Ly93d3cuYXJ0dXNhaXIuY29tL3NvbHV0aW9ucy8&ntb=1 | https://www.bing.com/ck/a?!&&p=f2af73d45af614a6c738cb4ad78cefbe74037d88fb15bc36123fb4ad2de2b406JmltdHM9MTc4ODA0ODAwMA&ptn=3&ver=2&hsh=4&fclid=33f23a44-0a4f-6fb2-0ac1-2d810bb36ed1&u=a1aHR0cHM6Ly93d3cuYXJ0dXNhaXIuY29tL2Fib3V0LXVzLw&ntb=1 | https://www.bing.com/ck/a?!&&p=b9dbf7dbee6db879f21c2bc4796c1adcc6b20d40180a33795e82741a41facdbcJmltdHM9MTc4ODA0ODAwMA&ptn=3&ver=2&hsh=4&fclid=33f23a44-0a4f-6fb2-0ac1-2d810bb36ed1&u=a1aHR0cHM6Ly93d3cubGlua2VkaW4uY29tL2NvbXBhbnkvYXJ0dXNjb3Jw&ntb=1 | https://www.bing.com/ck/a?!&&p=c054cc10288104f51a7d2f627c5b0cc69791486b0851648b4406bde86e9b60d2JmltdHM9MTc4ODA0ODAwMA&ptn=3&ver=2&hsh=4&fclid=33f23a44-0a4f-6fb2-0ac1-2d810bb36ed1&u=a1aHR0cHM6Ly93d3cud2VhcnR1cy5jb20v&ntb=1 | https://www.bing.com/ck/a?!&&p=b15a0d9a8ea2dc8ac79c4143db329fde3c0650b0e802042d0aebb99766b22da8JmltdHM9MTc4ODA0ODAwMA&ptn=3&ver=2&hsh=4&fclid=33f23a44-0a4f-6fb2-0ac1-2d810bb36ed1&u=a1aHR0cHM6Ly93d3cueW91dHViZS5jb20vd2F0Y2g_dj1OSjhGeEdFdzdxOA&ntb=1 | https://www.bing.com/ck/a?!&&p=ebcca989b32ca516e0a53ee25a3660b75298bacbc3d049332842b5f0d2dfe751JmltdHM9MTc4ODA0ODAwMA&ptn=3&ver=2&hsh=4&fclid=2ac9e546-8686-6c76-2b7f-f283877a6deb&u=a1aHR0cHM6Ly9hcnR1c3dvcmxkLmNvbS8&ntb=1 | https://www.bing.com/ck/a?!&&p=9cd1f73830d9c97ba571520fb39061428708b16c70f35d344d6062a758f9dcd5JmltdHM9MTc4ODA0ODAwMA&ptn=3&ver=2&hsh=4&fclid=2ac9e546-8686-6c76-2b7f-f283877a6deb&u=a1aHR0cHM6Ly9mci53aWtpcGVkaWEub3JnL3dpa2kvQXJ0dXNfKGh1bW9yaXN0ZSk&ntb=1,PRIOR_STAGE2_CANDIDATE;TEAM_EMAILS_10_PLUS;JOB_LINKS_3_PLUS;KSW_LISTINGS_3_PLUS;LOCATIONS_3_PLUS;LEGAL_ENTITIES_2_PLUS;SANITY_SEED:ARTUS,VERIFY_PRIOR,CONFIRMED_20_PLUS,21,,AUSTRIA_GROUP,HIGH,Official site provides a direct staff lower bound of at least 21.,https://artus.at/,Official site exposes at least 21 distinct staff profiles/personal company-domain emails.,Staff-page lower bound proves 20+ but not 30+ unless count reaches 30.,SINGLE,2,domain:artus.at | domain:wegenstein-partner.at,ARTUS Steuerberatung GmbH | WEGENSTEIN & PARTNER Wirtschaftstreuhand & Steuerberatungsgesellschaft m.b.H.,DIRECT_SHARED_PRIMARY_DOMAIN,CONFIRMED_20_PLUS,KSW,,,,,,,,,,,,Überblick Vorsprung [Partner]; Personalmanagement Unternehmensberatung Übersicht Branchen [Partner]; Immobilien Stiftungen [Partner]; Vereine Start-ups Rechtsanwält [Management]; BLOG Kryptowährungen [Partner]; Ihre Partnerinnen [Partner]; Lebenslagen Egal [Partner]; Sie Unterstüt [Partner]; Global Mobility In [Partner]; BLOG Erf [Partner],,unresolved,Ownership/control layer was not safely established from public evidence; operational management is retained where verified.,UNRESOLVED,Bianca Wittig; Datenschnittstellen Einhaltung; Elisa Winkler Geschäftsführerin,Geschäftsführer; Managing Partner; Geschäftsführer,MEDIUM_HIGH,https://artus.at/ | https://artus.at/ | https://artus.at/ | https://artus.at/ | https://artus.at/ | https://artus.at/ | https://artus.at/ | https://artus.at/,No ownership was inferred from surname. Unknown share percentages remain null. For international/network firms the Austrian operational leadership is preferred over a global parent.,,,,,,,,,,,,
domain:kwr.at,CBS Corporate Finance Steuerberatungs-GmbH,kwr.at,http://www.kwr.at,gerold.wietrzyk@kwr.at,+43 699 1 333 30 01 | +43 699 1 333 55 55 | +43 1 245 00 3189 | +43 1 245 00 3180,"Wien Gemeinde: Wien Wien 13.,Hietzing +43 699 1 333 30 01 +4",1,1,1,CBS Corporate Finance Steuerberatungs-GmbH,https://ksw.or.at/mitgliederverzeichnis/?tx_kswmembers_membersdirectory%5Bcontroller%5D=MembersDirectory&tx_kswmembers_membersdirectory%5BcurrentPage%5D=164,1,CONFIRMED_30_PLUS,HIGH,100,100,official explicit employee count,"100: als nur ein Arbeitgeber. Wir von KWR sehen uns nicht nur als eine erfolgreiche Wirtschaftskanzlei mit über 100 Mitarbeiterinnen und Mitarbeitern, sondern wir betrachten uns vielmeh | 100: Arbeitgeber. Wir von KWR sehen uns nicht nur als eine erfolgreiche Wirtschaftskanzlei mit über 100 Mitarbeiterinnen und Mitarbeitern, sondern wir betrachten uns vielmehr als eine A",2,1,2,,,,https://www.kwr.at/ | https://www.kwr.at/team | https://www.kwr.at/ueber-uns | https://www.kwr.at/karriere,PRIOR_STAGE2_CANDIDATE,VERIFY_PRIOR,CONFIRMED_30_PLUS,100,,AUSTRIA_LEGAL_ENTITY,HIGH,Official Austrian company/group page states approximately or explicitly 100 employees.,https://www.kwr.at/karriere,Official site employee statement around 100.,Official-site employee statement is sufficient for a 30+ lower bound.,SINGLE,1,domain:kwr.at,CBS Corporate Finance Steuerberatungs-GmbH,SINGLE_GROUP,CONFIRMED_20_PLUS,KSW,,,,,,,,,,,,,Geschäftsführende Gesellschafter (); Thomas Frad (); Thomas Haberer (); Georg Karasek (); Christian Knauder-Sima (); Barbara Kuchar (); Anna Mertinz (); Jan Philipp Schifko (); Paul Schmid (); KWR Karasek Wietrzyk Rechtsanwälte (),Geschäftsführende Gesellschafter; Thomas Frad; Thomas Haberer; Georg Karasek,"Public sources identify owner/shareholder names, but complete share percentages were not safely established.",PARTNER_OWNED,Geschäftsführende Gesellschafter; Thomas Frad,Owner/Gesellschafter; Owner/Gesellschafter,MEDIUM_HIGH,https://www.kwr.at/impressum | https://www.kwr.at/impressum | https://www.kwr.at/impressum | https://www.kwr.at/impressum | https://www.kwr.at/impressum | https://www.kwr.at/impressum | https://www.kwr.at/impressum | https://www.kwr.at/impressum,No ownership was inferred from surname. Unknown share percentages remain null. For international/network firms the Austrian operational leadership is preferred over a global parent.,,central_fallback,20,,https://www.kwr.at/,,generic_fallback,30,,https://www.kwr.at/,+43124500,office@kwr.at
domain:esw-steuerberatung.at,ESW Steuerberatung GmbH & Co KG,esw-steuerberatung.at,http://www.esw-steuerberatung.at | http://www.as-treuhand.at,office@esw-steuerberatung.at | ingrid.ebner@esw-steuerberatung.at | armin.schuh@esw-steuerberatung.at,+43 6212 30303 | +43 6212 30303 10 | +43 6212 30 303 | +43 6212 30 303 10 | +43 662 84 18 48 | +43 662 84 07 11,Seekirchen am Wallersee Gemeinde: Seekirchen am Wallersee Be | Lehen Gemeinde: Anthering Bezirk Salzburg-Umgebung +43 6212 | Salzburg Gemeinde: Salzburg Bezirk Salzburg(Stadt) +43 6212,2,4,4,ESW Steuerberatung GmbH & Co KG | ESW Steuerberatung GmbH,https://ksw.or.at/mitgliederverzeichnis/?tx_kswmembers_membersdirectory%5Bcontroller%5D=MembersDirectory&tx_kswmembers_membersdirectory%5BcurrentPage%5D=163 | https://ksw.or.at/mitgliederverzeichnis/?tx_kswmembers_membersdirectory%5Bcontroller%5D=MembersDirectory&tx_kswmembers_membersdirectory%5BcurrentPage%5D=187 | https://ksw.or.at/mitgliederverzeichnis/?tx_kswmembers_membersdirectory%5Bcontroller%5D=MembersDirectory&tx_kswmembers_membersdirectory%5BcurrentPage%5D=384 | https://ksw.or.at/mitgliederverzeichnis/?tx_kswmembers_membersdirectory%5Bcontroller%5D=MembersDirectory&tx_kswmembers_membersdirectory%5BcurrentPage%5D=167,1,CONFIRMED_30_PLUS,HIGH,80,80,official explicit employee count,80: ge Wirtschaftsprüfungsgesellschaft agiert die neXt audit mittlerweile an 6 Standorten mit über 80 Mitarbeitern und mehr als 100 Prüfungsmandaten. Durch den Einsatz modernster Prüfu,0,1,0,,,,https://www.esw-steuerberatung.at/ | https://www.esw-steuerberatung.at/leistungen/,PRIOR_STAGE2_CANDIDATE;KSW_LISTINGS_3_PLUS;LOCATIONS_3_PLUS;LEGAL_ENTITIES_2_PLUS,VERIFY_PRIOR,CONFIRMED_30_PLUS,80,,AUSTRIA_GROUP,HIGH,Official Austrian company/group page states approximately or explicitly 80 employees.,https://www.esw-steuerberatung.at/leistungen/,Official site employee statement around 80.,Official-site employee statement is sufficient for a 30+ lower bound.,SINGLE,1,domain:esw-steuerberatung.at,ESW Steuerberatung GmbH & Co KG,SINGLE_GROUP,CONFIRMED_20_PLUS,KSW,,,,,,,,,,,,Salzburg Anthering ESW Download [Partner]; Bereich ESW Klienten Portal [Partner]; Home ESW Leistungen Wissenswertes [Partner]; Anliegen Login Lost Password [Partner]; Reset Password Enter [Partner],,unresolved,Ownership/control layer was not safely established from public evidence; operational management is retained where verified.,UNRESOLVED,Anliegen Login Lost Password; Bereich ESW Klienten Portal; Home ESW Leistungen Wissenswertes,Partner; Partner; Partner,MEDIUM_HIGH,https://www.esw-steuerberatung.at/ | https://www.esw-steuerberatung.at/ | https://www.esw-steuerberatung.at/ | https://www.esw-steuerberatung.at/ | https://www.esw-steuerberatung.at/,No ownership was inferred from surname. Unknown share percentages remain null. For international/network firms the Austrian operational leadership is preferred over a global parent.,+43621230303,direct_extension,99,Bereich ESW Klienten Portal,https://www.esw-steuerberatung.at/impressum/ | https://www.esw-steuerberatung.at/kontakt/,,generic_email,34,Bereich ESW Klienten Portal,https://www.esw-steuerberatung.at/impressum/ | https://www.esw-steuerberatung.at/kontakt/,,
domain:lafer-partner.at,GS Steuerberatung GmbH,lafer-partner.at,http://www.lafer-partner.at | https://www.lafer-partner.at | https://www.lafer-partner.at/,sifkovits@lafer-partner.at | kanzlei@lafer-partner.at | lafer@lafer-partner.at | hoedl@lafer-partner.at | schwarz@lafer-partner.at,+43 664 463 76 31 | +43 3112 4678 38 | +43 3112 4678 | +43 3112 46 78 | +43 3112 46 78 9 | +43 3112 46 78 0,Ludersdorf Gemeinde: Ludersdorf-Wilfersdorf Bezirk Weiz +43 | Gleisdorf Gemeinde: Gleisdorf Bezirk Weiz +43 3112 4678 kanz | Gleisdorf Gemeinde: Gleisdorf Bezirk Weiz +43 3112 46 78 +43 | Gleisdorf Gemeinde: Gleisdorf Bezirk Weiz +43 3112 46 78 hoe | Gleisdorf Gemeinde: Gleisdorf Bezirk Weiz +43 3112 46 78 sch,6,6,6,GS Steuerberatung GmbH | WMG Steuerberatung GmbH | L + P Steuerberatung GmbH | Metis Steuerberatung GmbH | Schwarz Steuerberatung GmbH | Lafer + Partner Wirtschaftstreuhand- und Steuerberatungs GmbH,https://ksw.or.at/mitgliederverzeichnis/?tx_kswmembers_membersdirectory%5Bcontroller%5D=MembersDirectory&tx_kswmembers_membersdirectory%5BcurrentPage%5D=74 | https://ksw.or.at/mitgliederverzeichnis/?tx_kswmembers_membersdirectory%5Bcontroller%5D=MembersDirectory&tx_kswmembers_membersdirectory%5BcurrentPage%5D=397 | https://ksw.or.at/mitgliederverzeichnis/?tx_kswmembers_membersdirectory%5Bcontroller%5D=MembersDirectory&tx_kswmembers_membersdirectory%5BcurrentPage%5D=45 | https://ksw.or.at/mitgliederverzeichnis/?tx_kswmembers_membersdirectory%5Bcontroller%5D=MembersDirectory&tx_kswmembers_membersdirectory%5BcurrentPage%5D=465 | https://ksw.or.at/mitgliederverzeichnis/?tx_kswmembers_membersdirectory%5Bcontroller%5D=MembersDirectory&tx_kswmembers_membersdirectory%5BcurrentPage%5D=501 | https://ksw.or.at/mitgliederverzeichnis/?tx_kswmembers_membersdirectory%5Bcontroller%5D=MembersDirectory&tx_kswmembers_membersdirectory%5BcurrentPage%5D=473,1,CONFIRMED_30_PLUS,HIGH,44,44,official team/profile lower bound,,0,44,1,,,,https://www.lafer-partner.at/ | https://www.lafer-partner.at/de/kanzlei/standort_gleisdorf/ | https://www.lafer-partner.at/de/kanzlei/standort_feldbach/ | https://www.lafer-partner.at/de/kanzlei/team_gleisdorf/ | https://www.lafer-partner.at/de/kanzlei/team_feldbach/ | https://www.lafer-partner.at/de/kanzlei/ansprechpartner_trust/ | https://www.lafer-partner.at/de/kanzlei/philosophie/ | https://www.lafer-partner.at/de/kanzlei/kontakt/,PRIOR_STAGE2_CANDIDATE;TEAM_EMAILS_10_PLUS;KSW_LISTINGS_3_PLUS;LOCATIONS_3_PLUS;LEGAL_ENTITIES_2_PLUS,VERIFY_PRIOR,CONFIRMED_30_PLUS,43,,AUSTRIA_GROUP,HIGH,Official site provides a direct staff lower bound of at least 43.,https://www.lafer-partner.at/,Official site exposes at least 43 distinct staff profiles/personal company-domain emails.,Staff-page lower bound alone proves 30+; no upper bound assumed.,SINGLE,1,domain:lafer-partner.at,GS Steuerberatung GmbH,SINGLE_GROUP,CONFIRMED_20_PLUS,KSW,,,,,,,,,,,,Steuerberater Gleisdorf [Partner]; Standort Feldbach Ansprechpartner Gleisdorf [Partner]; Ansprechpartner Feldbach Ansprechpartner Trust [Partner]; Lohnverrechnung Steuer [Partner]; Feldbach Ansprechpartner Gleisdorf Ansprechpartner [Partner]; Feldbach Ansprechpartner Trust Philosophie [Partner]; Unternehmensnachfolge Internationales [Management]; Unternehmensnachfolge Internationales Finanzstrafrecht Landwirts [Management]; Standort Gleisdorf Standort Feldbach [Partner]; Ansprechpartner Gleisdorf Ansprechpartner Feldbach [Partner],,unresolved,Ownership/control layer was not safely established from public evidence; operational management is retained where verified.,UNRESOLVED,Ansprechpartner Mag; Elisabeth Puntigam-Schauperl Firmensitz Unterweißenbach; Elisabeth Puntigam-Schauperl Steuerberaterin Partnerin,Geschäftsführer; Geschäftsführer; Geschäftsführer,MEDIUM_HIGH,https://www.lafer-partner.at/ | https://www.lafer-partner.at/ | https://www.lafer-partner.at/ | https://www.lafer-partner.at/ | https://www.lafer-partner.at/ | https://www.lafer-partner.at/ | https://www.lafer-partner.at/ | https://www.lafer-partner.at/,No ownership was inferred from surname. Unknown share percentages remain null. For international/network firms the Austrian operational leadership is preferred over a global parent.,,central_context,20,Ansprechpartner Mag,https://www.lafer-partner.at/de/kanzlei/standort_feldbach/,trust@scheipner-lafer.at,named_context_email,74,Ansprechpartner Mag,https://www.lafer-partner.at/de/kanzlei/ansprechpartner_trust/ | https://www.lafer-partner.at/de/kanzlei/standort_feldbach/,,
domain:intercura.at,INTERCURA Ost Steuerberatungsgesellschaft m.b.H.,intercura.at,http://www.intercura.at | http://www.fstax.at,office-ost@intercura.at | office@intercura.at | office@fstax.at | markus.dankl@aon.at | martin.haselberger@gmail.com,+43 2682 24553 | +43 1 402 40 04 | +43 1 402 48 38 | +43 699 1 013 43 43 | +43 664 522 17 08,"Eisenstadt Gemeinde: Eisenstadt Bezirk Eisenstadt(Stadt) +43 | Wien Gemeinde: Wien Wien 1.,Innere Stadt +43 1 402 40 04 +43",2,2,2,INTERCURA Ost Steuerberatungsgesellschaft m.b.H. | Intercura Treuhand- und Revisionsgesellschaft m.b.H.,https://ksw.or.at/mitgliederverzeichnis/?tx_kswmembers_membersdirectory%5Bcontroller%5D=MembersDirectory&tx_kswmembers_membersdirectory%5BcurrentPage%5D=304 | https://ksw.or.at/mitgliederverzeichnis/?tx_kswmembers_membersdirectory%5Bcontroller%5D=MembersDirectory&tx_kswmembers_membersdirectory%5BcurrentPage%5D=455,1,CONFIRMED_30_PLUS,HIGH,70,70,official explicit employee count,70: sweise spart Ihnen Zeit und Kosten. Mit zwei Kanzleistandorten in Wien und Eisenstadt und über 70 Mitarbeitern bilden wir ein starkes Fundament für qualitativ hochwertige Beratung ,0,2,1,,,,https://intercura.at/ | https://intercura.at/unternehmen/ | https://intercura.at/kanzlei-wien/ | https://intercura.at/kanzlei-eisenstadt/ | https://intercura.at/karriere/,PRIOR_STAGE2_CANDIDATE;LEGAL_ENTITIES_2_PLUS,VERIFY_PRIOR,CONFIRMED_30_PLUS,70,,AUSTRIA_GROUP,HIGH,Official Austrian company/group page states approximately or explicitly 70 employees.,https://intercura.at/unternehmen/,Official site employee statement around 70.,Official-site employee statement is sufficient for a 30+ lower bound.,SINGLE,1,domain:intercura.at,INTERCURA Ost Steuerberatungsgesellschaft m.b.H.,SINGLE_GROUP,CONFIRMED_20_PLUS,KSW,,,,,,,,,,,,Wirtschaftsprüfer Mag [Geschäftsführung]; Friedrich Schnabel [Geschäftsführung]; Im Jahr [Management]; Steuerberater Christian Lang [Geschäftsführer]; Ihren Erfolg [Management]; Markus Dankl Steuerberater [Geschäftsführung]; Friedrich Schnabel Steuerberater [Geschäftsführung]; Wirtschaftsprüfer Dr [Geschäftsführung]; Manfred Wagner Steuerberater [Geschäftsführung]; Wirtschaftsprüfer Christian Lang Steuerberater [Management],Steuerberater Dr (); Manfred Wagner (); Wirtschaftstreuhandkanzlei Dr (); Manfred Wagner Funktionen (); Friedrich Schnabel Schukowitzgasse (); Allgemein Wir (),Steuerberater Dr; Manfred Wagner; Wirtschaftstreuhandkanzlei Dr; Manfred Wagner Funktionen,"Public sources identify owner/shareholder names, but complete share percentages were not safely established.",PARTNER_OWNED,Steuerberater Dr; Manfred Wagner,Owner/Gesellschafter; Owner/Gesellschafter,MEDIUM_HIGH,https://intercura.at/unternehmen/ | https://intercura.at/unternehmen/ | https://intercura.at/unternehmen/ | https://intercura.at/unternehmen/ | https://intercura.at/unternehmen/ | https://intercura.at/unternehmen/ | https://intercura.at/unternehmen/ | https://intercura.at/unternehmen/ | https://intercura.at/unternehmen/ | https://intercura.at/unternehmen/ | https://www.fstax.at/kanzlei/ | https://www.fstax.at/kanzlei/ | https://www.fstax.at/impressum/ | https://www.fstax.at/impressum/,No ownership was inferred from surname. Unknown share percentages remain null. For international/network firms the Austrian operational leadership is preferred over a global parent.,+4369910134343,mobile_public,108,Steuerberater Dr,https://www.fstax.at/ | https://www.fstax.at/impressum/ | https://www.fstax.at/kanzlei/ | https://www.fstax.at/kontakt/ | https://www.fstax.at/steuernews/,friedrich.schnabel@fsgh.at,named_context_email,78,Steuerberater Dr,https://www.fstax.at/ | https://www.fstax.at/impressum/ | https://www.fstax.at/kanzlei/ | https://www.fstax.at/kontakt/ | https://www.fstax.at/steuernews/,,
domain:kth.at,kth steuerberatung gmbh,kth.at,http://www.kth.at | http://www.kaerntner-treuhand.at | https://kth.at | http://www.freshtax.at,villach@kth.at | r.kocara@kth.at | klagenfurt@kth.at | hans.malliga@kth.at | k.lepuschuetz@kth.at | m.kindler@kth.at | spittal@kth.at | p.feierabend@kth.at | office@procedo-audit.at,+43 4242 229 20 | +43 4242 229 20 20 | +43 676 605 58 99 | +43 4242 229 20 23 | +43 463 229 020 0 | +43 463 229 020 19 | +43 4242 229 20 22 | +43 4762 40 01 | +43 4762 40 01 18 | +43 4762 4001 16 | +43 4242 22 92 00 | +43 4762 40 01 0 | +43 463 51 53 53 | +43 463 51 53 53 45 | +43 680 217 92 23,Villach-Innere Stadt Gemeinde: Villach Bezirk Villach Stadt | Klagenfurt Gemeinde: Klagenfurt am Wörthersee Bezirk Klagenf | Spittal an der Drau Gemeinde: Spittal an der Drau Bezirk Spi | Weng Gemeinde: Werfenweng Bezirk Sankt Johann im Pongau +43,8,9,9,kth steuerberatung gmbh | kth wirtschaftsprüfung gmbh | procedo audit wirtschaftsprüfung gmbH | FPFM Steuerberatungs & Wirtschaftsprüfungs GmbH | kth Kärntner Treuhand GmbH Wirtschaftsprüfungs- und Steuerberatungsgesellschaft | smatax Steuerberatungs GmbH | FreshTax Steuerberatungs GmbH | Fresh Holding Steuerberatungs GmbH,https://ksw.or.at/mitgliederverzeichnis/?tx_kswmembers_membersdirectory%5Bcontroller%5D=MembersDirectory&tx_kswmembers_membersdirectory%5BcurrentPage%5D=215 | https://ksw.or.at/mitgliederverzeichnis/?tx_kswmembers_membersdirectory%5Bcontroller%5D=MembersDirectory&tx_kswmembers_membersdirectory%5BcurrentPage%5D=26 | https://ksw.or.at/mitgliederverzeichnis/?tx_kswmembers_membersdirectory%5Bcontroller%5D=MembersDirectory&tx_kswmembers_membersdirectory%5BcurrentPage%5D=122 | https://ksw.or.at/mitgliederverzeichnis/?tx_kswmembers_membersdirectory%5Bcontroller%5D=MembersDirectory&tx_kswmembers_membersdirectory%5BcurrentPage%5D=24 | https://ksw.or.at/mitgliederverzeichnis/?tx_kswmembers_membersdirectory%5Bcontroller%5D=MembersDirectory&tx_kswmembers_membersdirectory%5BcurrentPage%5D=25 | https://ksw.or.at/mitgliederverzeichnis/?tx_kswmembers_membersdirectory%5Bcontroller%5D=MembersDirectory&tx_kswmembers_membersdirectory%5BcurrentPage%5D=387 | https://ksw.or.at/mitgliederverzeichnis/?tx_kswmembers_membersdirectory%5Bcontroller%5D=MembersDirectory&tx_kswmembers_membersdirectory%5BcurrentPage%5D=336 | https://ksw.or.at/mitgliederverzeichnis/?tx_kswmembers_membersdirectory%5Bcontroller%5D=MembersDirectory&tx_kswmembers_membersdirectory%5BcurrentPage%5D=134,1,CONFIRMED_30_PLUS,HIGH,70,70,official explicit employee count,"70: r Großbetrieb, sondern ein Team, in dem Menschen zählen und Persönlichkeit Platz hat. Mit rund 70 Kolleginnen und Kollegen an unseren Standorten in Klagenfurt, Villach und Spittal ",0,3,3,,,,https://www.kth.at/ | https://www.kth.at/leistungen-kth-steuer-unternehmensberatung-kaernten/ | https://www.kth.at/leistungen/unternehmensentwicklung/ | https://www.kth.at/ueberuns/standorte/ | https://www.kth.at/karriere/ | https://www.kth.at/karriere/offene-stellen/ | https://www.kth.at/karriere/online-bewerben/ | https://www.kth.at,PRIOR_STAGE2_CANDIDATE;JOB_LINKS_3_PLUS;KSW_LISTINGS_3_PLUS;LOCATIONS_3_PLUS;LEGAL_ENTITIES_2_PLUS,VERIFY_PRIOR,CONFIRMED_30_PLUS,70,,AUSTRIA_GROUP,HIGH,Official Austrian company/group page states approximately or explicitly 70 employees.,https://www.kth.at/karriere/,Official site employee statement around 70.,Official-site employee statement is sufficient for a 30+ lower bound.,SINGLE,2,domain:kth.at | domain:freshtax.at,kth steuerberatung gmbh | smatax Steuerberatungs GmbH,DIRECT_SHARED_PRIMARY_DOMAIN,CONFIRMED_20_PLUS,KSW,,,,,,,,,,,,Ärzte Energiewirtschaft Immobilien [Partner]; Bauwirtschaft Über [Partner]; Ansprechpartner Standorte [Partner]; Stellen Online Bewerben Aktuelles [Partner]; Service Klientenportal BMD Finmatics [Partner]; Whistleblower Channel Terminvereinbarun [Management]; Ihren Erfolg [Partner]; Leistungen Branchenwissen [Partner]; Branchen Gestalten Sie Ihre [Partner]; Rechnungswesen Mehr [Partner],Steuernews Verbotene Einlagenrückgewähr (); Wenn Gesellschaftervorteile (); Ihre Privatsphäre (); Ihren Aktionen (); Henry Welisch (),Steuernews Verbotene Einlagenrückgewähr; Wenn Gesellschaftervorteile; Ihre Privatsphäre; Ihren Aktionen,"Public sources identify owner/shareholder names, but complete share percentages were not safely established.",PARTNER_OWNED,Steuernews Verbotene Einlagenrückgewähr; Wenn Gesellschaftervorteile,Owner/Gesellschafter; Owner/Gesellschafter,MEDIUM_HIGH,https://www.kth.at/ | https://www.kth.at/ | https://www.kth.at/ | https://www.kth.at/ | https://www.kth.at/ | https://www.kth.at/ | https://www.kth.at/ | https://www.kth.at/ | https://www.kth.at/ | https://www.kth.at/ | https://www.kth.at/impressum/ | https://www.kth.at/impressum/ | https://www.kth.at/impressum/,No ownership was inferred from surname. Unknown share percentages remain null. For international/network firms the Austrian operational leadership is preferred over a global parent.,,central_fallback,20,,https://www.kth.at/impressum/,,generic_fallback,30,,https://www.kth.at/impressum/,25275500,villach@kth.at
domain:murtax.at,MZ Steuerberatungs GmbH,murtax.at,http://www.murtax.at,zehner@murtax.at | tamsweg@murtax.at | judenburg@murtax.at,+43 664 966 13 41 | +43 6474 74 71 | +43 6474 74 71 324 | +43 3572 854 40 0 | +43 3572 854 40 440,Tamsweg Gemeinde: Tamsweg Bezirk Tamsweg vertreten durch: Ze | Tamsweg Gemeinde: Tamsweg Bezirk Tamsweg +43 6474 74 71 +43 | Judenburg Gemeinde: Judenburg Bezirk Murtal +43 3572 854 40,3,3,3,MZ Steuerberatungs GmbH | murtax Steuerberatungs GmbH & Co KG | murtax Judenburg Steuerberatungs GmbH & Co KG,https://ksw.or.at/mitgliederverzeichnis/?tx_kswmembers_membersdirectory%5Bcontroller%5D=MembersDirectory&tx_kswmembers_membersdirectory%5BcurrentPage%5D=64 | https://ksw.or.at/mitgliederverzeichnis/?tx_kswmembers_membersdirectory%5Bcontroller%5D=MembersDirectory&tx_kswmembers_membersdirectory%5BcurrentPage%5D=42 | https://ksw.or.at/mitgliederverzeichnis/?tx_kswmembers_membersdirectory%5Bcontroller%5D=MembersDirectory&tx_kswmembers_membersdirectory%5BcurrentPage%5D=238,1,CONFIRMED_30_PLUS,HIGH,90,90,official explicit employee count,"90: etzt online Bewerben Die murtax GmbH wurde 1950 gegründet und beschäftigt an 3 Standorten rund 90 MitarbeiterInnen bei murtax Steuerberatung, murtax Coaching & Consulting, murtax I",0,4,2,,,,https://www.murtax.at/ | https://www.murtax.at/ansprechpartner | https://www.murtax.at/karriere | https://www.murtax.at/unternehmensberatung,PRIOR_STAGE2_CANDIDATE;KSW_LISTINGS_3_PLUS;LOCATIONS_3_PLUS;LEGAL_ENTITIES_2_PLUS,VERIFY_PRIOR,CONFIRMED_30_PLUS,90,,AUSTRIA_GROUP,HIGH,Official Austrian company/group page states approximately or explicitly 90 employees.,https://www.murtax.at/karriere,Official site employee statement around 90.,Official-site employee statement is sufficient for a 30+ lower bound.,SINGLE,1,domain:murtax.at,MZ Steuerberatungs GmbH,SINGLE_GROUP,CONFIRMED_20_PLUS,KSW,,,,,,,,,,,,Fernwartung More Use [Partner]; Ansprechpartner Wir [Partner]; Ernst Autischer Mag [Geschäftsführer]; Birgit Winkler [Geschäftsführer]; Firmenbuch-Nummer FN [Geschäftsführer]; Firmenbuch-Gericht Leoben [Geschäftsführer]; UID-Nummer ATU [Geschäftsführer]; Walter Prodinger [Geschäftsführer]; Firmenbuch-Gericht Salzburg [Geschäftsführer]; Allgemeine Auftragsb [Management],,unresolved,Ownership/control layer was not safely established from public evidence; operational management is retained where verified.,UNRESOLVED,Birgit Winkler; Ernst Autischer Mag; Firmenbuch-Gericht Leoben,Geschäftsführer; Geschäftsführer; Geschäftsführer,MEDIUM_HIGH,https://www.murtax.at/ansprechpartner | https://www.murtax.at/ansprechpartner | https://www.murtax.at/impressum | https://www.murtax.at/impressum | https://www.murtax.at/impressum | https://www.murtax.at/impressum | https://www.murtax.at/impressum | https://www.murtax.at/impressum,No ownership was inferred from surname. Unknown share percentages remain null. For international/network firms the Austrian operational leadership is preferred over a global parent.,68980301,mobile_public,100,Birgit Winkler,https://www.murtax.at/impressum,judenburg@murtax.at,named_context_email,70,Birgit Winkler,https://www.murtax.at/impressum,,
domain:stingl.com,PIWO Steuerberatung GmbH,stingl.com,http://www.stingl.com | http://www.tax-point.at,kp@stingl.com | bw@stingl.com | office@stingl.com,+43 1 604 01 51 0 | +43 1 604 01 51 25 | +43 1 604 01 51 | +43 676 700 35 40,"Wien Gemeinde: Wien Wien 3.,Landstraße +43 1 604 01 51 0 +43 | Wien Gemeinde: Wien Wien 1.,Innere Stadt +43 1 604 01 51 +43",4,3,3,PIWO Steuerberatung GmbH | Stingl Steuer- & Immobilienberatung GmbH | Stingl Steuer- & Immobilienberatung GmbH & Co KG | taxpoint steuerberatung gmbh,https://ksw.or.at/mitgliederverzeichnis/?tx_kswmembers_membersdirectory%5Bcontroller%5D=MembersDirectory&tx_kswmembers_membersdirectory%5BcurrentPage%5D=122 | https://ksw.or.at/mitgliederverzeichnis/?tx_kswmembers_membersdirectory%5Bcontroller%5D=MembersDirectory&tx_kswmembers_membersdirectory%5BcurrentPage%5D=416 | https://ksw.or.at/mitgliederverzeichnis/?tx_kswmembers_membersdirectory%5Bcontroller%5D=MembersDirectory&tx_kswmembers_membersdirectory%5BcurrentPage%5D=534,1,POSSIBLE_20_PLUS,LOW_MEDIUM,0,0,multiple scale signals; manual verification needed,,0,0,0,,,,http://stingl.com/,PRIOR_STAGE2_CANDIDATE;KSW_LISTINGS_3_PLUS;LOCATIONS_3_PLUS;LEGAL_ENTITIES_2_PLUS,DEEP_RESEARCH,CONFIRMED_20_PLUS,22,,AUSTRIA_GROUP,HIGH,Official site provides a direct staff lower bound of at least 22.,https://stingl.com/,Official site exposes at least 22 distinct staff profiles/personal company-domain emails.,Staff-page lower bound proves 20+ but not 30+ unless count reaches 30.,SINGLE,2,domain:stingl.com | domain:tax-point.at,PIWO Steuerberatung GmbH | taxpoint steuerberatung gmbh,DIRECT_SHARED_PRIMARY_DOMAIN,CONFIRMED_20_PLUS,KSW,,,,,,,,,,,,Peter Stingl Gesellschafter-Geschäftsführer Top [Geschäftsführer]; Rosemarie Krautzer Assistentin [Geschäftsführer]; Stingl Gesellschafter-Geschäftsführer Top Haus [Geschäftsführer]; Sabine Semenka Te [Geschäftsführung]; Sabine Semenka Teamleitung Sekretariat [Geschäftsführung]; Stingl Steuer [Management]; Lenka Hrdinová [Management]; BA Sekretariat Sti [Management]; Stingl Gründer [Partner]; Senior Advisor [Partner],Peter Stingl Gesellschafter-Geschäftsführer Top (); Rosemarie Krautzer Assistentin (),Peter Stingl Gesellschafter-Geschäftsführer Top; Rosemarie Krautzer Assistentin,"Public sources identify owner/shareholder names, but complete share percentages were not safely established.",PARTNER_OWNED,Peter Stingl Gesellschafter-Geschäftsführer Top; Rosemarie Krautzer Assistentin,Owner/Gesellschafter; Owner/Gesellschafter,MEDIUM_HIGH,https://stingl.com/team/ | https://stingl.com/team/ | https://stingl.com/team/ | https://stingl.com/team/ | https://stingl.com/team/ | https://stingl.com/team/ | https://stingl.com/team/ | https://stingl.com/team/ | https://stingl.com/team/ | https://stingl.com/team/,No ownership was inferred from surname. Unknown share percentages remain null. For international/network firms the Austrian operational leadership is preferred over a global parent.,+43160401510,mobile_public,108,Peter Stingl Gesellschafter-Geschäftsführer Top,https://stingl.com/ | https://stingl.com/en/career/ | https://stingl.com/en/career/experienced-accountant-digital-accountant-3/ | https://stingl.com/en/career/experienced-certified-accountant-3/ | https://stingl.com/en/career/experienced-certified-accountant/ | https://stingl.com/en/team/ | https://stingl.com/impressum/ | https://stingl.com/karriere/ | https://stingl.com/karriere/erfahrene-r-bilanzbuch-halterin-m-w-d-vz-oder-tz/ | https://stingl.com/karriere/test-teamleiterin-rechnungswesen-m-w-d-vz/,hausbetreuung@stingl.com,named_context_email,78,Peter Stingl Gesellschafter-Geschäftsführer Top,https://stingl.com/ | https://stingl.com/en/career/ | https://stingl.com/en/career/experienced-accountant-digital-accountant-3/ | https://stingl.com/en/career/experienced-certified-accountant-3/ | https://stingl.com/en/career/experienced-certified-accountant/ | https://stingl.com/en/team/ | https://stingl.com/impressum/ | https://stingl.com/karriere/ | https://stingl.com/karriere/erfahrene-r-bilanzbuch-halterin-m-w-d-vz-oder-tz/ | https://stingl.com/karriere/test-teamleiterin-rechnungswesen-m-w-d-vz/,,
domain:saller.at,Saller & Saller Steuerberatungsgesellschaft m.b.H.,saller.at,http://www.saller.at,team@saller.at | thomas.saller@saller.at | office@saller.at | maria.toferer@saller.at | grossarl@saller.at,+43 6462 27 41 0 | +43 6462 27 41 40 | +43 664 2419995 | +43 6462 2741 | +43 664 88 23 16 55 | +43 6462 2741 42 | +43 6462 2741 0,Bischofshofen Gemeinde: Bischofshofen Bezirk Sankt Johann im | Großarl Gemeinde: Großarl Bezirk Sankt Johann im Pongau +43,1,2,2,Saller & Saller Steuerberatungsgesellschaft m.b.H.,https://ksw.or.at/mitgliederverzeichnis/?tx_kswmembers_membersdirectory%5Bcontroller%5D=MembersDirectory&tx_kswmembers_membersdirectory%5BcurrentPage%5D=98 | https://ksw.or.at/mitgliederverzeichnis/?tx_kswmembers_membersdirectory%5Bcontroller%5D=MembersDirectory&tx_kswmembers_membersdirectory%5BcurrentPage%5D=424,1,CONFIRMED_30_PLUS,HIGH,35,35,official team/profile lower bound,,0,35,18,,,,https://www.saller.at/ | https://www.saller.at/karriere | https://www.saller.at/mandanteninfo | https://www.saller.at/unternehmensberatung | https://www.bing.com/ck/a?!&&p=eae7cf02664c0ed1409b9f759abcdeb8d93599f6f3f3c1bae66b286501ec2081JmltdHM9MTc4ODA0ODAwMA&ptn=3&ver=2&hsh=4&fclid=0cd7110f-7f72-61df-0584-06ca7e27601c&u=a1aHR0cHM6Ly93d3cuZGVmaW5pdGlvbnMubmV0L2RlZmluaXRpb24vU2FsbGVy&ntb=1 | https://www.bing.com/ck/a?!&&p=42fb092d35064d706dde61dc3a06f8c3eca283deba92a7682374caf161db1e67JmltdHM9MTc4ODA0ODAwMA&ptn=3&ver=2&hsh=4&fclid=0cd7110f-7f72-61df-0584-06ca7e27601c&u=a1aHR0cHM6Ly9lbi53aWtpcGVkaWEub3JnL3dpa2kvU2FsbGVy&ntb=1 | https://www.bing.com/ck/a?!&&p=a176e51c31be7db9c8caf2276dc733e6b4a2a4906c386e4f5f6a16f9b29299f7JmltdHM9MTc4ODA0ODAwMA&ptn=3&ver=2&hsh=4&fclid=0cd7110f-7f72-61df-0584-06ca7e27601c&u=a1aHR0cHM6Ly9lbi53aWtpcGVkaWEub3JnL3dpa2kvU3BvcnQtU2FsbGVy&ntb=1 | https://www.bing.com/ck/a?!&&p=3a732ed91177d7b7e5fd5c012969bccad05ac6f2d249f6c8b007424b5e113937JmltdHM9MTc4ODA0ODAwMA&ptn=3&ver=2&hsh=4&fclid=0cd7110f-7f72-61df-0584-06ca7e27601c&u=a1aHR0cHM6Ly93d3cuZGljdGlvbmFyeS5uZXQvZGljdGlvbmFyeS9zYWxsZXI&ntb=1 | https://www.bing.com/ck/a?!&&p=eaa2f9e8f3171963f9f4e9d5f5fdb2c4dfd70a768e8077348d75c9d88b1889d3JmltdHM9MTc4ODA0ODAwMA&ptn=3&ver=2&hsh=4&fclid=0cd7110f-7f72-61df-0584-06ca7e27601c&u=a1aHR0cHM6Ly93d3cuZGljdGlvbmFyeS5uZXQvY29tcGFyZS9zYWxsZXItdnMtc2VsbGVy&ntb=1 | https://www.bing.com/ck/a?!&&p=1b4132d600cb8665fca2684410e926966ece745cd4e845cc21fafc5f51baeaacJmltdHM9MTc4ODA0ODAwMA&ptn=3&ver=2&hsh=4&fclid=0cd7110f-7f72-61df-0584-06ca7e27601c&u=a1aHR0cDovL3NhbGxlci5uZXQv&ntb=1 | https://www.bing.com/ck/a?!&&p=7490fde0ce242f21dac668e360e5fec23dba9963faa37fce35938bddf1c51615JmltdHM9MTc4ODA0ODAwMA&ptn=3&ver=2&hsh=4&fclid=0cd7110f-7f72-61df-0584-06ca7e27601c&u=a1aHR0cHM6Ly93d3cubGVnYWN5LmNvbS9vYml0dWFyaWVzL25hbWUvc2FsbGVy&ntb=1 | https://www.bing.com/ck/a?!&&p=668cc20d1b718c843aebd31540858a627728fcf066f4cb986662e46abc013780JmltdHM9MTc4ODA0ODAwMA&ptn=3&ver=2&hsh=4&fclid=0cd7110f-7f72-61df-0584-06ca7e27601c&u=a1aHR0cHM6Ly93d3cud29yZG5pay5jb20vd29yZHMvc2FsbGVy&ntb=1 | https://www.bing.com/ck/a?!&&p=58a3f1544fac7a28124fae8e6b59d7894324fb1284170c631f6364287c0c97d4JmltdHM9MTc4ODA0ODAwMA&ptn=3&ver=2&hsh=4&fclid=3eb07b19-8ccd-6116-28b1-6cdc8de06062&u=a1aHR0cHM6Ly93d3cuZGVmaW5pdGlvbnMubmV0L2RlZmluaXRpb24vU2FsbGVy&ntb=1 | https://www.bing.com/ck/a?!&&p=7b15d6475d981f98aabe4bf7440ce1cbbc74a4ecd14145289009bc506f199474JmltdHM9MTc4ODA0ODAwMA&ptn=3&ver=2&hsh=4&fclid=3eb07b19-8ccd-6116-28b1-6cdc8de06062&u=a1aHR0cHM6Ly9lbi53aWtpcGVkaWEub3JnL3dpa2kvU2FsbGVy&ntb=1 | https://www.bing.com/ck/a?!&&p=cf5e8d396d3fd53df3236dd5bfee4019ecdc31613f16d952e3ac4df481d6e41dJmltdHM9MTc4ODA0ODAwMA&ptn=3&ver=2&hsh=4&fclid=3eb07b19-8ccd-6116-28b1-6cdc8de06062&u=a1aHR0cHM6Ly9lbi53aWtpcGVkaWEub3JnL3dpa2kvU3BvcnQtU2FsbGVy&ntb=1 | https://www.bing.com/ck/a?!&&p=b341bafd78fd2423173e025a4b39e2ba94f3f3b505565859c6c4641d3c709eb2JmltdHM9MTc4ODA0ODAwMA&ptn=3&ver=2&hsh=4&fclid=3eb07b19-8ccd-6116-28b1-6cdc8de06062&u=a1aHR0cHM6Ly93d3cuZGljdGlvbmFyeS5uZXQvZGljdGlvbmFyeS9zYWxsZXI&ntb=1,PRIOR_STAGE2_CANDIDATE;TEAM_EMAILS_10_PLUS;JOB_LINKS_3_PLUS,VERIFY_PRIOR,CONFIRMED_30_PLUS,31,,AUSTRIA_LEGAL_ENTITY,HIGH,Official site provides a direct staff lower bound of at least 31.,https://www.saller.at/,Official site exposes at least 31 distinct staff profiles/personal company-domain emails.,Staff-page lower bound alone proves 30+; no upper bound assumed.,SINGLE,1,domain:saller.at,Saller & Saller Steuerberatungsgesellschaft m.b.H.,SINGLE_GROUP,CONFIRMED_20_PLUS,KSW,,,,,,,,,,,,Tax Lawyer [Geschäftsführer]; Payroll Manager [Geschäftsführer]; Senior Account Manager [Geschäftsführer]; Geschäftsführerin Ihre Spezialistin [Geschäftsführer]; Maria Toferer Mag [Geschäftsführer]; Tax Lawyer Prokuristin [Management]; Austrian Experts [Vorstand]; Nina Thalhammer Mag [Vorstand]; Diplomierte Personalverrechnerin [Geschäftsführer]; Media Firmengeschichte Karriere Übersicht [Partner],,unresolved,Ownership/control layer was not safely established from public evidence; operational management is retained where verified.,UNRESOLVED,Austrian Experts; Diplomierte Personalverrechnerin; Geschäftsführerin Ihre Spezialistin,Vorstand; Geschäftsführer; Geschäftsführer,MEDIUM_HIGH,https://www.saller.at/ | https://www.saller.at/ | https://www.saller.at/ | https://www.saller.at/ | https://www.saller.at/ | https://www.saller.at/ | https://www.saller.at/ | https://www.saller.at/,No ownership was inferred from surname. Unknown share percentages remain null. For international/network firms the Austrian operational leadership is preferred over a global parent.,+43646227410,mobile_public,104,Austrian Experts,https://www.saller.at/ | https://www.saller.at/team,nina.thalhammer@saller.at,named_context_email,74,Austrian Experts,https://www.saller.at/ | https://www.saller.at/team,,
domain:tu-linz.at,TREUHAND-UNION OÖ Wirtschaftstreuhand- Steuerberatung GmbH,tu-linz.at,http://www.tu-linz.at | http://www.tu-ooe.at | http://www.nexia-austria.at,ralph.pointner@tu-linz.at | steuerberatung@tu-ooe.at | wolfgang.steinmaurer@tu-linz.at | ursula.wiesinger@tu-linz.at | stefan.hochmayr@gmx.at | ralph.schaefer@tu-ooe.at | ralph.pointner@tu-ooe.at | daniel.mittermair@tu-ooe.at | linz@nexia-austria.at | Ralph.pointner@tu-linz.at,+43 660 525 81 90 | +43 7242 470 91 0 | +43 732 30 38 53 135 | +43 732 30 38 53 7135 | +43 7434 422 03 | +43 7434 422 03 4 | +43 732 30 38 53 0 | +43 732 30 38 53 131 | +43 732 30 38 53 | +43 732 30 38 53 7125,Wels Gemeinde: Wels Bezirk Wels(Stadt) +43 660 525 81 90 +43 | Haag Gemeinde: Haag Bezirk Amstetten +43 7434 422 03 +43 743 | Linz Gemeinde: Linz Bezirk Linz(Stadt) +43 732 30 38 53 0 +4 | Wels Gemeinde: Wels Bezirk Wels(Stadt) +43 732 30 38 53 +43 | Wels Gemeinde: Wels Bezirk Wels(Stadt) +43 660 525 81 90 Ral,3,5,5,TREUHAND-UNION OÖ Wirtschaftstreuhand- Steuerberatung GmbH | MP Steuerberatung GmbH | RJP Steuerberatung GmbH,https://ksw.or.at/mitgliederverzeichnis/?tx_kswmembers_membersdirectory%5Bcontroller%5D=MembersDirectory&tx_kswmembers_membersdirectory%5BcurrentPage%5D=293 | https://ksw.or.at/mitgliederverzeichnis/?tx_kswmembers_membersdirectory%5Bcontroller%5D=MembersDirectory&tx_kswmembers_membersdirectory%5BcurrentPage%5D=275 | https://ksw.or.at/mitgliederverzeichnis/?tx_kswmembers_membersdirectory%5Bcontroller%5D=MembersDirectory&tx_kswmembers_membersdirectory%5BcurrentPage%5D=375 | https://ksw.or.at/mitgliederverzeichnis/?tx_kswmembers_membersdirectory%5Bcontroller%5D=MembersDirectory&tx_kswmembers_membersdirectory%5BcurrentPage%5D=454 | https://ksw.or.at/mitgliederverzeichnis/?tx_kswmembers_membersdirectory%5Bcontroller%5D=MembersDirectory&tx_kswmembers_membersdirectory%5BcurrentPage%5D=262,1,CONFIRMED_30_PLUS,HIGH,400,400,official explicit employee count,400: satmosphäre! Wir feiern Erfolge gemeinsam mit Mitarbeitenden. Jedes Jahr laden wir unsere über 400 Mitarbeiter:innen zu einer inspirierenden Mitarbeitertagung an tollen Orten ein. ,0,2,9,,,,https://www.treuhand-union.com/de/standorte/21 | https://www.treuhand-union.com/de/standorte | https://www.treuhand-union.com/de/karriere | https://www.treuhand-union.com/de/standorte/tu-ooe | https://www.treuhand-union.com/de/standorte/tu-ooe/erstberatung | https://www.treuhand-union.com/de/standorte/assets/dynamic/downloads/_AAB_2018_de.pdf | https://www.treuhand-union.com/de/standorte/tu-eisenstadt | https://www.treuhand-union.com/de/standorte/tu-neusiedl-am-see,PRIOR_STAGE2_CANDIDATE;JOB_LINKS_3_PLUS;KSW_LISTINGS_3_PLUS;LOCATIONS_3_PLUS;LEGAL_ENTITIES_2_PLUS,VERIFY_PRIOR,CONFIRMED_30_PLUS,400,,AUSTRIA_GROUP,HIGH,Official Austrian company/group page states approximately or explicitly 400 employees.,https://www.treuhand-union.com/de/karriere,Official site employee statement around 400.,Official-site employee statement is sufficient for a 30+ lower bound.,SINGLE,1,domain:tu-linz.at,TREUHAND-UNION OÖ Wirtschaftstreuhand- Steuerberatung GmbH,SINGLE_GROUP,CONFIRMED_20_PLUS,KSW,,,,,,,,,,,,WERDEN SIE TEIL DES [Geschäftsführer]; TEAMS GESCHÄFTSFÜHRER Stefan HOCHMAYR [Geschäftsführer]; Stefan HOCHMAYR [Geschäftsführer]; MA Steuerberater [Geschäftsführer]; MSc Steuerberater [Geschäftsführer]; Ralph POINTNER Steuerberater [Partner]; WER LEITET DEN STANDORT [Geschäftsführer]; Ralph Pointner [Geschäftsführung]; Ralph Schäfer [Geschäftsführer]; Stefan Hochmayr [Geschäftsführer],Gesellschafter Dr (); Hannes Debus (); Vater Dr (); Ludwig Debus (); Im Jahr (); Robert Kuhar (); Im No (),Gesellschafter Dr; Hannes Debus; Vater Dr; Ludwig Debus,"Public sources identify owner/shareholder names, but complete share percentages were not safely established.",PARTNER_OWNED,Gesellschafter Dr; Hannes Debus,Owner/Gesellschafter; Owner/Gesellschafter,MEDIUM_HIGH,https://www.treuhand-union.com/de/standorte/21 | https://www.treuhand-union.com/de/standorte/21 | https://www.treuhand-union.com/de/standorte/21 | https://www.treuhand-union.com/de/standorte/21 | https://www.treuhand-union.com/de/standorte/21 | https://www.treuhand-union.com/de/standorte/21 | https://www.treuhand-union.com/de/standorte/21 | https://www.treuhand-union.com/de/standorte/21 | https://www.treuhand-union.com/de/standorte/tu-partner-kuhar | https://www.treuhand-union.com/de/standorte/tu-partner-kuhar | https://www.treuhand-union.com/de/standorte/tu-partner-kuhar | https://www.treuhand-union.com/de/standorte/tu-partner-kuhar | https://www.treuhand-union.com/de/standorte/tu-partner-kuhar | https://www.treuhand-union.com/de/standorte/tu-partner-kuhar | https://www.treuhand-union.com/de/standorte/tu-partner-kuhar,No ownership was inferred from surname. Unknown share percentages remain null. For international/network firms the Austrian operational leadership is preferred over a global parent.,,central_fallback,20,,https://www.treuhand-union.com/de/standorte/21,,generic_fallback,30,,https://www.treuhand-union.com/de/standorte/21,+43732303853,steuerberatung@tu-ooe.at
domain:kanzlei-zwerger.at,Zwerger Wirtschaftsprüfung und Steuerberatung GmbH,kanzlei-zwerger.at,https://kanzlei-zwerger.at | https://rtg.at,dunja.zwerger@kanzlei-zwerger.at | d.zwerger-holdermann@rtg.at,+43 664 531 30 21 | +43 664 5313021 | +43 5572 29600 109,Dornbirn Gemeinde: Dornbirn Bezirk Dornbirn +43 664 531 30 2,1,1,1,Zwerger Wirtschaftsprüfung und Steuerberatung GmbH,https://ksw.or.at/mitgliederverzeichnis/?tx_kswmembers_membersdirectory%5Bcontroller%5D=MembersDirectory&tx_kswmembers_membersdirectory%5BcurrentPage%5D=27,1,NO_20PLUS_EVIDENCE,LOW,0,0,no reliable 20+ evidence found,,0,1,0,,,,https://kanzlei-zwerger.at/ | https://kanzlei-zwerger.at/impressum/ | https://kanzlei-zwerger.at/datenschutz/,SANITY_SEED:RTG,DEEP_RESEARCH,CONFIRMED_30_PLUS,40,,AUSTRIA_LEGAL_ENTITY,HIGH,Official Austrian company/group page states approximately or explicitly 40 employees.,https://www.rtg.at/unternehmen,Official site employee statement around 40.,Official-site employee statement is sufficient for a 30+ lower bound.,SINGLE,1,domain:kanzlei-zwerger.at,Zwerger Wirtschaftsprüfung und Steuerberatung GmbH,SINGLE_GROUP,CONFIRMED_20_PLUS,KSW,,,,,,,,,,,,Dunja Zwerger-Holdermann Rechtsform [Geschäftsführung]; Feldkirch UID-Nummer [Geschäftsführung]; Datenverarbeitung Wir [Partner]; Moore Global Mag [Geschäftsführer]; Tanja Tiefenthaler Mag [Geschäftsführer]; Tanja Tiefenthaler [Geschäftsführung]; WP Partnerin Mag [Geschäftsführung]; Tiefgehende Expertise [Management]; Matthias Feurstein LL [Partner]; Alfred Geismayr WP [Partner],Dunja Zwerger-Holdermann Rechtsform (); Feldkirch UID-Nummer (); Datenverarbeitung Wir (); Dunja Zwerger-Holdermann Firmenbuch-Nummer (); Rechtsform RTG Dr (),Dunja Zwerger-Holdermann Rechtsform; Feldkirch UID-Nummer; Datenverarbeitung Wir; Dunja Zwerger-Holdermann Firmenbuch-Nummer,"Public sources identify owner/shareholder names, but complete share percentages were not safely established.",PARTNER_OWNED,Dunja Zwerger-Holdermann Rechtsform; Feldkirch UID-Nummer,Owner/Gesellschafter; Owner/Gesellschafter,MEDIUM_HIGH,https://kanzlei-zwerger.at/impressum/ | https://kanzlei-zwerger.at/impressum/ | https://kanzlei-zwerger.at/datenschutz/ | https://www.rtg.at/unternehmen | https://www.rtg.at/unternehmen | https://www.rtg.at/unternehmen | https://www.rtg.at/unternehmen | https://www.rtg.at/unternehmen | https://kanzlei-zwerger.at/impressum/ | https://kanzlei-zwerger.at/impressum/ | https://kanzlei-zwerger.at/datenschutz/ | https://www.rtg.at/impressum | https://www.rtg.at/impressum,No ownership was inferred from surname. Unknown share percentages remain null. For international/network firms the Austrian operational leadership is preferred over a global parent.,+436645313021,mobile_public,104,Dunja Zwerger-Holdermann Rechtsform,https://kanzlei-zwerger.at/impressum/ | https://www.rtg.at/impressum,,generic_email,34,Dunja Zwerger-Holdermann Rechtsform,https://kanzlei-zwerger.at/impressum/ | https://www.rtg.at/impressum,,
domain:adrei.eu,a drei gmbh - Steuerberatungsgesellschaft,adrei.eu,http://www.adrei.eu,hannes@zwiletitsch.eu,+43 664 101 49 71,"Wien Gemeinde: Wien Wien 8.,Josefstadt +43 664 101 49 71 han",1,1,1,a drei gmbh - Steuerberatungsgesellschaft,https://ksw.or.at/mitgliederverzeichnis/?tx_kswmembers_membersdirectory%5Bcontroller%5D=MembersDirectory&tx_kswmembers_membersdirectory%5BcurrentPage%5D=119,1,CONFIRMED_20_29,HIGH,20,20,official explicit employee count,"20: war ich in der TPA Gruppe vor allem in der Wirtschaftsprüfung tätig und leitete dort ein Team von etwa 20 Mitarbeitern als Partner und Geschäftsführer. Danach folgten mehrere Jahre | 20: in der TPA Gruppe vor allem in der Wirtschaftsprüfung tätig und leitete dort ein Team von etwa 20 Mitarbeitern als Partner und Geschäftsführer. Danach folgten mehrere Jahre, wo ich",0,0,0,,,,http://www.adrei.eu/,PRIOR_STAGE2_CANDIDATE,VERIFY_PRIOR,CONFIRMED_20_PLUS,20,,AUSTRIA_LEGAL_ENTITY,HIGH,Official Austrian company/group page proves at least 20 employees.,http://www.adrei.eu/,Official site employee statement around 20.,"Official count proves 20+, but does not safely bound an upper limit.",SINGLE,1,domain:adrei.eu,a drei gmbh - Steuerberatungsgesellschaft,SINGLE_GROUP,CONFIRMED_20_PLUS,KSW,,,,,,,,,,,,Josefstädter Straße [Management]; Johann Zwiletitsch Firmenbuch [Geschäftsführung]; Haftung UID-Nummer [Geschäftsführung]; Fragestellungen Gerne [Partner]; Business Coaching Sparringspartner [Partner]; Unternehmer Mein [Partner]; Im Business Coaching [Partner]; Home Über Uns Mag [Partner]; Johann Zwiletitsch [Partner]; BA MSc Geschäftsführender Gesellschafter [Partner],Home Über Uns Mag (); Johann Zwiletitsch (); BA MSc Geschäftsführender Gesellschafter (); Rechte Dritter (); Weitere Daten (); Diese Daten (),Home Über Uns Mag; Johann Zwiletitsch; BA MSc Geschäftsführender Gesellschafter; Rechte Dritter,"Public sources identify owner/shareholder names, but complete share percentages were not safely established.",PARTNER_OWNED,Home Über Uns Mag; Johann Zwiletitsch,Owner/Gesellschafter; Owner/Gesellschafter,MEDIUM_HIGH,http://www.adrei.eu/ | http://www.adrei.eu/ | http://www.adrei.eu/ | http://www.adrei.eu/ | http://www.adrei.eu/ | http://www.adrei.eu/ | http://www.adrei.eu/ | http://www.adrei.eu/ | http://www.adrei.eu/ | http://www.adrei.eu/ | http://www.adrei.eu/ | http://www.adrei.eu/ | http://www.adrei.eu/ | http://www.adrei.eu/,No ownership was inferred from surname. Unknown share percentages remain null. For international/network firms the Austrian operational leadership is preferred over a global parent.,+436641014971,mobile_public,100,Johann Zwiletitsch,http://www.adrei.eu/,hannes@zwiletitsch.eu,named_context_email,70,Johann Zwiletitsch,http://www.adrei.eu/,,
domain:bsteuerberatung.at,B & DA Steuerberatung GmbH,bsteuerberatung.at,http://www.bsteuerberatung.at,office@bsteuerberatung.at | edin.basic@bsteuerberatung.at,+43 1 71728 236 | +43 664 99644815 | +43 1 717 28 236,"Wien Gemeinde: Wien Wien 21.,Floridsdorf +43 1 71728 236 off",1,1,1,B & DA Steuerberatung GmbH,https://ksw.or.at/mitgliederverzeichnis/?tx_kswmembers_membersdirectory%5Bcontroller%5D=MembersDirectory&tx_kswmembers_membersdirectory%5BcurrentPage%5D=9,1,CONFIRMED_20_29,HIGH,20,20,official explicit employee count,20: rlehre Über uns Persönlich. Klar. Verlässlich. Proaktiv. B Steuerberatung ist eine Wiener Kanzlei mit über 20 Jahren Erfahrung — spezialisiert auf kleine und mittlere Unternehmen i,0,1,0,,,,https://www.bsteuerberatung.at/,PRIOR_STAGE2_CANDIDATE,VERIFY_PRIOR,CONFIRMED_20_PLUS,20,,AUSTRIA_LEGAL_ENTITY,HIGH,Official Austrian company/group page proves at least 20 employees.,https://www.bsteuerberatung.at/,Official site employee statement around 20.,"Official count proves 20+, but does not safely bound an upper limit.",SINGLE,1,domain:bsteuerberatung.at,B & DA Steuerberatung GmbH,SINGLE_GROUP,CONFIRMED_20_PLUS,KSW,,,,,,,,,,,,Amir Dreca [Geschäftsführer]; Steuern AUSGANGSLAGE Als Einzelunternehmer [Geschäftsführer]; Herr Mehani [Management]; Amel Mehani [Geschäftsführer]; Salzburg Kanzleiwechsel [Geschäftsführer]; Verbesserung BKS-Mehrsprachigkeit AUSGANGSLAGE Seit [Geschäftsführer]; Jasmina Mehi [Geschäftsführer]; Geschäftsführerin HB [Geschäftsführer]; Gänserndorf Steuerliche Neustruktur [Geschäftsführer]; Boris Drndarevi [Geschäftsführer],,unresolved,Ownership/control layer was not safely established from public evidence; operational management is retained where verified.,UNRESOLVED,Amel Mehani; Amir Dreca; Andere Steuerberater VS,Geschäftsführer; Geschäftsführer; Geschäftsführer,MEDIUM_HIGH,https://www.bsteuerberatung.at/ | https://www.bsteuerberatung.at/ | https://www.bsteuerberatung.at/ | https://www.bsteuerberatung.at/ | https://www.bsteuerberatung.at/ | https://www.bsteuerberatung.at/ | https://www.bsteuerberatung.at/ | https://www.bsteuerberatung.at/,No ownership was inferred from surname. Unknown share percentages remain null. For international/network firms the Austrian operational leadership is preferred over a global parent.,,central_fallback,20,,https://www.bsteuerberatung.at/,,generic_fallback,30,,https://www.bsteuerberatung.at/,+43171728236,office@bsteuerberatung.at
domain:czepl.at,Czepl & Partner Steuer- und Unternehmensberatungs GmbH & Co KG,czepl.at,http://www.czepl.at,office@czepl.at | thomas.reiter@czepl.at | matthias.pernkopf@czepl.at,+43 7582 620 43 | +43 7582 620 43 26 | +43 7582 620 43 0 | +43 664 88 230 370 | +43 676 943 44 22,Windischgarsten Gemeinde: Windischgarsten Bezirk Kirchdorf a | Kirchdorf an der Krems Gemeinde: Kirchdorf an der Krems Bezi | Schweizersberg Gemeinde: Roßleithen Bezirk Kirchdorf an der,4,5,5,Czepl & Partner Steuer- und Unternehmensberatungs GmbH & Co KG | TRC Steuerberatungs GmbH | TheMa Steuerberatungs GmbH | Czepl & Partner Steuer- und Unternehmensberatungs GmbH,https://ksw.or.at/mitgliederverzeichnis/?tx_kswmembers_membersdirectory%5Bcontroller%5D=MembersDirectory&tx_kswmembers_membersdirectory%5BcurrentPage%5D=390 | https://ksw.or.at/mitgliederverzeichnis/?tx_kswmembers_membersdirectory%5Bcontroller%5D=MembersDirectory&tx_kswmembers_membersdirectory%5BcurrentPage%5D=255 | https://ksw.or.at/mitgliederverzeichnis/?tx_kswmembers_membersdirectory%5Bcontroller%5D=MembersDirectory&tx_kswmembers_membersdirectory%5BcurrentPage%5D=10 | https://ksw.or.at/mitgliederverzeichnis/?tx_kswmembers_membersdirectory%5Bcontroller%5D=MembersDirectory&tx_kswmembers_membersdirectory%5BcurrentPage%5D=521,1,CONFIRMED_20_29,HIGH,25,25,official explicit employee count,25: ngeschichte zurück: Derzeit besteht das Team von Czepl & Partner aus 4 Steuerberatern und rund 25 Mitarbeiter:innen in verschiedenen Spezialgebieten. Die Ausrichtung des Unternehme,0,1,6,,,,https://www.czepl.at/ | https://www.czepl.at/karriere/ | https://www.czepl.at/ueber-uns/ | https://www.czepl.at/leistungen/unternehmens-planung-finanzierung/ | https://www.czepl.at/leistungen/unternehmens-gruendung-rechtsformgestaltung/,PRIOR_STAGE2_CANDIDATE;JOB_LINKS_3_PLUS;KSW_LISTINGS_3_PLUS;LOCATIONS_3_PLUS;LEGAL_ENTITIES_2_PLUS,VERIFY_PRIOR,CONFIRMED_20_PLUS,25,,AUSTRIA_GROUP,HIGH,Official Austrian company/group page proves at least 25 employees.,https://www.czepl.at/,Official site employee statement around 25.,"Official count proves 20+, but does not safely bound an upper limit.",SINGLE,1,domain:czepl.at,Czepl & Partner Steuer- und Unternehmensberatungs GmbH & Co KG,SINGLE_GROUP,CONFIRMED_20_PLUS,KSW,,,,,,,,,,,,Leistungen Karriere Über [Partner]; Krems Dr [Partner]; Krems MO-DO [Partner]; Uhr FR [Partner]; Uhr Windischgarsten Schuls [Partner]; Ursula Jura Kanzleimanagement Sonja [Geschäftsführung]; Hans Kanzleimanagement Nat [Geschäftsführung]; Hans Kanzleimanagement Natascha Polz [Geschäftsführung]; Lohnverrechnung Michaela Humpl Lohnverrechn [Geschäftsführung]; Lohnverrechnung Michaela Humpl Lohnverrechnung [Geschäftsführung],Krems FN (); Landesgericht Steyr Firmensitz (); Krems Firmenbuch-Nu (); Krems Firmenbuch-Nummer (); LG Steyr DVR (),Krems FN; Landesgericht Steyr Firmensitz; Krems Firmenbuch-Nu; Krems Firmenbuch-Nummer,"Public sources identify owner/shareholder names, but complete share percentages were not safely established.",PARTNER_OWNED,Krems FN; Landesgericht Steyr Firmensitz,Owner/Gesellschafter; Owner/Gesellschafter,MEDIUM_HIGH,https://www.czepl.at/ | https://www.czepl.at/ | https://www.czepl.at/ | https://www.czepl.at/ | https://www.czepl.at/ | https://www.czepl.at/ueber-uns/ | https://www.czepl.at/ueber-uns/ | https://www.czepl.at/ueber-uns/ | https://www.czepl.at/impressum/ | https://www.czepl.at/impressum/ | https://www.czepl.at/impressum/ | https://www.czepl.at/impressum/ | https://www.czepl.at/impressum/,No ownership was inferred from surname. Unknown share percentages remain null. For international/network firms the Austrian operational leadership is preferred over a global parent.,,central_context,20,Krems FN,https://www.czepl.at/impressum/,,generic_email,30,Krems FN,https://www.czepl.at/impressum/,,
domain:fusseis.at,FUSSEIS Wirtschaftsprüfungs- und Steuerberatungsgesellschaft m.b.H.,fusseis.at,http://www.fusseis.at | http://wwww.pogacar.at,office@fusseis.at | stefan.fusseis@fusseis.at | robert.lohinger@fusseis.at | peuerbach@fusseis.at | johanna.baumann@grundnig.com,+43 7752 615 0 | +43 7752 859 07 | +43 7752 615 | +43 7752 615 70 | +43 7752 85 907 | +43 7723 448 33 | +43 7723 448 33 20 | +43 7276 21 91 | +43 7276 33 83,Ried im Innkreis Gemeinde: Ried im Innkreis Bezirk Ried im I | Linz Gemeinde: Linz Bezirk Linz(Stadt) +43 7752 615 70 +43 7 | Altheim Gemeinde: Altheim Bezirk Braunau am Inn +43 7723 448 | Peuerbach Gemeinde: Peuerbach Bezirk Grieskirchen +43 7276 2 | Altheim Gemeinde: Altheim Bezirk Braunau am Inn +43 7723 443,3,4,4,FUSSEIS Wirtschaftsprüfungs- und Steuerberatungsgesellschaft m.b.H. | FUSSEIS Wirtschafts- und Steuerberatungs GmbH | Dr. Wolfgang Pogacar Steuerberatung + Wirtschaftsprüfung GmbH,https://ksw.or.at/mitgliederverzeichnis/?tx_kswmembers_membersdirectory%5Bcontroller%5D=MembersDirectory&tx_kswmembers_membersdirectory%5BcurrentPage%5D=165 | https://ksw.or.at/mitgliederverzeichnis/?tx_kswmembers_membersdirectory%5Bcontroller%5D=MembersDirectory&tx_kswmembers_membersdirectory%5BcurrentPage%5D=198 | https://ksw.or.at/mitgliederverzeichnis/?tx_kswmembers_membersdirectory%5Bcontroller%5D=MembersDirectory&tx_kswmembers_membersdirectory%5BcurrentPage%5D=433 | https://ksw.or.at/mitgliederverzeichnis/?tx_kswmembers_membersdirectory%5Bcontroller%5D=MembersDirectory&tx_kswmembers_membersdirectory%5BcurrentPage%5D=534,1,CONFIRMED_30_PLUS,HIGH,66,66,official team/profile lower bound,,2,66,1,,,,https://www.fusseis.at/ | https://www.fusseis.at/kanzlei/ | https://www.fusseis.at/kanzlei/unsere-werte/ | https://www.fusseis.at/kanzlei/team/ | https://www.fusseis.at/kanzlei/karriere/ | https://www.fusseis.at/leistung/unternehmensberatung/ | https://www.fusseis.at/kontaktdaten/,PRIOR_STAGE2_CANDIDATE;TEAM_EMAILS_10_PLUS;KSW_LISTINGS_3_PLUS;LOCATIONS_3_PLUS;LEGAL_ENTITIES_2_PLUS;SANITY_SEED:FUSSEIS,VERIFY_PRIOR,CONFIRMED_30_PLUS,65,,AUSTRIA_GROUP,HIGH,Official site provides a direct staff lower bound of at least 65.,https://www.fusseis.at/,Official site exposes at least 65 distinct staff profiles/personal company-domain emails.,Staff-page lower bound alone proves 30+; no upper bound assumed.,SINGLE,2,domain:fusseis.at | domain:wwww.pogacar.at,FUSSEIS Wirtschaftsprüfungs- und Steuerberatungsgesellschaft m.b.H. | Dr. Wolfgang Pogacar Steuerberatung + Wirtschaftsprüfung GmbH,DIRECT_SHARED_PRIMARY_DOMAIN,CONFIRMED_20_PLUS,KSW,,,,,,,,,,,,Kurze Entscheidungswege [Partner]; Altheim Ried [Geschäftsführer]; Johanna Baumann Geschäftsführerin PEUERBACH [Geschäftsführer]; Johanna Baumann Mag [Geschäftsführer]; Peuerbach Altheim Ried [Geschäftsführer]; Franz Bader Prokurist Ried [Geschäftsführer]; Franz Bader Franz Bader [Geschäftsführer]; Prokurist Ried [Geschäftsführer]; Robert Lohinger [Management]; Linz Altheim Peuerbach ALLE [Kanzleileitung],Kurze Entscheidungswege (),Kurze Entscheidungswege,"Public sources identify owner/shareholder names, but complete share percentages were not safely established.",PARTNER_OWNED,Kurze Entscheidungswege,Owner/Gesellschafter,MEDIUM_HIGH,https://www.fusseis.at/kanzlei/unsere-werte/ | https://www.fusseis.at/kanzlei/team/ | https://www.fusseis.at/kanzlei/team/ | https://www.fusseis.at/kanzlei/team/ | https://www.fusseis.at/kanzlei/team/ | https://www.fusseis.at/kanzlei/team/ | https://www.fusseis.at/kanzlei/team/ | https://www.fusseis.at/kanzlei/team/ | https://www.fusseis.at/kanzlei/unsere-werte/,No ownership was inferred from surname. Unknown share percentages remain null. For international/network firms the Austrian operational leadership is preferred over a global parent.,,,,,,,,,,,,
domain:haydn.st,Haydn Steuerberatung GmbH & Co KG,haydn.st,http://www.haydn.st,office@haydn.st,+43 3462 34800 | +43 3462 34800 30 | +43 3462 348 00 | +43 3462 348 00 30 | +43 3462 34 800 | +43 3462 34 800 30,Deutschlandsberg Gemeinde: Deutschlandsberg Bezirk Deutschla | Stainz Gemeinde: Stainz Bezirk Deutschlandsberg +43 3462 348 | Neudorf bei Stainz Gemeinde: Stainz Bezirk Deutschlandsberg,3,4,4,Haydn Steuerberatung GmbH & Co KG | H&HF Steuerberatung GmbH | Haydn Steuerberatung GmbH,https://ksw.or.at/mitgliederverzeichnis/?tx_kswmembers_membersdirectory%5Bcontroller%5D=MembersDirectory&tx_kswmembers_membersdirectory%5BcurrentPage%5D=355 | https://ksw.or.at/mitgliederverzeichnis/?tx_kswmembers_membersdirectory%5Bcontroller%5D=MembersDirectory&tx_kswmembers_membersdirectory%5BcurrentPage%5D=456 | https://ksw.or.at/mitgliederverzeichnis/?tx_kswmembers_membersdirectory%5Bcontroller%5D=MembersDirectory&tx_kswmembers_membersdirectory%5BcurrentPage%5D=242 | https://ksw.or.at/mitgliederverzeichnis/?tx_kswmembers_membersdirectory%5Bcontroller%5D=MembersDirectory&tx_kswmembers_membersdirectory%5BcurrentPage%5D=217,1,CONFIRMED_30_PLUS,HIGH,500,500,official explicit employee count,"500: ND-UNION. Im Jahr 2024 wurden wir eigenständige Partner der Treuhand-Union (26 Kanzleien, über 500 Mitarbeiter) und konnten auf diesem Weg unser regionales Netzwerk auf Partnerkanz",0,2,4,,,,https://www.haydn.st | https://www.haydn.st/die-kanzlei/ueber-uns | https://www.haydn.st/die-kanzlei/unsere-standorte | https://www.haydn.st/karriere/offene-stellen | https://www.haydn.st/karriere/steuerberater-in | https://www.haydn.st/karriere/online-bewerbung | https://www.haydn.st/karriere/unsere-benefits | https://get.teamviewer.com/sfa622d | https://www.bing.com/ck/a?!&&p=ab47f356d610b1f8f27eaa11ed65668d0f7c0c64e5b7e26ba78951b7494f3379JmltdHM9MTc4ODA0ODAwMA&ptn=3&ver=2&hsh=4&fclid=330332a6-d1d6-66d7-03d1-2563d0326761&u=a1aHR0cHM6Ly9lbi53aWtpcGVkaWEub3JnL3dpa2kvSm9zZXBoX0hheWRu&ntb=1 | https://www.bing.com/ck/a?!&&p=6c3e4c4acb216e7cc052ea6b88bc6e2e83258351166bd360acf6b6b0487be9dfJmltdHM9MTc4ODA0ODAwMA&ptn=3&ver=2&hsh=4&fclid=330332a6-d1d6-66d7-03d1-2563d0326761&u=a1aHR0cHM6Ly93d3cuYnJpdGFubmljYS5jb20vYmlvZ3JhcGh5L0pvc2VwaC1IYXlkbg&ntb=1 | https://www.bing.com/ck/a?!&&p=aeae856a5cf53534315c20eebcb5a745b7c4cfbf4ce98f9be335f326b9d32dabJmltdHM9MTc4ODA0ODAwMA&ptn=3&ver=2&hsh=4&fclid=330332a6-d1d6-66d7-03d1-2563d0326761&u=a1aHR0cHM6Ly9lbi53aWtpcGVkaWEub3JnL3dpa2kvTGlzdF9vZl9jb21wb3NpdGlvbnNfYnlfSm9zZXBoX0hheWRu&ntb=1 | https://www.bing.com/ck/a?!&&p=88f666b60eb37fe80137a6c644742cb5eae42383fe9146753214c6395c98fec4JmltdHM9MTc4ODA0ODAwMA&ptn=3&ver=2&hsh=4&fclid=330332a6-d1d6-66d7-03d1-2563d0326761&u=a1aHR0cHM6Ly9pbXNscC5vcmcvd2lraS9DYXRlZ29yeTpIYXlkbixfSm9zZXBo&ntb=1 | https://www.bing.com/ck/a?!&&p=c9f22d4a2cd391b4aa980e4439388d32080f33968861a001ffa7bd4d626938c4JmltdHM9MTc4ODA0ODAwMA&ptn=3&ver=2&hsh=4&fclid=330332a6-d1d6-66d7-03d1-2563d0326761&u=a1aHR0cHM6Ly93d3cuY2xhc3NpY2FsLW11c2ljLmNvbS9mZWF0dXJlcy9jb21wb3NlcnMvam9zZXBoLWhheWRu&ntb=1 | https://www.bing.com/ck/a?!&&p=69164113e4be13c86b4bbf3f1ec191b7ced7b43631d8a463ee9d50e4c39f789bJmltdHM9MTc4ODA0ODAwMA&ptn=3&ver=2&hsh=4&fclid=330332a6-d1d6-66d7-03d1-2563d0326761&u=a1aHR0cHM6Ly93d3cuY2xhc3NpY2ZtLmNvbS9jb21wb3NlcnMvaGF5ZG4vYmVzdC1waWVjZXMtY2xhc3NpY2FsLW11c2ljLw&ntb=1 | https://www.bing.com/ck/a?!&&p=ac7050a6a5580e9bfa66a57ec9e513b50e2fcda9920359ed559b8a9169b9a1f8JmltdHM9MTc4ODA0ODAwMA&ptn=3&ver=2&hsh=4&fclid=330332a6-d1d6-66d7-03d1-2563d0326761&u=a1aHR0cHM6Ly93d3cud29ybGRoaXN0b3J5Lm9yZy9Kb3NlcGhfSGF5ZG4v&ntb=1 | https://www.bing.com/ck/a?!&&p=b31eed2da247d8f278af10c1db42f6fb931411771302f6e7a44d76ba4ae7a12eJmltdHM9MTc4ODA0ODAwMA&ptn=3&ver=2&hsh=4&fclid=330332a6-d1d6-66d7-03d1-2563d0326761&u=a1aHR0cHM6Ly93d3cuaGF5ZG5zb2NpZXR5bmEub3JnLw&ntb=1 | https://www.bing.com/ck/a?!&&p=73e38a1565d9cdf67a6a866ae53e9a59de9e38ae13d735bdaee586f6744af3faJmltdHM9MTc4ODA0ODAwMA&ptn=3&ver=2&hsh=4&fclid=330332a6-d1d6-66d7-03d1-2563d0326761&u=a1aHR0cHM6Ly93d3cuYnJpdGFubmljYS5jb20vYmlvZ3JhcGh5L0pvc2VwaC1IYXlkbi9Xb3Jrcy1kZXZlbG9wbWVudC1hbmQtYWNoaWV2ZW1lbnQ&ntb=1 | https://www.bing.com/ck/a?!&&p=16a5e44915f9e73efe63421d49c103bf1a5a29b81561d69bdce665b8dda22be7JmltdHM9MTc4ODA0ODAwMA&ptn=3&ver=2&hsh=4&fclid=330332a6-d1d6-66d7-03d1-2563d0326761&u=a1aHR0cHM6Ly93d3cuY2xhc3NpY2FsLW11c2ljLmNvbS9mZWF0dXJlcy93b3Jrcy9oYXlkbi1zeW1waG9uaWVzLWd1aWRl&ntb=1 | https://www.bing.com/ck/a?!&&p=9375b9f8963a912cef7cb914c9618fc6e1badd99701f459935ce55a3e0375e6aJmltdHM9MTc4ODA0ODAwMA&ptn=3&ver=2&hsh=4&fclid=3cebb149-0952-6796-2327-a68c0899669b&u=a1aHR0cHM6Ly9lbi53aWtpcGVkaWEub3JnL3dpa2kvSm9zZXBoX0hheWRu&ntb=1 | https://www.bing.com/ck/a?!&&p=f9e9081d5050ec53dfbd4689711e4c810a197aa86527c0c4a6a83e9c39f4529cJmltdHM9MTc4ODA0ODAwMA&ptn=3&ver=2&hsh=4&fclid=3cebb149-0952-6796-2327-a68c0899669b&u=a1aHR0cHM6Ly93d3cuYnJpdGFubmljYS5jb20vYmlvZ3JhcGh5L0pvc2VwaC1IYXlkbg&ntb=1,PRIOR_STAGE2_CANDIDATE;JOB_LINKS_3_PLUS;KSW_LISTINGS_3_PLUS;LOCATIONS_3_PLUS;LEGAL_ENTITIES_2_PLUS,VERIFY_PRIOR,CONFIRMED_30_PLUS,500,,AUSTRIA_GROUP,HIGH,Official Austrian company/group page states approximately or explicitly 500 employees.,https://www.haydn.st/die-kanzlei/ueber-uns,Official site employee statement around 500.,Official-site employee statement is sufficient for a 30+ lower bound.,SINGLE,1,domain:haydn.st,Haydn Steuerberatung GmbH & Co KG,SINGLE_GROUP,CONFIRMED_20_PLUS,KSW,,,,,,,,,,,,Stainz Willkommen [Partner]; Wirtschaftsberatung Wir [Partner]; Ob Privatperson [Partner]; Ihre Bedürfnisse [Partner]; Profitieren Sie [Management]; Seit Juli [Geschäftsführung]; Steuerberatungskanzlei Mag [Geschäftsführung]; Bernhard Ehgartner [Geschäftsführung]; Im Jahr [Management]; UNS ERWARTEN [Partner],,unresolved,Ownership/control layer was not safely established from public evidence; operational management is retained where verified.,UNRESOLVED,Bernhard Ehgartner; MSc Firmenbuchgericht LG; MSc Ing,Geschäftsführung; Geschäftsführer; Geschäftsführer,MEDIUM_HIGH,https://www.haydn.st | https://www.haydn.st | https://www.haydn.st | https://www.haydn.st | https://www.haydn.st | https://www.haydn.st/die-kanzlei/ueber-uns | https://www.haydn.st/die-kanzlei/ueber-uns | https://www.haydn.st/die-kanzlei/ueber-uns,No ownership was inferred from surname. Unknown share percentages remain null. For international/network firms the Austrian operational leadership is preferred over a global parent.,,central_context,20,MSc Firmenbuchgericht LG,https://www.haydn.st/kontakt/impressum,,generic_email,30,MSc Firmenbuchgericht LG,https://www.haydn.st/kontakt/impressum,,
domain:kt.co.at,Kapelari & Tschiderer GmbH Wirtschaftsprüfung und Steuerberatung,kt.co.at,http://www.kt.co.at,office@kt.co.at | georg.kapelari@kt.co.at | felix.tschiderer@kt.co.at | georg.kapelari@kapelari.at,+43 512 57 31 26 | +43 512 57 31 26 4 | +43 664 357 98 59,Wilten Gemeinde: Innsbruck Bezirk Innsbruck-Stadt +43 512 57,3,3,3,"Kapelari & Tschiderer GmbH Wirtschaftsprüfung und Steuerberatung | Kapelari Steuerberatung GmbH, Steuerberatung und Wirtschaftsprüfung | Kapelari & Tschiderer GmbH & Co KG Wirtschaftsprüfung und Steuerberatung",https://ksw.or.at/mitgliederverzeichnis/?tx_kswmembers_membersdirectory%5Bcontroller%5D=MembersDirectory&tx_kswmembers_membersdirectory%5BcurrentPage%5D=152 | https://ksw.or.at/mitgliederverzeichnis/?tx_kswmembers_membersdirectory%5Bcontroller%5D=MembersDirectory&tx_kswmembers_membersdirectory%5BcurrentPage%5D=450 | https://ksw.or.at/mitgliederverzeichnis/?tx_kswmembers_membersdirectory%5Bcontroller%5D=MembersDirectory&tx_kswmembers_membersdirectory%5BcurrentPage%5D=377,1,CONFIRMED_30_PLUS,HIGH,37,37,official team/profile lower bound,,37,1,3,,,,https://www.kt.co.at/ | https://www.kt.co.at/unternehmen/grundsaetze/ | https://www.kt.co.at/unternehmen/team/ | https://www.kt.co.at/unternehmen/innsbruck/ | https://www.kt.co.at/unternehmen/kontaktformular/ | https://www.kt.co.at/karriere/,PRIOR_STAGE2_CANDIDATE;TEAM_PROFILES_10_PLUS;JOB_LINKS_3_PLUS;KSW_LISTINGS_3_PLUS;LOCATIONS_3_PLUS;LEGAL_ENTITIES_2_PLUS,VERIFY_PRIOR,CONFIRMED_30_PLUS,37,,AUSTRIA_GROUP,HIGH,Official site provides a direct staff lower bound of at least 37.,https://www.kt.co.at/,Official site exposes at least 37 distinct staff profiles/personal company-domain emails.,Staff-page lower bound alone proves 30+; no upper bound assumed.,SINGLE,1,domain:kt.co.at,Kapelari & Tschiderer GmbH Wirtschaftsprüfung und Steuerberatung,SINGLE_GROUP,CONFIRMED_20_PLUS,KSW,,,,,,,,,,,,Inhalt Als [Partner]; Ihrer Seite [Partner]; Sie Wesentliche [Partner]; Steuerberater E-Mail [Partner],Geschäftsführender Gesellschafter MMag (); Steuerberater Mag (); Steuerberater Rechtsform Kommanditgesellschaft (); Firmenbuch-Gericht Landesgericht (),Geschäftsführender Gesellschafter MMag; Steuerberater Mag; Steuerberater Rechtsform Kommanditgesellschaft; Firmenbuch-Gericht Landesgericht,"Public sources identify owner/shareholder names, but complete share percentages were not safely established.",PARTNER_OWNED,Geschäftsführender Gesellschafter MMag; Steuerberater Mag,Owner/Gesellschafter; Owner/Gesellschafter,MEDIUM_HIGH,https://www.kt.co.at/ | https://www.kt.co.at/ | https://www.kt.co.at/ | https://www.kt.co.at/unternehmen/team/ | https://www.kt.co.at/impressum/ | https://www.kt.co.at/impressum/ | https://www.kt.co.at/impressum/ | https://www.kt.co.at/impressum/,No ownership was inferred from surname. Unknown share percentages remain null. For international/network firms the Austrian operational leadership is preferred over a global parent.,,,,,,,,,,,,
domain:lkp.at,LKP Steuerberatung OG,lkp.at,http://www.lkp.at,office2700@lkp.at | office7000@lkp.at | guenther.mayer@lkp.at,+43 2622 212 72 | +43 2622 212 72 9 | +43 2682 667 16 | +43 2682 667 16 33 | +43 699 110 76 755,Wiener Neustadt Gemeinde: Wiener Neustadt Bezirk Wiener Neus | Eisenstadt Gemeinde: Eisenstadt Bezirk Eisenstadt(Stadt) +43,3,3,3,LKP Steuerberatung OG | LKP Steuerberatung GmbH | LKP Steuerberatung GmbH & Co KG,https://ksw.or.at/mitgliederverzeichnis/?tx_kswmembers_membersdirectory%5Bcontroller%5D=MembersDirectory&tx_kswmembers_membersdirectory%5BcurrentPage%5D=471 | https://ksw.or.at/mitgliederverzeichnis/?tx_kswmembers_membersdirectory%5Bcontroller%5D=MembersDirectory&tx_kswmembers_membersdirectory%5BcurrentPage%5D=430 | https://ksw.or.at/mitgliederverzeichnis/?tx_kswmembers_membersdirectory%5Bcontroller%5D=MembersDirectory&tx_kswmembers_membersdirectory%5BcurrentPage%5D=498,1,CONFIRMED_30_PLUS,HIGH,32,32,official team/profile lower bound,,0,32,3,,,,https://www.lkp.at/index_ger.html | https://www.lkp.at/de/%C3%BCber_uns/team_wiener_neustadt/ | https://www.lkp.at/de/%C3%BCber_uns/team_eisenstadt/ | https://www.lkp.at/de/%C3%BCber_uns/kanzlei_im_netz/ | https://www.lkp.at/de/karriere/ | https://www.lkp.at/de/leistungen/unternehmensberatung/ | https://www.lkp.at/de/leistungen/unternehmensnachfolge/ | https://www.lkp.at/de/leistungen/steuerberatung/,PRIOR_STAGE2_CANDIDATE;TEAM_EMAILS_10_PLUS;JOB_LINKS_3_PLUS;KSW_LISTINGS_3_PLUS;LOCATIONS_3_PLUS;LEGAL_ENTITIES_2_PLUS,VERIFY_PRIOR,CONFIRMED_30_PLUS,32,,AUSTRIA_GROUP,HIGH,Official site provides a direct staff lower bound of at least 32.,https://www.lkp.at/index_ger.html,Official site exposes at least 32 distinct staff profiles/personal company-domain emails.,Staff-page lower bound alone proves 30+; no upper bound assumed.,SINGLE,1,domain:lkp.at,LKP Steuerberatung OG,SINGLE_GROUP,CONFIRMED_20_PLUS,KSW,,,,,,,,,,,,Unternehmensberatung Michael Lang Dipl [Geschäftsführung]; Steuersachbearbeiter Mitglied [Geschäftsführung]; Unternehmensberatung Bernhard Kurz Dipl [Geschäftsführung]; Unternehmensberatung Manuel Bauer Dipl [Geschäftsführung]; Unternehmensberatung Mag [Partner]; Michael Hofmann Steuerberater Mitglied [Geschäftsführung]; MA Steuerberaterin [Geschäftsführung]; Sekretariat Andrea Hoffmann Assistentin [Geschäftsführung]; Sekretariat Christina Widmoser Dipl [Geschäftsführung]; Neustadt Hier [Partner],Unternehmensberatung Mag (); Wolfgang Kurz Steuerberater (); Unternehmensberatung Michael Lang Dipl (); Steuersachbearbeiter Mitglied (); Petra Mühlhauser-Horvath Steuerberaterin (); Unternehmensberatung Carina Katter Steuerberaterin (); Günther Mayer Steuerberater (); Bilanzierung Karin Ernst Diplomierte (); Geschäftsführender Gesellschafter Mag (); Wolfgang Kurz Rechtsform Offene (),Günther Mayer; Carina Katter,"Public sources identify material individual shareholders: Günther Mayer 33.33%, Carina Katter 33.33%.",PARTNER_OWNED,Günther Mayer; Carina Katter,Owner/Gesellschafter; Owner/Gesellschafter,HIGH,https://www.lkp.at/de/%C3%BCber_uns/team_wiener_neustadt/ | https://www.lkp.at/de/%C3%BCber_uns/team_wiener_neustadt/ | https://www.lkp.at/de/%C3%BCber_uns/team_wiener_neustadt/ | https://www.lkp.at/de/%C3%BCber_uns/team_wiener_neustadt/ | https://www.lkp.at/de/%C3%BCber_uns/team_wiener_neustadt/ | https://www.lkp.at/de/%C3%BCber_uns/team_wiener_neustadt/ | https://www.lkp.at/de/%C3%BCber_uns/team_wiener_neustadt/ | https://www.lkp.at/de/%C3%BCber_uns/team_wiener_neustadt/ | https://www.lkp.at/de/%C3%BCber_uns/team_wiener_neustadt/ | https://www.lkp.at/de/%C3%BCber_uns/team_wiener_neustadt/ | https://www.lkp.at/de/%C3%BCber_uns/team_wiener_neustadt/ | https://www.lkp.at/de/%C3%BCber_uns/team_wiener_neustadt/ | https://www.lkp.at/de/%C3%BCber_uns/team_eisenstadt/ | https://www.lkp.at/de/%C3%BCber_uns/team_eisenstadt/ | https://www.lkp.at/de/%C3%BCber_uns/team_eisenstadt/ | https://www.lkp.at/de/%C3%BCber_uns/team_eisenstadt/,No ownership was inferred from surname. Unknown share percentages remain null. For international/network firms the Austrian operational leadership is preferred over a global parent.,,central_context,20,Carina Katter,https://www.lkp.at/de/%C3%BCber_uns/impressum/,carina.katter@lkp.at,personal_verified_email,90,Carina Katter,https://www.lkp.at/de/%C3%BCber_uns/team_eisenstadt/,,
domain:nwt.at,NWT Wirtschaftsprüfung & Steuerberatung GmbH,nwt.at,http://www.nwt.at | http://www.prosenz.at,cornelius.necas@nwt.at | Karin.Wagenbauer-Necas@nwt.at | office@nwt.at,+43 1 367 10 77 | +43 1 367 10 77 50 | +43 1 3671077,"Wien Gemeinde: Wien Wien 19.,Döbling +43 1 367 10 77 +43 1 3 | Wien Gemeinde: Wien Wien 19.,Döbling +43 1 368 02 48 +43 1 3 | Wiener Neustadt Gemeinde: Wiener Neustadt Bezirk Wiener Neus",5,2,4,"NWT Wirtschaftsprüfung & Steuerberatung GmbH | COKA Wirtschaftsprüfung & Steuerberatung, Immobilien und Beteiligungsverwaltung GmbH | Prosenz und Partner Wirtschaftsprüfungs- und Steuerberatungsgesellschaft mbH | Prosenz Steuerberatungs-Partnerschaft KG | Fiducia Wirtschaftsprüfungs- und Steuerberatungs GmbH",https://ksw.or.at/mitgliederverzeichnis/?tx_kswmembers_membersdirectory%5Bcontroller%5D=MembersDirectory&tx_kswmembers_membersdirectory%5BcurrentPage%5D=266 | https://ksw.or.at/mitgliederverzeichnis/?tx_kswmembers_membersdirectory%5Bcontroller%5D=MembersDirectory&tx_kswmembers_membersdirectory%5BcurrentPage%5D=356,1,CONFIRMED_20_29,HIGH,29,29,official team/profile lower bound,,0,29,0,,,,https://www.nwt.at/index_ger.html | https://www.nwt.at/de/kanzlei/unser_team/index_ger.html | https://www.nwt.at/de/kanzlei/impressum/index_ger.html | https://www.nwt.at/de/kanzlei/datenschutzerkl%C3%A4rung/index_ger.html | https://www.nwt.at/de/leistungen/wirtschaftspr%C3%BCfung/index_ger.html | https://www.nwt.at/de/leistungen/spezialgebiete/index_ger.html,PRIOR_STAGE2_CANDIDATE;TEAM_EMAILS_10_PLUS;LEGAL_ENTITIES_2_PLUS;SANITY_SEED:GSV,VERIFY_PRIOR,CONFIRMED_20_PLUS,28,,AUSTRIA_GROUP,HIGH,Official site provides a direct staff lower bound of at least 28.,https://www.nwt.at/index_ger.html | https://www.bing.com/ck/a?!&&p=6a68f0fa05325403b8ba0153cc7ac160f6dc7a360b1c47b981c5076b02c4f7d2JmltdHM9MTc4ODEzNDQwMA&ptn=3&ver=2&hsh=4&fclid=0f8b3fb3-bbd7-63ff-0c3a-2875ba2b62f0&u=a1aHR0cHM6Ly93d3cucHJvc2Vuei5hdC8&ntb=1,Official site exposes at least 28 distinct staff profiles/personal company-domain emails.,Staff-page lower bound proves 20+ but not 30+ unless count reaches 30.,SINGLE,2,domain:nwt.at | domain:prosenz.at,NWT Wirtschaftsprüfung & Steuerberatung GmbH | Prosenz und Partner Wirtschaftsprüfungs- und Steuerberatungsgesellschaft mbH,DIRECT_SHARED_PRIMARY_DOMAIN,CONFIRMED_20_PLUS,KSW,,,,,,,,,,,,WKO Fachgruppe [Partner]; Newsletter Aktuelle Informationen [Partner]; Cornelius Necas Wirtschaftsprüfer [Geschäftsführer]; Karin Wagenbauer-Necas Steuerberaterin [Geschäftsführer]; Geschäftsführerin Karin [Geschäftsführer]; Thomas Raschhofer [Geschäftsführer]; Prokurist Thomas [Geschäftsführer]; Maximilian Habsburg-Lothringen [Geschäftsführer]; Compliance Experte Maximilian [Geschäftsführer]; Regulatory Experte Franz [Geschäftsführer],Medien Allgemeine Informationen Zweck (); Welche Methode (),Medien Allgemeine Informationen Zweck; Welche Methode,"Public sources identify owner/shareholder names, but complete share percentages were not safely established.",PARTNER_OWNED,Medien Allgemeine Informationen Zweck; Welche Methode,Owner/Gesellschafter; Owner/Gesellschafter,MEDIUM_HIGH,https://www.nwt.at/index_ger.html | https://www.nwt.at/index_ger.html | https://www.nwt.at/de/kanzlei/unser_team/index_ger.html | https://www.nwt.at/de/kanzlei/unser_team/index_ger.html | https://www.nwt.at/de/kanzlei/unser_team/index_ger.html | https://www.nwt.at/de/kanzlei/unser_team/index_ger.html | https://www.nwt.at/de/kanzlei/unser_team/index_ger.html | https://www.nwt.at/de/kanzlei/unser_team/index_ger.html | https://www.nwt.at/de/kanzlei/datenschutzerkl%C3%A4rung/index_ger.html | https://www.nwt.at/de/leistungen/spezialgebiete/index_ger.html,No ownership was inferred from surname. Unknown share percentages remain null. For international/network firms the Austrian operational leadership is preferred over a global parent.,,,,,,,,,,,,
domain:poelzleithner.at,Pölzleithner Steuerberatung GmbH,poelzleithner.at,http://www.poelzleithner.at | https://www.poelzleithner.at,office@poelzleithner.at | peter@poelzleithner.at | schwanenstadt@poelzleithner.at,+43 7666 80 39 | +43 7666 80 39 22 | +43 664 587 96 91 | +43 7673 200 916 | +43 7682 36 86 | +43 7682 36 86 22 | +43 7673 20 09 | +43 7673 20 09 22,Nußdorf am Attersee Gemeinde: Nußdorf am Attersee Bezirk Vöc | Vöcklamarkt Gemeinde: Vöcklamarkt Bezirk Vöcklabruck +43 768 | Schwanenstadt Gemeinde: Schwanenstadt Bezirk Vöcklabruck +43,1,3,3,Pölzleithner Steuerberatung GmbH,https://ksw.or.at/mitgliederverzeichnis/?tx_kswmembers_membersdirectory%5Bcontroller%5D=MembersDirectory&tx_kswmembers_membersdirectory%5BcurrentPage%5D=112 | https://ksw.or.at/mitgliederverzeichnis/?tx_kswmembers_membersdirectory%5Bcontroller%5D=MembersDirectory&tx_kswmembers_membersdirectory%5BcurrentPage%5D=49 | https://ksw.or.at/mitgliederverzeichnis/?tx_kswmembers_membersdirectory%5Bcontroller%5D=MembersDirectory&tx_kswmembers_membersdirectory%5BcurrentPage%5D=153,1,CONFIRMED_20_29,HIGH,24,24,official team/profile lower bound,,0,24,0,,,,https://www.poelzleithner.at/index_ger.html | https://www.poelzleithner.at/de/kanzlei/adresse_und_anfahrt/index_ger.html | https://www.poelzleithner.at/de/kanzlei/ansprechpartner/index_ger.html | https://www.poelzleithner.at/de/kanzlei/kontakt/index_ger.html | https://www.poelzleithner.at/de/kanzlei/impressum/index_ger.html | https://www.poelzleithner.at/de/kanzlei/datenschutzerkl%C3%A4rung/index_ger.html,PRIOR_STAGE2_CANDIDATE;TEAM_EMAILS_10_PLUS;KSW_LISTINGS_3_PLUS;LOCATIONS_3_PLUS,VERIFY_PRIOR,CONFIRMED_20_PLUS,23,,AUSTRIA_LEGAL_ENTITY,HIGH,Official site provides a direct staff lower bound of at least 23.,https://www.poelzleithner.at/index_ger.html,Official site exposes at least 23 distinct staff profiles/personal company-domain emails.,Staff-page lower bound proves 20+ but not 30+ unless count reaches 30.,SINGLE,1,domain:poelzleithner.at,Pölzleithner Steuerberatung GmbH,SINGLE_GROUP,CONFIRMED_20_PLUS,KSW,,,,,,,,,,,,Datenschutzerklärung Leistungen Servicecenter Onlinerechner [Partner]; Infolisten News Steuernews [Partner]; Klienten Steuernews [Partner]; Ärzte Vermieternews Gastronews Steuernews-TV [Partner]; Newsletter Seitenber [Management]; Newsletter Wir [Management]; Newsletter Adresse [Management]; Newsletter Ansprechp [Partner]; Newsletter Ansprechpartner Hier [Partner]; Sie Ihre [Partner],,unresolved,Ownership/control layer was not safely established from public evidence; operational management is retained where verified.,UNRESOLVED,Ansprechpartner Inhalt; Ansprechpartner Sämtliche Anfragen; Datenschutzerklärung Leistungen Servicecenter Onlinerechner,Partner; Partner; Partner,MEDIUM_HIGH,https://www.poelzleithner.at/index_ger.html | https://www.poelzleithner.at/index_ger.html | https://www.poelzleithner.at/index_ger.html | https://www.poelzleithner.at/index_ger.html | https://www.poelzleithner.at/index_ger.html | https://www.poelzleithner.at/index_ger.html | https://www.poelzleithner.at/de/kanzlei/adresse_und_anfahrt/index_ger.html | https://www.poelzleithner.at/de/kanzlei/ansprechpartner/index_ger.html,No ownership was inferred from surname. Unknown share percentages remain null. For international/network firms the Austrian operational leadership is preferred over a global parent.,,central_context,28,Ansprechpartner Inhalt,https://www.poelzleithner.at/de/kanzlei/adresse_und_anfahrt/index_ger.html | https://www.poelzleithner.at/de/kanzlei/datenschutzerkl%C3%A4rung/index_ger.html | https://www.poelzleithner.at/de/kanzlei/impressum/index_ger.html | https://www.poelzleithner.at/de/kanzlei/kontakt/index_ger.html | https://www.poelzleithner.at/de/news/anmeldung_zum_newsletter/index_ger.html | https://www.poelzleithner.at/de/news/gastronews/index_ger.html | https://www.poelzleithner.at/de/news/steuernews_f%C3%BCr_%C3%A4rzte/index_ger.html | https://www.poelzleithner.at/de/news/steuernews_f%C3%BCr_klienten/august_2026/muss_probearbeit_angemeldet_werden_/index_ger.html | https://www.poelzleithner.at/de/news/steuernews_f%C3%BCr_klienten/index_ger.html | https://www.poelzleithner.at/de/news/steuernews_f%C3%BCr_klienten/juli_2026/mitarbeiterpraemienregelung_2026_beschlossen/index_ger.html | https://www.poelzleithner.at/de/news/steuernews_f%C3%BCr_klienten/juni_2026/anhebung_der_buchfuehrungsgrenze_und_aktivierungswahl_angekuendigt/index_ger.html | https://www.poelzleithner.at/de/news/steuernews_f%C3%BCr_klienten/september_2026/digitalisierungsfoerderung_fuer_kmu/index_ger.html | https://www.poelzleithner.at/de/news/steuernews_f%C3%BCr_klienten/september_2026/eu_entgelttransparenzrichtlinie_neue_verpflichtungen_fuer_arbeitgeber/index_ger.html | https://www.poelzleithner.at/de/news/steuernews_f%C3%BCr_klienten/september_2026/sachbezug_kuenftig_auch_fuer_elektroautos/index_ger.html | https://www.poelzleithner.at/de/news/steuernews_f%C3%BCr_klienten/september_2026/umfassende_aenderungen_im_doppelbesteuerungsabkommen_mit_der_schweiz/index_ger.html | https://www.poelzleithner.at/de/news/steuernews_f%C3%BCr_klienten/september_2026/welche_zahlungen_unterliegen_der_abzugsteuer_/index_ger.html | https://www.poelzleithner.at/de/news/steuernews_f%C3%BCr_klienten/september_2026/welcher_einkunftsart_unterliegt_die_kurzfristige_touristische_vermietung_/index_ger.html | https://www.poelzleithner.at/de/news/steuernews_f%C3%BCr_klienten/september_2026/zeitpunkt_der_gebaeudeabschreibung_bei_einer_vermietung_und_verpachtung_nach_generalsanierung/index_ger.html | https://www.poelzleithner.at/de/news/steuernews_tv/september_2026/sind_ausgaben_vor_betriebser%C3%B6ffnung_bereits_steuerlich_abzugsf%C3%A4hig_/index_ger.html | https://www.poelzleithner.at/de/news/vermieternews/index_ger.html | https://www.poelzleithner.at/index_ger.html,antunovic@poelzleithner.at,named_context_email,70,Ansprechpartner Inhalt,https://www.poelzleithner.at/de/kanzlei/ansprechpartner/index_ger.html,,
domain:slt.at,SLT Siart Lipkovich + Team GmbH Wirtschaftsprüfungs- und Steuerberatungsgesellschaft,slt.at,http://www.slt.at,slt@slt.at | Rene.Lipkovich@slt.at,+43 1 493 13 99 | +43 1 493 13 99 38 | +43 1 4931399,"Wien Gemeinde: Wien Wien 16.,Ottakring +43 1 493 13 99 +43 1",2,2,2,SLT Siart Lipkovich + Team GmbH Wirtschaftsprüfungs- und Steuerberatungsgesellschaft | SLT Siart Lipkovich + Team GmbH & Co KG Wirtschaftsprüfungs- und Steuerberatungsgesellschaft,https://ksw.or.at/mitgliederverzeichnis/?tx_kswmembers_membersdirectory%5Bcontroller%5D=MembersDirectory&tx_kswmembers_membersdirectory%5BcurrentPage%5D=329 | https://ksw.or.at/mitgliederverzeichnis/?tx_kswmembers_membersdirectory%5Bcontroller%5D=MembersDirectory&tx_kswmembers_membersdirectory%5BcurrentPage%5D=523,1,CONFIRMED_20_29,HIGH,20,20,official explicit employee count,"20: 13 99 Fax: +43 (1) 493 13 99 – 38 Email: slt@slt.at Impressum, Haftung & Datenschutz Ein Team von 20 Spezialisten und Spezialistinnen. Unser Team Diese Seite ausdrucken Kontaktiere",0,0,4,,,,https://www.slt-steuerberatung.at/ | https://www.slt-steuerberatung.at/wir/unser-team/ | https://www.slt-steuerberatung.at/wir/karriere/ | https://www.slt-steuerberatung.at/wir/karriere/stellenausschreibung-buchhaltung/ | https://www.slt-steuerberatung.at/wir/karriere/job_berufsanwaerter/ | https://www.slt-steuerberatung.at/know-how/unternehmensgruendung-umgruendung/ | https://www.slt-steuerberatung.at/know-how/internationale-unternehmen/ | https://www.slt-steuerberatung.at/tools-news/rechtsformwahl/einzelunternehmen/,PRIOR_STAGE2_CANDIDATE;JOB_LINKS_3_PLUS;LEGAL_ENTITIES_2_PLUS,VERIFY_PRIOR,CONFIRMED_20_29,20,20,AUSTRIA_GROUP,HIGH,Official whole-team statement gives 20 employees.,https://www.slt-steuerberatung.at/wir/unser-team/,Official site employee statement around 20.,Exact official whole-team count bounds the company to 20–29.,SINGLE,1,domain:slt.at,SLT Siart Lipkovich + Team GmbH Wirtschaftsprüfungs- und Steuerberatungsgesellschaft,SINGLE_GROUP,CONFIRMED_20_PLUS,KSW,,,,,,,,,,,,Dominik Stegmayer Steuerberater [Partner]; Diese Website [Partner]; Wenn Sie [Management]; Schaltstelle Ihrer Gründung [Partner]; Ihnen Kooperationspartner [Partner]; Ihr Vorhaben [Management]; Partnernetzwerk Full-Service-Partner [Partner]; Ihre Anlaufstelle [Management]; Ihre Ansprechpartner [Partner]; Klare Sprache [Partner],Unbeschränkte Haftung (); Privatvermögen Einzelunternehmen (); Überblick Gesellschafter (); Person Haftung (); Volle Haftung (); Privatvermögen Gründungskosten (); Laufende Kosten (); Gering Kapitalausstattun (); WIE Mag (); Geschichte Karriere Blick (),Eingangssteuersatz bis ca,Public sources identify material individual shareholders: Eingangssteuersatz bis ca 55.0%.,INDIVIDUAL_FAMILY_CONTROL,Eingangssteuersatz bis ca,Owner/Gesellschafter,HIGH,https://www.slt-steuerberatung.at/ | https://www.slt-steuerberatung.at/ | https://www.slt-steuerberatung.at/ | https://www.slt-steuerberatung.at/know-how/unternehmensgruendung-umgruendung/ | https://www.slt-steuerberatung.at/know-how/unternehmensgruendung-umgruendung/ | https://www.slt-steuerberatung.at/know-how/unternehmensgruendung-umgruendung/ | https://www.slt-steuerberatung.at/know-how/internationale-unternehmen/ | https://www.slt-steuerberatung.at/know-how/internationale-unternehmen/ | https://www.slt-steuerberatung.at/tools-news/rechtsformwahl/einzelunternehmen/ | https://www.slt-steuerberatung.at/tools-news/rechtsformwahl/einzelunternehmen/ | https://www.slt-steuerberatung.at/tools-news/rechtsformwahl/einzelunternehmen/ | https://www.slt-steuerberatung.at/tools-news/rechtsformwahl/einzelunternehmen/ | https://www.slt-steuerberatung.at/tools-news/rechtsformwahl/einzelunternehmen/ | https://www.slt-steuerberatung.at/tools-news/rechtsformwahl/einzelunternehmen/ | https://www.slt-steuerberatung.at/tools-news/rechtsformwahl/einzelunternehmen/ | https://www.slt-steuerberatung.at/tools-news/rechtsformwahl/einzelunternehmen/,No ownership was inferred from surname. Unknown share percentages remain null. For international/network firms the Austrian operational leadership is preferred over a global parent.,,central_fallback,20,,https://www.slt-steuerberatung.at/,,generic_fallback,30,,https://www.slt-steuerberatung.at/,+4314931399,slt@slt.at
domain:wertvoll.tax,wertvoll Steuerberatung GmbH,wertvoll.tax,http://www.wertvoll.tax,mittersill@wertvoll.tax | e.hilzensauer@wertvoll.tax | h.armstorfer@wertvoll.tax | christoph.magauer@sbg.at | a.voithofer@wertvoll.tax | saalfelden@wertvoll.tax | stb.m.goellner@sbg.at | m.goellner@prodinger.at,+43 6562 62 96 | +43 6562 62 96 20 | +43 6562 62 96 5001 | +43 6562 62 96 5020 | +43 664 134 41 17 | +43 6582 725 35 | +43 6582 725 35 1 | +43 6582 20256 | +43 6562 62 96 0,Mittersill Gemeinde: Mittersill Bezirk Zell am See +43 6562 | Saalfelden am Steinernen Meer Gemeinde: Saalfelden am Steine,2,4,4,wertvoll Steuerberatung GmbH | wertvoll Steuerberatung GmbH & Co KG,https://ksw.or.at/mitgliederverzeichnis/?tx_kswmembers_membersdirectory%5Bcontroller%5D=MembersDirectory&tx_kswmembers_membersdirectory%5BcurrentPage%5D=329 | https://ksw.or.at/mitgliederverzeichnis/?tx_kswmembers_membersdirectory%5Bcontroller%5D=MembersDirectory&tx_kswmembers_membersdirectory%5BcurrentPage%5D=150 | https://ksw.or.at/mitgliederverzeichnis/?tx_kswmembers_membersdirectory%5Bcontroller%5D=MembersDirectory&tx_kswmembers_membersdirectory%5BcurrentPage%5D=232 | https://ksw.or.at/mitgliederverzeichnis/?tx_kswmembers_membersdirectory%5Bcontroller%5D=MembersDirectory&tx_kswmembers_membersdirectory%5BcurrentPage%5D=471,1,POSSIBLE_20_PLUS,LOW_MEDIUM,0,0,multiple scale signals; manual verification needed,,0,0,0,,,,,PRIOR_STAGE2_CANDIDATE;KSW_LISTINGS_3_PLUS;LOCATIONS_3_PLUS;LEGAL_ENTITIES_2_PLUS,DEEP_RESEARCH,CONFIRMED_30_PLUS,36,,AUSTRIA_GROUP,HIGH,Official Austrian company/group page states approximately or explicitly 36 employees.,https://www.wertvoll.tax/kanzlei/philosophie_und_geschichte/,Official site employee statement around 36.,Official-site employee statement is sufficient for a 30+ lower bound.,SINGLE,1,domain:wertvoll.tax,wertvoll Steuerberatung GmbH,SINGLE_GROUP,CONFIRMED_20_PLUS,KSW,,,,,,,,,,,,Steueroptimierungen Vermögensabsicherungsmodelle Gesellschaftsrecht Betriebsübergaben [Geschäftsführung]; Optimierung Rechtsformgestaltung Unternehmensnachfolge [Geschäftsführung]; Manuela Hutter Geschäftsf [Geschäftsführung]; Gründungsberatung UGB-Rechnungslegung Betriebswirtschaftliche Auswertungen [Geschäftsführung]; Gründungsberatung Steuerliche [Geschäftsführung]; Optimierung Rechtsformgestaltung Unternehmensnachfolge MMag [Geschäftsführung]; Markus Göllner Geschäftsführ [Geschäftsführung]; Sozialversicherung Gründungsberatung Betriebsübergaben Mag [Geschäftsführung]; Mediationsausbildung Mag [Geschäftsführung]; Sie Ihre [Partner],Diesen Standort (); Firma MMag (); Markus Göllner (); Horst Armstorfer (); Christoph Magauer (); Im November (); Standort Mühlbachweg (),Diesen Standort; Firma MMag; Markus Göllner; Horst Armstorfer,"Public sources identify owner/shareholder names, but complete share percentages were not safely established.",PARTNER_OWNED,Diesen Standort; Firma MMag,Owner/Gesellschafter; Owner/Gesellschafter,MEDIUM_HIGH,https://www.wertvoll.tax/ | https://www.wertvoll.tax/ | https://www.wertvoll.tax/ | https://www.wertvoll.tax/ | https://www.wertvoll.tax/kanzlei/team_saalfelden/ | https://www.wertvoll.tax/kanzlei/team_saalfelden/ | https://www.wertvoll.tax/kanzlei/team_saalfelden/ | https://www.wertvoll.tax/kanzlei/team_saalfelden/ | https://www.wertvoll.tax/kanzlei/philosophie_und_geschichte/ | https://www.wertvoll.tax/kanzlei/philosophie_und_geschichte/ | https://www.wertvoll.tax/kanzlei/philosophie_und_geschichte/ | https://www.wertvoll.tax/kanzlei/philosophie_und_geschichte/ | https://www.wertvoll.tax/kanzlei/philosophie_und_geschichte/ | https://www.wertvoll.tax/kanzlei/philosophie_und_geschichte/ | https://www.wertvoll.tax/kanzlei/philosophie_und_geschichte/,No ownership was inferred from surname. Unknown share percentages remain null. For international/network firms the Austrian operational leadership is preferred over a global parent.,,,,,,,,,,,,
domain:aactreuhand.at,AAC Wirtschaftsprüfungs- u. Steuerberatungsgesellschaft m.b.H.,aactreuhand.at,http://www.aactreuhand.at,dieter.ehart@wte-aac.at,+43 1 512 18 87 | +43 1 512 02 96 | +43 676 402 98 68 | +43 1 479 69 09 | +43 1 479 61 30,"Wien Gemeinde: Wien Wien 1.,Innere Stadt +43 1 512 18 87 +43",1,1,1,AAC Wirtschaftsprüfungs- u. Steuerberatungsgesellschaft m.b.H.,https://ksw.or.at/mitgliederverzeichnis/?tx_kswmembers_membersdirectory%5Bcontroller%5D=MembersDirectory&tx_kswmembers_membersdirectory%5BcurrentPage%5D=473,1,CONFIRMED_20_29,HIGH,22,22,official team/profile lower bound,,22,13,0,,,,https://www.wte-aac.at | https://www.wte-aac.at/kanzlei/adresse_und_anfahrt/ | https://www.wte-aac.at/kanzlei/ansprechpartner/ | https://www.wte-aac.at/kanzlei/kontakt/ | https://www.wte-aac.at/leistungen/unternehmensgruendung/,PRIOR_STAGE2_CANDIDATE;TEAM_PROFILES_10_PLUS;TEAM_EMAILS_10_PLUS,VERIFY_PRIOR,CONFIRMED_20_PLUS,22,,AUSTRIA_LEGAL_ENTITY,HIGH,Official site provides a direct staff lower bound of at least 22.,https://www.wte-aac.at,Official site exposes at least 22 distinct staff profiles/personal company-domain emails.,Staff-page lower bound proves 20+ but not 30+ unless count reaches 30.,SINGLE,1,domain:aactreuhand.at,AAC Wirtschaftsprüfungs- u. Steuerberatungsgesellschaft m.b.H.,SINGLE_GROUP,CONFIRMED_20_PLUS,KSW,,,,,,,,,,,,Servicecenter Unternehmensgründung Rechtsformgestaltung Buchhaltung [Partner]; Dieter Ehart Beteiligungsverhältnisse Dr [Geschäftsführung]; Dieter Ehart [Geschäftsführung]; Dieter Ehart Beteiligungsverhältnisse WTE [Geschäftsführung]; Rechtsform Ges [Geschäftsführung]; Ansprechpartner Sämtliche Anfragen [Partner]; Datenschutzerklärung WTE-AAC [Partner]; Matomo Wir [Management]; Dieter Ehart Wirtschaftsprüfer [Geschäftsführer]; Ärzte Positionsanzeige Sie [Geschäftsführung],,unresolved,Ownership/control layer was not safely established from public evidence; operational management is retained where verified.,UNRESOLVED,Dieter Ehart; Dieter Ehart Beteiligungsverhältnisse Dr; Dieter Ehart Beteiligungsverhältnisse WTE,Geschäftsführung; Geschäftsführung; Geschäftsführung,MEDIUM_HIGH,https://www.wte-aac.at | https://www.wte-aac.at/impressum/ | https://www.wte-aac.at/impressum/ | https://www.wte-aac.at/impressum/ | https://www.wte-aac.at/impressum/ | https://www.wte-aac.at/impressum/ | https://www.wte-aac.at/impressum/ | https://www.wte-aac.at/impressum/,No ownership was inferred from surname. Unknown share percentages remain null. For international/network firms the Austrian operational leadership is preferred over a global parent.,+4315121887,central_context,108,Dieter Ehart Beteiligungsverhältnisse WTE,https://www.wte-aac.at | https://www.wte-aac.at/impressum/ | https://www.wte-aac.at/kanzlei/adresse_und_anfahrt/ | https://www.wte-aac.at/kanzlei/kontakt/ | https://www.wte-aac.at/leistungen/unternehmensgruendung/ | https://www.wte-aac.at/news/aerzte/ | https://www.wte-aac.at/news/klienten/ | https://www.wte-aac.at/news/klienten/april_2026/kryptowaehrungen_im_fokus_der_finanzverwaltung/ | https://www.wte-aac.at/news/klienten/august_2026/muss_probearbeit_angemeldet_werden_/ | https://www.wte-aac.at/news/klienten/februar_2026/last_minute_aenderung_bei_den_ueberstunden_und_beim_feiertagsarbeitsentgelt/ | https://www.wte-aac.at/news/klienten/juli_2026/mitarbeiterpraemienregelung_2026_beschlossen/ | https://www.wte-aac.at/news/klienten/juni_2026/anhebung_der_buchfuehrungsgrenze_und_aktivierungswahl_angekuendigt/ | https://www.wte-aac.at/news/klienten/m%C3%A4rz_2026/wichtige_tipps_fuer_die_arbeitnehmerveranlagung_2025/ | https://www.wte-aac.at/news/klienten/mai_2026/was_muss_bei_vermietungen_im_familienverbund_beachtet_werden_/ | https://www.wte-aac.at/news/klienten/september_2014/ist_der_verkauf_des_hauptwohnsitzes_steuerfrei_/ | https://www.wte-aac.at/news/klienten/september_2026/sachbezug_kuenftig_auch_fuer_elektroautos/ | https://www.wte-aac.at/news/klienten/september_2026/umfassende_aenderungen_im_doppelbesteuerungsabkommen_mit_der_schweiz/ | https://www.wte-aac.at/news/klienten/september_2026/welche_zahlungen_unterliegen_der_abzugsteuer_/ | https://www.wte-aac.at/news/klienten/september_2026/zeitpunkt_der_gebaeudeabschreibung_bei_einer_vermietung_und_verpachtung_nach_generalsanierung/,dieter.ehart@wte-aac.at,personal_verified_email,90,Dieter Ehart,https://www.wte-aac.at/kanzlei/ansprechpartner/,,
domain:bos-audit.at,B O S Bilanz- Organisations- und Steuerservice GmbH,bos-audit.at,http://www.bos-audit.at,office@bos-audit.at | j.ischepp@bos-audit.at | m.gruber@bos-audit.at | peter@kobetitsch.at,+43 1 533 10 05 0 | +43 1 533 10 05 5 | +43 1 533 10 05 | +43 664 307 10 84 | +43 664 1000 757 | +43 1 533 87 601,"Wien Gemeinde: Wien Wien 1.,Innere Stadt +43 1 533 10 05 0 + | Wien Gemeinde: Wien Wien 1.,Innere Stadt +43 664 1000 757 +4",2,2,2,"B O S Bilanz- Organisations- und Steuerservice GmbH | Fehlmann Wirtschaftsinformationen, Steuerberatungsgesellschaft mbH",https://ksw.or.at/mitgliederverzeichnis/?tx_kswmembers_membersdirectory%5Bcontroller%5D=MembersDirectory&tx_kswmembers_membersdirectory%5BcurrentPage%5D=362 | https://ksw.or.at/mitgliederverzeichnis/?tx_kswmembers_membersdirectory%5Bcontroller%5D=MembersDirectory&tx_kswmembers_membersdirectory%5BcurrentPage%5D=117,1,CONFIRMED_20_29,HIGH,20,20,official explicit employee count,"20: 9. Mittlerweile besteht das Unternehmen seit rund 40 Jahren. Die Gesellschaft beschäftigt rund 20 Mitarbeiterinnen und Mitarbeiter und vertritt vor allem Klein- und Mittelbetriebe,",33,19,1,,,,https://www.bos-audit.at/ | https://www.bos-audit.at/de/kanzlei/kontakt/ | https://www.bos-audit.at/de/kanzlei/adresse_und_anfahrt/ | https://www.bos-audit.at/de/kanzlei/partner/ | https://www.bos-audit.at/de/kanzlei/mitarbeiter/ | https://www.bos-audit.at/de/kanzlei/kanzlei_im_bild/ | https://www.bos-audit.at/de/kanzlei/philosophie/ | https://www.bos-audit.at/de/kanzlei/geschichte/,PRIOR_STAGE2_CANDIDATE;TEAM_PROFILES_10_PLUS;TEAM_EMAILS_10_PLUS;LEGAL_ENTITIES_2_PLUS,VERIFY_PRIOR,CONFIRMED_20_PLUS,20,,AUSTRIA_GROUP,HIGH,Official Austrian company/group page proves at least 20 employees.,https://www.bos-audit.at/de/kanzlei/geschichte/,Official site employee statement around 20.,"Official count proves 20+, but does not safely bound an upper limit.",SINGLE,1,domain:bos-audit.at,B O S Bilanz- Organisations- und Steuerservice GmbH,SINGLE_GROUP,CONFIRMED_20_PLUS,KSW,,,,,,,,,,,,Terminvereinbarung Informationen [Partner]; Karriere Online [Partner]; Haftung Servicecenter Unternehmensgründung Buchhaltung [Management]; Vermieter Infos [Partner]; Links Behörden Förderstellen Infolinks [Partner]; Erinnerungsservice Partnerlinks Aktuelles Steuernews [Partner]; Klienten Steuernews-TV Anmeldung [Partner]; Newsletter Inhalt Aktive Beratung [Partner]; Betriebswirtschaft Wir [Partner]; Ihre Ansprechpartner Neben [Partner],Ihre Fragen (); Kontaktieren Sie (); Weitere Vergesellschaftung (),Ihre Fragen; Kontaktieren Sie; Weitere Vergesellschaftung,"Public sources identify owner/shareholder names, but complete share percentages were not safely established.",PARTNER_OWNED,Ihre Fragen; Kontaktieren Sie,Owner/Gesellschafter; Owner/Gesellschafter,MEDIUM_HIGH,https://www.bos-audit.at/ | https://www.bos-audit.at/ | https://www.bos-audit.at/ | https://www.bos-audit.at/ | https://www.bos-audit.at/ | https://www.bos-audit.at/ | https://www.bos-audit.at/ | https://www.bos-audit.at/ | https://www.bos-audit.at/ | https://www.bos-audit.at/ | https://www.bos-audit.at/de/kanzlei/geschichte/,No ownership was inferred from surname. Unknown share percentages remain null. For international/network firms the Austrian operational leadership is preferred over a global parent.,+4315331005,named_fixed_candidate,83,Ihre Fragen,https://www.bos-audit.at/de/aktuelles/steuernews_fuer_klienten/ | https://www.bos-audit.at/de/infos_und_links/partnerlinks/ | https://www.bos-audit.at/de/servicecenter/unternehmensberatung/ | https://www.bos-audit.at/de/servicecenter/unternehmensbewertung/ | https://www.bos-audit.at/de/servicecenter/unternehmensgruendung/ | https://www.bos-audit.at/de/servicecenter/unternehmensnachfolge/,j.ischepp@bos-audit.at,named_context_email,78,Ihre Fragen,https://www.bos-audit.at/de/aktuelles/steuernews_fuer_klienten/ | https://www.bos-audit.at/de/infos_und_links/partnerlinks/ | https://www.bos-audit.at/de/servicecenter/unternehmensberatung/ | https://www.bos-audit.at/de/servicecenter/unternehmensbewertung/ | https://www.bos-audit.at/de/servicecenter/unternehmensgruendung/ | https://www.bos-audit.at/de/servicecenter/unternehmensnachfolge/,,
domain:antosch.at,Dr. Antosch und Partner Wirtschaftstreuhand Gesellschaft m.b.H.,antosch.at,http://www.antosch.at,office@antosch.at,+43 6245 855 81 0 | +43 6245 855 81 9 | +43 664 352 14 86,Hallein Gemeinde: Hallein Bezirk Hallein +43 6245 855 81 0 +,1,1,1,Dr. Antosch und Partner Wirtschaftstreuhand Gesellschaft m.b.H.,https://ksw.or.at/mitgliederverzeichnis/?tx_kswmembers_membersdirectory%5Bcontroller%5D=MembersDirectory&tx_kswmembers_membersdirectory%5BcurrentPage%5D=149,1,CONFIRMED_20_29,HIGH,29,29,official team/profile lower bound,,0,29,0,,,,https://antosch.at/,PRIOR_STAGE2_CANDIDATE;TEAM_EMAILS_10_PLUS,VERIFY_PRIOR,CONFIRMED_20_PLUS,28,,AUSTRIA_LEGAL_ENTITY,HIGH,Official site provides a direct staff lower bound of at least 28.,https://antosch.at/,Official site exposes at least 28 distinct staff profiles/personal company-domain emails.,Staff-page lower bound proves 20+ but not 30+ unless count reaches 30.,SINGLE,1,domain:antosch.at,Dr. Antosch und Partner Wirtschaftstreuhand Gesellschaft m.b.H.,SINGLE_GROUP,CONFIRMED_20_PLUS,KSW,,,,,,,,,,,,Backoffice Dr [Geschäftsführung]; Sabine Pointner-Antosch [Management]; Nadja Zenz [Partner]; AUSTRIA Telefon [Partner]; KONTAKT Dr [Partner]; Alle Rechte [Partner]; RE KANZLEI NEWS TIPPS [Partner]; Landesgericht Salzburg UID-Nummer [Management],Rechte Dritter (),Rechte Dritter,"Public sources identify owner/shareholder names, but complete share percentages were not safely established.",PARTNER_OWNED,Rechte Dritter,Owner/Gesellschafter,MEDIUM_HIGH,https://antosch.at/ | https://antosch.at/ | https://antosch.at/ | https://antosch.at/ | https://antosch.at/ | https://antosch.at/ | https://antosch.at/impressum/ | https://antosch.at/impressum/ | https://antosch.at/impressum/,No ownership was inferred from surname. Unknown share percentages remain null. For international/network firms the Austrian operational leadership is preferred over a global parent.,,central_fallback,20,,https://antosch.at/,,generic_fallback,30,,https://antosch.at/,+43624585581,office@antosch.at
domain:steuerberatung-oberndorf.at,G & S Steuerberatungs GmbH,steuerberatung-oberndorf.at,http://www.steuerberatung-oberndorf.at,info@steuerberatung-oberndorf.at | j.gogler-reiter@steuerberatung-oberndorf.at | steuerberatung@hoeflmaier.co.at,+43 6272 54 40 | +43 6272 54 68 | +43 664 132 81 39 | +43 6272 54 40 12,Oberndorf bei Salzburg Gemeinde: Oberndorf bei Salzburg Bezi,1,1,1,G & S Steuerberatungs GmbH,https://ksw.or.at/mitgliederverzeichnis/?tx_kswmembers_membersdirectory%5Bcontroller%5D=MembersDirectory&tx_kswmembers_membersdirectory%5BcurrentPage%5D=447,1,CONFIRMED_30_PLUS,HIGH,36,36,official team/profile lower bound,,0,36,3,,,,https://www.steuerberatung-oberndorf.at/ | https://www.steuerberatung-oberndorf.at/at/kanzlei/adresse_und_anfahrt/index_ger.html | https://www.steuerberatung-oberndorf.at/at/kanzlei/ansprechpartner/index_ger.html | https://www.steuerberatung-oberndorf.at/at/kanzlei/leitbild/index_ger.html | https://www.steuerberatung-oberndorf.at/at/kanzlei/kontakt/index_ger.html | https://www.steuerberatung-oberndorf.at/at/kanzlei/karrierechancen/index_ger.html | https://www.steuerberatung-oberndorf.at/at/kanzlei/impressum/index_ger.html | https://www.steuerberatung-oberndorf.at/at/service/unternehmensgruendung/index_ger.html,PRIOR_STAGE2_CANDIDATE;TEAM_EMAILS_10_PLUS;JOB_LINKS_3_PLUS,VERIFY_PRIOR,CONFIRMED_30_PLUS,35,,AUSTRIA_LEGAL_ENTITY,HIGH,Official site provides a direct staff lower bound of at least 35.,https://www.steuerberatung-oberndorf.at/,Official site exposes at least 35 distinct staff profiles/personal company-domain emails.,Staff-page lower bound alone proves 30+; no upper bound assumed.,SINGLE,1,domain:steuerberatung-oberndorf.at,G & S Steuerberatungs GmbH,SINGLE_GROUP,CONFIRMED_20_PLUS,KSW,,,,,,,,,,,,Klienten Steu [Partner]; Ärzte Anmeldung [Partner]; E-Mail-Newsletter Menü Anrufen E-Mail [Partner]; Harald Schlager Mag [Partner]; Johanna Gogler-Reiter [Partner]; Manfred Höflmaier [Partner]; Offene Stellen [Partner]; Inhalt Onlinetools Onlinenews Ansprechpartner [Partner]; Oberndorf Telefon [Partner]; Datenschutz Imp [Partner],,unresolved,Ownership/control layer was not safely established from public evidence; operational management is retained where verified.,UNRESOLVED,Harald Schlager Beteiligungsverhältnisse Gogler-Rechberger; Johanna Gogle; Kontaktieren Sie,Geschäftsführer; Geschäftsführer; Geschäftsführer,MEDIUM_HIGH,https://www.steuerberatung-oberndorf.at/ | https://www.steuerberatung-oberndorf.at/ | https://www.steuerberatung-oberndorf.at/ | https://www.steuerberatung-oberndorf.at/ | https://www.steuerberatung-oberndorf.at/ | https://www.steuerberatung-oberndorf.at/ | https://www.steuerberatung-oberndorf.at/ | https://www.steuerberatung-oberndorf.at/,No ownership was inferred from surname. Unknown share percentages remain null. For international/network firms the Austrian operational leadership is preferred over a global parent.,+4362725468,named_fixed_candidate,83,Kontaktieren Sie,https://www.steuerberatung-oberndorf.at/ | https://www.steuerberatung-oberndorf.at/at/kanzlei/adresse_und_anfahrt/index_ger.html | https://www.steuerberatung-oberndorf.at/at/kanzlei/impressum/index_ger.html | https://www.steuerberatung-oberndorf.at/at/kanzlei/karrierechancen/vielen_dank_f%C3%BCr_ihre_bewerbung/index_ger.html | https://www.steuerberatung-oberndorf.at/at/kanzlei/kontakt/index_ger.html | https://www.steuerberatung-oberndorf.at/at/kanzlei/kontakt/vielen_dank_f%C3%BCr_ihr_interesse/index_ger.html | https://www.steuerberatung-oberndorf.at/at/news/anmeldung_zum_e_mail_newsletter/index_ger.html,j.gogler-reiter@steuerberatung-oberndorf.at,personal_verified_email,90,Johanna Gogle,https://www.steuerberatung-oberndorf.at/at/kanzlei/ansprechpartner/index_ger.html,,
domain:szabo.at,HBD Steuerberatung GmbH,szabo.at,http://www.szabo.at | http://szabo.at,julia.haller@szabo.at | martina.benischke@szabo.at | ingrid.szabo@szabo.at | gudrun.humel@szabo.at | office@szabo.at,+43 1 278 13 55 | +43 1 278 13 55 25 | +43 1 278 13 550 | +43 1 278 13 55 0 | +43 1 27 02 948 | +43 664 221 10 16 | +43 664 535 21 10,"Wien Gemeinde: Wien Wien 21.,Floridsdorf +43 1 278 13 55 +43 | Wien Gemeinde: Wien Wien 21.,Floridsdorf +43 1 278 13 55 0 i",4,4,4,HBD Steuerberatung GmbH | SZHU Steuerberatung GmbH | SH Steuerberaterinnen GmbH | Szabo & Partner Steuerberatung GmbH,https://ksw.or.at/mitgliederverzeichnis/?tx_kswmembers_membersdirectory%5Bcontroller%5D=MembersDirectory&tx_kswmembers_membersdirectory%5BcurrentPage%5D=209 | https://ksw.or.at/mitgliederverzeichnis/?tx_kswmembers_membersdirectory%5Bcontroller%5D=MembersDirectory&tx_kswmembers_membersdirectory%5BcurrentPage%5D=7 | https://ksw.or.at/mitgliederverzeichnis/?tx_kswmembers_membersdirectory%5Bcontroller%5D=MembersDirectory&tx_kswmembers_membersdirectory%5BcurrentPage%5D=529 | https://ksw.or.at/mitgliederverzeichnis/?tx_kswmembers_membersdirectory%5Bcontroller%5D=MembersDirectory&tx_kswmembers_membersdirectory%5BcurrentPage%5D=509,1,CONFIRMED_20_29,HIGH,22,22,official team/profile lower bound,,1,22,5,,,,https://www.szabo.at/ | https://www.szabo.at/unternehmen/karriere/ | https://www.szabo.at/unternehmen/grundsaetze/ | https://www.szabo.at/unternehmen/ueber-uns/ | https://www.szabo.at/unternehmen/team/ | https://www.szabo.at/unternehmen/presse/ | https://www.szabo.at/leistungen/unternehmensberatung/,PRIOR_STAGE2_CANDIDATE;TEAM_EMAILS_10_PLUS;JOB_LINKS_3_PLUS;KSW_LISTINGS_3_PLUS;LOCATIONS_3_PLUS;LEGAL_ENTITIES_2_PLUS,VERIFY_PRIOR,CONFIRMED_20_PLUS,20,,AUSTRIA_GROUP,HIGH,Official site provides a direct staff lower bound of at least 20.,https://www.szabo.at/,Official site exposes at least 20 distinct staff profiles/personal company-domain emails.,Staff-page lower bound proves 20+ but not 30+ unless count reaches 30.,SINGLE,1,domain:szabo.at,HBD Steuerberatung GmbH,SINGLE_GROUP,CONFIRMED_20_PLUS,KSW,,,,,,,,,,,,Ingrid Szabo [Geschäftsführer]; Ihre Steueranliegen Management [Geschäftsführer]; Gudrun Humel [Geschäftsführer]; Kontaktieren Sie [Geschäftsführer]; Abgabenrecht Als Mitarbeiterin [Geschäftsführer]; Martina Benischke [Geschäftsführer]; Vortragende Als Beraterin [Geschäftsführer]; Sylvia Decombe [Geschäftsführer]; Klienten Licht [Geschäftsführer]; Julia Haller [Geschäftsführer],,unresolved,Ownership/control layer was not safely established from public evidence; operational management is retained where verified.,UNRESOLVED,Abgabenrecht Als Mitarbeiterin; Gudrun Humel; Gudrun Humel Steuerberaterin,Geschäftsführer; Geschäftsführer; Geschäftsführer,MEDIUM_HIGH,https://www.szabo.at/ | https://www.szabo.at/ | https://www.szabo.at/ | https://www.szabo.at/ | https://www.szabo.at/ | https://www.szabo.at/ | https://www.szabo.at/ | https://www.szabo.at/,No ownership was inferred from surname. Unknown share percentages remain null. For international/network firms the Austrian operational leadership is preferred over a global parent.,,central_fallback,20,,https://www.szabo.at/,gudrun.humel@szabo.at,personal_verified_email,90,Gudrun Humel,https://www.szabo.at/unternehmen/team/,+4312781355,
domain:kastnerschatz.at,Kastner & Schatz Steuerberatung GmbH,kastnerschatz.at,http://www.KastnerSchatz.at,Aschbach@KastnerSchatz.at | Waidhofen@KastnerSchatz.at | Bettina.Kastner@KastnerSchatz.at | Daniela.Schatz@KastnerSchatz.at,+43 7442 535 52 | +43 664 154 84 55 | +43 7442 535 52 18 | +43 7476 778 11 | +43 7476 778 11 22,Waidhofen an der Ybbs Gemeinde: Waidhofen an der Ybbs Bezirk | Mitterhausleiten Gemeinde: Aschbach-Markt Bezirk Amstetten +,1,2,2,Kastner & Schatz Steuerberatung GmbH,https://ksw.or.at/mitgliederverzeichnis/?tx_kswmembers_membersdirectory%5Bcontroller%5D=MembersDirectory&tx_kswmembers_membersdirectory%5BcurrentPage%5D=513 | https://ksw.or.at/mitgliederverzeichnis/?tx_kswmembers_membersdirectory%5Bcontroller%5D=MembersDirectory&tx_kswmembers_membersdirectory%5BcurrentPage%5D=264,1,CONFIRMED_20_29,HIGH,25,25,official team/profile lower bound,,0,25,1,,,,https://www.kastnerschatz.at/ | https://www.kastnerschatz.at/unternehmen | https://www.kastnerschatz.at/team | https://www.kastnerschatz.at/karriere | https://www.kastnerschatz.at/digitale-kanzlei,PRIOR_STAGE2_CANDIDATE;TEAM_EMAILS_10_PLUS,VERIFY_PRIOR,CONFIRMED_20_PLUS,25,,AUSTRIA_LEGAL_ENTITY,HIGH,Official site provides a direct staff lower bound of at least 25.,https://www.kastnerschatz.at/,Official site exposes at least 25 distinct staff profiles/personal company-domain emails.,Staff-page lower bound proves 20+ but not 30+ unless count reaches 30.,SINGLE,1,domain:kastnerschatz.at,Kastner & Schatz Steuerberatung GmbH,SINGLE_GROUP,CONFIRMED_20_PLUS,KSW,,,,,,,,,,,,Standort Waidhofen [Management],Gesellschafterinnen MM (); Wiener Straße (); Geschäftsführende Gesellschafterin (); Standort Waidhofen (); Standort Aschbach (); Sandra Paier Abteilungsleitung Honorarverrechnung (); Buchhaltung Bilanzierung Honorarverrechnung (),Gesellschafterinnen MM; Wiener Straße; Geschäftsführende Gesellschafterin; Standort Waidhofen,"Public sources identify owner/shareholder names, but complete share percentages were not safely established.",PARTNER_OWNED,Gesellschafterinnen MM; Wiener Straße,Owner/Gesellschafter; Owner/Gesellschafter,MEDIUM_HIGH,https://www.kastnerschatz.at/unternehmen | https://www.kastnerschatz.at/unternehmen | https://www.kastnerschatz.at/unternehmen | https://www.kastnerschatz.at/team | https://www.kastnerschatz.at/team | https://www.kastnerschatz.at/team | https://www.kastnerschatz.at/team | https://www.kastnerschatz.at/team,No ownership was inferred from surname. Unknown share percentages remain null. For international/network firms the Austrian operational leadership is preferred over a global parent.,+436641548455,mobile_public,100,Wiener Straße,https://www.kastnerschatz.at/kontakt,aschbach@kastnerschatz.at,named_context_email,74,Wiener Straße,https://www.kastnerschatz.at/karriere | https://www.kastnerschatz.at/kontakt,,
domain:rabelpartner.at,LUNARIA GmbH Wirtschaftsprüfungs- und Steuerberatungsgesellschaft,rabelpartner.at,http://www.rabelpartner.at | http://www.moestl-pfeiffer.at | http://www.deloitte.at,klaus.rabel@rabelpartner.at | office@rabelpartner.at | graz@deloitte.at | office@moestl-pfeiffer.at | josef.klug@klug-partner.at | office-villach@rabelpartner.at | sziak@deloitte.at,+43 316 31 71 0 | +43 316 31 71 900 | +43 316 31 71 410 | +43 316 31 71 90 | +43 316 31 71 | +43 316 37 30 37 0 | +43 316 37 30 37 30 | +43 1 869 44 94 | +43 4242 39 919 | +43 316 890 888 | +43 316 890 888 99,Graz Gemeinde: Graz Bezirk Graz(Stadt) +43 316 31 71 0 +43 3 | Graz Gemeinde: Graz Bezirk Graz(Stadt) +43 316 31 71 +43 316 | Villach-Innere Stadt Gemeinde: Villach Bezirk Villach Stadt,3,3,3,LUNARIA GmbH Wirtschaftsprüfungs- und Steuerberatungsgesellschaft | Deloitte Styria GmbH Wirtschaftsprüfungs- und Steuerberatungsgesellschaft | Rabel & Partner Kärnten GmbH Wirtschaftsprüfungs- und Steuerberatungsgesellschaft,https://ksw.or.at/mitgliederverzeichnis/?tx_kswmembers_membersdirectory%5Bcontroller%5D=MembersDirectory&tx_kswmembers_membersdirectory%5BcurrentPage%5D=349 | https://ksw.or.at/mitgliederverzeichnis/?tx_kswmembers_membersdirectory%5Bcontroller%5D=MembersDirectory&tx_kswmembers_membersdirectory%5BcurrentPage%5D=285 | https://ksw.or.at/mitgliederverzeichnis/?tx_kswmembers_membersdirectory%5Bcontroller%5D=MembersDirectory&tx_kswmembers_membersdirectory%5BcurrentPage%5D=124,1,CONFIRMED_20_29,HIGH,20,20,official team/profile lower bound,,20,0,15,,,,https://www.deloitte.com/at/de/what-we-do/regions/steiermark.html | https://www.deloitte.com/at/de/about.html?icid=top_about | https://www.deloitte.com/at/de/about/story/purpose-values.html?icid=top_purpose-values | https://www.deloitte.com/at/de/about/people.html?icid=top_people | https://www.deloitte.com/at/de/about/press-room.html?icid=top_press-room | https://www.deloitte.com/at/de/what-we-do/regions/unsere-standorte.html | https://www.deloitte.com/at/de/Industries/consumer/about.html?icid=top_about | https://www.deloitte.com/at/de/Industries/energy/about.html?icid=top_about,PRIOR_STAGE2_CANDIDATE;TEAM_PROFILES_10_PLUS;JOB_LINKS_3_PLUS;KSW_LISTINGS_3_PLUS;LOCATIONS_3_PLUS;LEGAL_ENTITIES_2_PLUS,VERIFY_PRIOR,CONFIRMED_20_PLUS,23,,AUSTRIA_GROUP,HIGH,Official site provides a direct staff lower bound of at least 23.,https://www.deloitte.com/at/de/what-we-do/regions/steiermark.html,Official site exposes at least 23 distinct staff profiles/personal company-domain emails.,Staff-page lower bound proves 20+ but not 30+ unless count reaches 30.,SINGLE,1,domain:rabelpartner.at,LUNARIA GmbH Wirtschaftsprüfungs- und Steuerberatungsgesellschaft,SINGLE_GROUP,CONFIRMED_20_PLUS,KSW,,,,,,,,,,,,Buchhaltung Viele [Partner]; Deloitte-Partnerin Karin Eckhart [Partner]; Perspective Warum [Partner]; Personalverrechnung Sinn [Partner]; Monatliche Lohn [Management]; Bernd Luxbacher [Partner]; Deloitte Styria [Partner]; Perspective Durchblick [Partner]; Perspective Rabel [Partner]; Perspective Kontaktieren Sie [Partner],,unresolved,Ownership/control layer was not safely established from public evidence; operational management is retained where verified.,UNRESOLVED,Alexander Enzin; Assurance Audit; Assurance Audit Bus,Partner; Management; Management,MEDIUM_HIGH,https://www.deloitte.com/at/de/what-we-do/regions/steiermark.html | https://www.deloitte.com/at/de/what-we-do/regions/steiermark.html | https://www.deloitte.com/at/de/what-we-do/regions/steiermark.html | https://www.deloitte.com/at/de/what-we-do/regions/steiermark.html | https://www.deloitte.com/at/de/what-we-do/regions/steiermark.html | https://www.deloitte.com/at/de/what-we-do/regions/steiermark.html | https://www.deloitte.com/at/de/what-we-do/regions/steiermark.html | https://www.deloitte.com/at/de/what-we-do/regions/steiermark.html,No ownership was inferred from surname. Unknown share percentages remain null. For international/network firms the Austrian operational leadership is preferred over a global parent.,+431537008552,mobile_public,100,Assurance Audit,https://www.deloitte.com/at/de/about/press-room.html?icid=top_press-room,aenzinger@deloitte.at,personal_verified_email,90,Alexander Enzin,https://www.deloitte.com/at/de/what-we-do/regions/steiermark.html,,
domain:noewp.at,NÖWP Niederösterreichische Wirtschaftsprüfungs- und Steuerberatungsgesellschaft m.b.H. Nachf. KG,noewp.at,http://www.noewp.at,mail@noewp.at,+43 2236 242 06 0 | +43 2236 487 04,Maria Enzersdorf Gemeinde: Maria Enzersdorf Bezirk Mödling +,1,1,1,NÖWP Niederösterreichische Wirtschaftsprüfungs- und Steuerberatungsgesellschaft m.b.H. Nachf. KG,https://ksw.or.at/mitgliederverzeichnis/?tx_kswmembers_membersdirectory%5Bcontroller%5D=MembersDirectory&tx_kswmembers_membersdirectory%5BcurrentPage%5D=372,1,CONFIRMED_20_29,HIGH,23,23,official team/profile lower bound,,0,23,1,,,,https://noewp.at/ | https://noewp.at/uber-uns/ | https://noewp.at/karriere/,PRIOR_STAGE2_CANDIDATE;TEAM_EMAILS_10_PLUS,VERIFY_PRIOR,CONFIRMED_20_PLUS,22,,AUSTRIA_LEGAL_ENTITY,HIGH,Official site provides a direct staff lower bound of at least 22.,https://noewp.at/,Official site exposes at least 22 distinct staff profiles/personal company-domain emails.,Staff-page lower bound proves 20+ but not 30+ unless count reaches 30.,SINGLE,1,domain:noewp.at,NÖWP Niederösterreichische Wirtschaftsprüfungs- und Steuerberatungsgesellschaft m.b.H. Nachf. KG,SINGLE_GROUP,CONFIRMED_20_PLUS,KSW,,,,,,,,,,,,Mehr Infos Anton Egger [Geschäftsführer]; Bereich Bilanzierung [Geschäftsführer]; Fachhochschule Wiener Neustadt [Geschäftsführung]; Mehr Infos Walter Egger [Geschäftsführer],,unresolved,Ownership/control layer was not safely established from public evidence; operational management is retained where verified.,UNRESOLVED,Bereich Bilanzierung; Fachhochschule Wiener Neustadt; Mehr Infos Anton Egger,Geschäftsführer; Geschäftsführung; Geschäftsführer,MEDIUM_HIGH,https://noewp.at/uber-uns/ | https://noewp.at/uber-uns/ | https://noewp.at/uber-uns/ | https://noewp.at/uber-uns/,No ownership was inferred from surname. Unknown share percentages remain null. For international/network firms the Austrian operational leadership is preferred over a global parent.,+43223624206,named_fixed_candidate,75,Fachhochschule Wiener Neustadt,https://noewp.at/impressum/,,generic_email,30,Fachhochschule Wiener Neustadt,https://noewp.at/impressum/,,
domain:rauch-steuerberatung.at,Rauch Steuerberatung Gesellschaft m.b.H.,rauch-steuerberatung.at,http://www.rauch-steuerberatung.at | http://www.tyrodat.at,hubert.rauch@rauch-steuerberatung.at,+43 5272 65 01 | +43 5272 65 01 11,Steinach am Brenner Gemeinde: Steinach am Brenner Bezirk Inn | Wilten Gemeinde: Innsbruck Bezirk Innsbruck-Stadt +43 512 58,2,1,1,Rauch Steuerberatung Gesellschaft m.b.H. | Tyrodat Wirtschaftstreuhandgesellschaft m.b.H.,https://ksw.or.at/mitgliederverzeichnis/?tx_kswmembers_membersdirectory%5Bcontroller%5D=MembersDirectory&tx_kswmembers_membersdirectory%5BcurrentPage%5D=397,1,CONFIRMED_30_PLUS,HIGH,41,41,official team/profile lower bound,,41,19,2,,,,https://www.rauch-steuerberatung.at/ | https://www.rauch-steuerberatung.at/at/kanzlei/impressum/ | https://www.rauch-steuerberatung.at/at/kanzlei/adresse_und_anfahrt/ | https://www.rauch-steuerberatung.at/at/kanzlei/team/ | https://www.rauch-steuerberatung.at/at/kanzlei/kontakt/ | https://www.rauch-steuerberatung.at/at/kanzlei/termin_vereinbaren/ | https://www.rauch-steuerberatung.at/at/kanzlei/karriere/ | https://www.rauch-steuerberatung.at/at/kanzlei/warum_zu_uns_/,PRIOR_STAGE2_CANDIDATE;TEAM_PROFILES_10_PLUS;TEAM_EMAILS_10_PLUS,VERIFY_PRIOR,CONFIRMED_30_PLUS,41,,AUSTRIA_GROUP,HIGH,Official site provides a direct staff lower bound of at least 41.,https://www.rauch-steuerberatung.at/ | https://www.tyrodat.at/,Official site exposes at least 41 distinct staff profiles/personal company-domain emails.,Staff-page lower bound alone proves 30+; no upper bound assumed.,SINGLE,2,domain:rauch-steuerberatung.at | domain:tyrodat.at,Rauch Steuerberatung Gesellschaft m.b.H. | Tyrodat Wirtschaftstreuhandgesellschaft m.b.H.,DIRECT_SHARED_PRIMARY_DOMAIN,CONFIRMED_20_PLUS,KSW,,,,,,,,,,,,RZL Klientenportal Behörden Förderstellen [Partner]; Partnerlinks Onlinetools Steuer-Rechner SV-Rechner [Partner]; BWL-Rechner Erinnerung Service Aktuelles [Partner]; Klienten Steuernews [Partner]; Ärzte Tipps [Partner]; Arbeitnehmer Anmeldung [Partner]; Newsletter Cookies Wir [Management]; Brenner Firmenbuch-Nummer FN [Geschäftsführer]; Firmenbuch-Gericht Innsbruck DVR [Geschäftsführer]; Ansprechpartner Sämtliche Anfragen [Partner],,unresolved,Ownership/control layer was not safely established from public evidence; operational management is retained where verified.,UNRESOLVED,Brenner Firmenbuch-Nummer FN; Firmenbuch-Gericht Innsbruck DVR; Ansprechpartner Sämtliche Anfragen,Geschäftsführer; Geschäftsführer; Partner,MEDIUM_HIGH,https://www.rauch-steuerberatung.at/ | https://www.rauch-steuerberatung.at/ | https://www.rauch-steuerberatung.at/ | https://www.rauch-steuerberatung.at/ | https://www.rauch-steuerberatung.at/ | https://www.rauch-steuerberatung.at/ | https://www.rauch-steuerberatung.at/ | https://www.rauch-steuerberatung.at/at/kanzlei/impressum/,No ownership was inferred from surname. Unknown share percentages remain null. For international/network firms the Austrian operational leadership is preferred over a global parent.,,central_context,24,Brenner Firmenbuch-Nummer FN,https://www.rauch-steuerberatung.at/at/kanzlei/impressum/ | https://www.rauch-steuerberatung.at/at/kanzlei/impressum/index.html,,generic_email,34,Ansprechpartner Sämtliche Anfragen,https://www.rauch-steuerberatung.at/at/kanzlei/impressum/ | https://www.rauch-steuerberatung.at/at/kanzlei/impressum/index.html,,
domain:smk-steuerberater.at,SMK Steuerberater GmbH,smk-steuerberater.at,https://www.smk-steuerberater.at/ | http://www.schietz.at | http://www.smk-steuerberater.at,office@smk-steuerberater.at | tanya.koblmueller@smk-steuerberater.at | jessica.schietz@schietz.at | office@schietz.at,+43 7282 66 66 6 | +43 7282 207 97 2200 | +43 7282 66 66 2299 | +43 7282 66 66 | +43 7282 6666 2299,Neufelden Gemeinde: Neufelden Bezirk Rohrbach +43 7282 66 66,1,1,1,SMK Steuerberater GmbH,https://ksw.or.at/mitgliederverzeichnis/?tx_kswmembers_membersdirectory%5Bcontroller%5D=MembersDirectory&tx_kswmembers_membersdirectory%5BcurrentPage%5D=314,1,CONFIRMED_30_PLUS,HIGH,45,45,official explicit employee count,"45: Unternehmen 1989 von Ernst Schietz mit nur einer Mitarbeiterin gegründet wurde, sind nun mehr als 45 Mitarbeiter:innen bei uns beschäftigt. Wir sind somit die führende Kanzlei in u",52,1,11,,,,https://www.smk-steuerberater.at/de/ | https://www.smk-steuerberater.at/de/kanzlei-smk/leitbild-philosophie | https://www.smk-steuerberater.at/de/kanzlei-smk/team | https://www.smk-steuerberater.at/de/kanzlei-smk/kanzlei-geschichte | https://www.smk-steuerberater.at/de/kanzlei-smk/kooperationspartner | https://www.smk-steuerberater.at/de/karriere | https://www.smk-steuerberater.at/de/karriere/bewerbung | https://www.smk-steuerberater.at/de/karriere/benefits,PRIOR_STAGE2_CANDIDATE;TEAM_PROFILES_10_PLUS;JOB_LINKS_3_PLUS,VERIFY_PRIOR,CONFIRMED_30_PLUS,45,,AUSTRIA_LEGAL_ENTITY,HIGH,Official Austrian company/group page states approximately or explicitly 45 employees.,https://www.smk-steuerberater.at/de/kanzlei-smk/kanzlei-geschichte,Official site employee statement around 45.,Official-site employee statement is sufficient for a 30+ lower bound.,SINGLE,1,domain:smk-steuerberater.at,SMK Steuerberater GmbH,SINGLE_GROUP,CONFIRMED_20_PLUS,KSW,,,,,,,,,,,,Personalverrechnung Jahresabschlüsse News [Partner]; Steuertipps Steuernews [Partner]; Klienten Steuernews [Partner]; Ärzte Gastronews Steuernews Landwirtschaft [Partner]; Vermieter Archiv News [Management]; Informieren Sie [Partner]; Helmuth Krammerbauer Geschäftsführun [Geschäftsführung]; Jessica Hofer-Schi [Geschäftsführung]; Kerstin Höretzeder Geschä [Geschäftsführung]; Lydia Wiesinger [Geschäftsführung],Ernst Schietz (); Johannes Pfoser (); Kerstin Höretzeder (); Betriebliche Gesundheitsförderung (); Helmuth Krammerbauer (),Ernst Schietz; Johannes Pfoser; Kerstin Höretzeder; Betriebliche Gesundheitsförderung,"Public sources identify owner/shareholder names, but complete share percentages were not safely established.",PARTNER_OWNED,Ernst Schietz; Johannes Pfoser,Owner/Gesellschafter; Owner/Gesellschafter,MEDIUM_HIGH,https://www.smk-steuerberater.at/de/ | https://www.smk-steuerberater.at/de/ | https://www.smk-steuerberater.at/de/ | https://www.smk-steuerberater.at/de/ | https://www.smk-steuerberater.at/de/ | https://www.smk-steuerberater.at/de/ | https://www.smk-steuerberater.at/de/kanzlei-smk/team | https://www.smk-steuerberater.at/de/kanzlei-smk/team | https://www.smk-steuerberater.at/de/kanzlei-smk/kanzlei-geschichte | https://www.smk-steuerberater.at/de/kanzlei-smk/kanzlei-geschichte | https://www.smk-steuerberater.at/de/kanzlei-smk/kanzlei-geschichte | https://www.smk-steuerberater.at/de/kanzlei-smk/kanzlei-geschichte | https://www.smk-steuerberater.at/de/kanzlei-smk/kanzlei-geschichte,No ownership was inferred from surname. Unknown share percentages remain null. For international/network firms the Austrian operational leadership is preferred over a global parent.,,central_context,20,Ernst Schietz,https://www.smk-steuerberater.at/de/,,generic_email,30,Ernst Schietz,https://www.smk-steuerberater.at/de/,,
domain:westermayer.at,Westermayer Wirtschaftstreuhand-Gesellschaft m.b.H.,westermayer.at,http://www.westermayer.at,office@westermayer.at | mag.glaser@westermayer.at,+43 1 278 62 60 | +43 664 356 72 33 | +43 664 264 48 08 | +43 1 278 62 60 60,"Wien Gemeinde: Wien Wien 21.,Floridsdorf +43 1 278 62 60 +43",1,1,1,Westermayer Wirtschaftstreuhand-Gesellschaft m.b.H.,https://ksw.or.at/mitgliederverzeichnis/?tx_kswmembers_membersdirectory%5Bcontroller%5D=MembersDirectory&tx_kswmembers_membersdirectory%5BcurrentPage%5D=398,1,CONFIRMED_20_29,HIGH,28,28,official team/profile lower bound,,28,3,4,,,,https://www.westermayer.at/ | https://www.westermayer.at/kanzlei/ansprechpartner/ | https://www.westermayer.at/kanzlei/geschichte/ | https://www.westermayer.at/kanzlei/erstgespraech/ | https://www.westermayer.at/kanzlei/kanzlei_im_bild/ | https://www.westermayer.at/kanzlei/kanzlei_im_netz/ | https://www.westermayer.at/steuerberater/leistungen/unternehmensgruendung/ | https://www.westermayer.at/steuerberater/leistungen/unternehmensberatung/,PRIOR_STAGE2_CANDIDATE;TEAM_PROFILES_10_PLUS;JOB_LINKS_3_PLUS,VERIFY_PRIOR,CONFIRMED_20_PLUS,28,,AUSTRIA_LEGAL_ENTITY,HIGH,Official site provides a direct staff lower bound of at least 28.,https://www.westermayer.at/,Official site exposes at least 28 distinct staff profiles/personal company-domain emails.,Staff-page lower bound proves 20+ but not 30+ unless count reaches 30.,SINGLE,1,domain:westermayer.at,Westermayer Wirtschaftstreuhand-Gesellschaft m.b.H.,SINGLE_GROUP,CONFIRMED_20_PLUS,KSW,,,,,,,,,,,,Anfahrt Ansprechpartner Geschichte Gutschein-Erstgespräch [Partner]; Datenschutz Leistungen Unternehmensgründung Buchhaltung [Partner]; Bilanzierung Mediation [Management]; Ihr Steuerberater [Partner]; Christa Glaser [Management]; Herr Alfred Glaser [Management]; Adresse Am Spitz [Partner]; Menü Hauptnavigation Kanzle [Partner]; Ansprechpartner Ansprechpartner Hier [Partner]; Sie Ihre [Partner],,unresolved,Ownership/control layer was not safely established from public evidence; operational management is retained where verified.,UNRESOLVED,Geschäftsführerin Mag; Adresse Am Spitz; Anfahrt Ansprechpartner Geschichte Gutschein-Erstgespräch,Geschäftsführer; Partner; Partner,MEDIUM_HIGH,https://www.westermayer.at/ | https://www.westermayer.at/ | https://www.westermayer.at/ | https://www.westermayer.at/ | https://www.westermayer.at/ | https://www.westermayer.at/ | https://www.westermayer.at/kanzlei/ansprechpartner/ | https://www.westermayer.at/kanzlei/ansprechpartner/,No ownership was inferred from surname. Unknown share percentages remain null. For international/network firms the Austrian operational leadership is preferred over a global parent.,,,,,,,,,,,,
domain:auditreu-ws.at,AUDITREU Wirtschaftsprüfung und Steuerberatung GmbH,auditreu-ws.at,https://www.auditreu-ws.at,office@auditreu-ws.at | sabrina.noll@gmx.at | sabrina.noll@auditreu.at,+43 1 99 77 168 0 | +43 1 99 77 168 99 | +43 650 577 56 65,"Wien Gemeinde: Wien Wien 1.,Innere Stadt +43 1 99 77 168 0 +",1,1,1,AUDITREU Wirtschaftsprüfung und Steuerberatung GmbH,https://ksw.or.at/mitgliederverzeichnis/?tx_kswmembers_membersdirectory%5Bcontroller%5D=MembersDirectory&tx_kswmembers_membersdirectory%5BcurrentPage%5D=353,1,CONFIRMED_20_29,HIGH,20,20,official explicit employee count,"20: rt.Seidl@auditreu-ws.at 20 Köpfe, 1 Mission Hinter der Geschäftsleitung steht ein starkes Team von über 20 Mitarbeitenden. Als wachsende Kanzlei verbinden wir Steuerberatung, Wirts | 20: auditreu-ws.at 20 Köpfe, 1 Mission Hinter der Geschäftsleitung steht ein starkes Team von über 20 Mitarbeitenden. Als wachsende Kanzlei verbinden wir Steuerberatung, Wirtschaftsprü | 20: rt.Seidl@auditreu-ws.at 20 Köpfe, 1 Mission Hinter der Geschäftsleitung steht ein starkes Team von über 20 Mitarbeitenden. Als wachsende Kanzlei verbinden wir Steuerberatung, Wirts | 20: auditreu-ws.at 20 Köpfe, 1 Mission Hinter der Geschäftsleitung steht ein starkes Team von über 20 Mitarbeitenden. Als wachsende Kanzlei verbinden wir Steuerberatung, Wirtschaftsprü",0,3,2,,,,https://www.auditreu-ws.at/ | https://www.auditreu-ws.at/unternehmensberatung/ | https://www.auditreu-ws.at/kanzlei/ | https://www.auditreu-ws.at/jobs/,PRIOR_STAGE2_CANDIDATE,VERIFY_PRIOR,CONFIRMED_20_PLUS,20,,AUSTRIA_LEGAL_ENTITY,HIGH,Official Austrian company/group page proves at least 20 employees.,https://www.auditreu-ws.at/kanzlei/,Official site employee statement around 20.,"Official count proves 20+, but does not safely bound an upper limit.",SINGLE,1,domain:auditreu-ws.at,AUDITREU Wirtschaftsprüfung und Steuerberatung GmbH,SINGLE_GROUP,CONFIRMED_20_PLUS,KSW,,,,,,,,,,,,Jahre Erfahrung [Partner]; Ihrer Seite [Partner],Sabrina Noll (); Steuerberaterin Tel (); Albert Seidl Wirtscha (),Sabrina Noll; Steuerberaterin Tel; Albert Seidl Wirtscha,"Public sources identify owner/shareholder names, but complete share percentages were not safely established.",PARTNER_OWNED,Sabrina Noll; Steuerberaterin Tel,Owner/Gesellschafter; Owner/Gesellschafter,MEDIUM_HIGH,https://www.auditreu-ws.at/ | https://www.auditreu-ws.at/unternehmensberatung/ | https://www.auditreu-ws.at/kanzlei/ | https://www.auditreu-ws.at/kanzlei/ | https://www.auditreu-ws.at/kanzlei/,No ownership was inferred from surname. Unknown share percentages remain null. For international/network firms the Austrian operational leadership is preferred over a global parent.,+4319977168,central_context,79,Steuerberaterin Tel,https://www.auditreu-ws.at/kanzlei/ | https://www.auditreu-ws.at/kontakt/,sabrina.noll@auditreu-ws.at,personal_verified_email,90,Sabrina Noll,https://www.auditreu-ws.at/kanzlei/,,
domain:convisio.net,CONVISIO Steuerberatungs GmbH,convisio.net,http://www.convisio.net | http://www.convisio.at,jochen.neubert@convisio.net | franz.slamanig@convisio.net | natascha.blazej@convisio.net | georg.krall@convisio.at | wolfsberg@convisio.net | blazej@slamanig.at | voelkermarkt@convisio.net,+43 4232 27156 | +43 4232 271 56 | +43 664 263 42 14 | +43 4232 271 56 4 | +43 463 329 014 | +43 463 329 0144 | +43 664 200 91 92 | +43 4352 362 56 | +43 4352 362 56 4 | +43 4232 271 56 114 | +43 4232 27 156 | +43 4232 27 156 1,"Wien Gemeinde: Wien Wien 1.,Innere Stadt +43 4232 27156 joch | Klagenfurt Gemeinde: Klagenfurt am Wörthersee Bezirk Klagenf | Villach-Völkendorf Gemeinde: Villach Bezirk Villach Stadt ve | Kleinedling Gemeinde: Wolfsberg Bezirk Wolfsberg +43 4352 36 | Völkermarkt Gemeinde: Völkermarkt Bezirk Völkermarkt +43 423",6,6,6,CONVISIO Steuerberatungs GmbH | CONVISIO Wirtschaftsprüfung GmbH | CONVISIO Villach Wirtschaftstreuhand - Steuerberatung GmbH | CONVISIO Wolfsberg Wirtschaftstreuhand - Steuerberatung GmbH | CONVISIO Völkermarkt Wirtschaftstreuhand - Steuerberatung GmbH | CONVISIO Völkermarkt Wirtschaftstreuhand Steuerberatung GmbH & Co KG,https://ksw.or.at/mitgliederverzeichnis/?tx_kswmembers_membersdirectory%5Bcontroller%5D=MembersDirectory&tx_kswmembers_membersdirectory%5BcurrentPage%5D=187 | https://ksw.or.at/mitgliederverzeichnis/?tx_kswmembers_membersdirectory%5Bcontroller%5D=MembersDirectory&tx_kswmembers_membersdirectory%5BcurrentPage%5D=301 | https://ksw.or.at/mitgliederverzeichnis/?tx_kswmembers_membersdirectory%5Bcontroller%5D=MembersDirectory&tx_kswmembers_membersdirectory%5BcurrentPage%5D=503 | https://ksw.or.at/mitgliederverzeichnis/?tx_kswmembers_membersdirectory%5Bcontroller%5D=MembersDirectory&tx_kswmembers_membersdirectory%5BcurrentPage%5D=368 | https://ksw.or.at/mitgliederverzeichnis/?tx_kswmembers_membersdirectory%5Bcontroller%5D=MembersDirectory&tx_kswmembers_membersdirectory%5BcurrentPage%5D=131 | https://ksw.or.at/mitgliederverzeichnis/?tx_kswmembers_membersdirectory%5Bcontroller%5D=MembersDirectory&tx_kswmembers_membersdirectory%5BcurrentPage%5D=270,1,CONFIRMED_30_PLUS,HIGH,50,50,official explicit employee count,"50: us der anfänglich kleinen Steuerberatungskanzlei wurde mittlerweile eine mittelständische Kanzlei mit ca. 50 MitarbeiterInnen, davon 8 PartnerInnen. Wir beraten nationale und inter | 50: glich kleinen Steuerberatungskanzlei wurde mittlerweile eine mittelständische Kanzlei mit ca. 50 MitarbeiterInnen, davon 8 PartnerInnen. Wir beraten nationale und international tät",0,13,1,,,,https://www.convisio.net/ | https://www.convisio.net/ueber-uns/ | https://www.convisio.net/karriere/,PRIOR_STAGE2_CANDIDATE;TEAM_EMAILS_10_PLUS;KSW_LISTINGS_3_PLUS;LOCATIONS_3_PLUS;LEGAL_ENTITIES_2_PLUS,VERIFY_PRIOR,CONFIRMED_30_PLUS,50,,AUSTRIA_GROUP,HIGH,Official Austrian company/group page states approximately or explicitly 50 employees.,https://www.convisio.net/ueber-uns/,Official site employee statement around 50.,Official-site employee statement is sufficient for a 30+ lower bound.,SINGLE,1,domain:convisio.net,CONVISIO Steuerberatungs GmbH,SINGLE_GROUP,CONFIRMED_20_PLUS,KSW,,,,,,,,,,,,Financial Advisory [Partner]; Gründungsberatung Karriere Wissen [Partner]; News Intern Menü Bereit [Partner]; Ihre Zukunft Wir [Management]; Völkermarkt Eva Winkler Gesellschafter-Geschäftsführerin [Geschäftsführer]; FH Lektorin [Geschäftsführer]; ÜBer Uns [Partner]; Schneider Silvia Schmid-Amlacher Rosa-Mari [Management]; ÜBer Uns Über [Management]; Partnern Franz Slamanig [Partner],Völkermarkt Eva Winkler Gesellschafter-Geschäftsführerin (); FH Lektorin (); ÜBer Uns (); Schneider Silvia Schmid-Aml (),Völkermarkt Eva Winkler Gesellschafter-Geschäftsführerin; FH Lektorin; ÜBer Uns; Schneider Silvia Schmid-Aml,"Public sources identify owner/shareholder names, but complete share percentages were not safely established.",PARTNER_OWNED,Völkermarkt Eva Winkler Gesellschafter-Geschäftsführerin; FH Lektorin,Owner/Gesellschafter; Owner/Gesellschafter,MEDIUM_HIGH,https://www.convisio.net/ | https://www.convisio.net/ | https://www.convisio.net/ | https://www.convisio.net/ | https://www.convisio.net/ueber-uns/ | https://www.convisio.net/ueber-uns/ | https://www.convisio.net/ueber-uns/ | https://www.convisio.net/ueber-uns/ | https://www.convisio.net/ueber-uns/ | https://www.convisio.net/ueber-uns/ | https://www.convisio.net/ueber-uns/ | https://www.convisio.net/ueber-uns/,No ownership was inferred from surname. Unknown share percentages remain null. For international/network firms the Austrian operational leadership is preferred over a global parent.,,central_fallback,20,,https://www.convisio.net/,michael.puri@convisio.net,named_context_email,70,FH Lektorin,https://www.convisio.net/ueber-uns/,+43463329014,
domain:foissner.at,FOISSNER & FOISSNER STEUERBERATUNG GmbH,foissner.at,http://www.foissner.at,d.foissner@foissner.at | a.puehringer@foissner.at,+43 732 38 47 06 | +43 732 37 01 98 | +43 732 38 00 08 | +43 732 370 178,Linz Gemeinde: Linz Bezirk Linz(Stadt) +43 732 38 47 06 +43 | Linz Gemeinde: Linz Bezirk Linz(Stadt) +43 732 37 01 98 +43,2,2,2,FOISSNER & FOISSNER STEUERBERATUNG GmbH | Foissner & Foissner Steuerberatung GmbH & Co KG,https://ksw.or.at/mitgliederverzeichnis/?tx_kswmembers_membersdirectory%5Bcontroller%5D=MembersDirectory&tx_kswmembers_membersdirectory%5BcurrentPage%5D=405 | https://ksw.or.at/mitgliederverzeichnis/?tx_kswmembers_membersdirectory%5Bcontroller%5D=MembersDirectory&tx_kswmembers_membersdirectory%5BcurrentPage%5D=89,1,CONFIRMED_20_29,HIGH,23,23,official team/profile lower bound,,0,23,1,,,,https://www.foissner.at/home | https://www.foissner.at/team | https://www.foissner.at/karriere,PRIOR_STAGE2_CANDIDATE;TEAM_EMAILS_10_PLUS;LEGAL_ENTITIES_2_PLUS,VERIFY_PRIOR,CONFIRMED_20_PLUS,22,,AUSTRIA_GROUP,HIGH,Official site provides a direct staff lower bound of at least 22.,https://www.foissner.at/home,Official site exposes at least 22 distinct staff profiles/personal company-domain emails.,Staff-page lower bound proves 20+ but not 30+ unless count reaches 30.,SINGLE,1,domain:foissner.at,FOISSNER & FOISSNER STEUERBERATUNG GmbH,SINGLE_GROUP,CONFIRMED_20_PLUS,KSW,,,,,,,,,,,,Steuerberater E-Mail [Geschäftsführung]; Andrea Pühringer [Geschäftsführung]; Steuerberaterin E-Mail [Geschäftsführung]; Finanzstrafrechtsexperte E-Mail [Geschäftsführung]; Baireder Sigrid Bilanzbuchhaltung [Management]; Buchhaltung E-Mail [Management],Geschäftsführender Gesellschafter (),Geschäftsführender Gesellschafter,"Public sources identify owner/shareholder names, but complete share percentages were not safely established.",PARTNER_OWNED,Geschäftsführender Gesellschafter,Owner/Gesellschafter,MEDIUM_HIGH,https://www.foissner.at/team | https://www.foissner.at/team | https://www.foissner.at/team | https://www.foissner.at/team | https://www.foissner.at/team | https://www.foissner.at/team | https://www.foissner.at/impressum,No ownership was inferred from surname. Unknown share percentages remain null. For international/network firms the Austrian operational leadership is preferred over a global parent.,,central_context,20,Geschäftsführender Gesellschafter,https://www.foissner.at/impressum,,generic_email,30,Geschäftsführender Gesellschafter,https://www.foissner.at/impressum,,
domain:hauer-partner.at,Hauer & Partner Steuerberatung GmbH,hauer-partner.at,http://www.hauer-partner.at,mondsee@hauer-partner.at,+43 6232 68 68 | +43 6232 68 68 20 | +43 6232 68 68 15 | +43 664 120 68 54,Mondsee Gemeinde: Mondsee Bezirk Vöcklabruck +43 6232 68 68,1,1,1,Hauer & Partner Steuerberatung GmbH,https://ksw.or.at/mitgliederverzeichnis/?tx_kswmembers_membersdirectory%5Bcontroller%5D=MembersDirectory&tx_kswmembers_membersdirectory%5BcurrentPage%5D=358,1,CONFIRMED_30_PLUS,HIGH,31,31,official team/profile lower bound,,31,15,12,,,,https://www.hauer-partner.at/ | https://www.hauer-partner.at/ueber_uns/team/ | https://www.hauer-partner.at/ueber_uns/kanzlei_im_netz/ | https://www.hauer-partner.at/leistungen/unternehmensgruendung/ | https://www.hauer-partner.at/leistungen/unternehmensberatung/ | https://www.hauer-partner.at/leistungen/unternehmensnachfolge/ | https://www.hauer-partner.at/online_kanzlei/digitalisierung/ | https://www.hauer-partner.at/online_kanzlei/online_tools/,PRIOR_STAGE2_CANDIDATE;TEAM_PROFILES_10_PLUS;TEAM_EMAILS_10_PLUS;JOB_LINKS_3_PLUS,VERIFY_PRIOR,CONFIRMED_30_PLUS,31,,AUSTRIA_LEGAL_ENTITY,HIGH,Official site provides a direct staff lower bound of at least 31.,https://www.hauer-partner.at/,Official site exposes at least 31 distinct staff profiles/personal company-domain emails.,Staff-page lower bound alone proves 30+; no upper bound assumed.,SINGLE,1,domain:hauer-partner.at,Hauer & Partner Steuerberatung GmbH,SINGLE_GROUP,CONFIRMED_20_PLUS,KSW,,,,,,,,,,,,Netz Leistungen Unternehmensgründung Unternehmensberatung [Partner]; Jetzt Termin [Partner]; Inhalt Kompetent [Partner]; Erreichung Ihrer Ziele [Partner]; Ihnen Zeit [Management]; Lernen Sie [Partner]; Ihr Steuerberater [Management]; Mondsee Telefon [Partner]; Sind Sie [Management]; Thema Digitalisierung [Partner],,unresolved,Ownership/control layer was not safely established from public evidence; operational management is retained where verified.,UNRESOLVED,AT Telefon; Anfahrt Inhalt Adresse; Buchhaltung Inhalt Buchhaltung Rechnen,Partner; Partner; Partner,MEDIUM_HIGH,https://www.hauer-partner.at/ | https://www.hauer-partner.at/ | https://www.hauer-partner.at/ | https://www.hauer-partner.at/ | https://www.hauer-partner.at/ | https://www.hauer-partner.at/ | https://www.hauer-partner.at/ | https://www.hauer-partner.at/,No ownership was inferred from surname. Unknown share percentages remain null. For international/network firms the Austrian operational leadership is preferred over a global parent.,+436232686820,named_fixed_candidate,83,AT Telefon,https://www.hauer-partner.at/ | https://www.hauer-partner.at/impressum | https://www.hauer-partner.at/leistungen/buchhaltung/ | https://www.hauer-partner.at/leistungen/finanzstrafrecht/ | https://www.hauer-partner.at/leistungen/lohnverrechnung/ | https://www.hauer-partner.at/leistungen/spezialthemen/ | https://www.hauer-partner.at/leistungen/steuerberatung/ | https://www.hauer-partner.at/leistungen/unternehmensberatung/ | https://www.hauer-partner.at/leistungen/unternehmensgruendung/ | https://www.hauer-partner.at/leistungen/unternehmensnachfolge/ | https://www.hauer-partner.at/news/gastronews/ | https://www.hauer-partner.at/news/klientennews/ | https://www.hauer-partner.at/news/newsletter_anmeldung/ | https://www.hauer-partner.at/online_kanzlei/digitalisierung/ | https://www.hauer-partner.at/online_kanzlei/erinnerungsservice/ | https://www.hauer-partner.at/online_kanzlei/nuetzliche_links/ | https://www.hauer-partner.at/online_kanzlei/online_tools/ | https://www.hauer-partner.at/ueber_uns/adresse_und_anfahrt/ | https://www.hauer-partner.at/ueber_uns/kanzlei_im_netz/ | https://www.hauer-partner.at/ueber_uns/kontaktformular/ | https://www.hauer-partner.at/ueber_uns/team/ | https://www.hauer-partner.at/ueber_uns/terminvereinbarung/,mondsee@hauer-partner.at,named_context_email,78,AT Telefon,https://www.hauer-partner.at/ | https://www.hauer-partner.at/impressum | https://www.hauer-partner.at/leistungen/buchhaltung/ | https://www.hauer-partner.at/leistungen/finanzstrafrecht/ | https://www.hauer-partner.at/leistungen/lohnverrechnung/ | https://www.hauer-partner.at/leistungen/spezialthemen/ | https://www.hauer-partner.at/leistungen/steuerberatung/ | https://www.hauer-partner.at/leistungen/unternehmensberatung/ | https://www.hauer-partner.at/leistungen/unternehmensgruendung/ | https://www.hauer-partner.at/leistungen/unternehmensnachfolge/ | https://www.hauer-partner.at/news/gastronews/ | https://www.hauer-partner.at/news/klientennews/ | https://www.hauer-partner.at/news/newsletter_anmeldung/ | https://www.hauer-partner.at/online_kanzlei/digitalisierung/ | https://www.hauer-partner.at/online_kanzlei/erinnerungsservice/ | https://www.hauer-partner.at/online_kanzlei/nuetzliche_links/ | https://www.hauer-partner.at/online_kanzlei/online_tools/ | https://www.hauer-partner.at/ueber_uns/adresse_und_anfahrt/ | https://www.hauer-partner.at/ueber_uns/kanzlei_im_netz/ | https://www.hauer-partner.at/ueber_uns/kontaktformular/ | https://www.hauer-partner.at/ueber_uns/team/ | https://www.hauer-partner.at/ueber_uns/terminvereinbarung/,,
domain:kapas.at,KAPAS Steuerberatung GmbH,kapas.at,http://www.kapas.at,fuerstenfeld@kapas.at | juergen.ritter@kapas.at | johannes.kandlhofer@kapas.at | rainer.trinkl@kapas.at | graz@kapas.at | office@kapas.at | gleisdorf@kapas.at | ulrike.schickhofer@kapas.at,+43 3382 525 06 0 | +43 3382 525 06 33 | +43 3172 37 80 0 | +43 664 130 40 72 | +43 3172 37 80 7 | +43 316 29 33 77 | +43 3172 37 80 165 | +43 3112 266 70 | +43 664 524 01 52 | +43 3172 37 80,Fürstenfeld Gemeinde: Fürstenfeld Bezirk Hartberg-Fürstenfel | Raaba Gemeinde: Raaba-Grambach Bezirk Graz-Umgebung +43 316 | Gleisdorf Gemeinde: Gleisdorf Bezirk Weiz +43 3112 266 70 gl | Weiz Gemeinde: Weiz Bezirk Weiz +43 3172 37 80 0 +43 3172 37 | Gleisdorf Gemeinde: Gleisdorf Bezirk Weiz +43 664 130 40 72 | Fresen Gemeinde: Anger Bezirk Weiz +43 664 524 01 52 ulrike.,3,6,6,KAPAS Steuerberatung GmbH | Ritter Steuerberatung GmbH | U. Schickhofer Steuerberatung GmbH,https://ksw.or.at/mitgliederverzeichnis/?tx_kswmembers_membersdirectory%5Bcontroller%5D=MembersDirectory&tx_kswmembers_membersdirectory%5BcurrentPage%5D=161 | https://ksw.or.at/mitgliederverzeichnis/?tx_kswmembers_membersdirectory%5Bcontroller%5D=MembersDirectory&tx_kswmembers_membersdirectory%5BcurrentPage%5D=293 | https://ksw.or.at/mitgliederverzeichnis/?tx_kswmembers_membersdirectory%5Bcontroller%5D=MembersDirectory&tx_kswmembers_membersdirectory%5BcurrentPage%5D=144 | https://ksw.or.at/mitgliederverzeichnis/?tx_kswmembers_membersdirectory%5Bcontroller%5D=MembersDirectory&tx_kswmembers_membersdirectory%5BcurrentPage%5D=248 | https://ksw.or.at/mitgliederverzeichnis/?tx_kswmembers_membersdirectory%5Bcontroller%5D=MembersDirectory&tx_kswmembers_membersdirectory%5BcurrentPage%5D=266 | https://ksw.or.at/mitgliederverzeichnis/?tx_kswmembers_membersdirectory%5Bcontroller%5D=MembersDirectory&tx_kswmembers_membersdirectory%5BcurrentPage%5D=271,1,CONFIRMED_30_PLUS,HIGH,150,150,official explicit employee count,150: in de en Inhaltsbereich Wir finden die passende Lösung. Leistungen unserer Steuerberatungskanzlei Mit über 150 Mitarbeiter:innen zählen wir zu den größten Steuerberatungskanzleien  | 150: altsbereich Wir finden die passende Lösung. Leistungen unserer Steuerberatungskanzlei Mit über 150 Mitarbeiter:innen zählen wir zu den größten Steuerberatungskanzleien Österreichs.,0,1,0,,,,https://www.kapas.at:443/ | https://www.kapas.at:443/steuerberatungskanzlei | https://www.kapas.at:443/beratung-unternehmensnachfolge | https://www.kapas.at:443/finanzierungsberatung-unternehmensplanung | https://www.kapas.at:443/unternehmensbewertung | https://www.kapas.at:443/steuerkanzlei | https://www.kapas.at:443/steuerberater-autohandel-transportunternehmen | https://www.kapas.at:443/steuerberater-tankstellen-supermaerkte,PRIOR_STAGE2_CANDIDATE;KSW_LISTINGS_3_PLUS;LOCATIONS_3_PLUS;LEGAL_ENTITIES_2_PLUS,VERIFY_PRIOR,CONFIRMED_30_PLUS,150,,AUSTRIA_GROUP,HIGH,Official Austrian company/group page states approximately or explicitly 150 employees.,https://www.kapas.at:443/steuerberatungskanzlei,Official site employee statement around 150.,Official-site employee statement is sufficient for a 30+ lower bound.,SINGLE,1,domain:kapas.at,KAPAS Steuerberatung GmbH,SINGLE_GROUP,CONFIRMED_20_PLUS,KSW,,,,,,,,,,,,Umsatzsteuer Immobilien Gründungs [Management]; Ihr Ansprechpartner [Geschäftsführer]; Jürgen Ritter Steuerberater [Geschäftsführer]; Betriebsübergaben Finanzierungs [Geschäftsführer]; Investitionsberatung Zum Profil Gespräch [Geschäftsführer]; Social Media [Management]; Sie Ihr Lebenswerk [Partner]; Ihre Ansprechpartnerin [Partner]; Evamaria Friedrich Steuerberaterin Umgründungen [Partner]; Betriebsübergaben Energieunternehmen Immobilienberatung Prognoserechnungen [Partner],Spaltungen Unternehmensbewertung (); Gesellschafterstreitigkeiten Unternehmensbewertung (); Schenkung Unternehmensbewertung (); Scheidung Analyse (); Ausgangssituation Aufbereitung (),Spaltungen Unternehmensbewertung; Gesellschafterstreitigkeiten Unternehmensbewertung; Schenkung Unternehmensbewertung; Scheidung Analyse,"Public sources identify owner/shareholder names, but complete share percentages were not safely established.",PARTNER_OWNED,Spaltungen Unternehmensbewertung; Gesellschafterstreitigkeiten Unternehmensbewertung,Owner/Gesellschafter; Owner/Gesellschafter,MEDIUM_HIGH,https://www.kapas.at:443/steuerberatungskanzlei | https://www.kapas.at:443/beratung-unternehmensnachfolge | https://www.kapas.at:443/beratung-unternehmensnachfolge | https://www.kapas.at:443/beratung-unternehmensnachfolge | https://www.kapas.at:443/beratung-unternehmensnachfolge | https://www.kapas.at:443/beratung-unternehmensnachfolge | https://www.kapas.at:443/beratung-unternehmensnachfolge | https://www.kapas.at:443/beratung-unternehmensnachfolge | https://www.kapas.at:443/unternehmensbewertung | https://www.kapas.at:443/unternehmensbewertung | https://www.kapas.at:443/unternehmensbewertung | https://www.kapas.at:443/unternehmensbewertung | https://www.kapas.at:443/unternehmensbewertung,No ownership was inferred from surname. Unknown share percentages remain null. For international/network firms the Austrian operational leadership is preferred over a global parent.,,central_fallback,20,,https://www.kapas.at:443/,,generic_fallback,30,,https://www.kapas.at:443/,26082026,office@kapas.at
domain:leitnerleitner.com,LeitnerLeitner GmbH Wirtschaftsprüfer und Steuerberater,leitnerleitner.com,http://www.leitnerleitner.com | http://www.ey.com/at | http://www.ey.com/austria | http://www.ey.com | http://leitnerleitner.com,accountingllaustria@leitnerleitner.com | clemens.nowotny@leitnerleitner.com | gerald.gahleitner@leitnerleitner.com | office.salzburg@leitnerleitner.com | markus.achatz@leitnerleitner.com | salzburg.office@leitnerleitner.com | office@leitnerleitner.com | christian.oberhumer@leitnerleitner.com | freistadt.office@leitnerleitner.com | thomas.kiesenhofer@leitnerleitner.com | neufelden.office@leitnerleitner.com | lothar.egger@leitnerleitner.com | ried.office@leitnerleitner.com | maria.schlagnitweit@leitnerleitner.com | wien.office@leitnerleitner.com | heribert.bach@leitnerleitner.com | hannes.gurtner@leitnerleitner.com | innsbruck.office@leitnerleitner.com | brigitte.muehleder@leitnerleitner.com | claudia.anzinger@leitnerleitner.com | accountingLLAustria@leitnerleitner.com | yvonne.schuchter@leitnerleitner.com | tatjana.polivanova@leitnerleitner.com | harald.galla@leitnerleitner.com,+43 732 70 93 0 | +43 732 70 93 156 | +43 732 70 93 359 | +43 732 70 93 379 | +43 732 70 93 811 | +43 662 847 093 0 | +43 662 84 70 93 0 | +43 662 84 70 93 828 | +43 5572 40 40 60 | +43 664 393 79 18 | +43 316 426 100 | +43 732 70 93 324 | +43 664 830 85 98 | +43 732 70 93 824 | +43 7942 747 47 | +43 664 52 47 940 | +43 732 70 93 140 | +43 732 70 93 818 | +43 732 70 93 224 | +43 732 70 93 402 | +43 7752 858 88 | +43 732 70 93 2265 | +43 732 70 93 815 | +43 1 718 98 90 | +43 1 718 98 90 800 | +43 664 846 12 00 | +43 732 70 93 806 | +43 1 71 89 89 0 | +43 1 71 89 89 800 | +43 512 55 77 55 0 | +43 512 55 77 55 806 | +43 732 70 93 809 | +43 7942 74747 | +43 662 84 70 93 825 | +43 1 718 98 90 804 | +43 732 70 93 303,"Linz Gemeinde: Linz Bezirk Linz(Stadt) +43 732 70 93 0 +43 7 | Salzburg Gemeinde: Salzburg Bezirk Salzburg(Stadt) +43 662 8 | Dornbirn Gemeinde: Dornbirn Bezirk Dornbirn +43 5572 40 40 6 | Graz Gemeinde: Graz Bezirk Graz(Stadt) +43 316 426 100 offic | Galgenau Gemeinde: Freistadt Bezirk Freistadt +43 7942 747 4 | Neufelden Gemeinde: Neufelden Bezirk Rohrbach neufelden.offi | Ried im Innkreis Gemeinde: Ried im Innkreis Bezirk Ried im I | Wien Gemeinde: Wien Wien 4.,Wieden +43 1 718 98 90 +43 1 718 | Wien Gemeinde: Wien Wien 4.,Wieden +43 1 71 89 89 0 +43 1 71 | Innsbruck Gemeinde: Innsbruck Bezirk Innsbruck-Stadt +43 512 | Galgenau Gemeinde: Freistadt Bezirk Freistadt +43 7942 74747 | Salzburg Gemeinde: Salzburg Bezirk Salzburg(Stadt) +43 662 2 | Wien Gemeinde: Wien Wien 22.,Donaustadt +43 1 211 70 0 ey(at | Graz Gemeinde: Graz Bezirk Graz(Stadt) +43 1 211 70 0 eyaust | Linz Gemeinde: Linz Bezirk Linz(Stadt) +43 732 790 790 +43 7 | Klagenfurt Gemeinde: Klagenfurt am Wörthersee Bezirk Klagenf | Salzburg Gemeinde: Salzburg Bezirk Salzburg(Stadt) +43 664 1",13,25,25,LeitnerLeitner GmbH Wirtschaftsprüfer und Steuerberater | LeitnerLeitner Audit Partners GmbH Wirtschaftsprüfer | LeitnerLeitner Steuerberatung GmbH | LeitnerLeitner Österreich Wirtschaftsprüfungs GmbH | LeitnerLeitner Tirol GmbH Wirtschaftsprüfer und Steuerberater | LeitnerLeitner Salzburg GmbH Wirtschaftsprüfer und Steuerberater | LeitnerLeitner Beteiligungs GmbH Wirtschaftsprüfer und Steuerberater | LeitnerLeitner Wien Wirtschaftsprüfungs- und Steuerberatungsgesellschaft mbH | LeitnerLeitner International Consulting GmbH Wirtschaftsprüfer und Steuerberater | Ernst & Young Wirtschaftsprüfungsgesellschaft m.b.H. | Ernst & Young Steuerberatungsgesellschaft m.b.H. | Toifl Steuerberatung GmbH | Ernst & Young ServicegmbH & Co OG Steuerberatungsgesellschaft,https://ksw.or.at/mitgliederverzeichnis/?tx_kswmembers_membersdirectory%5Bcontroller%5D=MembersDirectory&tx_kswmembers_membersdirectory%5BcurrentPage%5D=392 | https://ksw.or.at/mitgliederverzeichnis/?tx_kswmembers_membersdirectory%5Bcontroller%5D=MembersDirectory&tx_kswmembers_membersdirectory%5BcurrentPage%5D=10 | https://ksw.or.at/mitgliederverzeichnis/?tx_kswmembers_membersdirectory%5Bcontroller%5D=MembersDirectory&tx_kswmembers_membersdirectory%5BcurrentPage%5D=74 | https://ksw.or.at/mitgliederverzeichnis/?tx_kswmembers_membersdirectory%5Bcontroller%5D=MembersDirectory&tx_kswmembers_membersdirectory%5BcurrentPage%5D=332 | https://ksw.or.at/mitgliederverzeichnis/?tx_kswmembers_membersdirectory%5Bcontroller%5D=MembersDirectory&tx_kswmembers_membersdirectory%5BcurrentPage%5D=83 | https://ksw.or.at/mitgliederverzeichnis/?tx_kswmembers_membersdirectory%5Bcontroller%5D=MembersDirectory&tx_kswmembers_membersdirectory%5BcurrentPage%5D=22 | https://ksw.or.at/mitgliederverzeichnis/?tx_kswmembers_membersdirectory%5Bcontroller%5D=MembersDirectory&tx_kswmembers_membersdirectory%5BcurrentPage%5D=471 | https://ksw.or.at/mitgliederverzeichnis/?tx_kswmembers_membersdirectory%5Bcontroller%5D=MembersDirectory&tx_kswmembers_membersdirectory%5BcurrentPage%5D=288 | https://ksw.or.at/mitgliederverzeichnis/?tx_kswmembers_membersdirectory%5Bcontroller%5D=MembersDirectory&tx_kswmembers_membersdirectory%5BcurrentPage%5D=363 | https://ksw.or.at/mitgliederverzeichnis/?tx_kswmembers_membersdirectory%5Bcontroller%5D=MembersDirectory&tx_kswmembers_membersdirectory%5BcurrentPage%5D=110 | https://ksw.or.at/mitgliederverzeichnis/?tx_kswmembers_membersdirectory%5Bcontroller%5D=MembersDirectory&tx_kswmembers_membersdirectory%5BcurrentPage%5D=175 | https://ksw.or.at/mitgliederverzeichnis/?tx_kswmembers_membersdirectory%5Bcontroller%5D=MembersDirectory&tx_kswmembers_membersdirectory%5BcurrentPage%5D=308 | https://ksw.or.at/mitgliederverzeichnis/?tx_kswmembers_membersdirectory%5Bcontroller%5D=MembersDirectory&tx_kswmembers_membersdirectory%5BcurrentPage%5D=436 | https://ksw.or.at/mitgliederverzeichnis/?tx_kswmembers_membersdirectory%5Bcontroller%5D=MembersDirectory&tx_kswmembers_membersdirectory%5BcurrentPage%5D=93 | https://ksw.or.at/mitgliederverzeichnis/?tx_kswmembers_membersdirectory%5Bcontroller%5D=MembersDirectory&tx_kswmembers_membersdirectory%5BcurrentPage%5D=197 | https://ksw.or.at/mitgliederverzeichnis/?tx_kswmembers_membersdirectory%5Bcontroller%5D=MembersDirectory&tx_kswmembers_membersdirectory%5BcurrentPage%5D=200 | https://ksw.or.at/mitgliederverzeichnis/?tx_kswmembers_membersdirectory%5Bcontroller%5D=MembersDirectory&tx_kswmembers_membersdirectory%5BcurrentPage%5D=489 | https://ksw.or.at/mitgliederverzeichnis/?tx_kswmembers_membersdirectory%5Bcontroller%5D=MembersDirectory&tx_kswmembers_membersdirectory%5BcurrentPage%5D=477 | https://ksw.or.at/mitgliederverzeichnis/?tx_kswmembers_membersdirectory%5Bcontroller%5D=MembersDirectory&tx_kswmembers_membersdirectory%5BcurrentPage%5D=113 | https://ksw.or.at/mitgliederverzeichnis/?tx_kswmembers_membersdirectory%5Bcontroller%5D=MembersDirectory&tx_kswmembers_membersdirectory%5BcurrentPage%5D=218 | https://ksw.or.at/mitgliederverzeichnis/?tx_kswmembers_membersdirectory%5Bcontroller%5D=MembersDirectory&tx_kswmembers_membersdirectory%5BcurrentPage%5D=456 | https://ksw.or.at/mitgliederverzeichnis/?tx_kswmembers_membersdirectory%5Bcontroller%5D=MembersDirectory&tx_kswmembers_membersdirectory%5BcurrentPage%5D=467,1,CONFIRMED_30_PLUS,HIGH,138,138,official team/profile lower bound,,138,0,0,,,,https://www.leitnerleitner.com/ | https://www.leitnerleitner.com/leistung/unternehmensnachfolge/ | https://www.leitnerleitner.com/kunde/familienunternehmen/ | https://www.leitnerleitner.com/kunde/kleine-mittlere-unternehmen/ | https://www.leitnerleitner.com/team/ | https://www.leitnerleitner.com/ueber-uns/ | https://www.leitnerleitner.com/standorte/,PRIOR_STAGE2_CANDIDATE;TEAM_PROFILES_10_PLUS;KSW_LISTINGS_3_PLUS;LOCATIONS_3_PLUS;LEGAL_ENTITIES_2_PLUS,VERIFY_PRIOR,CONFIRMED_30_PLUS,138,,AUSTRIA_GROUP,HIGH,Official site provides a direct staff lower bound of at least 138.,https://www.leitnerleitner.com/ | https://www.bing.com/ck/a?!&&p=6d21d848c8b986f56a56d72d399c45e29aea43ce771208ac6c27e9496ac87a77JmltdHM9MTc4ODEzNDQwMA&ptn=3&ver=2&hsh=4&fclid=2b9122ef-d82c-680d-387a-3529d9bf69bb&u=a1aHR0cHM6Ly93d3cuZXJuc3RtZmcuY29tLw&ntb=1,Official site exposes at least 138 distinct staff profiles/personal company-domain emails.,Staff-page lower bound alone proves 30+; no upper bound assumed.,SINGLE,2,domain:leitnerleitner.com | domain:ey.com,LeitnerLeitner GmbH Wirtschaftsprüfer und Steuerberater | Ernst & Young Wirtschaftsprüfungsgesellschaft m.b.H.,DIRECT_SHARED_PRIMARY_DOMAIN,CONFIRMED_20_PLUS,KSW,,,,,,,,,,,,Events Publikationen Podcasts Deal [Partner]; Alerts Karriere Über [Partner]; Standorte Gründungspartner We [Partner]; Newsletter Vorname [Partner]; Als Steuer [Partner]; LeitnerLaw Rechtsanwälte [Management]; LeitnerLaw Rechtsanwälte Edthaler Leitner-Bommer [Partner]; Universität Graz [Partner]; Gesellschafter Maria Schlagnitweit [Partner]; Gesellschafter Maria Schlagnitweit Wirtschaftsprüferin [Partner],Universität Graz (); Gesellschafter Maria Schlagnitweit Wirtschafts (); Gesellschafter Maria Schlagnitweit Wirtschaftsprüferin (); Gesellschafterin Natascha Stornig-Wisek Wirtschaftsprüferin (); Maria Schlagnitweit Wirtschaftsprüferin (); Natascha Stornig-Wisek Wirtschaftsprüferin (); Ihre Herausforderungen (); Gesellschafterin News (); Substanzabgeltung News (); Wichtige Steuertermine (),Universität Graz; Gesellschafter Maria Schlagnitweit Wirtschafts; Gesellschafter Maria Schlagnitweit Wirtschaftsprüferin; Gesellschafterin Natascha Stornig-Wisek Wirtschaftsprüferin,"Public sources identify owner/shareholder names, but complete share percentages were not safely established.",PARTNER_OWNED,Universität Graz; Gesellschafter Maria Schlagnitweit Wirtschafts,Owner/Gesellschafter; Owner/Gesellschafter,MEDIUM_HIGH,https://www.leitnerleitner.com/ | https://www.leitnerleitner.com/ | https://www.leitnerleitner.com/ | https://www.leitnerleitner.com/ | https://www.leitnerleitner.com/ | https://www.leitnerleitner.com/ | https://www.leitnerleitner.com/ | https://www.leitnerleitner.com/leistung/unternehmensnachfolge/ | https://www.leitnerleitner.com/leistung/unternehmensnachfolge/ | https://www.leitnerleitner.com/leistung/unternehmensnachfolge/ | https://www.leitnerleitner.com/leistung/unternehmensnachfolge/ | https://www.leitnerleitner.com/leistung/unternehmensnachfolge/ | https://www.leitnerleitner.com/leistung/unternehmensnachfolge/ | https://www.leitnerleitner.com/leistung/unternehmensnachfolge/ | https://www.leitnerleitner.com/leistung/unternehmensnachfolge/ | https://www.leitnerleitner.com/kunde/familienunternehmen/,No ownership was inferred from surname. Unknown share percentages remain null. For international/network firms the Austrian operational leadership is preferred over a global parent.,+4373270932156,named_fixed_candidate,75,Universität Graz,https://www.leitnerleitner.com/kontakt,,generic_email,30,Universität Graz,https://www.leitnerleitner.com/impressum,,
domain:nordwest-treuhand.at,NW Steuerberatungs GmbH & Co KG,nordwest-treuhand.at,http://www.nordwest-treuhand.at,office@nordwest-treuhand.at | j.schauer@nordwest-treuhand.at | m.klemens@klemens.cc,+43 732 77 70 62 | +43 732 78 38 10 | +43 732 77 98 62 | +43 732 779 862 | +43 732 783 810 | +43 732 77 98 62 25 | +43 680 130 90 53,Linz Gemeinde: Linz Bezirk Linz(Stadt) +43 732 77 70 62 +43 | Linz Gemeinde: Linz Bezirk Linz(Stadt) +43 732 77 98 62 +43 | Linz Gemeinde: Linz Bezirk Linz(Stadt) +43 732 779 862 +43 7,3,3,3,NW Steuerberatungs GmbH & Co KG | Nordwest-Treuhand Steuerberatungs GmbH & Co KG | Nordwest-Treuhand Steuerberatungsgesellschaft m.b.H.,https://ksw.or.at/mitgliederverzeichnis/?tx_kswmembers_membersdirectory%5Bcontroller%5D=MembersDirectory&tx_kswmembers_membersdirectory%5BcurrentPage%5D=225 | https://ksw.or.at/mitgliederverzeichnis/?tx_kswmembers_membersdirectory%5Bcontroller%5D=MembersDirectory&tx_kswmembers_membersdirectory%5BcurrentPage%5D=269 | https://ksw.or.at/mitgliederverzeichnis/?tx_kswmembers_membersdirectory%5Bcontroller%5D=MembersDirectory&tx_kswmembers_membersdirectory%5BcurrentPage%5D=232,1,CONFIRMED_20_29,HIGH,27,27,official team/profile lower bound,,27,1,2,,,,https://www.nordwest-treuhand.at/index_ger.html | https://www.nordwest-treuhand.at/at/kanzlei/adresse_und_anfahrt/ | https://www.nordwest-treuhand.at/at/kanzlei/team/ | https://www.nordwest-treuhand.at/at/kanzlei/kontakt/ | https://www.nordwest-treuhand.at/at/kanzlei/impressum/ | https://www.nordwest-treuhand.at/at/kanzlei/datenschutzerkl%C3%A4rung/ | https://www.nordwest-treuhand.at/at/leistungen/unternehmensgr%C3%BCndung/ | https://www.nordwest-treuhand.at/at/leistungen/unternehmensnachfolge/,PRIOR_STAGE2_CANDIDATE;TEAM_PROFILES_10_PLUS;KSW_LISTINGS_3_PLUS;LOCATIONS_3_PLUS;LEGAL_ENTITIES_2_PLUS,VERIFY_PRIOR,CONFIRMED_20_PLUS,27,,AUSTRIA_GROUP,HIGH,Official site provides a direct staff lower bound of at least 27.,https://www.nordwest-treuhand.at/index_ger.html,Official site exposes at least 27 distinct staff profiles/personal company-domain emails.,Staff-page lower bound proves 20+ but not 30+ unless count reaches 30.,SINGLE,1,domain:nordwest-treuhand.at,NW Steuerberatungs GmbH & Co KG,SINGLE_GROUP,CONFIRMED_20_PLUS,KSW,,,,,,,,,,,,Ihr Ansprechpartner Hier [Partner]; Sie Ihre [Partner]; Linz Ös [Management]; Kontaktieren Sie [Partner]; Ihren Besuch [Partner]; Ihre Ansprechpartner Mag [Partner]; Josef Schauer [Partner]; Melanie Klemens-Ruck [Partner]; Christina Himmelbauer [Management]; Besuchen Sie [Partner],,unresolved,Ownership/control layer was not safely established from public evidence; operational management is retained where verified.,UNRESOLVED,Compagnie Kommanditgesellschaft; Steuerberaterin Mag; Ansprechpartner Sämtliche Anfragen,Geschäftsführer; Geschäftsführer; Partner,MEDIUM_HIGH,https://www.nordwest-treuhand.at/at/kanzlei/adresse_und_anfahrt/ | https://www.nordwest-treuhand.at/at/kanzlei/adresse_und_anfahrt/ | https://www.nordwest-treuhand.at/at/kanzlei/adresse_und_anfahrt/ | https://www.nordwest-treuhand.at/at/kanzlei/team/ | https://www.nordwest-treuhand.at/at/kanzlei/team/ | https://www.nordwest-treuhand.at/at/kanzlei/team/ | https://www.nordwest-treuhand.at/at/kanzlei/team/ | https://www.nordwest-treuhand.at/at/kanzlei/team/,No ownership was inferred from surname. Unknown share percentages remain null. For international/network firms the Austrian operational leadership is preferred over a global parent.,,central_context,20,Compagnie Kommanditgesellschaft,https://www.nordwest-treuhand.at/at/kanzlei/impressum/,,generic_email,30,Compagnie Kommanditgesellschaft,https://www.nordwest-treuhand.at/at/kanzlei/impressum/,,
domain:pwtgmbh.at,PWT Wirtschaftstreuhand- und Steuerberatungsgesellschaft mbH,pwtgmbh.at,http://www.pwtgmbh.at | http://pwtgmbh.at,office@pwtgmbh.at | f.koessler@pwtgmbh.at,+43 6462 312 50 | +43 6462 49 95 | +43 6462 31 25 | +43 6462 4995 | +43 664 130 78 74,Bischofshofen Gemeinde: Bischofshofen Bezirk Sankt Johann im,2,2,2,PWT Wirtschaftstreuhand- und Steuerberatungsgesellschaft mbH | Pongauer Wirtschaftstreuhand- und Steuerberatungsgesellschaft mbH,https://ksw.or.at/mitgliederverzeichnis/?tx_kswmembers_membersdirectory%5Bcontroller%5D=MembersDirectory&tx_kswmembers_membersdirectory%5BcurrentPage%5D=133 | https://ksw.or.at/mitgliederverzeichnis/?tx_kswmembers_membersdirectory%5Bcontroller%5D=MembersDirectory&tx_kswmembers_membersdirectory%5BcurrentPage%5D=114,1,CONFIRMED_20_29,HIGH,21,21,official team/profile lower bound,,21,11,9,,,,https://www.pwtgmbh.at/index_ger.html | https://www.pwtgmbh.at/de/%C3%BCber_uns/team/ | https://www.pwtgmbh.at/de/leistungen/unternehmensberatung/ | https://www.pwtgmbh.at/de/karriere/warum_zu_uns_/ | https://www.pwtgmbh.at/de/karriere/benefits/ | https://www.pwtgmbh.at/de/karriere/offene_stellen/ | https://www.pwtgmbh.at/de/karriere/online_bewerben/ | https://www.pwtgmbh.at/de/leistungen/steuerberatung_und_bilanzierung/,PRIOR_STAGE2_CANDIDATE;TEAM_PROFILES_10_PLUS;TEAM_EMAILS_10_PLUS;JOB_LINKS_3_PLUS;LEGAL_ENTITIES_2_PLUS,VERIFY_PRIOR,CONFIRMED_20_PLUS,21,,AUSTRIA_GROUP,HIGH,Official site provides a direct staff lower bound of at least 21.,https://www.pwtgmbh.at/index_ger.html,Official site exposes at least 21 distinct staff profiles/personal company-domain emails.,Staff-page lower bound proves 20+ but not 30+ unless count reaches 30.,SINGLE,1,domain:pwtgmbh.at,PWT Wirtschaftstreuhand- und Steuerberatungsgesellschaft mbH,SINGLE_GROUP,CONFIRMED_20_PLUS,KSW,,,,,,,,,,,,Steuerberater Telefon [Geschäftsführung]; Hildegard Wiesenbauer Bilanzierung [Geschäftsführung]; Lohnverrechnung Telefon [Management]; Haftung Fir [Management]; Zur Adresse [Partner]; PWT Pong [Management]; PWT Pongauer Wirtschaftstreuhan [Management]; Unternehmensnachfolge Warum [Partner],Fragen Vermietung (); Immobilien Steueroptimierung (); Immobilieneigentümer Landwirtschaft Fachkundige Beratung (); Betriebe KMUs Umfassende Beratung (); Branchen Arbeiten (); Region Als (); Haftung Firmensitz (); Bischofshofen Firmenbuch-Nummer FN (); Firmenbuch-Gericht Landesgericht Salzburg DVR (),Fragen Vermietung; Immobilien Steueroptimierung; Immobilieneigentümer Landwirtschaft Fachkundige Beratung; Betriebe KMUs Umfassende Beratung,"Public sources identify owner/shareholder names, but complete share percentages were not safely established.",PARTNER_OWNED,Fragen Vermietung; Immobilien Steueroptimierung,Owner/Gesellschafter; Owner/Gesellschafter,MEDIUM_HIGH,https://www.pwtgmbh.at/de/%C3%BCber_uns/team/ | https://www.pwtgmbh.at/de/%C3%BCber_uns/team/ | https://www.pwtgmbh.at/de/%C3%BCber_uns/team/ | https://www.pwtgmbh.at/de/%C3%BCber_uns/impressum/ | https://www.pwtgmbh.at/de/%C3%BCber_uns/impressum/ | https://www.pwtgmbh.at/de/%C3%BCber_uns/impressum/ | https://www.pwtgmbh.at/de/%C3%BCber_uns/impressum/ | https://www.pwtgmbh.at/de/branchen/kmu/ | https://www.pwtgmbh.at/index_ger.html | https://www.pwtgmbh.at/index_ger.html | https://www.pwtgmbh.at/index_ger.html | https://www.pwtgmbh.at/index_ger.html | https://www.pwtgmbh.at/index_ger.html | https://www.pwtgmbh.at/index_ger.html | https://www.pwtgmbh.at/de/%C3%BCber_uns/impressum/ | https://www.pwtgmbh.at/de/%C3%BCber_uns/impressum/,No ownership was inferred from surname. Unknown share percentages remain null. For international/network firms the Austrian operational leadership is preferred over a global parent.,,,,,,,,,,,,
domain:skstb.at,SKS Steuerberatung GmbH,skstb.at,http://www.skstb.at,office@skstb.at | salbrechter@skstb.at | kainz@skstb.at,+43 4274 44 730 | +43 4274 44 734 | +43 4274 44 73 0 | +43 4274 4473 57 | +43 4274 44 73 4,Velden am Wörther See Gemeinde: Velden am Wörther See Bezirk,2,2,2,SKS Steuerberatung GmbH | SKS Steuerberatung GmbH & Co KG,https://ksw.or.at/mitgliederverzeichnis/?tx_kswmembers_membersdirectory%5Bcontroller%5D=MembersDirectory&tx_kswmembers_membersdirectory%5BcurrentPage%5D=253 | https://ksw.or.at/mitgliederverzeichnis/?tx_kswmembers_membersdirectory%5Bcontroller%5D=MembersDirectory&tx_kswmembers_membersdirectory%5BcurrentPage%5D=96,1,CONFIRMED_20_29,HIGH,24,24,official team/profile lower bound,,24,14,4,,,,https://www.skstb.at/index_ger.html | https://www.skstb.at/content/inhalte/kanzlei_team/index_ger.html | https://www.skstb.at/content/inhalte/karriere/index_ger.html | https://www.skstb.at/content/inhalte/kanzlei_team/datenschutzerkl%C3%A4rung/index_ger.html | https://www.skstb.at/content/inhalte/kanzlei_team/impressum/index_ger.html,PRIOR_STAGE2_CANDIDATE;TEAM_PROFILES_10_PLUS;TEAM_EMAILS_10_PLUS;JOB_LINKS_3_PLUS;LEGAL_ENTITIES_2_PLUS,VERIFY_PRIOR,CONFIRMED_20_PLUS,24,,AUSTRIA_GROUP,HIGH,Official site provides a direct staff lower bound of at least 24.,https://www.skstb.at/index_ger.html,Official site exposes at least 24 distinct staff profiles/personal company-domain emails.,Staff-page lower bound proves 20+ but not 30+ unless count reaches 30.,SINGLE,1,domain:skstb.at,SKS Steuerberatung GmbH,SINGLE_GROUP,CONFIRMED_20_PLUS,KSW,,,,,,,,,,,,Service Steuernews Karriere Datenportal [Management]; Sozialversicherung Wo [Partner]; Werte Seit [Partner]; Profitieren Sie [Management]; Anna-Maria Weiß Assistentin [Geschäftsführung]; Auf Jobsuche [Geschäftsführung]; Kommen Sie [Geschäftsführung]; Bei SKS [Geschäftsführung]; Ihr Leben [Management]; Betroffene Personen [Partner],Geschäftsführender Gesellschafter Mag (); Steuerberater Mag (); Wörthersee Firmenbuch-Nummer FN (); Firmenbuch-Gericht Landesgericht Kla (),Geschäftsführender Gesellschafter Mag; Steuerberater Mag; Wörthersee Firmenbuch-Nummer FN; Firmenbuch-Gericht Landesgericht Kla,"Public sources identify owner/shareholder names, but complete share percentages were not safely established.",PARTNER_OWNED,Geschäftsführender Gesellschafter Mag; Steuerberater Mag,Owner/Gesellschafter; Owner/Gesellschafter,MEDIUM_HIGH,https://www.skstb.at/index_ger.html | https://www.skstb.at/index_ger.html | https://www.skstb.at/index_ger.html | https://www.skstb.at/index_ger.html | https://www.skstb.at/content/inhalte/kanzlei_team/index_ger.html | https://www.skstb.at/content/inhalte/kanzlei_team/index_ger.html | https://www.skstb.at/content/inhalte/kanzlei_team/index_ger.html | https://www.skstb.at/content/inhalte/kanzlei_team/index_ger.html | https://www.skstb.at/content/inhalte/kanzlei_team/impressum/index_ger.html | https://www.skstb.at/content/inhalte/kanzlei_team/impressum/index_ger.html | https://www.skstb.at/content/inhalte/kanzlei_team/impressum/index_ger.html | https://www.skstb.at/content/inhalte/kanzlei_team/impressum/index_ger.html,No ownership was inferred from surname. Unknown share percentages remain null. For international/network firms the Austrian operational leadership is preferred over a global parent.,,central_context,28,Steuerberater Mag,https://www.skstb.at/content/inhalte/kanzlei_team/datenschutzerkl%C3%A4rung/index_ger.html | https://www.skstb.at/content/inhalte/kanzlei_team/impressum/index_ger.html | https://www.skstb.at/content/inhalte/kanzlei_team/index_ger.html | https://www.skstb.at/content/inhalte/karriere/index_ger.html | https://www.skstb.at/content/inhalte/kontakt/index_ger.html | https://www.skstb.at/content/inhalte/steuernews/steuernews_f%C3%BCr_klienten/april_2026/kryptowaehrungen_im_fokus_der_finanzverwaltung/index_ger.html | https://www.skstb.at/content/inhalte/steuernews/steuernews_f%C3%BCr_klienten/august_2026/muss_probearbeit_angemeldet_werden_/index_ger.html | https://www.skstb.at/content/inhalte/steuernews/steuernews_f%C3%BCr_klienten/februar_2026/last_minute_aenderung_bei_den_ueberstunden_und_beim_feiertagsarbeitsentgelt/index_ger.html | https://www.skstb.at/content/inhalte/steuernews/steuernews_f%C3%BCr_klienten/index_ger.html | https://www.skstb.at/content/inhalte/steuernews/steuernews_f%C3%BCr_klienten/j%C3%A4nner_2026/wichtige_neuerungen_zum_jahresbeginn/index_ger.html | https://www.skstb.at/content/inhalte/steuernews/steuernews_f%C3%BCr_klienten/juli_2026/mitarbeiterpraemienregelung_2026_beschlossen/index_ger.html | https://www.skstb.at/content/inhalte/steuernews/steuernews_f%C3%BCr_klienten/juni_2026/anhebung_der_buchfuehrungsgrenze_und_aktivierungswahl_angekuendigt/index_ger.html | https://www.skstb.at/content/inhalte/steuernews/steuernews_f%C3%BCr_klienten/m%C3%A4rz_2026/wichtige_tipps_fuer_die_arbeitnehmerveranlagung_2025/index_ger.html | https://www.skstb.at/content/inhalte/steuernews/steuernews_f%C3%BCr_klienten/mai_2026/was_muss_bei_vermietungen_im_familienverbund_beachtet_werden_/index_ger.html | https://www.skstb.at/content/inhalte/steuernews/steuernews_f%C3%BCr_klienten/september_2026/digitalisierungsfoerderung_fuer_kmu/index_ger.html | https://www.skstb.at/content/inhalte/steuernews/steuernews_f%C3%BCr_klienten/september_2026/eu_entgelttransparenzrichtlinie_neue_verpflichtungen_fuer_arbeitgeber/index_ger.html | https://www.skstb.at/content/inhalte/steuernews/steuernews_f%C3%BCr_klienten/september_2026/sachbezug_kuenftig_auch_fuer_elektroautos/index_ger.html | https://www.skstb.at/content/inhalte/steuernews/steuernews_f%C3%BCr_klienten/september_2026/umfassende_aenderungen_im_doppelbesteuerungsabkommen_mit_der_schweiz/index_ger.html | https://www.skstb.at/content/inhalte/steuernews/steuernews_f%C3%BCr_klienten/september_2026/welche_zahlungen_unterliegen_der_abzugsteuer_/index_ger.html | https://www.skstb.at/content/inhalte/steuernews/steuernews_f%C3%BCr_klienten/september_2026/welcher_einkunftsart_unterliegt_die_kurzfristige_touristische_vermietung_/index_ger.html | https://www.skstb.at/content/inhalte/steuernews/steuernews_f%C3%BCr_klienten/september_2026/zeitpunkt_der_gebaeudeabschreibung_bei_einer_vermietung_und_verpachtung_nach_generalsanierung/index_ger.html | https://www.skstb.at/index_ger.html,beratung@skstb.at,named_context_email,78,Steuerberater Mag,https://www.skstb.at/content/inhalte/kanzlei_team/datenschutzerkl%C3%A4rung/index_ger.html | https://www.skstb.at/content/inhalte/kanzlei_team/impressum/index_ger.html | https://www.skstb.at/content/inhalte/kanzlei_team/index_ger.html | https://www.skstb.at/content/inhalte/karriere/index_ger.html | https://www.skstb.at/content/inhalte/kontakt/index_ger.html | https://www.skstb.at/content/inhalte/steuernews/steuernews_f%C3%BCr_klienten/april_2026/kryptowaehrungen_im_fokus_der_finanzverwaltung/index_ger.html | https://www.skstb.at/content/inhalte/steuernews/steuernews_f%C3%BCr_klienten/august_2026/muss_probearbeit_angemeldet_werden_/index_ger.html | https://www.skstb.at/content/inhalte/steuernews/steuernews_f%C3%BCr_klienten/februar_2026/last_minute_aenderung_bei_den_ueberstunden_und_beim_feiertagsarbeitsentgelt/index_ger.html | https://www.skstb.at/content/inhalte/steuernews/steuernews_f%C3%BCr_klienten/index_ger.html | https://www.skstb.at/content/inhalte/steuernews/steuernews_f%C3%BCr_klienten/j%C3%A4nner_2026/wichtige_neuerungen_zum_jahresbeginn/index_ger.html | https://www.skstb.at/content/inhalte/steuernews/steuernews_f%C3%BCr_klienten/juli_2026/mitarbeiterpraemienregelung_2026_beschlossen/index_ger.html | https://www.skstb.at/content/inhalte/steuernews/steuernews_f%C3%BCr_klienten/juni_2026/anhebung_der_buchfuehrungsgrenze_und_aktivierungswahl_angekuendigt/index_ger.html | https://www.skstb.at/content/inhalte/steuernews/steuernews_f%C3%BCr_klienten/m%C3%A4rz_2026/wichtige_tipps_fuer_die_arbeitnehmerveranlagung_2025/index_ger.html | https://www.skstb.at/content/inhalte/steuernews/steuernews_f%C3%BCr_klienten/mai_2026/was_muss_bei_vermietungen_im_familienverbund_beachtet_werden_/index_ger.html | https://www.skstb.at/content/inhalte/steuernews/steuernews_f%C3%BCr_klienten/september_2026/digitalisierungsfoerderung_fuer_kmu/index_ger.html | https://www.skstb.at/content/inhalte/steuernews/steuernews_f%C3%BCr_klienten/september_2026/eu_entgelttransparenzrichtlinie_neue_verpflichtungen_fuer_arbeitgeber/index_ger.html | https://www.skstb.at/content/inhalte/steuernews/steuernews_f%C3%BCr_klienten/september_2026/sachbezug_kuenftig_auch_fuer_elektroautos/index_ger.html | https://www.skstb.at/content/inhalte/steuernews/steuernews_f%C3%BCr_klienten/september_2026/umfassende_aenderungen_im_doppelbesteuerungsabkommen_mit_der_schweiz/index_ger.html | https://www.skstb.at/content/inhalte/steuernews/steuernews_f%C3%BCr_klienten/september_2026/welche_zahlungen_unterliegen_der_abzugsteuer_/index_ger.html | https://www.skstb.at/content/inhalte/steuernews/steuernews_f%C3%BCr_klienten/september_2026/welcher_einkunftsart_unterliegt_die_kurzfristige_touristische_vermietung_/index_ger.html | https://www.skstb.at/content/inhalte/steuernews/steuernews_f%C3%BCr_klienten/september_2026/zeitpunkt_der_gebaeudeabschreibung_bei_einer_vermietung_und_verpachtung_nach_generalsanierung/index_ger.html | https://www.skstb.at/index_ger.html,,
domain:prowest.tirol,Vogelsberger Wacker & Partner Steuerberatungs GmbH,prowest.tirol,http://www.prowest.tirol | http://www.pro-west.at,innsbruck@prowest.tirol | h.vogelsberger@prowest.tirol | p.wacker@prowest.tirol,+43 512 33 411 | +43 512 33411 7 | +43 512 33 411 7 | +43 676 534 98 83,Pradl Gemeinde: Innsbruck Bezirk Innsbruck-Stadt +43 512 33,2,2,2,Vogelsberger Wacker & Partner Steuerberatungs GmbH | Vogelsberger Wacker & Partner Steuerberatungs GmbH & Co KG,https://ksw.or.at/mitgliederverzeichnis/?tx_kswmembers_membersdirectory%5Bcontroller%5D=MembersDirectory&tx_kswmembers_membersdirectory%5BcurrentPage%5D=129 | https://ksw.or.at/mitgliederverzeichnis/?tx_kswmembers_membersdirectory%5Bcontroller%5D=MembersDirectory&tx_kswmembers_membersdirectory%5BcurrentPage%5D=520,1,CONFIRMED_30_PLUS,HIGH,44,44,official team/profile lower bound,,1,44,1,,,,https://www.prowest.tirol/ | https://www.prowest.tirol/team/ | https://www.prowest.tirol/karriere/,PRIOR_STAGE2_CANDIDATE;TEAM_EMAILS_10_PLUS;LEGAL_ENTITIES_2_PLUS,VERIFY_PRIOR,CONFIRMED_30_PLUS,44,,AUSTRIA_GROUP,HIGH,Official site provides a direct staff lower bound of at least 44.,https://www.prowest.tirol/,Official site exposes at least 44 distinct staff profiles/personal company-domain emails.,Staff-page lower bound alone proves 30+; no upper bound assumed.,SINGLE,1,domain:prowest.tirol,Vogelsberger Wacker & Partner Steuerberatungs GmbH,SINGLE_GROUP,CONFIRMED_20_PLUS,KSW,,,,,,,,,,,,Wirtschaftstreuhänder Umfassend [Geschäftsführer]; Wirtschaftsberatungskanzlei PROWEST [Partner]; Google Privacy Policy [Partner]; Uhr Fr [Partner]; Standort Innsbruck Mag [Geschäftsführung]; Verena Isser Sekretariat [Management]; Standort Mieming Simone Muglach [Geschäftsführung]; Angelika Stocker Bilanzierung [Geschäftsführung]; Michaela Hornof [Management]; BA Bilanzierung [Management],Rechte Dritter (); Umsetzung Fotos (); Meinrad Hofer (); Reinhard Georg-Tripp Website Programmierung (); Schutz Ihrer (),Rechte Dritter; Umsetzung Fotos; Meinrad Hofer; Reinhard Georg-Tripp Website Programmierung,"Public sources identify owner/shareholder names, but complete share percentages were not safely established.",PARTNER_OWNED,Rechte Dritter; Umsetzung Fotos,Owner/Gesellschafter; Owner/Gesellschafter,MEDIUM_HIGH,https://www.prowest.tirol/ | https://www.prowest.tirol/ | https://www.prowest.tirol/ | https://www.prowest.tirol/ | https://www.prowest.tirol/team/ | https://www.prowest.tirol/team/ | https://www.prowest.tirol/team/ | https://www.prowest.tirol/team/ | https://www.prowest.tirol/impressum/ | https://www.pro-west.at/impressum | https://www.pro-west.at/impressum | https://www.pro-west.at/impressum | https://www.pro-west.at/impressum,No ownership was inferred from surname. Unknown share percentages remain null. For international/network firms the Austrian operational leadership is preferred over a global parent.,,central_fallback,20,,https://www.prowest.tirol/,,generic_fallback,30,,https://www.prowest.tirol/,+4351233411,innsbruck@prowest.tirol
domain:uebelher.net,ALP Steuerberatungs GmbH,uebelher.net,http://www.uebelher.net,buero@uebelher.net | bernhard@uebelher.net,+43 5514 23 00 | +43 5514 23 00 9 | +43 5514 2300 | +43 5514 2300 33,Bizau Gemeinde: Bizau Bezirk Bregenz +43 5514 23 00 +43 5514 | Bizau Gemeinde: Bizau Bezirk Bregenz +43 5514 2300 +43 5514,3,3,3,ALP Steuerberatungs GmbH | Bereuter Steuerberatungs GmbH | Dipl.-BW.(FH) Jörg Übelher Steuerberatung G.m.b.H.,https://ksw.or.at/mitgliederverzeichnis/?tx_kswmembers_membersdirectory%5Bcontroller%5D=MembersDirectory&tx_kswmembers_membersdirectory%5BcurrentPage%5D=298 | https://ksw.or.at/mitgliederverzeichnis/?tx_kswmembers_membersdirectory%5Bcontroller%5D=MembersDirectory&tx_kswmembers_membersdirectory%5BcurrentPage%5D=70 | https://ksw.or.at/mitgliederverzeichnis/?tx_kswmembers_membersdirectory%5Bcontroller%5D=MembersDirectory&tx_kswmembers_membersdirectory%5BcurrentPage%5D=291,1,CONFIRMED_20_29,HIGH,27,27,official team/profile lower bound,,0,27,13,,,,https://www.uebelher.net/ | https://www.uebelher.net/kanzlei/adresse_anfahrt/ | https://www.uebelher.net/kanzlei/ansprechpartner/ | https://www.uebelher.net/kanzlei/geschichte/ | https://www.uebelher.net/net/ | https://www.uebelher.net/kanzlei/kontakt/ | https://www.uebelher.net/kanzlei/datenschutz/ | https://www.uebelher.net/service/unternehmensgruendung/,PRIOR_STAGE2_CANDIDATE;TEAM_EMAILS_10_PLUS;JOB_LINKS_3_PLUS;KSW_LISTINGS_3_PLUS;LOCATIONS_3_PLUS;LEGAL_ENTITIES_2_PLUS,VERIFY_PRIOR,CONFIRMED_20_PLUS,27,,AUSTRIA_GROUP,HIGH,Official site provides a direct staff lower bound of at least 27.,https://www.uebelher.net/,Official site exposes at least 27 distinct staff profiles/personal company-domain emails.,Staff-page lower bound proves 20+ but not 30+ unless count reaches 30.,SINGLE,1,domain:uebelher.net,ALP Steuerberatungs GmbH,SINGLE_GROUP,CONFIRMED_20_PLUS,KSW,,,,,,,,,,,,Haftung Datenschutzerklärung Service Unternehmensgründung [Partner]; Rechtsformgestaltung Buchhaltung Auto Lohnverrechnung [Partner]; Bilanzierung Digitale Buchhaltun [Management]; Steuernews-TV Sind Ausgaben [Partner]; Ihr Steuerbüro [Partner]; Haftung Datenschutzerklärung Zahlen-Talent [Partner]; Übelher Dipl [Management]; Steuerberater Dipl [Geschäftsführer]; Jörg Übelher Steuerberater [Geschäftsführer]; Jörg Übelher Steuerbera [Geschäftsführer],Wolfram Simma (); Neue Firmierung (); Igerz EDV-Buchführungs (); Prokurist Georg Übelher (); Tod Gnaiger Ludwig (); Martin Feuerstein (); Pensionierung Übelher Georg Übernahme (); BW Jörg Übelher Dipl (),Wolfram Simma; Neue Firmierung; Igerz EDV-Buchführungs; Prokurist Georg Übelher,"Public sources identify owner/shareholder names, but complete share percentages were not safely established.",PARTNER_OWNED,Wolfram Simma; Neue Firmierung,Owner/Gesellschafter; Owner/Gesellschafter,MEDIUM_HIGH,https://www.uebelher.net/ | https://www.uebelher.net/ | https://www.uebelher.net/ | https://www.uebelher.net/ | https://www.uebelher.net/kanzlei/adresse_anfahrt/ | https://www.uebelher.net/kanzlei/adresse_anfahrt/ | https://www.uebelher.net/kanzlei/adresse_anfahrt/ | https://www.uebelher.net/kanzlei/ansprechpartner/ | https://www.uebelher.net/kanzlei/geschichte/ | https://www.uebelher.net/kanzlei/geschichte/ | https://www.uebelher.net/kanzlei/geschichte/ | https://www.uebelher.net/kanzlei/geschichte/ | https://www.uebelher.net/kanzlei/geschichte/ | https://www.uebelher.net/kanzlei/geschichte/ | https://www.uebelher.net/kanzlei/geschichte/ | https://www.uebelher.net/kanzlei/geschichte/,No ownership was inferred from surname. Unknown share percentages remain null. For international/network firms the Austrian operational leadership is preferred over a global parent.,,,,,,,,,,,,
domain:wt-bks.at,BKS Steuerberatung GmbH & Co KG,wt-bks.at,http://www.wt-bks.at,bks@wt-bks.at | nicole.luger@wt-bks.at | katharina.bichler@wt-bks.at | rudolf.lick@wt-bks.at | anita.sieder-karner@wt-bks.at,+43 2782 82440 | +43 2782 82440 217 | +43 676 58 35 852 | +43 2782 855 79 | +43 2782 82 440 | +43 2782 85579 | +43 2746 3356 | +43 2746 3356 15 | +43 676 384 25 35 | +43 2723 28 62 | +43 2782 85 579 | +43 2782 824 40 512,Wilhelmsburg Gemeinde: Wilhelmsburg Bezirk Sankt Pölten(Land | Bergland Gemeinde: Bergland Bezirk Melk +43 2782 82 440 +43 | Spratzern Gemeinde: St. Pölten Bezirk Sankt Pölten(Stadt) +4 | Rabenstein an der Pielach Gemeinde: Rabenstein an der Pielac | Oberndorf in der Ebene Gemeinde: Herzogenburg Bezirk Sankt P | Artstetten Gemeinde: Artstetten-Pöbring Bezirk Melk +43 2782 | Melk Gemeinde: Melk Bezirk Melk +43 2782 82440 bks(at)wt-bks | Melk Gemeinde: Melk Bezirk Melk +43 2782 824 40 512 +43 2782,3,9,9,BKS Steuerberatung GmbH & Co KG | BKS Steuerberatung GmbH | BKS Wirtschaftsprüfungs- und Steuerberatungs OG,https://ksw.or.at/mitgliederverzeichnis/?tx_kswmembers_membersdirectory%5Bcontroller%5D=MembersDirectory&tx_kswmembers_membersdirectory%5BcurrentPage%5D=198 | https://ksw.or.at/mitgliederverzeichnis/?tx_kswmembers_membersdirectory%5Bcontroller%5D=MembersDirectory&tx_kswmembers_membersdirectory%5BcurrentPage%5D=8 | https://ksw.or.at/mitgliederverzeichnis/?tx_kswmembers_membersdirectory%5Bcontroller%5D=MembersDirectory&tx_kswmembers_membersdirectory%5BcurrentPage%5D=138 | https://ksw.or.at/mitgliederverzeichnis/?tx_kswmembers_membersdirectory%5Bcontroller%5D=MembersDirectory&tx_kswmembers_membersdirectory%5BcurrentPage%5D=203 | https://ksw.or.at/mitgliederverzeichnis/?tx_kswmembers_membersdirectory%5Bcontroller%5D=MembersDirectory&tx_kswmembers_membersdirectory%5BcurrentPage%5D=433 | https://ksw.or.at/mitgliederverzeichnis/?tx_kswmembers_membersdirectory%5Bcontroller%5D=MembersDirectory&tx_kswmembers_membersdirectory%5BcurrentPage%5D=531 | https://ksw.or.at/mitgliederverzeichnis/?tx_kswmembers_membersdirectory%5Bcontroller%5D=MembersDirectory&tx_kswmembers_membersdirectory%5BcurrentPage%5D=410 | https://ksw.or.at/mitgliederverzeichnis/?tx_kswmembers_membersdirectory%5Bcontroller%5D=MembersDirectory&tx_kswmembers_membersdirectory%5BcurrentPage%5D=236 | https://ksw.or.at/mitgliederverzeichnis/?tx_kswmembers_membersdirectory%5Bcontroller%5D=MembersDirectory&tx_kswmembers_membersdirectory%5BcurrentPage%5D=68,1,CONFIRMED_30_PLUS,HIGH,60,60,official team/profile lower bound,,0,60,3,,,,https://www.wt-bks.at/ | https://www.wt-bks.at/bks/unternehmensnachfolge/ | https://www.wt-bks.at/bks-team/ | https://www.wt-bks.at/karriere/ | https://www.wt-bks.at/wertvolle-links/,PRIOR_STAGE2_CANDIDATE;TEAM_EMAILS_10_PLUS;JOB_LINKS_3_PLUS;KSW_LISTINGS_3_PLUS;LOCATIONS_3_PLUS;LEGAL_ENTITIES_2_PLUS,VERIFY_PRIOR,CONFIRMED_30_PLUS,59,,AUSTRIA_GROUP,HIGH,Official site provides a direct staff lower bound of at least 59.,https://www.wt-bks.at/,Official site exposes at least 59 distinct staff profiles/personal company-domain emails.,Staff-page lower bound alone proves 30+; no upper bound assumed.,SINGLE,1,domain:wt-bks.at,BKS Steuerberatung GmbH & Co KG,SINGLE_GROUP,CONFIRMED_20_PLUS,KSW,,,,,,,,,,,,Michael Schützenhofer [Geschäftsführer]; Zeit Kunde [Geschäftsführer]; Werbeartikel Ich [Geschäftsführer]; Meine Fragen [Geschäftsführer]; Anforderungen Selbstständige KMU [Partner]; Gründer Wir [Management]; Bilanzierung Administration Katharina Bichler [Geschäftsführer]; MA Steuerberaterin [Geschäftsführer]; Rudolf Lick Steuerberater [Geschäftsführer]; Nicole Luger [Geschäftsführer],Anna Horvath (); BSc LLM Steuerberaterin (); Michael Schubert (); Magdalena Schütz (); MA Steuerberaterin (); Anita Sieder-Karner Wirtschaftsprüferin (); Luca Bachtrögler Buchhaltung (); Lena Ballwein Buchhaltung (); Johanna Brank (); Bergland Center (),Anna Horvath; BSc LLM Steuerberaterin; Michael Schubert; Magdalena Schütz,"Public sources identify owner/shareholder names, but complete share percentages were not safely established.",PARTNER_OWNED,Anna Horvath; BSc LLM Steuerberaterin,Owner/Gesellschafter; Owner/Gesellschafter,MEDIUM_HIGH,https://www.wt-bks.at/ | https://www.wt-bks.at/ | https://www.wt-bks.at/ | https://www.wt-bks.at/ | https://www.wt-bks.at/ | https://www.wt-bks.at/ | https://www.wt-bks.at/bks-team/ | https://www.wt-bks.at/bks-team/ | https://www.wt-bks.at/bks-team/ | https://www.wt-bks.at/bks-team/ | https://www.wt-bks.at/bks-team/ | https://www.wt-bks.at/bks-team/ | https://www.wt-bks.at/bks-team/ | https://www.wt-bks.at/bks-team/ | https://www.wt-bks.at/bks-team/ | https://www.wt-bks.at/bks-team/,No ownership was inferred from surname. Unknown share percentages remain null. For international/network firms the Austrian operational leadership is preferred over a global parent.,66137236,mobile_public,100,Anna Horvath,https://www.wt-bks.at/impressum/,anna.horvath@wt-bks.at,personal_verified_email,90,Anna Horvath,https://www.wt-bks.at/bks-team/,,
domain:eca-klagenfurt.at,ECA Klagenfurt Steuerberatung GmbH,eca-klagenfurt.at,http://www.eca-klagenfurt.at | http://www.dsk.co.at | http://www.eca-kp.at,office@eca-klagenfurt.at | singer@eca-klagenfurt.at | katschnig@eca-klagenfurt.at | arthur.schlaegel@chello.at,+43 463 51 27 88 | +43 463 51 27 88 23,Klagenfurt Gemeinde: Klagenfurt am Wörthersee Bezirk Klagenf,5,3,3,"ECA Klagenfurt Steuerberatung GmbH | PK Steuerberatung und Assetmanagement GmbH | Singer,Katschnig und Partner Steuerberatung OG | Keiler & Partner Steuerberatung KG | ECA Keiler & Partner Steuerberatung GmbH",https://ksw.or.at/mitgliederverzeichnis/?tx_kswmembers_membersdirectory%5Bcontroller%5D=MembersDirectory&tx_kswmembers_membersdirectory%5BcurrentPage%5D=436 | https://ksw.or.at/mitgliederverzeichnis/?tx_kswmembers_membersdirectory%5Bcontroller%5D=MembersDirectory&tx_kswmembers_membersdirectory%5BcurrentPage%5D=54 | https://ksw.or.at/mitgliederverzeichnis/?tx_kswmembers_membersdirectory%5Bcontroller%5D=MembersDirectory&tx_kswmembers_membersdirectory%5BcurrentPage%5D=260,1,CONFIRMED_20_29,HIGH,25,25,official explicit employee count,"25: Steuerberatung Neben den oben angeführten Personen in der Kanzleileitung steht Ihnen ein Team von 25 Mitarbeiterinnen und Mitarbeitern aus den Bereichen Rechnungswesen, Personalver",0,7,0,,,,https://eca-klagenfurt.at/ | https://eca-klagenfurt.at/unternehmensberatung | https://eca-klagenfurt.at/unternehmen/team | https://eca-klagenfurt.at/unternehmen/werte | https://eca-klagenfurt.at/unternehmen/geschichte | https://eca-klagenfurt.at/unternehmen/partner | https://eca-klagenfurt.at/news/buerokratie-abbauen-unternehmen-staerken-47732,PRIOR_STAGE2_CANDIDATE;KSW_LISTINGS_3_PLUS;LOCATIONS_3_PLUS;LEGAL_ENTITIES_2_PLUS,VERIFY_PRIOR,CONFIRMED_20_PLUS,25,,AUSTRIA_GROUP,HIGH,Official Austrian company/group page proves at least 25 employees.,https://eca-klagenfurt.at/unternehmen/team,Official site employee statement around 25.,"Official count proves 20+, but does not safely bound an upper limit.",SINGLE,2,domain:eca-klagenfurt.at | domain:eca-kp.at,ECA Klagenfurt Steuerberatung GmbH | Keiler & Partner Steuerberatung KG,DIRECT_SHARED_PRIMARY_DOMAIN,CONFIRMED_20_PLUS,KSW,,,,,,,,,,,,Werte Werte Geschichte Geschichte [Partner]; Sie Bei [Partner]; Dieses Youtube Video [Partner]; Cookiegruppe Präferenzen [Partner]; Cookie Üb [Management]; Bereich Gewerberecht [Geschäftsführung]; Unternehmensreorganisation Beratung [Geschäftsführung]; Unternehmensberatung Sie [Partner]; Im Rahmen [Management]; Kanzleileitung StB Mag [Geschäftsführer],,unresolved,Ownership/control layer was not safely established from public evidence; operational management is retained where verified.,UNRESOLVED,Bereich Gewerberecht; Kanzleileitung StB Mag; Kerstin Pobatschnig Geschäftsführerin ECA,Geschäftsführung; Geschäftsführer; Geschäftsführer,MEDIUM_HIGH,https://eca-klagenfurt.at/ | https://eca-klagenfurt.at/ | https://eca-klagenfurt.at/ | https://eca-klagenfurt.at/ | https://eca-klagenfurt.at/ | https://eca-klagenfurt.at/unternehmensberatung | https://eca-klagenfurt.at/unternehmensberatung | https://eca-klagenfurt.at/unternehmensberatung,No ownership was inferred from surname. Unknown share percentages remain null. For international/network firms the Austrian operational leadership is preferred over a global parent.,+43463512788,central_context,83,Kerstin Pobatschnig Geschäftsführerin ECA,https://eca-klagenfurt.at/impressum | https://eca-klagenfurt.at/kontakt | https://eca-klagenfurt.at/news/ausschuettungsfiktion-bei-gesellschafterverrechnungskonten-47730 | https://eca-klagenfurt.at/news/buerokratie-abbauen-unternehmen-staerken-47732 | https://eca-klagenfurt.at/news/erhoehte-sachbezugs-besteuerung-von-e-firmenfahrzeugen-geplant-47729 | https://eca-klagenfurt.at/news/ferialjob-pflichtpraktikum-co-47731 | https://eca-klagenfurt.at/news/kurzfristige-touristische-vermietung-47782 | https://eca-klagenfurt.at/news/oesterreichs-pensionen-zeit-fuer-nachhaltige-loesungen-47784 | https://eca-klagenfurt.at/news/verwendung-unrichtiger-belege-als-dauerdelikt-47779 | https://eca-klagenfurt.at/news/wechsel-von-der-kleinunternehmer-befreiung-zur-regelbesteuerung-47781 | https://eca-klagenfurt.at/news/wertpapierdepot-uebertragung-vom-ausland-47780 | https://eca-klagenfurt.at/news/wichtige-termine-zum-30-september-47783 | https://eca-klagenfurt.at/steuerberatung/personalverrechnung | https://eca-klagenfurt.at/unternehmen/geschichte | https://eca-klagenfurt.at/unternehmen/partner | https://eca-klagenfurt.at/unternehmen/werte | https://eca-klagenfurt.at/unternehmensberatung,kaernten@ksw.or.at,named_context_email,70,Kanzleileitung StB Mag,https://eca-klagenfurt.at/impressum,,
domain:grantthornton.at,GMC Steuerberatungsgesellschaft mbH,grantthornton.at,http://www.grantthornton.at | http://www.alpen-adria-wp.at | http://www.grantthornton.com | https://www.grantthornton.at/ | https://www.grantthornton.at,christoph.schmidl@at.gt.com | klagenfurt@at.gt.com | christoph.zimmel@at.gt.com | u.krassnig@alpenadria-wp.at | gerald.varga@gmx.at | gerald.varga@at.gt.com | wolfgang.laserer@at.gt.com | christian.pajer@at.gt.com | werner.leiter@at.gt.com | Raphael.Holzinger@at.gt.com,+43 664 88 74 35 77 | +43 664 88743577 | +43 1 505 43 13 0 | +43 664 882 363 56 | +43 1 5054313 3126 | +43 1 5054313 3917 | +43 463 59 25 000 | +43 463 59 25 00 10 | +43 676 83 26 26 226 | +43 676 83 26 26 236 | +43 1 505 43 13 3136 | +43 676 83 26262 36 | +43 1 262 62 0 | +43 1 262 62 500 | +43 1 505 43 133 | +43 1 26 262 6616 | +43 1 26 262 14 | +43 1 5054313 | +43 1 5054313 2013,"Wien Gemeinde: Wien Wien 10.,Favoriten +43 664 88 74 35 77 c | Klagenfurt Gemeinde: Klagenfurt am Wörthersee Bezirk Klagenf | Pressbaum Gemeinde: Pressbaum Bezirk Sankt Pölten(Land) +43 | Weigelsdorf Gemeinde: Ebreichsdorf Bezirk Baden +43 676 83 2 | Wien Gemeinde: Wien Wien 10.,Favoriten +43 1 262 62 0 +43 1 | Wien Gemeinde: Wien Wien 10.,Favoriten +43 1 5054313 +43 1 5 | Wien Gemeinde: Wien Wien 10.,Favoriten +43 1 505 43 13 +43 1 | Wiener Neustadt Gemeinde: Wiener Neustadt Bezirk Wiener Neus | Wien Gemeinde: Wien Wien 10.,Favoriten +43 1 50543133 0 +43 | Wien Gemeinde: Wien Wien 10.,Favoriten +43 1 505 43 13 0 +43",9,6,6,GMC Steuerberatungsgesellschaft mbH | Grant Thornton ALPEN-ADRIA Wirtschaftsprüfung GmbH | CNZ GmbH Wirtschaftsprüfungs und Steuerberatungsgesellschaft | WLT GmbH Wirtschaftsprüfungs- und Steuerberatungsgesellschaft | Unitreu GmbH Wirtschaftsprüfungs- und Steuerberatungsgesellschaft | Grant Thornton Austria Holding GmbH Wirtschaftsprüfungs- und Steuerberatungsgesellschaft | Grant Thornton Austria Tax GmbH Steuerberatungsgesellschaft | Grant Thornton Austria Audit GmbH Wirtschaftsprüfungs- und Steuerberatungsgesellschaft | Grant Thornton Austria Audit Holding GmbH Wirtschaftsprüfungs- und Steuerberatungsgesellschaft,https://ksw.or.at/mitgliederverzeichnis/?tx_kswmembers_membersdirectory%5Bcontroller%5D=MembersDirectory&tx_kswmembers_membersdirectory%5BcurrentPage%5D=180 | https://ksw.or.at/mitgliederverzeichnis/?tx_kswmembers_membersdirectory%5Bcontroller%5D=MembersDirectory&tx_kswmembers_membersdirectory%5BcurrentPage%5D=404 | https://ksw.or.at/mitgliederverzeichnis/?tx_kswmembers_membersdirectory%5Bcontroller%5D=MembersDirectory&tx_kswmembers_membersdirectory%5BcurrentPage%5D=410 | https://ksw.or.at/mitgliederverzeichnis/?tx_kswmembers_membersdirectory%5Bcontroller%5D=MembersDirectory&tx_kswmembers_membersdirectory%5BcurrentPage%5D=199 | https://ksw.or.at/mitgliederverzeichnis/?tx_kswmembers_membersdirectory%5Bcontroller%5D=MembersDirectory&tx_kswmembers_membersdirectory%5BcurrentPage%5D=448 | https://ksw.or.at/mitgliederverzeichnis/?tx_kswmembers_membersdirectory%5Bcontroller%5D=MembersDirectory&tx_kswmembers_membersdirectory%5BcurrentPage%5D=361,1,POSSIBLE_20_PLUS,LOW_MEDIUM,0,0,multiple scale signals; manual verification needed,,0,0,7,,,,https://www.grantthornton.at/ | https://www.grantthornton.at/services/steuerberatung/Unternehmensteuern/ | https://www.grantthornton.at/services/steuerberatung/payroll--people-advisory-services/ | https://www.grantthornton.at/services/advisory/valuation/ | https://www.grantthornton.at/services/international-services/landerspezifische-teams/ | https://www.grantthornton.at/branchen/industrieunternehmen/ | https://www.grantthornton.at/karriere/ | https://www.grantthornton.at/themen/blogs/2026/uwg-novelle-und-empco/,PRIOR_STAGE2_CANDIDATE;JOB_LINKS_3_PLUS;KSW_LISTINGS_3_PLUS;LOCATIONS_3_PLUS;LEGAL_ENTITIES_2_PLUS,DEEP_RESEARCH,CONFIRMED_30_PLUS,300,,AUSTRIA_GROUP,HIGH,Official Austrian company/group page states approximately or explicitly 300 employees.,https://www.grantthornton.at/karriere/arbeiten-bei-gt/ | https://www.bing.com/ck/a?!&&p=7e469ee4b387864ce160b3a20f07e4174efc9596957db9802f953c0e4caa8147JmltdHM9MTc4ODEzNDQwMA&ptn=3&ver=2&hsh=4&fclid=2f34e69c-3279-655b-1c7b-f15a33d16402&u=a1aHR0cHM6Ly93d3cuZ3JhbnRzLmdvdi8&ntb=1,Official site employee statement around 300.,Official-site employee statement is sufficient for a 30+ lower bound.,SINGLE,2,domain:grantthornton.at | domain:grantthornton.com,GMC Steuerberatungsgesellschaft mbH | Grant Thornton Austria Tax GmbH Steuerberatungsgesellschaft,DIRECT_SHARED_PRIMARY_DOMAIN,CONFIRMED_20_PLUS,KSW,,,,,,,,,,,,Beschäftigte Aktuelle Themen Featured [Partner]; Tax Sustainability Global Mobility [Partner]; Service Accounting [Partner]; Payroll Whistleblowing IFRS Sozialversicherungsabkommen [Partner]; Kraft Blog [Management]; GMS Seit [Management]; Senden Sie [Partner]; Sie Ihre Ansprechpartner [Partner]; Ihre Ansprechpersonen Dr [Partner]; Profil Mag [Partner],Gesellschaftsrechtliche Umstrukturierungen Änderungen (); Im Rahmen (); Ihre Berater (); Debt Equity Swaps (); HOME Branchen Industrieunternehmen Industrieunternehmen (); ECG Angaben (); Diese Website (); Diese Domain (),Gesellschaftsrechtliche Umstrukturierungen Änderungen; Im Rahmen; Ihre Berater; Debt Equity Swaps,"Public sources identify owner/shareholder names, but complete share percentages were not safely established.",PARTNER_OWNED,Gesellschaftsrechtliche Umstrukturierungen Änderungen; Im Rahmen,Owner/Gesellschafter; Owner/Gesellschafter,MEDIUM_HIGH,https://www.grantthornton.at/ | https://www.grantthornton.at/ | https://www.grantthornton.at/ | https://www.grantthornton.at/ | https://www.grantthornton.at/ | https://www.grantthornton.at/ | https://www.grantthornton.at/services/steuerberatung/Unternehmensteuern/ | https://www.grantthornton.at/services/steuerberatung/Unternehmensteuern/ | https://www.grantthornton.at/services/advisory/valuation/ | https://www.grantthornton.at/services/advisory/valuation/ | https://www.grantthornton.at/services/advisory/valuation/ | https://www.grantthornton.at/services/advisory/valuation/ | https://www.grantthornton.at/branchen/industrieunternehmen/ | https://www.grantthornton.at/impressum/ | https://www.grantthornton.at/impressum/ | http://www.alpen-adria-wp.at/,No ownership was inferred from surname. Unknown share percentages remain null. For international/network firms the Austrian operational leadership is preferred over a global parent.,,central_fallback,20,,https://www.grantthornton.at/kontakt/,,,,,,+4315054313,
domain:hr-steuerberatung.at,Huber & Rosenthal Steuerberatung KG,hr-steuerberatung.at,http://www.hr-steuerberatung.at,rosenthal@hr-steuerberatung.at,+43 7722 82583 | +43 7722 82583 99,Braunau am Inn Gemeinde: Braunau am Inn Bezirk Braunau am In,1,1,1,Huber & Rosenthal Steuerberatung KG,https://ksw.or.at/mitgliederverzeichnis/?tx_kswmembers_membersdirectory%5Bcontroller%5D=MembersDirectory&tx_kswmembers_membersdirectory%5BcurrentPage%5D=342,1,CONFIRMED_30_PLUS,MEDIUM_HIGH,3000,3000,LinkedIn visible employees,,0,6,0,,,3000 | 3000 | 3000,https://www.hr-steuerberatung.at/ | https://www.hr-steuerberatung.at/kanzlei | https://www.bing.com/ck/a?!&&p=9ca2868294721f642d4cab8c5f7903a7b1344335608d051353a278b0162d14e8JmltdHM9MTc4ODA0ODAwMA&ptn=3&ver=2&hsh=4&fclid=3a044922-5fdc-69e0-318f-5ee75e1b6888&u=a1aHR0cHM6Ly93d3cuaHViZXIuY29tLw&ntb=1 | https://www.bing.com/ck/a?!&&p=32ba777b051e9d94eece45815926dbccb0d7356f90a22745b727b1a8f8690043JmltdHM9MTc4ODA0ODAwMA&ptn=3&ver=2&hsh=4&fclid=3a044922-5fdc-69e0-318f-5ee75e1b6888&u=a1aHR0cHM6Ly93d3cuaHViZXJ3b29kLmNvbS8&ntb=1 | https://www.bing.com/ck/a?!&&p=1ecd89aa734f900109a91b8bc6a26a32bbf7b381d169ddcdf70b410ec6837c59JmltdHM9MTc4ODA0ODAwMA&ptn=3&ver=2&hsh=4&fclid=3a044922-5fdc-69e0-318f-5ee75e1b6888&u=a1aHR0cHM6Ly93d3cuaHViZXItb25saW5lLmNvbS9lbi8&ntb=1 | https://www.bing.com/ck/a?!&&p=2a32043b625f400df6c8e8613b36d0567bf12623e471ffff7af0d4f05fed1c6fJmltdHM9MTc4ODA0ODAwMA&ptn=3&ver=2&hsh=4&fclid=3a044922-5fdc-69e0-318f-5ee75e1b6888&u=a1aHR0cHM6Ly93d3cuaHViZXJhdXRvbW90aXZlLmNvbS8&ntb=1 | https://www.bing.com/ck/a?!&&p=9fb1f1e130769445c0ecc170405854389bc9f70cca224c3b117455bb0c32710aJmltdHM9MTc4ODA0ODAwMA&ptn=3&ver=2&hsh=4&fclid=3a044922-5fdc-69e0-318f-5ee75e1b6888&u=a1aHR0cHM6Ly93d3cuaHViZXJhdXRvbW90aXZlLmNvbS9hbGwtaW52ZW50b3J5L2luZGV4Lmh0bQ&ntb=1 | https://www.bing.com/ck/a?!&&p=03f0bb20640a57d045fcd06e077da01fc10023685c66ff5b72465e5033789c8fJmltdHM9MTc4ODA0ODAwMA&ptn=3&ver=2&hsh=4&fclid=3a044922-5fdc-69e0-318f-5ee75e1b6888&u=a1aHR0cHM6Ly93d3cuaHViZXIuY29tL2Fib3V0Lw&ntb=1 | https://www.bing.com/ck/a?!&&p=06972162335f0bd11ea32609cb60a20ac9cca367edb05d1c5ee7ca3046718759JmltdHM9MTc4ODA0ODAwMA&ptn=3&ver=2&hsh=4&fclid=3a044922-5fdc-69e0-318f-5ee75e1b6888&u=a1aHR0cHM6Ly93d3cuaHViZXItc2UuY29tL2VuLXVzLw&ntb=1 | https://www.bing.com/ck/a?!&&p=3ed5bd9fafe7c1261198dd3a5caa4388db8de6d17ccc3bc78218962e171d551cJmltdHM9MTc4ODA0ODAwMA&ptn=3&ver=2&hsh=4&fclid=3a044922-5fdc-69e0-318f-5ee75e1b6888&u=a1aHR0cHM6Ly93d3cuaHViZXJzdXBwbHkuY29tLw&ntb=1 | https://www.bing.com/ck/a?!&&p=0f44e349fbf1d33df8a266d09ca0364ebbc4013fa74e0ed228a4efd62fae0516JmltdHM9MTc4ODA0ODAwMA&ptn=3&ver=2&hsh=4&fclid=3a044922-5fdc-69e0-318f-5ee75e1b6888&u=a1aHR0cHM6Ly93d3cuaHViZXItb25saW5lLmNvbS9lbi9wcm9kdWN0cw&ntb=1 | https://www.bing.com/ck/a?!&&p=faa79dfdc477ed2c3541440ae82832e891581dcdc90e2d4633e2aae1618fb2a1JmltdHM9MTc4ODA0ODAwMA&ptn=3&ver=2&hsh=4&fclid=3fc3ce30-bc1b-65a7-2c9d-d9f5bdba6474&u=a1aHR0cHM6Ly93d3cuaHViZXIuY29tLw&ntb=1 | https://www.bing.com/ck/a?!&&p=0ba8f76b2459404e9866d1747f5908a7c248eb81d5dcff1cb6f49c4ff9ea567cJmltdHM9MTc4ODA0ODAwMA&ptn=3&ver=2&hsh=4&fclid=3fc3ce30-bc1b-65a7-2c9d-d9f5bdba6474&u=a1aHR0cHM6Ly93d3cuaHViZXJ3b29kLmNvbS8&ntb=1 | https://www.bing.com/ck/a?!&&p=e33ea902d5579fc604c00fe7828c303df9ca792f3ee91ed44018c2ed8123b256JmltdHM9MTc4ODA0ODAwMA&ptn=3&ver=2&hsh=4&fclid=3fc3ce30-bc1b-65a7-2c9d-d9f5bdba6474&u=a1aHR0cHM6Ly93d3cuaHViZXItb25saW5lLmNvbS9lbi8&ntb=1,PRIOR_STAGE2_CANDIDATE,VERIFY_PRIOR,CONFIRMED_30_PLUS,3000,,AUSTRIA_LEGAL_ENTITY,MEDIUM_HIGH,Matched Austrian employer/company profile supplies a 30+ lower bound (3000-3000).,https://www.bing.com/ck/a?!&&p=f14b86e47a4e97d7463972f0c8adbd1f8a3a896c95f0b1288a73242a5b757d53JmltdHM9MTc4ODEzNDQwMA&ptn=3&ver=2&hsh=4&fclid=11373ccd-cb9d-6f47-3583-2b0bcaf96ecd&u=a1aHR0cHM6Ly93d3cuaHViZXIuY29tL2Fib3V0Lw&ntb=1,Matched company profile/search evidence shows 3000-3000 employees or visible staff.,Company-size/visible-employee evidence is tied to the matching company name; scope retained as Austrian group/entity.,SINGLE,1,domain:hr-steuerberatung.at,Huber & Rosenthal Steuerberatung KG,SINGLE_GROUP,CONFIRMED_20_PLUS,KSW,,,,,,,,,,,,Leistungen Bei Fragen [Partner]; Sozialversicherungsrecht Steuerliche Be [Management],,unresolved,Ownership/control layer was not safely established from public evidence; operational management is retained where verified.,UNRESOLVED,Leistungen Bei Fragen; Sozialversicherungsrecht Steuerliche Be,Partner; Management,MEDIUM_HIGH,https://www.hr-steuerberatung.at/ | https://www.hr-steuerberatung.at/,No ownership was inferred from surname. Unknown share percentages remain null. For international/network firms the Austrian operational leadership is preferred over a global parent.,+43772282583,named_fixed_candidate,75,Leistungen Bei Fragen,https://www.hr-steuerberatung.at/kontakt,buero@hr-steuerberatung.at,named_context_email,78,Leistungen Bei Fragen,https://www.hr-steuerberatung.at/kanzlei | https://www.hr-steuerberatung.at/kontakt | https://www.hr-steuerberatung.at/leistungen/gruendungsberatung-rechtsformgestaltung,,
domain:krw-innsbruck.at,KRW Innsbruck Steuerberatungsgesellschaft mbH,krw-innsbruck.at,http://www.krw-innsbruck.at | http://www.klinger-rieger.at,office@krw-innsbruck.at | michael.klinger@klinger-rieger.at,+43 512 334 51 | +43 512 334 51 13 | +43 662 62 13 17 0 | +43 662 62 13 17 9,Pradl Gemeinde: Innsbruck Bezirk Innsbruck-Stadt +43 512 334,1,1,1,KRW Innsbruck Steuerberatungsgesellschaft mbH,https://ksw.or.at/mitgliederverzeichnis/?tx_kswmembers_membersdirectory%5Bcontroller%5D=MembersDirectory&tx_kswmembers_membersdirectory%5BcurrentPage%5D=361,1,NO_20PLUS_EVIDENCE,LOW,0,0,no reliable 20+ evidence found,,2,1,1,,,,https://krw-innsbruck.at/ | https://krw-innsbruck.at/?taxonomy=nav_menu&term=kanzlei | https://krw-innsbruck.at/mitarbeiter/ | https://krw-innsbruck.at/stellenangebote/,SANITY_SEED:KRW|Klinger,DEEP_RESEARCH,CONFIRMED_30_PLUS,200,,AUSTRIA_LEGAL_ENTITY,HIGH,Official Austrian company/group page states approximately or explicitly 200 employees.,https://www.klinger-rieger.at/ueber-uns/,Official site employee statement around 200.,Official-site employee statement is sufficient for a 30+ lower bound.,SINGLE,1,domain:krw-innsbruck.at,KRW Innsbruck Steuerberatungsgesellschaft mbH,SINGLE_GROUP,CONFIRMED_20_PLUS,KSW,,,,,,,,,,,,Ihren Finanzen [Geschäftsführer]; Ihrer Seite [Partner]; Persönliche Betreuung [Partner]; Buchhaltung Personalverrechnung Diverses Finanzamt [Partner]; Lohnverrechnung Menü [Partner]; Buchhaltung Personalverrechnung Diverses Finanza [Partner]; Peter Rodler [Geschäftsführer]; Leistungen Diverses Partnerkanzleien Presse [Partner]; Artikel Steuerberater [Partner]; SteuerNews ÖSV Steuer-Portal CoronaNews [Partner],Geschäftsführende Gesellschafter (); Peter Rodler (); Steuerberater KommR Dr (); Steuerberater Klassische Steuerberatungskanzlei (); Steuerberater Manfred Rieger (); Steuerberater Mag (); Sina Klinger (); Steuerberaterin Mag (); Fabia Klinger (); Wirtschaftsprüferin Partnerk (),Geschäftsführende Gesellschafter; Peter Rodler; Steuerberater KommR Dr; Steuerberater Klassische Steuerberatungskanzlei,"Public sources identify owner/shareholder names, but complete share percentages were not safely established.",PARTNER_OWNED,Geschäftsführende Gesellschafter; Peter Rodler,Owner/Gesellschafter; Owner/Gesellschafter,MEDIUM_HIGH,https://krw-innsbruck.at/ | https://krw-innsbruck.at/ | https://krw-innsbruck.at/ | https://krw-innsbruck.at/ | https://krw-innsbruck.at/ | https://krw-innsbruck.at/ | https://krw-innsbruck.at/mitarbeiter/ | https://www.klinger-rieger.at/ | https://krw-innsbruck.at/steuerberater-innsbruck/steuerberater-impressum1/ | https://krw-innsbruck.at/steuerberater-innsbruck/steuerberater-impressum1/ | https://krw-innsbruck.at/steuerberater-innsbruck/steuerberater-impressum1/ | https://krw-innsbruck.at/steuerberater-innsbruck/steuerberater-impressum1/ | https://www.klinger-rieger.at/steuerberater-salzburg/steuerberater-visitenkarte/ | https://www.klinger-rieger.at/steuerberater-salzburg/steuerberater-visitenkarte/ | https://www.klinger-rieger.at/steuerberater-salzburg/steuerberater-visitenkarte/ | https://www.klinger-rieger.at/steuerberater-salzburg/steuerberater-visitenkarte/,No ownership was inferred from surname. Unknown share percentages remain null. For international/network firms the Austrian operational leadership is preferred over a global parent.,,central_context,24,Peter Rodler,https://krw-innsbruck.at/mitarbeiter/ | https://krw-innsbruck.at/steuerberater-innsbruck/steuerberater-impressum1/,,generic_email,34,Peter Rodler,https://krw-innsbruck.at/mitarbeiter/ | https://krw-innsbruck.at/steuerberater-innsbruck/steuerberater-impressum1/,,
domain:medplan.at,MEDplan Steuerberatung GmbH & Co KG,medplan.at,http://www.medplan.at | http://www.huebner.at,info@medplan.at,+43 1 817 53 50 | +43 1 817 53 50 267,"Wien Gemeinde: Wien Wien 12.,Meidling +43 1 817 53 50 +43 1 | Wien Gemeinde: Wien Wien 12.,Meidling +43 1 811 75 +43 1 811 | Wien Gemeinde: Wien Wien 12.,Meidling +43 1 817 53 50 0 +43 | Wien Gemeinde: Wien Wien 12.,Meidling vertreten durch: Kraft | Wien Gemeinde: Wien Wien 12.,Meidling +43 1 811 75 19 tobias | Wien Gemeinde: Wien Wien 12.,Meidling vertreten durch: Hübne | Wien Gemeinde: Wien Wien 12.,Meidling +43 1 811 75 0 +43 1 8",8,1,7,MEDplan Steuerberatung GmbH & Co KG | Hübner & Hübner Steuerberatung GmbH | MEDplan Kraft-Kinz Steuerberatung GmbH | Mag. Iris KRAFT-KINZ Steuerberatung GmbH | Tobias HÜBNER Wirtschaftsprüfung und Steuerberatung GmbH | Gunther HÜBNER Wirtschaftsprüfung und Steuerberatung GmbH | HÜBNER & HÜBNER Wirtschaftsprüfung und Steuerberatung GmbH | Hübner & Hübner Wirtschaftsprüfung und Steuerberatung GmbH & Co KG,https://ksw.or.at/mitgliederverzeichnis/?tx_kswmembers_membersdirectory%5Bcontroller%5D=MembersDirectory&tx_kswmembers_membersdirectory%5BcurrentPage%5D=185,1,CONFIRMED_30_PLUS,HIGH,81,81,official team/profile lower bound,,81,0,2,,,,https://www.medplan.at/ | https://www.medplan.at/kanzlei/team/ | https://www.medplan.at/kanzlei/unsere_werte/ | https://www.medplan.at/kanzlei/kontakt/ | https://www.medplan.at/kanzlei/terminvereinbarung/ | https://www.medplan.at/kanzlei/adresse_anfahrt/ | https://www.medplan.at/kanzlei/karriere/ | https://www.medplan.at/kanzlei/onlinebewerbung/,PRIOR_STAGE2_CANDIDATE;TEAM_PROFILES_10_PLUS,VERIFY_PRIOR,CONFIRMED_30_PLUS,82,,AUSTRIA_GROUP,HIGH,Official site provides a direct staff lower bound of at least 82.,https://www.medplan.at/ | https://www.huebner.at/karriere/,Official site exposes at least 82 distinct staff profiles/personal company-domain emails.,Staff-page lower bound alone proves 30+; no upper bound assumed.,SINGLE,2,domain:medplan.at | domain:huebner.at,MEDplan Steuerberatung GmbH & Co KG | Hübner & Hübner Steuerberatung GmbH,DIRECT_SHARED_PRIMARY_DOMAIN,CONFIRMED_20_PLUS,KSW,,,,,,,,,,,,Anfahrt Karriere Onlinebewerbung Partnerlinks [Partner]; MEDphasen Spital Praxis Expansion [Partner]; Rechnungswesen Praxisorganisation Finanzstrafrecht Vermögensplanung [Partner]; MEDnews Veranstaltungen Steuerberater [Management]; Alexander Aue Alexander Aue [Geschäftsführung]; Veronika Pircher Veronika Pircher [Geschäftsführung]; Iris Kraft-Kinz Steuerberaterin [Partner]; Geschäftsführende Partnerin Telefon [Partner]; Tina Jung [Partner]; MBA Unternehmensberaterin [Partner],Ihre Karriere (); Flache Hierarchien (); Bewerbern Auskunft (); Mitarbeiter Wir (); Mitarbeiter Wenn Sie (); Ihre Kontaktdaten (); Mitarbeiter Soweit (); Ihre Daten (); Gerhard Dieminger Beteiligungsverhältnisse Mag (70.0); Gerhard Dieminger (70.0),Gerhard Dieminger Beteiligungsverhältnisse Mag; Gerhard Dieminger,"Public sources identify material individual shareholders: Gerhard Dieminger Beteiligungsverhältnisse Mag 70.0%, Gerhard Dieminger 70.0%.",INDIVIDUAL_FAMILY_CONTROL,Gerhard Dieminger Beteiligungsverhältnisse Mag; Gerhard Dieminger,Owner/Gesellschafter; Owner/Gesellschafter,HIGH,https://www.medplan.at/ | https://www.medplan.at/ | https://www.medplan.at/ | https://www.medplan.at/ | https://www.medplan.at/kanzlei/team/ | https://www.medplan.at/kanzlei/team/ | https://www.medplan.at/kanzlei/team/ | https://www.medplan.at/kanzlei/team/ | https://www.medplan.at/kanzlei/karriere/ | https://www.medplan.at/kanzlei/karriere/ | https://www.medplan.at/impressum/ | https://www.medplan.at/impressum/ | https://www.medplan.at/impressum/ | https://www.medplan.at/impressum/ | https://www.medplan.at/impressum/ | https://www.medplan.at/impressum/,No ownership was inferred from surname. Unknown share percentages remain null. For international/network firms the Austrian operational leadership is preferred over a global parent.,66545107,mobile_public,100,Gerhard Dieminger,https://www.medplan.at/impressum/,,,,,,,
domain:pfeifferhiebl.at,Pfeiffer Hiebl Steuerberatungs GmbH & Co KG,pfeifferhiebl.at,https://www.pfeifferhiebl.at | http://www.pfeifferhiebl.at,office@pfeifferhiebl.at | lothar.hiebl@pfeifferhiebl.at,+43 7262 52 394 | +43 7262 52 394 15 | +43 7236 26166 | +43 7236 26140 | +43 680 55 27 101,Perg Gemeinde: Perg Bezirk Perg +43 7262 52 394 +43 7262 52 | Wartberg ob der Aist Gemeinde: Wartberg ob der Aist Bezirk F,1,2,2,Pfeiffer Hiebl Steuerberatungs GmbH & Co KG,https://ksw.or.at/mitgliederverzeichnis/?tx_kswmembers_membersdirectory%5Bcontroller%5D=MembersDirectory&tx_kswmembers_membersdirectory%5BcurrentPage%5D=336 | https://ksw.or.at/mitgliederverzeichnis/?tx_kswmembers_membersdirectory%5Bcontroller%5D=MembersDirectory&tx_kswmembers_membersdirectory%5BcurrentPage%5D=90,1,CONFIRMED_30_PLUS,HIGH,71,71,official team/profile lower bound,,71,1,2,,,,https://www.pfeifferhiebl.at/ | https://www.pfeifferhiebl.at/team | https://www.pfeifferhiebl.at/karriere | https://www.bing.com/ck/a?!&&p=7a00ca8702a09d7375a431ca9770789c7cadd623e8817d4e6409f9e6e8fe39a7JmltdHM9MTc4ODA0ODAwMA&ptn=3&ver=2&hsh=4&fclid=0256b016-0213-64c4-2521-a7d3037565f9&u=a1aHR0cHM6Ly93d3cucGZlaWZmZXJ2YWN1dW0uY29tL2dsb2JhbC9lbi8&ntb=1 | https://www.bing.com/ck/a?!&&p=c308ccd8b83fbff97aaf227a65a721b3330102ac0cae2a2b93c6029be8414f02JmltdHM9MTc4ODA0ODAwMA&ptn=3&ver=2&hsh=4&fclid=0256b016-0213-64c4-2521-a7d3037565f9&u=a1aHR0cHM6Ly93d3cucGZlaWZmZXJ2YWN1dW0uY29tL3VzL2VuLw&ntb=1 | https://www.bing.com/ck/a?!&&p=49c561c18c38908ef216766c9044093eb19b64c49d7b2bdcc46d6f2cc6841210JmltdHM9MTc4ODA0ODAwMA&ptn=3&ver=2&hsh=4&fclid=0256b016-0213-64c4-2521-a7d3037565f9&u=a1aHR0cHM6Ly93d3cucGZlaWZmZXIuZWR1Lw&ntb=1 | https://www.bing.com/ck/a?!&&p=e82e01732f166aa2bc0e286b1ffbf0421e4c8409b6d6a77d5561d2d67a017c21JmltdHM9MTc4ODA0ODAwMA&ptn=3&ver=2&hsh=4&fclid=0256b016-0213-64c4-2521-a7d3037565f9&u=a1aHR0cHM6Ly9lbi5tLndpa2lwZWRpYS5vcmcvd2lraS9NaWNoZWxsZV9QZmVpZmZlcg&ntb=1 | https://www.bing.com/ck/a?!&&p=15abd8efa1d09e14aa4404c768d6d2884c932028a140eadb2ebfa8426ad9e260JmltdHM9MTc4ODA0ODAwMA&ptn=3&ver=2&hsh=4&fclid=0256b016-0213-64c4-2521-a7d3037565f9&u=a1aHR0cHM6Ly9teS5wZmVpZmZlci5lZHUvaWNzLw&ntb=1 | https://www.bing.com/ck/a?!&&p=5a2adc40e46d74caf75f7437e6a78d547418d73ff12d887a6d87705603296419JmltdHM9MTc4ODA0ODAwMA&ptn=3&ver=2&hsh=4&fclid=0256b016-0213-64c4-2521-a7d3037565f9&u=a1aHR0cDovL3ZhY3V1bS1zaG9wLmNvbS9zaG9wL2VuX1VTLw&ntb=1 | https://www.bing.com/ck/a?!&&p=9a5375e6baa0b912e56d4022832b2edf03aeacd9d76611556a6e4c230813948eJmltdHM9MTc4ODA0ODAwMA&ptn=3&ver=2&hsh=4&fclid=0256b016-0213-64c4-2521-a7d3037565f9&u=a1aHR0cHM6Ly93d3cucGZlaWZmZXIuZWR1L2Fib3V0LXBmZWlmZmVyLw&ntb=1 | https://www.bing.com/ck/a?!&&p=ca0914b731b7efe75b863ff56838c7db42713f3e6955c1c4c337feb8ef440e23JmltdHM9MTc4ODA0ODAwMA&ptn=3&ver=2&hsh=4&fclid=0256b016-0213-64c4-2521-a7d3037565f9&u=a1aHR0cHM6Ly9tLmltZGIuY29tL25hbWUvbm0wMDAwMjAxLw&ntb=1 | https://www.bing.com/ck/a?!&&p=a3c7498ab6485726b8e7bf9e4b50b4ed7c6edf3fe24dac3a5f1d3f1cf61c67cbJmltdHM9MTc4ODA0ODAwMA&ptn=3&ver=2&hsh=4&fclid=0256b016-0213-64c4-2521-a7d3037565f9&u=a1aHR0cHM6Ly9lbi5tLndpa2lwZWRpYS5vcmcvd2lraS9QZmVpZmZlcl9WYWN1dW0&ntb=1 | https://www.bing.com/ck/a?!&&p=31d871a369b615a72f6c907d421669834ee3b0eeb8fc4cbb2191bbb8a086ae79JmltdHM9MTc4ODA0ODAwMA&ptn=3&ver=2&hsh=4&fclid=0256b016-0213-64c4-2521-a7d3037565f9&u=a1aHR0cHM6Ly93d3cuYnVzY2h2YWN1dW0uY29tL2dsb2JhbC9lbi9uZXdzLW1lZGlhL3BmZWlmZmVyLXZhY3V1bS1iZWNvbWVzLXBmZWlmZmVyLXZhY3V1bS1mYWItc29sdXRpb25zLmh0bWw&ntb=1 | https://www.bing.com/ck/a?!&&p=8f2dab274ecb2d768983c0fe4f596a8f1d65ca5a0abd060c8e805f53dd89ea7cJmltdHM9MTc4ODA0ODAwMA&ptn=3&ver=2&hsh=4&fclid=1a0306ea-34f2-647b-2f4f-112f35c465dc&u=a1aHR0cHM6Ly93d3cucGZlaWZmZXJ2YWN1dW0uY29tL2dsb2JhbC9lbi8&ntb=1 | https://www.bing.com/ck/a?!&&p=70e70bd9745250a2999ba9139633d7bda314ac796674de15cb4c084b2bc64b38JmltdHM9MTc4ODA0ODAwMA&ptn=3&ver=2&hsh=4&fclid=1a0306ea-34f2-647b-2f4f-112f35c465dc&u=a1aHR0cHM6Ly93d3cucGZlaWZmZXJ2YWN1dW0uY29tL3VzL2VuLw&ntb=1,PRIOR_STAGE2_CANDIDATE;TEAM_PROFILES_10_PLUS;SANITY_SEED:Pfeiffer Hiebl,VERIFY_PRIOR,CONFIRMED_30_PLUS,142,,AUSTRIA_LEGAL_ENTITY,HIGH,Official site provides a direct staff lower bound of at least 142.,https://www.pfeifferhiebl.at/,Official site exposes at least 142 distinct staff profiles/personal company-domain emails.,Staff-page lower bound alone proves 30+; no upper bound assumed.,SINGLE,1,domain:pfeifferhiebl.at,Pfeiffer Hiebl Steuerberatungs GmbH & Co KG,SINGLE_GROUP,CONFIRMED_20_PLUS,KSW,,,,,,,,,,,,Lernen Sie [Partner]; Karriereplanung Ambitionierte Leistun [Partner]; Karriereplanung Ambitionierte Leistungen [Partner]; Ebenen Engagierten MitarbeiterInnen [Partner]; MBA Repräsentant [Geschäftsführung]; BSc LL [Geschäftsführung]; Nicolas Mitteregger [Geschäftsführung]; Hildegard Baumgartner [Geschäftsführung]; Steuerberaterin Prokuristin [Geschäftsführung]; Vera Oberndorfer [Geschäftsführung],Strengere Beurteilung (); Gesellschafter Ab (); Progressiver Körperschaftsteuersatz (); Weiterlesen Update Umsatzsteuer Besonderheiten (2.7); Senkung des DB auf (24.0); auf bestimmte Lebensmittel EU-Vorsteuererstattung (4.9); Hildegard Baumgartner Gesellschafter Andreas (); BSc LL (); Landesgericht Linz UID-Nr (),Strengere Beurteilung; Gesellschafter Ab; Progressiver Körperschaftsteuersatz; Weiterlesen Update Umsatzsteuer Besonderheiten,"Public sources identify owner/shareholder names, but complete share percentages were not safely established.",PARTNER_OWNED,Strengere Beurteilung; Gesellschafter Ab,Owner/Gesellschafter; Owner/Gesellschafter,MEDIUM_HIGH,https://www.pfeifferhiebl.at/ | https://www.pfeifferhiebl.at/ | https://www.pfeifferhiebl.at/ | https://www.pfeifferhiebl.at/ | https://www.pfeifferhiebl.at/team | https://www.pfeifferhiebl.at/team | https://www.pfeifferhiebl.at/team | https://www.pfeifferhiebl.at/team | https://www.pfeifferhiebl.at/ | https://www.pfeifferhiebl.at/ | https://www.pfeifferhiebl.at/ | https://www.pfeifferhiebl.at/ | https://www.pfeifferhiebl.at/ | https://www.pfeifferhiebl.at/ | https://www.pfeifferhiebl.at/impressum | https://www.pfeifferhiebl.at/impressum,No ownership was inferred from surname. Unknown share percentages remain null. For international/network firms the Austrian operational leadership is preferred over a global parent.,,central_fallback,20,,https://www.pfeifferhiebl.at/,,generic_fallback,30,,https://www.pfeifferhiebl.at/,+431012027,office@pfeifferhiebl.at
domain:rtg-fritz.at,RTG Kleinwalsertal Steuerberatung GmbH,rtg-fritz.at,http://www.rtg-fritz.at | http://www.rtg.at,office.kwt@rtg.at | l.schurz@rtg.at | g.steger@rtg.at | j.feurstein@rtg-riezler.at,+43 5517 53 29 0 | +43 5517 53 29 72 | +43 5572 29 60 00 | +43 5572 29 60 044 | +43 650 36 11 708,Riezlern Gemeinde: Mittelberg Bezirk Bregenz +43 5517 53 29,1,1,1,RTG Kleinwalsertal Steuerberatung GmbH,https://ksw.or.at/mitgliederverzeichnis/?tx_kswmembers_membersdirectory%5Bcontroller%5D=MembersDirectory&tx_kswmembers_membersdirectory%5BcurrentPage%5D=380,1,NO_20PLUS_EVIDENCE,LOW,0,0,no reliable 20+ evidence found,,0,0,0,,,,,SANITY_SEED:RTG,DEEP_RESEARCH,CONFIRMED_30_PLUS,40,,AUSTRIA_LEGAL_ENTITY,HIGH,Official Austrian company/group page states approximately or explicitly 40 employees.,https://www.rtg.at/unternehmen,Official site employee statement around 40.,Official-site employee statement is sufficient for a 30+ lower bound.,SINGLE,1,domain:rtg-fritz.at,RTG Kleinwalsertal Steuerberatung GmbH,SINGLE_GROUP,CONFIRMED_20_PLUS,KSW,,,,,,,,,,,,Moore Global Mag [Geschäftsführer]; Tanja Tiefenthaler Mag [Geschäftsführer]; Tanja Tiefenthaler [Geschäftsführung]; WP Partnerin Mag [Geschäftsführung]; Tiefgehende Expertise [Management]; Matthias Feurstein LL [Partner]; Alfred Geismayr WP [Partner]; Birgit Jochum StB PartnerIN [Partner]; Manfred Rümmele WP [Partner]; Ferdinand Schurz WP [Partner],Dunja Zwerger-Holdermann Firmenbuch-Nummer (); Feldkirch UID-Nummer (); Rechtsform RTG Dr (),Dunja Zwerger-Holdermann Firmenbuch-Nummer; Feldkirch UID-Nummer; Rechtsform RTG Dr,"Public sources identify owner/shareholder names, but complete share percentages were not safely established.",PARTNER_OWNED,Dunja Zwerger-Holdermann Firmenbuch-Nummer; Feldkirch UID-Nummer,Owner/Gesellschafter; Owner/Gesellschafter,MEDIUM_HIGH,https://www.rtg.at/unternehmen | https://www.rtg.at/unternehmen | https://www.rtg.at/unternehmen | https://www.rtg.at/unternehmen | https://www.rtg.at/unternehmen | https://www.rtg.at/unternehmen | https://www.rtg.at/unternehmen | https://www.rtg.at/unternehmen | https://www.rtg.at/impressum | https://www.rtg.at/impressum | https://www.rtg.at/impressum,No ownership was inferred from surname. Unknown share percentages remain null. For international/network firms the Austrian operational leadership is preferred over a global parent.,+436645313021,mobile_public,100,Dunja Zwerger-Holdermann Firmenbuch-Nummer,https://www.rtg.at/impressum,,generic_email,30,Dunja Zwerger-Holdermann Firmenbuch-Nummer,https://www.rtg.at/impressum,,
domain:sl-steuerberatung.at,STÖGER+LUGSTEIN Steuerberatung GMBH,sl-steuerberatung.at,http://www.sl-steuerberatung.at,office@sl-steuerberatung.at | w.stoeger@sl-steuerberatung.at | lugsteinbernhard@gmail.com,+43 662 62 95 81 0 | +43 662 629581 | +43 662 62 95 81 34 | +43 664 40 66 590,Salzburg Gemeinde: Salzburg Bezirk Salzburg(Stadt) +43 662 6,1,1,1,STÖGER+LUGSTEIN Steuerberatung GMBH,https://ksw.or.at/mitgliederverzeichnis/?tx_kswmembers_membersdirectory%5Bcontroller%5D=MembersDirectory&tx_kswmembers_membersdirectory%5BcurrentPage%5D=161,1,CONFIRMED_20_29,HIGH,26,26,official team/profile lower bound,,0,26,1,,,,https://www.sl-steuerberatung.at/ | https://www.sl-steuerberatung.at/team | https://www.sl-steuerberatung.at/karriere | https://www.sl-steuerberatung.at/services/unternehmengrundung,PRIOR_STAGE2_CANDIDATE;TEAM_EMAILS_10_PLUS,VERIFY_PRIOR,CONFIRMED_20_PLUS,25,,AUSTRIA_LEGAL_ENTITY,HIGH,Official site provides a direct staff lower bound of at least 25.,https://www.sl-steuerberatung.at/,Official site exposes at least 25 distinct staff profiles/personal company-domain emails.,Staff-page lower bound proves 20+ but not 30+ unless count reaches 30.,SINGLE,1,domain:sl-steuerberatung.at,STÖGER+LUGSTEIN Steuerberatung GMBH,SINGLE_GROUP,CONFIRMED_20_PLUS,KSW,,,,,,,,,,,,Sonstige Funktionen [Geschäftsführer]; Sozialgericht Salzburg [Vorstand]; Zur Person Bernhard [Geschäftsführer]; Seit November [Geschäftsführer]; Anton Fischer [Partner]; Franziskus Geusau [Management]; Bilanzierung Barbara Holub [Geschäftsführer]; Claudia Scholz [Management]; Bilanzierung Buchhaltung Personalverrechnung Verwaltung [Geschäftsführer],Steuerberatungs OEG (); Gesellschafter Mag (); Rupert Rechberger (); Anton Fischer (); Sonstige Funktionen (); Sozialgericht Salzburg (); Personalverrechnung Service Unternehmensgründung Steuer (); Sozialversicherung Onlinerechner Auto Buchhaltung (); Im Jahr (); Karriere AAB (),Steuerberatungs OEG; Gesellschafter Mag; Rupert Rechberger; Anton Fischer,"Public sources identify owner/shareholder names, but complete share percentages were not safely established.",PARTNER_OWNED,Steuerberatungs OEG; Gesellschafter Mag,Owner/Gesellschafter; Owner/Gesellschafter,MEDIUM_HIGH,https://www.sl-steuerberatung.at/ | https://www.sl-steuerberatung.at/ | https://www.sl-steuerberatung.at/ | https://www.sl-steuerberatung.at/ | https://www.sl-steuerberatung.at/ | https://www.sl-steuerberatung.at/team | https://www.sl-steuerberatung.at/team | https://www.sl-steuerberatung.at/team | https://www.sl-steuerberatung.at/ | https://www.sl-steuerberatung.at/ | https://www.sl-steuerberatung.at/ | https://www.sl-steuerberatung.at/ | https://www.sl-steuerberatung.at/ | https://www.sl-steuerberatung.at/ | https://www.sl-steuerberatung.at/ | https://www.sl-steuerberatung.at/,No ownership was inferred from surname. Unknown share percentages remain null. For international/network firms the Austrian operational leadership is preferred over a global parent.,,central_fallback,20,,https://www.sl-steuerberatung.at/,,generic_fallback,30,,https://www.sl-steuerberatung.at/,+43662629581,office@sl-steuerberatung.at
domain:wtsb.at,WTSB Steuerberatungs GmbH,wtsb.at,http://www.wtsb.at,kanzlei@wtsb.at | b.bacher@wtsb.at | d.rieder@wtsb.at,+43 6542 722 66 | +43 6542 736 66 | +43 6542 72408 | +43 6542 722 66 10 | +43 6542 736 66 19 | +43 6542 724 08 | +43 6542 724 08 75 | +43 660 506 34 32,Zell am See Gemeinde: Zell am See Bezirk Zell am See +43 654 | Saalfelden am Steinernen Meer Gemeinde: Saalfelden am Steine | Mittersill Gemeinde: Mittersill Bezirk Zell am See +43 6542,1,3,3,WTSB Steuerberatungs GmbH,https://ksw.or.at/mitgliederverzeichnis/?tx_kswmembers_membersdirectory%5Bcontroller%5D=MembersDirectory&tx_kswmembers_membersdirectory%5BcurrentPage%5D=394 | https://ksw.or.at/mitgliederverzeichnis/?tx_kswmembers_membersdirectory%5Bcontroller%5D=MembersDirectory&tx_kswmembers_membersdirectory%5BcurrentPage%5D=252 | https://ksw.or.at/mitgliederverzeichnis/?tx_kswmembers_membersdirectory%5Bcontroller%5D=MembersDirectory&tx_kswmembers_membersdirectory%5BcurrentPage%5D=285,1,CONFIRMED_30_PLUS,HIGH,90,90,official team/profile lower bound,,90,33,0,,,,https://www.wtsb.at/ | https://www.wtsb.at/kanzlei/standort_zell_am_see/ | https://www.wtsb.at/kanzlei/steuerberatung_mittersill/ | https://www.wtsb.at/kanzlei/steuerberatung_saalfelden/ | https://www.wtsb.at/kanzlei/ansprechpartner/ | https://www.wtsb.at/kanzlei/geschichte/ | https://www.wtsb.at/kanzlei/gutschein_erstgespr%C3%A4ch/ | https://www.wtsb.at/kanzlei/kontakt/ | https://www.bing.com/ck/a?!&&p=8153197d6a8f16e8a50250a36a4d7d01dab1a900848c67b13aa507be4f43205cJmltdHM9MTc4ODA0ODAwMA&ptn=3&ver=2&hsh=4&fclid=0d7962d6-c1a6-6e3f-1208-7513c0e86fb1&u=a1aHR0cHM6Ly93d3cudGhlY3Jvc3NyYWRpby5jb20vc3RhdGlvbnMvd3RzYi8&ntb=1 | https://www.bing.com/ck/a?!&&p=4847c129513f09fd9079fb3566a3880df7de7e222f10e9093887442268d7980cJmltdHM9MTc4ODA0ODAwMA&ptn=3&ver=2&hsh=4&fclid=0d7962d6-c1a6-6e3f-1208-7513c0e86fb1&u=a1aHR0cHM6Ly93d3cudHJ1dGhuZXR3b3JrLmNvbS9zdGF0aW9uL3d0c2Iv&ntb=1 | https://www.bing.com/ck/a?!&&p=25e0bff877580846bc859bb6bd7b7445b48053fbb6a3110af8b8018d3a3d0ad4JmltdHM9MTc4ODA0ODAwMA&ptn=3&ver=2&hsh=4&fclid=0d7962d6-c1a6-6e3f-1208-7513c0e86fb1&u=a1aHR0cHM6Ly9lbi53aWtpcGVkaWEub3JnL3dpa2kvV1RTQg&ntb=1 | https://www.bing.com/ck/a?!&&p=b09b5183559e0ca23b073492fb289d4d9001fe4eac32f60672a1e1cf6d5ee30bJmltdHM9MTc4ODA0ODAwMA&ptn=3&ver=2&hsh=4&fclid=0d7962d6-c1a6-6e3f-1208-7513c0e86fb1&u=a1aHR0cHM6Ly90dW5laW4uY29tL3JhZGlvL1dUU0ItMTA5MC1zMjc3MDYv&ntb=1 | https://www.bing.com/ck/a?!&&p=f9d6831b856c30d6a85dc4babb420a65dcbbfdb8eee76cc6f032f4c3d069ca7bJmltdHM9MTc4ODA0ODAwMA&ptn=3&ver=2&hsh=4&fclid=0d7962d6-c1a6-6e3f-1208-7513c0e86fb1&u=a1aHR0cHM6Ly9vbmxpbmVyYWRpb2JveC5jb20vdXMvd3RzYi8&ntb=1 | https://www.bing.com/ck/a?!&&p=d0e6dbec49918a75fff9243e84872381887663ef8c669f949f8ce54abe3a7c90JmltdHM9MTc4ODA0ODAwMA&ptn=3&ver=2&hsh=4&fclid=1def2a17-5cb8-618a-0d16-3dd25d636084&u=a1aHR0cHM6Ly93d3cudGhlY3Jvc3NyYWRpby5jb20vc3RhdGlvbnMvd3RzYi8&ntb=1 | https://www.bing.com/ck/a?!&&p=b09b07627c65621bb085c4750253ca10e8737160c0b7f15e950dcc3c8d67a004JmltdHM9MTc4ODA0ODAwMA&ptn=3&ver=2&hsh=4&fclid=1def2a17-5cb8-618a-0d16-3dd25d636084&u=a1aHR0cHM6Ly93d3cudHJ1dGhuZXR3b3JrLmNvbS9zdGF0aW9uL3d0c2Iv&ntb=1 | https://www.bing.com/ck/a?!&&p=443f1024129a0196d0e82ff06680aae6697285ebd93b171f09ec5e252bf1b02fJmltdHM9MTc4ODA0ODAwMA&ptn=3&ver=2&hsh=4&fclid=1def2a17-5cb8-618a-0d16-3dd25d636084&u=a1aHR0cHM6Ly9lbi53aWtpcGVkaWEub3JnL3dpa2kvV1RTQg&ntb=1 | https://www.bing.com/ck/a?!&&p=6107ed62f092d23bd818fad6ebf0369b6ad1a0fca0c2090b7c41347bbec78812JmltdHM9MTc4ODA0ODAwMA&ptn=3&ver=2&hsh=4&fclid=1def2a17-5cb8-618a-0d16-3dd25d636084&u=a1aHR0cHM6Ly90dW5laW4uY29tL3JhZGlvL1dUU0ItMTA5MC1zMjc3MDYv&ntb=1 | https://www.bing.com/ck/a?!&&p=76ae9f250702d3a4e95d18c71014d7867e45f144e4a6e0459b9911b301b626b0JmltdHM9MTc4ODA0ODAwMA&ptn=3&ver=2&hsh=4&fclid=1def2a17-5cb8-618a-0d16-3dd25d636084&u=a1aHR0cHM6Ly9vbmxpbmVyYWRpb2JveC5jb20vdXMvd3RzYi8&ntb=1 | https://www.bing.com/ck/a?!&&p=9f354205ca15bbfc64c9cf6c995b26376088790d4b7b094a4eb8e1d0c4968af9JmltdHM9MTc4ODA0ODAwMA&ptn=3&ver=2&hsh=4&fclid=2b50ac25-db1d-646a-2ef9-bbe0dab96528&u=a1aHR0cHM6Ly93d3cudGhlY3Jvc3NyYWRpby5jb20vc3RhdGlvbnMvd3RzYi8&ntb=1 | https://www.bing.com/ck/a?!&&p=8ba775d1b439a6b40eba65b926f6216b068559b01e40821d1142c4d6613a9e58JmltdHM9MTc4ODA0ODAwMA&ptn=3&ver=2&hsh=4&fclid=2b50ac25-db1d-646a-2ef9-bbe0dab96528&u=a1aHR0cHM6Ly93d3cudHJ1dGhuZXR3b3JrLmNvbS9zdGF0aW9uL3d0c2Iv&ntb=1,PRIOR_STAGE2_CANDIDATE;TEAM_PROFILES_10_PLUS;TEAM_EMAILS_10_PLUS;KSW_LISTINGS_3_PLUS;LOCATIONS_3_PLUS,VERIFY_PRIOR,CONFIRMED_30_PLUS,90,,AUSTRIA_LEGAL_ENTITY,HIGH,Official site provides a direct staff lower bound of at least 90.,https://www.wtsb.at/,Official site exposes at least 90 distinct staff profiles/personal company-domain emails.,Staff-page lower bound alone proves 30+; no upper bound assumed.,SINGLE,1,domain:wtsb.at,WTSB Steuerberatungs GmbH,SINGLE_GROUP,CONFIRMED_20_PLUS,KSW,,,,,,,,,,,,See Standort Mittersill Standort [Partner]; Saalfelden Ansprechpartner Geschichte Gutschein-Erstgespräch [Partner]; Bilanzierung Unternehmensgründung Buchhaltung Lohnverrechnung [Partner]; Unternehmensberatung Rechtsform [Management]; Saalfelden Gutschein-Erstgespräch Sie [Partner]; Ihre Steuern [Partner]; Ihrer Buchhaltung [Management]; Susanne Zaunmayr Administration [Geschäftsführung]; Karenz Karenz Alexandra Dankl [Geschäftsführung]; Martina Jerabkova [Management],Bernhard Bacher (); Lena Schnöll (); Bsc Prokura Mag (); Christian Wanger Gesellschafter BKB (); Bsc Mag (); Haftung Firmensitz Zell (); See Firmenbuch-Nummer FN (),Bernhard Bacher; Lena Schnöll; Bsc Prokura Mag; Christian Wanger Gesellschafter BKB,"Public sources identify owner/shareholder names, but complete share percentages were not safely established.",PARTNER_OWNED,Bernhard Bacher; Lena Schnöll,Owner/Gesellschafter; Owner/Gesellschafter,MEDIUM_HIGH,https://www.wtsb.at/ | https://www.wtsb.at/ | https://www.wtsb.at/ | https://www.wtsb.at/ | https://www.wtsb.at/ | https://www.wtsb.at/ | https://www.wtsb.at/ | https://www.wtsb.at/kanzlei/ansprechpartner/ | https://www.wtsb.at/impressum/ | https://www.wtsb.at/impressum/ | https://www.wtsb.at/impressum/ | https://www.wtsb.at/impressum/ | https://www.wtsb.at/impressum/ | https://www.wtsb.at/impressum/ | https://www.wtsb.at/impressum/,No ownership was inferred from surname. Unknown share percentages remain null. For international/network firms the Austrian operational leadership is preferred over a global parent.,,,,,,,,,,,,
