group_key,group_name,domain,websites,emails,phones,cities,legal_entities_count,ksw_listings_count,locations_count,member_entities,ksw_pages,has_official_domain,qualification_status,confidence,employee_low,employee_high,reason,official_employee_evidence,site_team_profiles,site_team_emails,site_job_links,search_employee_evidence,search_size_ranges,linkedin_visible,evidence_urls,agent_selection_reason,agent_research_mode,agent_verdict,agent_employee_low,agent_employee_high,agent_count_scope,agent_confidence,agent_research_summary,agent_source_urls,agent_source_facts,agent_review_note,agent_researcher_consensus,size_gate,management,owners,ultimate_owner,ownership_structure,ownership_type,primary_dm,primary_dm_roles,owner_confidence,owner_source_urls,owner_review_note,best_direct_phone,best_phone_class,best_phone_score,best_phone_person,best_phone_sources,best_personal_email,best_email_class,best_email_score,best_email_person,best_email_sources,fallback_central_phone,fallback_generic_email,size_bucket,outreach_priority,all_size_sources,all_owner_sources,all_contact_sources
domain:adelsberger.co.at,Adelsberger & Thaler Steuerberatungsgesellschaft OG,adelsberger.co.at,http://www.adelsberger.co.at,kanzlei@adelsberger.co.at | martin.thaler@adelsberger.co.at,+43 5332 882 03 0 | +43 5332 882 03 20 | +43 5332 882 03,Kirchbichl Gemeinde: Kirchbichl Bezirk Kufstein +43 5332 882,2,2,2,Adelsberger & Thaler Steuerberatungsgesellschaft OG | Mag. Martin Thaler Steuerberatungsgesellschaft m.b.H.,https://ksw.or.at/mitgliederverzeichnis/?tx_kswmembers_membersdirectory%5Bcontroller%5D=MembersDirectory&tx_kswmembers_membersdirectory%5BcurrentPage%5D=109 | https://ksw.or.at/mitgliederverzeichnis/?tx_kswmembers_membersdirectory%5Bcontroller%5D=MembersDirectory&tx_kswmembers_membersdirectory%5BcurrentPage%5D=415,1,CONFIRMED_30_PLUS,HIGH,35,35,official team/profile lower bound,,35,5,1,,,,https://www.adelsberger.co.at/ | https://www.adelsberger.co.at/de/kanzlei/adresse_und_anfahrt/ | https://www.adelsberger.co.at/de/kanzlei/ansprechpartner/ | https://www.adelsberger.co.at/de/kanzlei/karriere/ | https://www.adelsberger.co.at/de/kanzlei/online_bewerben/ | https://www.adelsberger.co.at/de/kanzlei/impressum/ | https://www.adelsberger.co.at/de/servicecenter/unternehmensgruendung/,PRIOR_STAGE2_CANDIDATE;TEAM_PROFILES_10_PLUS;LEGAL_ENTITIES_2_PLUS,VERIFY_PRIOR,CONFIRMED_30_PLUS,35,,AUSTRIA_GROUP,HIGH,Official site provides a direct staff lower bound of at least 35.,https://www.adelsberger.co.at/,Official site exposes at least 35 distinct staff profiles/personal company-domain emails.,Staff-page lower bound alone proves 30+; no upper bound assumed.,SINGLE,CONFIRMED_20_PLUS,Anfahrt Ansprechpartner Karriere Online [Partner]; Bilanzierung Onlinerechner Steuer-Rechner Sozialversicherungs-Rechner [Partner]; Unternavigation Adresse [Partner]; Zusatzinformationen Online-Rechner Chancen-Rechner Welche [Partner]; Sie Ih [Management]; Mitarbeiter Mag [Geschäftsführer]; Matthias Blösl Steuerberater Tel [Geschäftsführer]; Christine Wimmer Finanzbuchhaltung Tel [Geschäftsführung]; Rechner Aktuelles Steuernews [Partner]; Klienten Anmeldung [Partner],Geschäftsführender Gesellschafter Mag (); at Geschäftsführender Gesellschafter Mag (55.0),at Geschäftsführender Gesellschafter Mag,Public sources identify material individual shareholders: at Geschäftsführender Gesellschafter Mag 55.0%.,INDIVIDUAL_FAMILY_CONTROL,at Geschäftsführender Gesellschafter Mag,Owner/Gesellschafter,HIGH,https://www.adelsberger.co.at/ | https://www.adelsberger.co.at/ | https://www.adelsberger.co.at/de/kanzlei/adresse_und_anfahrt/ | https://www.adelsberger.co.at/de/kanzlei/adresse_und_anfahrt/ | https://www.adelsberger.co.at/de/kanzlei/adresse_und_anfahrt/ | https://www.adelsberger.co.at/de/kanzlei/ansprechpartner/ | https://www.adelsberger.co.at/de/kanzlei/ansprechpartner/ | https://www.adelsberger.co.at/de/kanzlei/ansprechpartner/ | https://www.adelsberger.co.at/de/kanzlei/impressum/ | https://www.adelsberger.co.at/de/kanzlei/impressum/,No ownership was inferred from surname. Unknown share percentages remain null. For international/network firms the Austrian operational leadership is preferred over a global parent.,+43533288203,named_fixed_candidate,79,at Geschäftsführender Gesellschafter Mag,https://www.adelsberger.co.at/de/kanzlei/ansprechpartner/steuerberater/martin_thaler_e157386/ | https://www.adelsberger.co.at/de/kanzlei/impressum/,martin.thaler@adelsberger.co.at,named_context_email,70,at Geschäftsführender Gesellschafter Mag,https://www.adelsberger.co.at/de/kanzlei/ansprechpartner/steuerberater/martin_thaler_e157386/,,,30_49,A_PRIORITY_30_200,https://www.adelsberger.co.at/,https://www.adelsberger.co.at/ | https://www.adelsberger.co.at/ | https://www.adelsberger.co.at/de/kanzlei/adresse_und_anfahrt/ | https://www.adelsberger.co.at/de/kanzlei/adresse_und_anfahrt/ | https://www.adelsberger.co.at/de/kanzlei/adresse_und_anfahrt/ | https://www.adelsberger.co.at/de/kanzlei/ansprechpartner/ | https://www.adelsberger.co.at/de/kanzlei/ansprechpartner/ | https://www.adelsberger.co.at/de/kanzlei/ansprechpartner/ | https://www.adelsberger.co.at/de/kanzlei/impressum/ | https://www.adelsberger.co.at/de/kanzlei/impressum/,https://www.adelsberger.co.at/de/kanzlei/ansprechpartner/steuerberater/martin_thaler_e157386/ | https://www.adelsberger.co.at/de/kanzlei/impressum/ | https://www.adelsberger.co.at/de/kanzlei/ansprechpartner/steuerberater/martin_thaler_e157386/
domain:interexpert.com,Ancora Steuerberatung GmbH,interexpert.com,http://www.interexpert.com | http:///www.holztrattner.at,office@interexpert.com | anton.hammerschmidt@interexpert.com | m.happel@holztrattner.at,+43 1 811 06 0 | +43 1 811 06 18 | +43 1 811 06 14 | +43 1 811 06 | +43 1 877 16 73 | +43 1 877 64 56 | +43 664 2550299,"Wien Gemeinde: Wien Wien 12.,Meidling +43 1 811 06 0 +43 1 8 | Wien Gemeinde: Wien Wien 12.,Meidling +43 1 811 06 +43 1 811 | Wien Gemeinde: Wien Wien 13.,Hietzing +43 1 877 16 73 +43 1",7,7,7,Ancora Steuerberatung GmbH | Christine Thoman Steuerberatungsges.m.b.H. | Hammerschmidt Wirtschaftsprüfungsges.m.b.H. | Holztrattner Wirtschaftsprüfungs- und Steuerberatungs GmbH | Interexpert Holding Steuerberatungs- und Wirtschaftsprüfungsgesellschaft m.b.H. | Interexpert Steuerberatungs- und Wirtschaftsprüfungsgesellschaft m.b.H. & Co OG | Interexpert Treuhand Steuerberatungs- und Wirtschaftsprüfungsgesellschaft m.b.H.,https://ksw.or.at/mitgliederverzeichnis/?tx_kswmembers_membersdirectory%5Bcontroller%5D=MembersDirectory&tx_kswmembers_membersdirectory%5BcurrentPage%5D=446 | https://ksw.or.at/mitgliederverzeichnis/?tx_kswmembers_membersdirectory%5Bcontroller%5D=MembersDirectory&tx_kswmembers_membersdirectory%5BcurrentPage%5D=379 | https://ksw.or.at/mitgliederverzeichnis/?tx_kswmembers_membersdirectory%5Bcontroller%5D=MembersDirectory&tx_kswmembers_membersdirectory%5BcurrentPage%5D=242 | https://ksw.or.at/mitgliederverzeichnis/?tx_kswmembers_membersdirectory%5Bcontroller%5D=MembersDirectory&tx_kswmembers_membersdirectory%5BcurrentPage%5D=226 | https://ksw.or.at/mitgliederverzeichnis/?tx_kswmembers_membersdirectory%5Bcontroller%5D=MembersDirectory&tx_kswmembers_membersdirectory%5BcurrentPage%5D=491 | https://ksw.or.at/mitgliederverzeichnis/?tx_kswmembers_membersdirectory%5Bcontroller%5D=MembersDirectory&tx_kswmembers_membersdirectory%5BcurrentPage%5D=329 | https://ksw.or.at/mitgliederverzeichnis/?tx_kswmembers_membersdirectory%5Bcontroller%5D=MembersDirectory&tx_kswmembers_membersdirectory%5BcurrentPage%5D=334,1,CONFIRMED_30_PLUS,HIGH,30,30,official explicit employee count,"30: von Einzelunternehmungen, Klein- und Mittelbetrieben sowie Privatstiftungen abdeckt. Mit rund 30 Mitarbeitern verfügen wir auch über die Kapazität und das Know-how Großunternehmen ",0,3,0,,,,https://interexpert.com/ | https://interexpert.com/?id=30 | https://interexpert.com/?id=38 | https://www.bing.com/ck/a?!&&p=eb8bf10d3a9ce86090952762f83c6b935ce19fc169701971829d6a8b5d2b6c44JmltdHM9MTc4ODA0ODAwMA&ptn=3&ver=2&hsh=4&fclid=3f922168-3f91-6a5a-25bc-36ad3e046bf3&u=a1aHR0cHM6Ly9hbmNvcmEubmV0Lw&ntb=1 | https://www.bing.com/ck/a?!&&p=702e9c0ed336f625ba0af9c63ad1f0568c44f0dba069b91e0f473a70d9e35d47JmltdHM9MTc4ODA0ODAwMA&ptn=3&ver=2&hsh=4&fclid=3f922168-3f91-6a5a-25bc-36ad3e046bf3&u=a1aHR0cHM6Ly93d3cuYW5jb3JhLmNvbS8&ntb=1 | https://www.bing.com/ck/a?!&&p=9017ae79da85d676384e904fc777b407d8dbabb30553ba95359ebf0b69294ff9JmltdHM9MTc4ODA0ODAwMA&ptn=3&ver=2&hsh=4&fclid=3f922168-3f91-6a5a-25bc-36ad3e046bf3&u=a1aHR0cHM6Ly9hbmNvcmFhcGFydG1lbnRzLmNvbS8&ntb=1 | https://www.bing.com/ck/a?!&&p=c24f57b1339de38ceeecdb1d06f8a79e47122e858c739021256692f9341f346dJmltdHM9MTc4ODA0ODAwMA&ptn=3&ver=2&hsh=4&fclid=3f922168-3f91-6a5a-25bc-36ad3e046bf3&u=a1aHR0cHM6Ly9lbi53aWtpcGVkaWEub3JnL3dpa2kvQW5jb3JhX0hvbGRpbmdzX0dyb3Vw&ntb=1 | https://www.bing.com/ck/a?!&&p=3df53aa023cdec11e17865f454dd27a792de66f04fe0135ccf65ecea75440ef6JmltdHM9MTc4ODA0ODAwMA&ptn=3&ver=2&hsh=4&fclid=3f922168-3f91-6a5a-25bc-36ad3e046bf3&u=a1aHR0cHM6Ly9hbmNvcmEubmV0L291ci1zdG9yeS8&ntb=1 | https://www.bing.com/ck/a?!&&p=eae271fa1d632a10a0c5cf1fa96c1bed62fed9cc3edb2907b44035195ac54d03JmltdHM9MTc4ODA0ODAwMA&ptn=3&ver=2&hsh=4&fclid=3f922168-3f91-6a5a-25bc-36ad3e046bf3&u=a1aHR0cHM6Ly9hbmNvcmFhcGFydG1lbnRzLmNvbS9mbG9vcnBsYW5zLw&ntb=1 | https://www.bing.com/ck/a?!&&p=ae0691d6edf8dfc6a72f071aa6103e5112a6c5a63175553c0de8e6ab16111e87JmltdHM9MTc4ODA0ODAwMA&ptn=3&ver=2&hsh=4&fclid=3f922168-3f91-6a5a-25bc-36ad3e046bf3&u=a1aHR0cHM6Ly9hbmNvcmFzd2ltd2Vhci5jb20v&ntb=1,PRIOR_STAGE2_CANDIDATE;KSW_LISTINGS_3_PLUS;LOCATIONS_3_PLUS;LEGAL_ENTITIES_2_PLUS,VERIFY_PRIOR,CONFIRMED_30_PLUS,30,,AUSTRIA_GROUP,HIGH,Official Austrian company/group page states approximately or explicitly 30 employees.,https://interexpert.com/?id=30,Official site employee statement around 30.,Official-site employee statement is sufficient for a 30+ lower bound.,SINGLE,CONFIRMED_20_PLUS,,,unresolved,Ownership/control layer was not safely established from public evidence; operational management is retained where verified.,UNRESOLVED,,,LOW,,No ownership was inferred from surname. Unknown share percentages remain null. For international/network firms the Austrian operational leadership is preferred over a global parent.,,,,,,,,,,,,,30_49,A_PRIORITY_30_200,https://interexpert.com/?id=30,,
domain:gstoettner-partner.at,CAPHILU Holding und Steuerberatung GmbH,gstoettner-partner.at,http://www.gstoettner-partner.at,gstoettner@gstoettner-partner.at | office@gstoettner-partner.at,+43 7262 52 489 0 | +43 7262 52 489 40 | +43 650 963 72 15 | +43 7262 524 89 0 | +43 7262 524 89 40,Perg Gemeinde: Perg Bezirk Perg +43 7262 52 489 0 +43 7262 5 | Perg Gemeinde: Perg Bezirk Perg +43 7262 524 89 0 +43 7262 5,3,3,3,CAPHILU Holding und Steuerberatung GmbH | Gstöttner & Partner Steuerberatung Gesellschaft m.b.H. | Gstöttner & Partner Steuerberatung Gesellschaft m.b.H. & Co. KG,https://ksw.or.at/mitgliederverzeichnis/?tx_kswmembers_membersdirectory%5Bcontroller%5D=MembersDirectory&tx_kswmembers_membersdirectory%5BcurrentPage%5D=49 | https://ksw.or.at/mitgliederverzeichnis/?tx_kswmembers_membersdirectory%5Bcontroller%5D=MembersDirectory&tx_kswmembers_membersdirectory%5BcurrentPage%5D=203 | https://ksw.or.at/mitgliederverzeichnis/?tx_kswmembers_membersdirectory%5Bcontroller%5D=MembersDirectory&tx_kswmembers_membersdirectory%5BcurrentPage%5D=103,1,CONFIRMED_30_PLUS,HIGH,45,45,official explicit employee count,45: isensicherer Job in einem aufstrebenden Unternehmen Team Sie arbeiten in einem familiären Team von ca. 45 Kolleg/innen wertschätzender Umgang und Respekt untereinander wird großges,3,2,3,,,,https://www.gstoettner-partner.at/start/ | https://www.gstoettner-partner.at/team/ | https://www.gstoettner-partner.at/kanzlei/ | https://www.gstoettner-partner.at/karriere/,PRIOR_STAGE2_CANDIDATE;JOB_LINKS_3_PLUS;KSW_LISTINGS_3_PLUS;LOCATIONS_3_PLUS;LEGAL_ENTITIES_2_PLUS,VERIFY_PRIOR,CONFIRMED_30_PLUS,45,,AUSTRIA_GROUP,HIGH,Official Austrian company/group page states approximately or explicitly 45 employees.,https://www.gstoettner-partner.at/karriere/,Official site employee statement around 45.,Official-site employee statement is sufficient for a 30+ lower bound.,SINGLE,CONFIRMED_20_PLUS,Willkommen Menü [Partner]; Uhr Freitag [Partner]; Uhr Termine [Partner]; SENDEN Jetzt Termin [Partner]; WIR STEUERN IHRE STEUERN [Management]; Newsletter Anmeldung ANMELDEN Ich [Partner]; Perg TELEFON [Partner]; Datenschutz Cookie [Partner]; Datenschutz-Einstellungen Wir [Partner]; HTTP Cookie [Partner],Herr Mag (); Im Zuge (); Herrn Hörwertner (); Klaus Gstöttner (); Rainer Moosbauer (); Thomas Hackl (); Eine Verwendung (),Herr Mag; Im Zuge; Herrn Hörwertner; Klaus Gstöttner,"Public sources identify owner/shareholder names, but complete share percentages were not safely established.",PARTNER_OWNED,Herr Mag; Im Zuge,Owner/Gesellschafter; Owner/Gesellschafter,MEDIUM_HIGH,https://www.gstoettner-partner.at/start/ | https://www.gstoettner-partner.at/start/ | https://www.gstoettner-partner.at/start/ | https://www.gstoettner-partner.at/start/ | https://www.gstoettner-partner.at/start/ | https://www.gstoettner-partner.at/start/ | https://www.gstoettner-partner.at/start/ | https://www.gstoettner-partner.at/start/ | https://www.gstoettner-partner.at/kanzlei/ | https://www.gstoettner-partner.at/kanzlei/ | https://www.gstoettner-partner.at/kanzlei/ | https://www.gstoettner-partner.at/kanzlei/ | https://www.gstoettner-partner.at/kanzlei/ | https://www.gstoettner-partner.at/kanzlei/ | https://www.gstoettner-partner.at/datenschutz/,No ownership was inferred from surname. Unknown share percentages remain null. For international/network firms the Austrian operational leadership is preferred over a global parent.,,central_context,20,Im Zuge,https://www.gstoettner-partner.at/aktuelles/,,generic_email,30,Im Zuge,https://www.gstoettner-partner.at/aktuelles/,,,30_49,A_PRIORITY_30_200,https://www.gstoettner-partner.at/karriere/,https://www.gstoettner-partner.at/start/ | https://www.gstoettner-partner.at/start/ | https://www.gstoettner-partner.at/start/ | https://www.gstoettner-partner.at/start/ | https://www.gstoettner-partner.at/start/ | https://www.gstoettner-partner.at/start/ | https://www.gstoettner-partner.at/start/ | https://www.gstoettner-partner.at/start/ | https://www.gstoettner-partner.at/kanzlei/ | https://www.gstoettner-partner.at/kanzlei/ | https://www.gstoettner-partner.at/kanzlei/ | https://www.gstoettner-partner.at/kanzlei/ | https://www.gstoettner-partner.at/kanzlei/ | https://www.gstoettner-partner.at/kanzlei/ | https://www.gstoettner-partner.at/datenschutz/,https://www.gstoettner-partner.at/aktuelles/ | https://www.gstoettner-partner.at/aktuelles/
domain:sstb.at,capra Steuerberatungs GmbH,sstb.at,http://www.sstb.at,w.winter@sstb.at | office@winter.st | k.uedl@sstb.at | office@sstb.at | m.stradner@sstb.at,+43 3452 83 481 | +43 3452 83 481 18 | +43 664 160 65 61 | +43 3452 834 81 0 | +43 3452 8 34 81 0 | +43 3452 8 34 81 18 | +43 3452 834 81 12 | +43 3452 834 81 18,Leibnitz Gemeinde: Leibnitz Bezirk Leibnitz +43 3452 83 481 | Leibnitz Gemeinde: Leibnitz Bezirk Leibnitz +43 3452 8 34 81,2,2,2,capra Steuerberatungs GmbH | Südsteirische Steuerberatung GmbH,https://ksw.or.at/mitgliederverzeichnis/?tx_kswmembers_membersdirectory%5Bcontroller%5D=MembersDirectory&tx_kswmembers_membersdirectory%5BcurrentPage%5D=466 | https://ksw.or.at/mitgliederverzeichnis/?tx_kswmembers_membersdirectory%5Bcontroller%5D=MembersDirectory&tx_kswmembers_membersdirectory%5BcurrentPage%5D=113,1,CONFIRMED_30_PLUS,HIGH,33,33,official team/profile lower bound,,1,33,4,,,,https://www.sstb.at/ | https://www.sstb.at/ueber-uns/ | https://www.sstb.at/team/ | https://www.sstb.at/karriere/,PRIOR_STAGE2_CANDIDATE;TEAM_EMAILS_10_PLUS;JOB_LINKS_3_PLUS;LEGAL_ENTITIES_2_PLUS,VERIFY_PRIOR,CONFIRMED_30_PLUS,31,,AUSTRIA_GROUP,HIGH,Official site provides a direct staff lower bound of at least 31.,https://www.sstb.at/,Official site exposes at least 31 distinct staff profiles/personal company-domain emails.,Staff-page lower bound alone proves 30+; no upper bound assumed.,SINGLE,CONFIRMED_20_PLUS,Steuerfragen Home Über [Partner]; Buchhaltung Lohnverrechnung Services Steuerrechner [Partner]; Checklisten Finanzämter Pantherix Klientenportal [Partner]; Aktuelles Klienten-Info Management [Management]; Ihre Steuern [Partner]; Ihr Steuerpartner [Partner]; Ihr Unt [Management]; Fragen Sie [Partner]; Ihren SSTB-Ansprechpartner [Partner]; Wenn Sie [Partner],,unresolved,Ownership/control layer was not safely established from public evidence; operational management is retained where verified.,UNRESOLVED,Andrea Sauer Assistentin; Astrid Waldhauser Assistentin; BA Assistentin,Geschäftsführung; Geschäftsführung; Geschäftsführung,MEDIUM_HIGH,https://www.sstb.at/ | https://www.sstb.at/ | https://www.sstb.at/ | https://www.sstb.at/ | https://www.sstb.at/ | https://www.sstb.at/ | https://www.sstb.at/ | https://www.sstb.at/,No ownership was inferred from surname. Unknown share percentages remain null. For international/network firms the Austrian operational leadership is preferred over a global parent.,,central_context,20,Andrea Sauer Assistentin,https://www.sstb.at/team/,a.renner@sstb.at,named_context_email,70,Andrea Sauer Assistentin,https://www.sstb.at/team/,,,30_49,A_PRIORITY_30_200,https://www.sstb.at/,https://www.sstb.at/ | https://www.sstb.at/ | https://www.sstb.at/ | https://www.sstb.at/ | https://www.sstb.at/ | https://www.sstb.at/ | https://www.sstb.at/ | https://www.sstb.at/,https://www.sstb.at/team/ | https://www.sstb.at/team/
domain:reisinger-kornprat.at,Dr. Reisinger & MMag. Kornprat Wirtschaftsprüfungs und Steuerberatungs GmbH,reisinger-kornprat.at,http://www.reisinger-kornprat.at | http://www.reisinger.at,office@reisinger-kornprat.at | karin.reisinger@reisinger.at | karin.reisinger@reisinger-kornprat.at,+43 1 894 18 10 | +43 1 894 17 82 | +43 650 426 51 60,"Wien Gemeinde: Wien Wien 13.,Hietzing +43 1 894 18 10 +43 1",2,2,2,Dr. Reisinger & MMag. Kornprat Wirtschaftsprüfungs und Steuerberatungs GmbH | Dr. Reisinger & MMag. Kornprat Wirtschaftsprüfungs und Steuerberatungs GmbH & Co Steuerberatungs KG,https://ksw.or.at/mitgliederverzeichnis/?tx_kswmembers_membersdirectory%5Bcontroller%5D=MembersDirectory&tx_kswmembers_membersdirectory%5BcurrentPage%5D=149 | https://ksw.or.at/mitgliederverzeichnis/?tx_kswmembers_membersdirectory%5Bcontroller%5D=MembersDirectory&tx_kswmembers_membersdirectory%5BcurrentPage%5D=432,1,CONFIRMED_30_PLUS,HIGH,40,40,official explicit employee count,"40: ste Technologien, um effizienter und transparenter zu arbeiten. Großes Expertenteam Unser Team besteht aus 40 Mitarbeiter mit fundiertem Know-how und echtem Wissensvorsprung. Unser",0,3,4,,,,https://www.reisinger-kornprat.at/index_ger.html | https://www.reisinger-kornprat.at/de/kanzlei/%C3%BCber_uns/ | https://www.reisinger-kornprat.at/de/kanzlei/kontakt/ | https://www.reisinger-kornprat.at/de/kanzlei/karriere/ | https://www.reisinger-kornprat.at/de/kanzlei/impressum/ | https://www.reisinger-kornprat.at/de/kanzlei/datenschutzerkl%C3%A4rung/ | https://www.reisinger-kornprat.at/de/leistungen/ | https://www.reisinger-kornprat.at/de/service/f%C3%B6rderstellen/f%C3%B6rderstellen/,PRIOR_STAGE2_CANDIDATE;JOB_LINKS_3_PLUS;LEGAL_ENTITIES_2_PLUS,VERIFY_PRIOR,CONFIRMED_30_PLUS,40,,AUSTRIA_GROUP,HIGH,Official Austrian company/group page states approximately or explicitly 40 employees.,https://www.reisinger-kornprat.at/index_ger.html,Official site employee statement around 40.,Official-site employee statement is sufficient for a 30+ lower bound.,SINGLE,CONFIRMED_20_PLUS,Persönlicher Ansprechpartner An Ihrer [Partner]; Großes Experte [Partner]; Ansprechpartner An Ihrer Seite [Partner]; Spezialgebiet KMU [Partner]; GMR Recht MAG [Partner]; GUDRUN MOSER-REISINGER Rechtsanwältin [Partner]; Gesellschafter Dr [Geschäftsführer]; Ansprechpartner Sämtliche Anfragen [Partner]; Spam Zum Schutz [Partner]; Betroffene Personen [Partner],Geschäftsführende Gesellschafterin Telefon (); Englisch Dr (); Geschäftsführender Gesellschafter (); Sachverständiger Telefon (); Gesellschafter Dr (),Geschäftsführende Gesellschafterin Telefon; Englisch Dr; Geschäftsführender Gesellschafter; Sachverständiger Telefon,"Public sources identify owner/shareholder names, but complete share percentages were not safely established.",PARTNER_OWNED,Geschäftsführende Gesellschafterin Telefon; Englisch Dr,Owner/Gesellschafter; Owner/Gesellschafter,MEDIUM_HIGH,https://www.reisinger-kornprat.at/index_ger.html | https://www.reisinger-kornprat.at/index_ger.html | https://www.reisinger-kornprat.at/index_ger.html | https://www.reisinger-kornprat.at/index_ger.html | https://www.reisinger-kornprat.at/de/kanzlei/%C3%BCber_uns/ | https://www.reisinger-kornprat.at/de/kanzlei/%C3%BCber_uns/ | https://www.reisinger-kornprat.at/de/kanzlei/impressum/ | https://www.reisinger-kornprat.at/de/kanzlei/datenschutzerkl%C3%A4rung/ | https://www.reisinger-kornprat.at/de/kanzlei/%C3%BCber_uns/ | https://www.reisinger-kornprat.at/de/kanzlei/%C3%BCber_uns/ | https://www.reisinger-kornprat.at/de/kanzlei/%C3%BCber_uns/ | https://www.reisinger-kornprat.at/de/kanzlei/%C3%BCber_uns/ | https://www.reisinger-kornprat.at/de/kanzlei/impressum/,No ownership was inferred from surname. Unknown share percentages remain null. For international/network firms the Austrian operational leadership is preferred over a global parent.,+4318941810,central_context,83,Geschäftsführende Gesellschafterin Telefon,https://www.reisinger-kornprat.at/de/kanzlei/%C3%BCber_uns/ | https://www.reisinger-kornprat.at/de/kanzlei/datenschutzerkl%C3%A4rung/ | https://www.reisinger-kornprat.at/de/kanzlei/impressum/ | https://www.reisinger-kornprat.at/de/kanzlei/karriere/ | https://www.reisinger-kornprat.at/de/kanzlei/karriere/offene_stellen/berufsanw%C3%A4rter_e4332/ | https://www.reisinger-kornprat.at/de/kanzlei/karriere/offene_stellen/bilanzbuchhalter_e4331/ | https://www.reisinger-kornprat.at/de/kanzlei/karriere/online_bewerben/ | https://www.reisinger-kornprat.at/de/kanzlei/kontakt/ | https://www.reisinger-kornprat.at/de/know_how/ | https://www.reisinger-kornprat.at/de/leistungen/ | https://www.reisinger-kornprat.at/de/service/anmeldung_zum_newsletter/ | https://www.reisinger-kornprat.at/de/service/steuernews_f%C3%BCr_%C3%A4rzte/ | https://www.reisinger-kornprat.at/de/service/steuernews_f%C3%BCr_%C3%A4rzte/herbst_2026/mitarbeiterpraemienregelung_2026_beschlossen/ | https://www.reisinger-kornprat.at/de/service/steuernews_f%C3%BCr_klienten/ | https://www.reisinger-kornprat.at/de/service/steuernews_f%C3%BCr_klienten/september_2026/digitalisierungsfoerderung_fuer_kmu/ | https://www.reisinger-kornprat.at/de/service/steuernews_f%C3%BCr_klienten/september_2026/eu_entgelttransparenzrichtlinie_neue_verpflichtungen_fuer_arbeitgeber/ | https://www.reisinger-kornprat.at/de/service/steuernews_f%C3%BCr_klienten/september_2026/sachbezug_kuenftig_auch_fuer_elektroautos/ | https://www.reisinger-kornprat.at/de/service/steuernews_f%C3%BCr_klienten/september_2026/umfassende_aenderungen_im_doppelbesteuerungsabkommen_mit_der_schweiz/ | https://www.reisinger-kornprat.at/de/service/steuernews_f%C3%BCr_klienten/september_2026/welche_zahlungen_unterliegen_der_abzugsteuer_/ | https://www.reisinger-kornprat.at/de/service/steuernews_f%C3%BCr_klienten/september_2026/welcher_einkunftsart_unterliegt_die_kurzfristige_touristische_vermietung_/ | https://www.reisinger-kornprat.at/de/service/steuernews_f%C3%BCr_klienten/september_2026/zeitpunkt_der_gebaeudeabschreibung_bei_einer_vermietung_und_verpachtung_nach_generalsanierung/ | https://www.reisinger-kornprat.at/index_ger.html,karin.reisinger@reisinger-kornprat.at,named_context_email,70,Englisch Dr,https://www.reisinger-kornprat.at/de/kanzlei/%C3%BCber_uns/,,,30_49,A_PRIORITY_30_200,https://www.reisinger-kornprat.at/index_ger.html,https://www.reisinger-kornprat.at/index_ger.html | https://www.reisinger-kornprat.at/index_ger.html | https://www.reisinger-kornprat.at/index_ger.html | https://www.reisinger-kornprat.at/index_ger.html | https://www.reisinger-kornprat.at/de/kanzlei/%C3%BCber_uns/ | https://www.reisinger-kornprat.at/de/kanzlei/%C3%BCber_uns/ | https://www.reisinger-kornprat.at/de/kanzlei/impressum/ | https://www.reisinger-kornprat.at/de/kanzlei/datenschutzerkl%C3%A4rung/ | https://www.reisinger-kornprat.at/de/kanzlei/%C3%BCber_uns/ | https://www.reisinger-kornprat.at/de/kanzlei/%C3%BCber_uns/ | https://www.reisinger-kornprat.at/de/kanzlei/%C3%BCber_uns/ | https://www.reisinger-kornprat.at/de/kanzlei/%C3%BCber_uns/ | https://www.reisinger-kornprat.at/de/kanzlei/impressum/,https://www.reisinger-kornprat.at/de/kanzlei/%C3%BCber_uns/ | https://www.reisinger-kornprat.at/de/kanzlei/datenschutzerkl%C3%A4rung/ | https://www.reisinger-kornprat.at/de/kanzlei/impressum/ | https://www.reisinger-kornprat.at/de/kanzlei/karriere/ | https://www.reisinger-kornprat.at/de/kanzlei/karriere/offene_stellen/berufsanw%C3%A4rter_e4332/ | https://www.reisinger-kornprat.at/de/kanzlei/karriere/offene_stellen/bilanzbuchhalter_e4331/ | https://www.reisinger-kornprat.at/de/kanzlei/karriere/online_bewerben/ | https://www.reisinger-kornprat.at/de/kanzlei/kontakt/ | https://www.reisinger-kornprat.at/de/know_how/ | https://www.reisinger-kornprat.at/de/leistungen/ | https://www.reisinger-kornprat.at/de/service/anmeldung_zum_newsletter/ | https://www.reisinger-kornprat.at/de/service/steuernews_f%C3%BCr_%C3%A4rzte/ | https://www.reisinger-kornprat.at/de/service/steuernews_f%C3%BCr_%C3%A4rzte/herbst_2026/mitarbeiterpraemienregelung_2026_beschlossen/ | https://www.reisinger-kornprat.at/de/service/steuernews_f%C3%BCr_klienten/ | https://www.reisinger-kornprat.at/de/service/steuernews_f%C3%BCr_klienten/september_2026/digitalisierungsfoerderung_fuer_kmu/ | https://www.reisinger-kornprat.at/de/service/steuernews_f%C3%BCr_klienten/september_2026/eu_entgelttransparenzrichtlinie_neue_verpflichtungen_fuer_arbeitgeber/ | https://www.reisinger-kornprat.at/de/service/steuernews_f%C3%BCr_klienten/september_2026/sachbezug_kuenftig_auch_fuer_elektroautos/ | https://www.reisinger-kornprat.at/de/service/steuernews_f%C3%BCr_klienten/september_2026/umfassende_aenderungen_im_doppelbesteuerungsabkommen_mit_der_schweiz/ | https://www.reisinger-kornprat.at/de/service/steuernews_f%C3%BCr_klienten/september_2026/welche_zahlungen_unterliegen_der_abzugsteuer_/ | https://www.reisinger-kornprat.at/de/service/steuernews_f%C3%BCr_klienten/september_2026/welcher_einkunftsart_unterliegt_die_kurzfristige_touristische_vermietung_/ | https://www.reisinger-kornprat.at/de/service/steuernews_f%C3%BCr_klienten/september_2026/zeitpunkt_der_gebaeudeabschreibung_bei_einer_vermietung_und_verpachtung_nach_generalsanierung/ | https://www.reisinger-kornprat.at/index_ger.html | https://www.reisinger-kornprat.at/de/kanzlei/%C3%BCber_uns/
domain:eca-altenmarkt.at,ECA CGV Steuerberatung GmbH,eca-altenmarkt.at,http://www.eca-altenmarkt.at,christina.geissler@eca-altenmarkt.at,+43 5 05 57 10 | +43 50 5710 | +43 664 45 40 489 | +43 6452 48 82 82,Altenmarkt im Pongau Gemeinde: Altenmarkt im Pongau Bezirk S,1,1,1,ECA CGV Steuerberatung GmbH,https://ksw.or.at/mitgliederverzeichnis/?tx_kswmembers_membersdirectory%5Bcontroller%5D=MembersDirectory&tx_kswmembers_membersdirectory%5BcurrentPage%5D=40,1,CONFIRMED_30_PLUS,HIGH,36,36,official explicit employee count,"36: Bilanzierung Neben den oben angeführten Personen in der Geschäftsführung steht Ihnen ein Team von 36 Mitarbeitern und Mitarbeiterinnen aus den Bereichen Rechnungswesen , Personalve",4,1,1,,,,https://eca-altenmarkt.at/ | https://eca-altenmarkt.at/unternehmensberatung | https://eca-altenmarkt.at/karriere | https://eca-altenmarkt.at/unternehmen/team | https://eca-altenmarkt.at/unternehmen/werte | https://eca-altenmarkt.at/unternehmen/geschichte | https://eca-altenmarkt.at/unternehmen/netzwerk,PRIOR_STAGE2_CANDIDATE,VERIFY_PRIOR,CONFIRMED_30_PLUS,36,,AUSTRIA_LEGAL_ENTITY,HIGH,Official Austrian company/group page states approximately or explicitly 36 employees.,https://eca-altenmarkt.at/unternehmen/team,Official site employee statement around 36.,Official-site employee statement is sufficient for a 30+ lower bound.,SINGLE,CONFIRMED_20_PLUS,Auditing Im Wandel [Management]; Bereich Gewerberecht [Geschäftsführung]; Unternehmensreorganisation Beratung [Geschäftsführung]; Thomas Wohlschlager Steuerberater [Geschäftsführer]; Zum Lebenslauf [Geschäftsführer]; Stefan Walchhofer Steuerberater [Geschäftsführer]; Christina Gei [Geschäftsführer]; Christina Geißler-Vidovic MSc [Geschäftsführer]; Bernhard Siedau [Geschäftsführer]; Bilanzierung Neben [Geschäftsführung],,unresolved,Ownership/control layer was not safely established from public evidence; operational management is retained where verified.,UNRESOLVED,Bereich Gewerberecht; Bereichen Rechnungswesen; Bernhard Siedau,Geschäftsführung; Geschäftsführung; Geschäftsführer,MEDIUM_HIGH,https://eca-altenmarkt.at/ | https://eca-altenmarkt.at/unternehmensberatung | https://eca-altenmarkt.at/unternehmensberatung | https://eca-altenmarkt.at/unternehmen/team | https://eca-altenmarkt.at/unternehmen/team | https://eca-altenmarkt.at/unternehmen/team | https://eca-altenmarkt.at/unternehmen/team | https://eca-altenmarkt.at/unternehmen/team,No ownership was inferred from surname. Unknown share percentages remain null. For international/network firms the Austrian operational leadership is preferred over a global parent.,,central_context,20,Bereichen Rechnungswesen,https://eca-altenmarkt.at/unternehmen/team,,generic_email,30,Bereichen Rechnungswesen,https://eca-altenmarkt.at/unternehmen/team,,,30_49,A_PRIORITY_30_200,https://eca-altenmarkt.at/unternehmen/team,https://eca-altenmarkt.at/ | https://eca-altenmarkt.at/unternehmensberatung | https://eca-altenmarkt.at/unternehmensberatung | https://eca-altenmarkt.at/unternehmen/team | https://eca-altenmarkt.at/unternehmen/team | https://eca-altenmarkt.at/unternehmen/team | https://eca-altenmarkt.at/unternehmen/team | https://eca-altenmarkt.at/unternehmen/team,https://eca-altenmarkt.at/unternehmen/team | https://eca-altenmarkt.at/unternehmen/team
domain:innsbruck.eca.at,ECA Schönherr Steuerberatung GmbH,innsbruck.eca.at,http://www.innsbruck.eca.at,schoenherr@eca.at | miriam.seidner@eca.at | innsbruck@eca.at,+43 5226 31 10 | +43 5226 31 10 21 | +43 512 57 14 15 | +43 512 57 14 15 1011 | +43 512 571 415 | +43 512 571 415 1011 | +43 512 57 14 15 0,Neustift im Stubaital Gemeinde: Neustift im Stubaital Bezirk | Innsbruck Gemeinde: Innsbruck Bezirk Innsbruck-Stadt +43 512,6,7,7,ECA Schönherr Steuerberatung GmbH | CPI Steuerberatung GmbH | MEB Steuerberatung GmbH | PFA Steuerberatung GmbH | ECA Innsbruck Steuerberatung GmbH | ECA Innsbruck Steuerberatung GmbH & Co KG,https://ksw.or.at/mitgliederverzeichnis/?tx_kswmembers_membersdirectory%5Bcontroller%5D=MembersDirectory&tx_kswmembers_membersdirectory%5BcurrentPage%5D=52 | https://ksw.or.at/mitgliederverzeichnis/?tx_kswmembers_membersdirectory%5Bcontroller%5D=MembersDirectory&tx_kswmembers_membersdirectory%5BcurrentPage%5D=453 | https://ksw.or.at/mitgliederverzeichnis/?tx_kswmembers_membersdirectory%5Bcontroller%5D=MembersDirectory&tx_kswmembers_membersdirectory%5BcurrentPage%5D=520 | https://ksw.or.at/mitgliederverzeichnis/?tx_kswmembers_membersdirectory%5Bcontroller%5D=MembersDirectory&tx_kswmembers_membersdirectory%5BcurrentPage%5D=525 | https://ksw.or.at/mitgliederverzeichnis/?tx_kswmembers_membersdirectory%5Bcontroller%5D=MembersDirectory&tx_kswmembers_membersdirectory%5BcurrentPage%5D=502 | https://ksw.or.at/mitgliederverzeichnis/?tx_kswmembers_membersdirectory%5Bcontroller%5D=MembersDirectory&tx_kswmembers_membersdirectory%5BcurrentPage%5D=114,1,CONFIRMED_30_PLUS,HIGH,35,35,official explicit employee count,"35: en oben angeführten Personen in der Geschäftsführung und im Sekretariat steht Ihnen unser Team von rund 35 Mitarbeiter:innen aus den Bereichen Buchhaltung, Personalverrechnung, Bil | 35: ngeführten Personen in der Geschäftsführung und im Sekretariat steht Ihnen unser Team von rund 35 Mitarbeiter:innen aus den Bereichen Buchhaltung, Personalverrechnung, Bilanzierung",0,0,1,,,,https://innsbruck.eca.at/ | https://innsbruck.eca.at/unternehmensberatung | https://innsbruck.eca.at/karriere | https://innsbruck.eca.at/unsere-kanzlei/team | https://innsbruck.eca.at/unsere-kanzlei/werte | https://innsbruck.eca.at/unsere-kanzlei/geschichte | https://innsbruck.eca.at/unsere-kanzlei/netzwerk,PRIOR_STAGE2_CANDIDATE;KSW_LISTINGS_3_PLUS;LOCATIONS_3_PLUS;LEGAL_ENTITIES_2_PLUS,VERIFY_PRIOR,CONFIRMED_30_PLUS,35,,AUSTRIA_GROUP,HIGH,Official Austrian company/group page states approximately or explicitly 35 employees.,https://innsbruck.eca.at/unsere-kanzlei/team,Official site employee statement around 35.,Official-site employee statement is sufficient for a 30+ lower bound.,SINGLE,CONFIRMED_20_PLUS,StB Mag [Geschäftsführung]; Miriam Seidner MBA Wirtschaftsprüferin [Geschäftsführung]; Christoph Pittl [Geschäftsführung]; Peter Farmer Wirtschaftsprüfer [Geschäftsführung]; Prokuristin WP [Management]; StB MMag [Management]; Gerlint Gattern [Management]; Bilanzierung Neben [Geschäftsführung]; Bereichen Buchhaltung [Geschäftsführung]; Frau StB Mag [Geschäftsführer],,unresolved,Ownership/control layer was not safely established from public evidence; operational management is retained where verified.,UNRESOLVED,Bereichen Buchhaltung; Bilanzierung Neben; Christoph Pittl,Geschäftsführung; Geschäftsführung; Geschäftsführung,MEDIUM_HIGH,https://innsbruck.eca.at/unsere-kanzlei/team | https://innsbruck.eca.at/unsere-kanzlei/team | https://innsbruck.eca.at/unsere-kanzlei/team | https://innsbruck.eca.at/unsere-kanzlei/team | https://innsbruck.eca.at/unsere-kanzlei/team | https://innsbruck.eca.at/unsere-kanzlei/team | https://innsbruck.eca.at/unsere-kanzlei/team | https://innsbruck.eca.at/unsere-kanzlei/team,No ownership was inferred from surname. Unknown share percentages remain null. For international/network firms the Austrian operational leadership is preferred over a global parent.,75939503,central_context,103,Bereichen Buchhaltung,https://innsbruck.eca.at/karriere | https://innsbruck.eca.at/news/wechsel-von-der-kleinunternehmer-befreiung-zur-regelbesteuerung-47781 | https://innsbruck.eca.at/unsere-kanzlei/team,innsbruck@eca.at,named_context_email,78,Bereichen Buchhaltung,https://innsbruck.eca.at/karriere | https://innsbruck.eca.at/news/wechsel-von-der-kleinunternehmer-befreiung-zur-regelbesteuerung-47781 | https://innsbruck.eca.at/unsere-kanzlei/team,,,30_49,A_PRIORITY_30_200,https://innsbruck.eca.at/unsere-kanzlei/team,https://innsbruck.eca.at/unsere-kanzlei/team | https://innsbruck.eca.at/unsere-kanzlei/team | https://innsbruck.eca.at/unsere-kanzlei/team | https://innsbruck.eca.at/unsere-kanzlei/team | https://innsbruck.eca.at/unsere-kanzlei/team | https://innsbruck.eca.at/unsere-kanzlei/team | https://innsbruck.eca.at/unsere-kanzlei/team | https://innsbruck.eca.at/unsere-kanzlei/team,https://innsbruck.eca.at/karriere | https://innsbruck.eca.at/news/wechsel-von-der-kleinunternehmer-befreiung-zur-regelbesteuerung-47781 | https://innsbruck.eca.at/unsere-kanzlei/team | https://innsbruck.eca.at/karriere | https://innsbruck.eca.at/news/wechsel-von-der-kleinunternehmer-befreiung-zur-regelbesteuerung-47781 | https://innsbruck.eca.at/unsere-kanzlei/team
domain:thp-kanzlei.at,ECA Treuhand Partner Steuerberatung GmbH & Co KG,thp-kanzlei.at,http://www.thp-kanzlei.at | http://www.innsbruck.eca.at,innsbruck@eca.at | office@thp-kanzlei.at | miriam.seidner@eca.at,+43 512 57 14 15 | +43 512 57 14 15 1011 | +43 512 571 415 | +43 512 571 415 1011,Innsbruck Gemeinde: Innsbruck Bezirk Innsbruck-Stadt +43 512,2,2,2,ECA Treuhand Partner Steuerberatung GmbH & Co KG | THP KRESTON Wirtschaftsprüfung und Steuerberatung GmbH,https://ksw.or.at/mitgliederverzeichnis/?tx_kswmembers_membersdirectory%5Bcontroller%5D=MembersDirectory&tx_kswmembers_membersdirectory%5BcurrentPage%5D=271 | https://ksw.or.at/mitgliederverzeichnis/?tx_kswmembers_membersdirectory%5Bcontroller%5D=MembersDirectory&tx_kswmembers_membersdirectory%5BcurrentPage%5D=365,1,NO_20PLUS_EVIDENCE,LOW,0,0,no reliable 20+ evidence found,,0,0,0,,,,,LEGAL_ENTITIES_2_PLUS,DEEP_RESEARCH,CONFIRMED_30_PLUS,35,,AUSTRIA_GROUP,HIGH,Official Austrian company/group page states approximately or explicitly 35 employees.,https://innsbruck.eca.at/unsere-kanzlei/team,Official site employee statement around 35.,Official-site employee statement is sufficient for a 30+ lower bound.,SINGLE,,,,,,,,,,,,,,,,,,,,,,,,30_49,A_PRIORITY_30_200,https://innsbruck.eca.at/unsere-kanzlei/team,,
domain:eca-pichler.at,ECA W-Quadrat Steuerberatung GmbH,eca-pichler.at,http://www.eca-pichler.at,office@eca-pichler.at | stefan.walchhofer@eca-pichler.at | thomas.wohlschlager@eca-altenmarkt.at,+43 505 710 | +43 505 710 5077 | +43 664 40 35 101 | +43 50 5710,Altenmarkt im Pongau Gemeinde: Altenmarkt im Pongau Bezirk S,1,1,1,ECA W-Quadrat Steuerberatung GmbH,https://ksw.or.at/mitgliederverzeichnis/?tx_kswmembers_membersdirectory%5Bcontroller%5D=MembersDirectory&tx_kswmembers_membersdirectory%5BcurrentPage%5D=307,1,CONFIRMED_30_PLUS,HIGH,36,36,official explicit employee count,"36: Bilanzierung Neben den oben angeführten Personen in der Geschäftsführung steht Ihnen ein Team von 36 Mitarbeitern und Mitarbeiterinnen aus den Bereichen Rechnungswesen , Personalve",4,1,1,,,,https://eca-altenmarkt.at/ | https://eca-altenmarkt.at/unternehmensberatung | https://eca-altenmarkt.at/karriere | https://eca-altenmarkt.at/unternehmen/team | https://eca-altenmarkt.at/unternehmen/werte | https://eca-altenmarkt.at/unternehmen/geschichte | https://eca-altenmarkt.at/unternehmen/netzwerk,PRIOR_STAGE2_CANDIDATE,VERIFY_PRIOR,CONFIRMED_30_PLUS,36,,AUSTRIA_LEGAL_ENTITY,HIGH,Official Austrian company/group page states approximately or explicitly 36 employees.,https://eca-altenmarkt.at/unternehmen/team,Official site employee statement around 36.,Official-site employee statement is sufficient for a 30+ lower bound.,SINGLE,,,,,,,,,,,,,,,,,,,,,,,,30_49,A_PRIORITY_30_200,https://eca-altenmarkt.at/unternehmen/team,,
domain:steuerberatung-oberndorf.at,G & S Steuerberatungs GmbH,steuerberatung-oberndorf.at,http://www.steuerberatung-oberndorf.at,info@steuerberatung-oberndorf.at | j.gogler-reiter@steuerberatung-oberndorf.at | steuerberatung@hoeflmaier.co.at,+43 6272 54 40 | +43 6272 54 68 | +43 664 132 81 39 | +43 6272 54 40 12,Oberndorf bei Salzburg Gemeinde: Oberndorf bei Salzburg Bezi,1,1,1,G & S Steuerberatungs GmbH,https://ksw.or.at/mitgliederverzeichnis/?tx_kswmembers_membersdirectory%5Bcontroller%5D=MembersDirectory&tx_kswmembers_membersdirectory%5BcurrentPage%5D=447,1,CONFIRMED_30_PLUS,HIGH,36,36,official team/profile lower bound,,0,36,3,,,,https://www.steuerberatung-oberndorf.at/ | https://www.steuerberatung-oberndorf.at/at/kanzlei/adresse_und_anfahrt/index_ger.html | https://www.steuerberatung-oberndorf.at/at/kanzlei/ansprechpartner/index_ger.html | https://www.steuerberatung-oberndorf.at/at/kanzlei/leitbild/index_ger.html | https://www.steuerberatung-oberndorf.at/at/kanzlei/kontakt/index_ger.html | https://www.steuerberatung-oberndorf.at/at/kanzlei/karrierechancen/index_ger.html | https://www.steuerberatung-oberndorf.at/at/kanzlei/impressum/index_ger.html | https://www.steuerberatung-oberndorf.at/at/service/unternehmensgruendung/index_ger.html,PRIOR_STAGE2_CANDIDATE;TEAM_EMAILS_10_PLUS;JOB_LINKS_3_PLUS,VERIFY_PRIOR,CONFIRMED_30_PLUS,35,,AUSTRIA_LEGAL_ENTITY,HIGH,Official site provides a direct staff lower bound of at least 35.,https://www.steuerberatung-oberndorf.at/,Official site exposes at least 35 distinct staff profiles/personal company-domain emails.,Staff-page lower bound alone proves 30+; no upper bound assumed.,SINGLE,CONFIRMED_20_PLUS,Klienten Steu [Partner]; Ärzte Anmeldung [Partner]; E-Mail-Newsletter Menü Anrufen E-Mail [Partner]; Harald Schlager Mag [Partner]; Johanna Gogler-Reiter [Partner]; Manfred Höflmaier [Partner]; Offene Stellen [Partner]; Inhalt Onlinetools Onlinenews Ansprechpartner [Partner]; Oberndorf Telefon [Partner]; Datenschutz Imp [Partner],,unresolved,Ownership/control layer was not safely established from public evidence; operational management is retained where verified.,UNRESOLVED,Harald Schlager Beteiligungsverhältnisse Gogler-Rechberger; Johanna Gogle; Kontaktieren Sie,Geschäftsführer; Geschäftsführer; Geschäftsführer,MEDIUM_HIGH,https://www.steuerberatung-oberndorf.at/ | https://www.steuerberatung-oberndorf.at/ | https://www.steuerberatung-oberndorf.at/ | https://www.steuerberatung-oberndorf.at/ | https://www.steuerberatung-oberndorf.at/ | https://www.steuerberatung-oberndorf.at/ | https://www.steuerberatung-oberndorf.at/ | https://www.steuerberatung-oberndorf.at/,No ownership was inferred from surname. Unknown share percentages remain null. For international/network firms the Austrian operational leadership is preferred over a global parent.,+4362725468,named_fixed_candidate,83,Kontaktieren Sie,https://www.steuerberatung-oberndorf.at/ | https://www.steuerberatung-oberndorf.at/at/kanzlei/adresse_und_anfahrt/index_ger.html | https://www.steuerberatung-oberndorf.at/at/kanzlei/impressum/index_ger.html | https://www.steuerberatung-oberndorf.at/at/kanzlei/karrierechancen/vielen_dank_f%C3%BCr_ihre_bewerbung/index_ger.html | https://www.steuerberatung-oberndorf.at/at/kanzlei/kontakt/index_ger.html | https://www.steuerberatung-oberndorf.at/at/kanzlei/kontakt/vielen_dank_f%C3%BCr_ihr_interesse/index_ger.html | https://www.steuerberatung-oberndorf.at/at/news/anmeldung_zum_e_mail_newsletter/index_ger.html,j.gogler-reiter@steuerberatung-oberndorf.at,personal_verified_email,90,Johanna Gogle,https://www.steuerberatung-oberndorf.at/at/kanzlei/ansprechpartner/index_ger.html,,,30_49,A_PRIORITY_30_200,https://www.steuerberatung-oberndorf.at/,https://www.steuerberatung-oberndorf.at/ | https://www.steuerberatung-oberndorf.at/ | https://www.steuerberatung-oberndorf.at/ | https://www.steuerberatung-oberndorf.at/ | https://www.steuerberatung-oberndorf.at/ | https://www.steuerberatung-oberndorf.at/ | https://www.steuerberatung-oberndorf.at/ | https://www.steuerberatung-oberndorf.at/,https://www.steuerberatung-oberndorf.at/ | https://www.steuerberatung-oberndorf.at/at/kanzlei/adresse_und_anfahrt/index_ger.html | https://www.steuerberatung-oberndorf.at/at/kanzlei/impressum/index_ger.html | https://www.steuerberatung-oberndorf.at/at/kanzlei/karrierechancen/vielen_dank_f%C3%BCr_ihre_bewerbung/index_ger.html | https://www.steuerberatung-oberndorf.at/at/kanzlei/kontakt/index_ger.html | https://www.steuerberatung-oberndorf.at/at/kanzlei/kontakt/vielen_dank_f%C3%BCr_ihr_interesse/index_ger.html | https://www.steuerberatung-oberndorf.at/at/news/anmeldung_zum_e_mail_newsletter/index_ger.html | https://www.steuerberatung-oberndorf.at/at/kanzlei/ansprechpartner/index_ger.html
domain:steuerservice.at,G & W Steuerberatungs GmbH,steuerservice.at,http://www.steuerservice.at | http://www.ginthoer.at,office@steuerservice.at | oliver.ginthoer@steuerservice.at | christoph.wolf@steuerservice.at | office@ginthoer.at,+43 1 501 55 | +43 1 501 55 55 | +43 1 501 55 0 | +43 676 6490060,"Wien Gemeinde: Wien Wien 1.,Innere Stadt +43 1 501 55 +43 1 | Wien Gemeinde: Wien Wien 1.,Innere Stadt +43 1 501 55 0 +43",2,2,2,G & W Steuerberatungs GmbH | Ginthoer & Wagner Unternehmens- und SteuerberatungsgmbH,https://ksw.or.at/mitgliederverzeichnis/?tx_kswmembers_membersdirectory%5Bcontroller%5D=MembersDirectory&tx_kswmembers_membersdirectory%5BcurrentPage%5D=432 | https://ksw.or.at/mitgliederverzeichnis/?tx_kswmembers_membersdirectory%5Bcontroller%5D=MembersDirectory&tx_kswmembers_membersdirectory%5BcurrentPage%5D=320,1,CONFIRMED_30_PLUS,HIGH,30,30,official explicit employee count,"30: . Die Kanzleigruppe mit Sitz in der Wiener Innenstadt ist eine renommierte Steuerberatungskanzlei mit mehr als 30 Jahren Erfahrung. Das engagierte Team von ca. 30 Mitarbeiterinnen  | 30: eine renommierte Steuerberatungskanzlei mit mehr als 30 Jahren Erfahrung. Das engagierte Team von ca. 30 Mitarbeiterinnen und Mitarbeitern bietet umfassende steuerliche Beratung un | 30: ommierte Steuerberatungskanzlei mit mehr als 30 Jahren Erfahrung. Das engagierte Team von ca. 30 Mitarbeiterinnen und Mitarbeitern bietet umfassende steuerliche Beratung und Unters | 30: ber die Stadtgrenzen hinaus Unternehmen und Privatpersonen betreut. Mit einem engagierten Team von rund 30 Experten bieten wir nicht nur umfassende steuerliche Beratung, sondern ma | 30: Die G & W Steuerberatungs GmbH, mit Sitz in Wien, zählt mit über 30 Jahren Erfahrung und mehr als 30 Mitarbeitern zu den etablierten Steuerberatungsgesellschaften in Österreich. Na",2,0,1,,,,https://www.steuerservice.at/ | https://www.steuerservice.at/kanzlei/ | https://www.steuerservice.at/kanzlei/team/ | https://www.steuerservice.at/kanzlei/ueber-uns/ | https://www.steuerservice.at/kanzlei/partner/ | https://www.steuerservice.at/kanzlei/ki-guidelines/ | https://www.steuerservice.at/kanzlei/nachhaltigkeit/ | https://www.steuerservice.at/leistungen/unternehmensberatung/,PRIOR_STAGE2_CANDIDATE;LEGAL_ENTITIES_2_PLUS,VERIFY_PRIOR,CONFIRMED_30_PLUS,30,,AUSTRIA_GROUP,HIGH,Official Austrian company/group page states approximately or explicitly 30 employees.,https://www.steuerservice.at/kanzlei/,Official site employee statement around 30.,Official-site employee statement is sufficient for a 30+ lower bound.,SINGLE,,,,,,,,,,,,,,,,,,,,,,,,30_49,A_PRIORITY_30_200,https://www.steuerservice.at/kanzlei/,,
domain:gaedke.co.at,Gaedke & Partner Steuerberatung GmbH,gaedke.co.at,http://www.gaedke.co.at,klaus.gaedke@gaedke.co.at | wien@gaedke.co.at | graz@gaedke.co.at | hartberg@gaedke.co.at | leibnitz@gaedke.co.at,+43 316 32 79 41 0 | +43 316 32 79 41 2 | +43 676 8 455 68 15 | +43 316 327 941-0 | +43 3335 411 44 118 | +43 3452 72002 32 | +43 3452 72002 35,"Graz Gemeinde: Graz Bezirk Graz(Stadt) +43 316 32 79 41 0 +4 | Wien Gemeinde: Wien Wien 1.,Innere Stadt +43 676 8 455 68 15 | Werndorf Gemeinde: Werndorf Bezirk Graz-Umgebung +43 316 327 | Hartberg Gemeinde: Hartberg Bezirk Hartberg-Fürstenfeld +43 | Gralla Gemeinde: Gralla Bezirk Leibnitz +43 3452 72002 32 +4",3,5,5,Gaedke & Partner Steuerberatung GmbH | Gaedke Steuerberatung GmbH | Gaedke & Neukirchner Steuerberatung GmbH,https://ksw.or.at/mitgliederverzeichnis/?tx_kswmembers_membersdirectory%5Bcontroller%5D=MembersDirectory&tx_kswmembers_membersdirectory%5BcurrentPage%5D=463 | https://ksw.or.at/mitgliederverzeichnis/?tx_kswmembers_membersdirectory%5Bcontroller%5D=MembersDirectory&tx_kswmembers_membersdirectory%5BcurrentPage%5D=407 | https://ksw.or.at/mitgliederverzeichnis/?tx_kswmembers_membersdirectory%5Bcontroller%5D=MembersDirectory&tx_kswmembers_membersdirectory%5BcurrentPage%5D=63 | https://ksw.or.at/mitgliederverzeichnis/?tx_kswmembers_membersdirectory%5Bcontroller%5D=MembersDirectory&tx_kswmembers_membersdirectory%5BcurrentPage%5D=177 | https://ksw.or.at/mitgliederverzeichnis/?tx_kswmembers_membersdirectory%5Bcontroller%5D=MembersDirectory&tx_kswmembers_membersdirectory%5BcurrentPage%5D=214,1,CONFIRMED_30_PLUS,HIGH,45,45,official explicit employee count,45: er Übergabe – Ihnen allen bieten wir anspruchsvolle Beratungsleistungen. Branchenvielfalt Mehr als 45 Mitarbeiter betreuen Unternehmen und Institutionen jeder Rechtsform aus allen ,0,5,0,,,,https://gaedke.co.at/ | https://gaedke.co.at/unsere-standorte/ | https://gaedke.co.at/unternehmensnachfolge-betriebsaufgabe/ | https://gaedke.co.at/kfz-im-unternehmen/ | https://gaedke.co.at/unternehmensbewertung/ | https://gaedke.co.at/kauf-und-verkauf-von-unternehmen/ | https://gaedke.co.at/kmu-kleinere-und-mittlere-unternehmen/ | https://gaedke.co.at/grosse-unternehmen/,PRIOR_STAGE2_CANDIDATE;KSW_LISTINGS_3_PLUS;LOCATIONS_3_PLUS;LEGAL_ENTITIES_2_PLUS,VERIFY_PRIOR,CONFIRMED_30_PLUS,45,,AUSTRIA_GROUP,HIGH,Official Austrian company/group page states approximately or explicitly 45 employees.,https://gaedke.co.at/,Official site employee statement around 45.,Official-site employee statement is sufficient for a 30+ lower bound.,SINGLE,CONFIRMED_20_PLUS,Steuerberater Graz [Partner]; Werndorf Graz Leibnitz Hartberg [Partner]; Ihrer Seite [Partner]; Kundenportal Kontaktformular Karriere Weitere [Partner]; Service Center Download Presse [Partner]; Graz Elisabethstraße [Partner]; Graz Telefon [Partner]; Eine Übertragung [Management]; Ihre Ansprechpartner Mag [Partner]; StB Weitere Themen [Partner],,unresolved,Ownership/control layer was not safely established from public evidence; operational management is retained where verified.,UNRESOLVED,Berufe Freie Berufe Vermiete; Branchen Neugründer; Controlling Antworten,Management; Partner; Partner,MEDIUM_HIGH,https://gaedke.co.at/ | https://gaedke.co.at/ | https://gaedke.co.at/ | https://gaedke.co.at/ | https://gaedke.co.at/ | https://gaedke.co.at/ | https://gaedke.co.at/ | https://gaedke.co.at/unternehmensnachfolge-betriebsaufgabe/,No ownership was inferred from surname. Unknown share percentages remain null. For international/network firms the Austrian operational leadership is preferred over a global parent.,,central_fallback,20,,https://gaedke.co.at/,,generic_fallback,30,,https://gaedke.co.at/,26082026,graz@gaedke.co.at,30_49,A_PRIORITY_30_200,https://gaedke.co.at/,https://gaedke.co.at/ | https://gaedke.co.at/ | https://gaedke.co.at/ | https://gaedke.co.at/ | https://gaedke.co.at/ | https://gaedke.co.at/ | https://gaedke.co.at/ | https://gaedke.co.at/unternehmensnachfolge-betriebsaufgabe/,https://gaedke.co.at/ | https://gaedke.co.at/
domain:ghp.tax,GHP Steuerberatung GmbH,ghp.tax,http://www.ghp.tax,office@ghp.tax | m.hirschberger@kanzlei-geisler.at | c.aigner@kanzlei-geisler.at | k.larcher@hotmail.com,+43 5242 21 050 | +43 5242 21050 | +43 5242 210 50 | +43 5242 210 50 90,Schwaz Gemeinde: Schwaz Bezirk Schwaz +43 5242 21 050 office,1,1,1,GHP Steuerberatung GmbH,https://ksw.or.at/mitgliederverzeichnis/?tx_kswmembers_membersdirectory%5Bcontroller%5D=MembersDirectory&tx_kswmembers_membersdirectory%5BcurrentPage%5D=33,1,CONFIRMED_30_PLUS,HIGH,39,39,official team/profile lower bound,,0,39,0,,,,https://ghp.tax/ | https://ghp.tax/die-kanzlei/ | https://ghp.tax/unser-team/ | https://ghp.tax/2026/07/13/lohnsteuerfreie-mitarbeiterpraemie-2026/ | https://ghp.tax/2026/07/09/mehrwertsteuersenkung/,PRIOR_STAGE2_CANDIDATE;TEAM_EMAILS_10_PLUS,VERIFY_PRIOR,CONFIRMED_30_PLUS,38,,AUSTRIA_LEGAL_ENTITY,HIGH,Official site provides a direct staff lower bound of at least 38.,https://ghp.tax/,Official site exposes at least 38 distinct staff profiles/personal company-domain emails.,Staff-page lower bound alone proves 30+; no upper bound assumed.,SINGLE,CONFIRMED_20_PLUS,,,unresolved,Ownership/control layer was not safely established from public evidence; operational management is retained where verified.,UNRESOLVED,,,LOW,,No ownership was inferred from surname. Unknown share percentages remain null. For international/network firms the Austrian operational leadership is preferred over a global parent.,,,,,,,,,,,,,30_49,A_PRIORITY_30_200,https://ghp.tax/,,
domain:ginthoer.at,GIWO Steuerberatung GmbH,ginthoer.at,http://www.ginthoer.at,office@steuerservice.at | oliver.ginthoer@steuerservice.at | christoph.wolf@steuerservice.at | office@solina.company,+43 1 505 55 | +43 1 505 55 55 | +43 1 501 55 0 | +43 1 501 55 55 | +43 676 6490060 | +43 1 501 55,"Wien Gemeinde: Wien Wien 1.,Innere Stadt +43 1 505 55 +43 1 | Wien Gemeinde: Wien Wien 13.,Hietzing +43 1 501 55 +43 1 501",2,2,2,GIWO Steuerberatung GmbH | solina management & steuerberatungs gmbh,https://ksw.or.at/mitgliederverzeichnis/?tx_kswmembers_membersdirectory%5Bcontroller%5D=MembersDirectory&tx_kswmembers_membersdirectory%5BcurrentPage%5D=190,1,CONFIRMED_30_PLUS,HIGH,30,30,official explicit employee count,"30: . Die Kanzleigruppe mit Sitz in der Wiener Innenstadt ist eine renommierte Steuerberatungskanzlei mit mehr als 30 Jahren Erfahrung. Das engagierte Team von ca. 30 Mitarbeiterinnen  | 30: eine renommierte Steuerberatungskanzlei mit mehr als 30 Jahren Erfahrung. Das engagierte Team von ca. 30 Mitarbeiterinnen und Mitarbeitern bietet umfassende steuerliche Beratung un | 30: ommierte Steuerberatungskanzlei mit mehr als 30 Jahren Erfahrung. Das engagierte Team von ca. 30 Mitarbeiterinnen und Mitarbeitern bietet umfassende steuerliche Beratung und Unters | 30: ber die Stadtgrenzen hinaus Unternehmen und Privatpersonen betreut. Mit einem engagierten Team von rund 30 Experten bieten wir nicht nur umfassende steuerliche Beratung, sondern ma | 30: Die G & W Steuerberatungs GmbH, mit Sitz in Wien, zählt mit über 30 Jahren Erfahrung und mehr als 30 Mitarbeitern zu den etablierten Steuerberatungsgesellschaften in Österreich. Na",2,0,1,,,,https://www.steuerservice.at/ | https://www.steuerservice.at/kanzlei/ | https://www.steuerservice.at/kanzlei/team/ | https://www.steuerservice.at/kanzlei/ueber-uns/ | https://www.steuerservice.at/kanzlei/partner/ | https://www.steuerservice.at/kanzlei/ki-guidelines/ | https://www.steuerservice.at/kanzlei/nachhaltigkeit/ | https://www.steuerservice.at/leistungen/unternehmensberatung/,PRIOR_STAGE2_CANDIDATE;LEGAL_ENTITIES_2_PLUS,VERIFY_PRIOR,CONFIRMED_30_PLUS,30,,AUSTRIA_GROUP,HIGH,Official Austrian company/group page states approximately or explicitly 30 employees.,https://www.steuerservice.at/kanzlei/,Official site employee statement around 30.,Official-site employee statement is sufficient for a 30+ lower bound.,SINGLE,CONFIRMED_20_PLUS,Ihr Erfolg [Partner]; Fokussiertes Know-how [Partner]; Netzwerk Unt [Partner]; MED Management [Partner]; Zwei Schwerpunkte [Partner]; Erreichbarkeit Karlsplatz [Partner]; Wiener Ringstraße In [Partner]; Nähe Karlskirche [Partner]; Stellen Erfahrung [Management]; Steuerberatern Dr [Partner],Steuerberater Visitenkarte Mag (); Christoph Wolf (); Gerichtssachverständiger Visitenkarte Mag (); Ulrike Hofer Steuerberaterin (); Visitenkarte Mag (); Gruppenleiterin Mag (); Thomas Gritsch Bilanzbuchhalter (); Gruppenleiter Maria Hofer (); MSc Steuerberaterin (),Steuerberater Visitenkarte Mag; Christoph Wolf; Gerichtssachverständiger Visitenkarte Mag; Ulrike Hofer Steuerberaterin,"Public sources identify owner/shareholder names, but complete share percentages were not safely established.",PARTNER_OWNED,Steuerberater Visitenkarte Mag; Christoph Wolf,Owner/Gesellschafter; Owner/Gesellschafter,MEDIUM_HIGH,https://www.steuerservice.at/ | https://www.steuerservice.at/ | https://www.steuerservice.at/ | https://www.steuerservice.at/ | https://www.steuerservice.at/ | https://www.steuerservice.at/ | https://www.steuerservice.at/ | https://www.steuerservice.at/ | https://www.steuerservice.at/kanzlei/team/ | https://www.steuerservice.at/kanzlei/team/ | https://www.steuerservice.at/kanzlei/team/ | https://www.steuerservice.at/kanzlei/team/ | https://www.steuerservice.at/kanzlei/team/ | https://www.steuerservice.at/kanzlei/team/ | https://www.steuerservice.at/kanzlei/team/ | https://www.steuerservice.at/kanzlei/team/,No ownership was inferred from surname. Unknown share percentages remain null. For international/network firms the Austrian operational leadership is preferred over a global parent.,38662602,named_fixed_candidate,75,Christoph Wolf,https://www.steuerservice.at/impressum/,,,,,,,,30_49,A_PRIORITY_30_200,https://www.steuerservice.at/kanzlei/,https://www.steuerservice.at/ | https://www.steuerservice.at/ | https://www.steuerservice.at/ | https://www.steuerservice.at/ | https://www.steuerservice.at/ | https://www.steuerservice.at/ | https://www.steuerservice.at/ | https://www.steuerservice.at/ | https://www.steuerservice.at/kanzlei/team/ | https://www.steuerservice.at/kanzlei/team/ | https://www.steuerservice.at/kanzlei/team/ | https://www.steuerservice.at/kanzlei/team/ | https://www.steuerservice.at/kanzlei/team/ | https://www.steuerservice.at/kanzlei/team/ | https://www.steuerservice.at/kanzlei/team/ | https://www.steuerservice.at/kanzlei/team/,https://www.steuerservice.at/impressum/
domain:grosschedl-pusswald.at,Großschedl & Pußwald Wirtschaftstreuhand- und Steuerberatungs GmbH,grosschedl-pusswald.at,http://www.grosschedl-pusswald.at | http://www.kiendl-grosschedl.at,kanzlei@grosschedl-pusswald.at | s.pusswald@grosschedl-pusswald.at,+43 3172 31 51 0 | +43 3172 31 51 32 | +43 3172 31 51 14,Weiz Gemeinde: Weiz Bezirk Weiz +43 3172 31 51 0 +43 3172 31,1,1,1,Großschedl & Pußwald Wirtschaftstreuhand- und Steuerberatungs GmbH,https://ksw.or.at/mitgliederverzeichnis/?tx_kswmembers_membersdirectory%5Bcontroller%5D=MembersDirectory&tx_kswmembers_membersdirectory%5BcurrentPage%5D=274,1,CONFIRMED_30_PLUS,HIGH,30,30,official team/profile lower bound,,30,0,1,,,,https://www.grosschedl-pusswald.at/ | https://www.grosschedl-pusswald.at/at/kanzlei/ansprechpartner/index.html | https://www.grosschedl-pusswald.at/at/kanzlei/adresse_und_anfahrt/index.html | https://www.grosschedl-pusswald.at/at/kanzlei/kontakt/index.html | https://www.grosschedl-pusswald.at/at/kanzlei/karriere/index.html | https://www.grosschedl-pusswald.at/at/kanzlei/impressum/index.html | https://www.grosschedl-pusswald.at/at/leistungen/unternehmensgr%C3%BCndung/index.html,PRIOR_STAGE2_CANDIDATE;TEAM_PROFILES_10_PLUS,VERIFY_PRIOR,CONFIRMED_30_PLUS,30,,AUSTRIA_LEGAL_ENTITY,HIGH,Official site provides a direct staff lower bound of at least 30.,https://www.grosschedl-pusswald.at/,Official site exposes at least 30 distinct staff profiles/personal company-domain emails.,Staff-page lower bound alone proves 30+; no upper bound assumed.,SINGLE,CONFIRMED_20_PLUS,Leistungen Unternehmensgründung Buchhaltung Lohnverrechnung [Partner]; Bilanzierung Tools Online-Rechner Erinnerungsservice [Partner]; Aktuelles Steuernews [Management]; Newsletter Positionsanzeige Sie [Partner]; Sie Ihre [Partner]; Kontaktieren Sie [Partner]; Inhalt Mag [Partner]; Positionsanzeige Sie [Partner]; Ansprechpartner Ansprechpartner Hier [Partner]; Ansprechpartner Sämtliche Anfragen [Partner],,unresolved,Ownership/control layer was not safely established from public evidence; operational management is retained where verified.,UNRESOLVED,Aktuelles Steuernews; Ansprechpartner Ansprechpartner Hier; Ansprechpartner Sämtliche Anfragen,Management; Partner; Partner,MEDIUM_HIGH,https://www.grosschedl-pusswald.at/ | https://www.grosschedl-pusswald.at/ | https://www.grosschedl-pusswald.at/ | https://www.grosschedl-pusswald.at/at/kanzlei/ansprechpartner/index.html | https://www.grosschedl-pusswald.at/at/kanzlei/ansprechpartner/index.html | https://www.grosschedl-pusswald.at/at/kanzlei/ansprechpartner/index.html | https://www.grosschedl-pusswald.at/at/kanzlei/ansprechpartner/index.html | https://www.grosschedl-pusswald.at/at/kanzlei/ansprechpartner/index.html,No ownership was inferred from surname. Unknown share percentages remain null. For international/network firms the Austrian operational leadership is preferred over a global parent.,,central_context,28,Ansprechpartner Ansprechpartner Hier,https://www.grosschedl-pusswald.at/at/kanzlei/adresse_und_anfahrt/index.html | https://www.grosschedl-pusswald.at/at/kanzlei/ansprechpartner/index.html | https://www.grosschedl-pusswald.at/at/kanzlei/impressum/index.html | https://www.grosschedl-pusswald.at/at/kanzlei/kontakt/index.html,,,,,,,,30_49,A_PRIORITY_30_200,https://www.grosschedl-pusswald.at/,https://www.grosschedl-pusswald.at/ | https://www.grosschedl-pusswald.at/ | https://www.grosschedl-pusswald.at/ | https://www.grosschedl-pusswald.at/at/kanzlei/ansprechpartner/index.html | https://www.grosschedl-pusswald.at/at/kanzlei/ansprechpartner/index.html | https://www.grosschedl-pusswald.at/at/kanzlei/ansprechpartner/index.html | https://www.grosschedl-pusswald.at/at/kanzlei/ansprechpartner/index.html | https://www.grosschedl-pusswald.at/at/kanzlei/ansprechpartner/index.html,https://www.grosschedl-pusswald.at/at/kanzlei/adresse_und_anfahrt/index.html | https://www.grosschedl-pusswald.at/at/kanzlei/ansprechpartner/index.html | https://www.grosschedl-pusswald.at/at/kanzlei/impressum/index.html | https://www.grosschedl-pusswald.at/at/kanzlei/kontakt/index.html
domain:lafer-partner.at,GS Steuerberatung GmbH,lafer-partner.at,http://www.lafer-partner.at | https://www.lafer-partner.at | https://www.lafer-partner.at/,sifkovits@lafer-partner.at | kanzlei@lafer-partner.at | lafer@lafer-partner.at | hoedl@lafer-partner.at | schwarz@lafer-partner.at,+43 664 463 76 31 | +43 3112 4678 38 | +43 3112 4678 | +43 3112 46 78 | +43 3112 46 78 9 | +43 3112 46 78 0,Ludersdorf Gemeinde: Ludersdorf-Wilfersdorf Bezirk Weiz +43 | Gleisdorf Gemeinde: Gleisdorf Bezirk Weiz +43 3112 4678 kanz | Gleisdorf Gemeinde: Gleisdorf Bezirk Weiz +43 3112 46 78 +43 | Gleisdorf Gemeinde: Gleisdorf Bezirk Weiz +43 3112 46 78 hoe | Gleisdorf Gemeinde: Gleisdorf Bezirk Weiz +43 3112 46 78 sch,6,6,6,GS Steuerberatung GmbH | WMG Steuerberatung GmbH | L + P Steuerberatung GmbH | Metis Steuerberatung GmbH | Schwarz Steuerberatung GmbH | Lafer + Partner Wirtschaftstreuhand- und Steuerberatungs GmbH,https://ksw.or.at/mitgliederverzeichnis/?tx_kswmembers_membersdirectory%5Bcontroller%5D=MembersDirectory&tx_kswmembers_membersdirectory%5BcurrentPage%5D=74 | https://ksw.or.at/mitgliederverzeichnis/?tx_kswmembers_membersdirectory%5Bcontroller%5D=MembersDirectory&tx_kswmembers_membersdirectory%5BcurrentPage%5D=397 | https://ksw.or.at/mitgliederverzeichnis/?tx_kswmembers_membersdirectory%5Bcontroller%5D=MembersDirectory&tx_kswmembers_membersdirectory%5BcurrentPage%5D=45 | https://ksw.or.at/mitgliederverzeichnis/?tx_kswmembers_membersdirectory%5Bcontroller%5D=MembersDirectory&tx_kswmembers_membersdirectory%5BcurrentPage%5D=465 | https://ksw.or.at/mitgliederverzeichnis/?tx_kswmembers_membersdirectory%5Bcontroller%5D=MembersDirectory&tx_kswmembers_membersdirectory%5BcurrentPage%5D=501 | https://ksw.or.at/mitgliederverzeichnis/?tx_kswmembers_membersdirectory%5Bcontroller%5D=MembersDirectory&tx_kswmembers_membersdirectory%5BcurrentPage%5D=473,1,CONFIRMED_30_PLUS,HIGH,44,44,official team/profile lower bound,,0,44,1,,,,https://www.lafer-partner.at/ | https://www.lafer-partner.at/de/kanzlei/standort_gleisdorf/ | https://www.lafer-partner.at/de/kanzlei/standort_feldbach/ | https://www.lafer-partner.at/de/kanzlei/team_gleisdorf/ | https://www.lafer-partner.at/de/kanzlei/team_feldbach/ | https://www.lafer-partner.at/de/kanzlei/ansprechpartner_trust/ | https://www.lafer-partner.at/de/kanzlei/philosophie/ | https://www.lafer-partner.at/de/kanzlei/kontakt/,PRIOR_STAGE2_CANDIDATE;TEAM_EMAILS_10_PLUS;KSW_LISTINGS_3_PLUS;LOCATIONS_3_PLUS;LEGAL_ENTITIES_2_PLUS,VERIFY_PRIOR,CONFIRMED_30_PLUS,43,,AUSTRIA_GROUP,HIGH,Official site provides a direct staff lower bound of at least 43.,https://www.lafer-partner.at/,Official site exposes at least 43 distinct staff profiles/personal company-domain emails.,Staff-page lower bound alone proves 30+; no upper bound assumed.,SINGLE,CONFIRMED_20_PLUS,Steuerberater Gleisdorf [Partner]; Standort Feldbach Ansprechpartner Gleisdorf [Partner]; Ansprechpartner Feldbach Ansprechpartner Trust [Partner]; Lohnverrechnung Steuer [Partner]; Feldbach Ansprechpartner Gleisdorf Ansprechpartner [Partner]; Feldbach Ansprechpartner Trust Philosophie [Partner]; Unternehmensnachfolge Internationales [Management]; Unternehmensnachfolge Internationales Finanzstrafrecht Landwirts [Management]; Standort Gleisdorf Standort Feldbach [Partner]; Ansprechpartner Gleisdorf Ansprechpartner Feldbach [Partner],,unresolved,Ownership/control layer was not safely established from public evidence; operational management is retained where verified.,UNRESOLVED,Ansprechpartner Mag; Elisabeth Puntigam-Schauperl Firmensitz Unterweißenbach; Elisabeth Puntigam-Schauperl Steuerberaterin Partnerin,Geschäftsführer; Geschäftsführer; Geschäftsführer,MEDIUM_HIGH,https://www.lafer-partner.at/ | https://www.lafer-partner.at/ | https://www.lafer-partner.at/ | https://www.lafer-partner.at/ | https://www.lafer-partner.at/ | https://www.lafer-partner.at/ | https://www.lafer-partner.at/ | https://www.lafer-partner.at/,No ownership was inferred from surname. Unknown share percentages remain null. For international/network firms the Austrian operational leadership is preferred over a global parent.,,central_context,20,Ansprechpartner Mag,https://www.lafer-partner.at/de/kanzlei/standort_feldbach/,trust@scheipner-lafer.at,named_context_email,74,Ansprechpartner Mag,https://www.lafer-partner.at/de/kanzlei/ansprechpartner_trust/ | https://www.lafer-partner.at/de/kanzlei/standort_feldbach/,,,30_49,A_PRIORITY_30_200,https://www.lafer-partner.at/,https://www.lafer-partner.at/ | https://www.lafer-partner.at/ | https://www.lafer-partner.at/ | https://www.lafer-partner.at/ | https://www.lafer-partner.at/ | https://www.lafer-partner.at/ | https://www.lafer-partner.at/ | https://www.lafer-partner.at/,https://www.lafer-partner.at/de/kanzlei/standort_feldbach/ | https://www.lafer-partner.at/de/kanzlei/ansprechpartner_trust/ | https://www.lafer-partner.at/de/kanzlei/standort_feldbach/
domain:hauer-partner.at,Hauer & Partner Steuerberatung GmbH,hauer-partner.at,http://www.hauer-partner.at,mondsee@hauer-partner.at,+43 6232 68 68 | +43 6232 68 68 20 | +43 6232 68 68 15 | +43 664 120 68 54,Mondsee Gemeinde: Mondsee Bezirk Vöcklabruck +43 6232 68 68,1,1,1,Hauer & Partner Steuerberatung GmbH,https://ksw.or.at/mitgliederverzeichnis/?tx_kswmembers_membersdirectory%5Bcontroller%5D=MembersDirectory&tx_kswmembers_membersdirectory%5BcurrentPage%5D=358,1,CONFIRMED_30_PLUS,HIGH,31,31,official team/profile lower bound,,31,15,12,,,,https://www.hauer-partner.at/ | https://www.hauer-partner.at/ueber_uns/team/ | https://www.hauer-partner.at/ueber_uns/kanzlei_im_netz/ | https://www.hauer-partner.at/leistungen/unternehmensgruendung/ | https://www.hauer-partner.at/leistungen/unternehmensberatung/ | https://www.hauer-partner.at/leistungen/unternehmensnachfolge/ | https://www.hauer-partner.at/online_kanzlei/digitalisierung/ | https://www.hauer-partner.at/online_kanzlei/online_tools/,PRIOR_STAGE2_CANDIDATE;TEAM_PROFILES_10_PLUS;TEAM_EMAILS_10_PLUS;JOB_LINKS_3_PLUS,VERIFY_PRIOR,CONFIRMED_30_PLUS,31,,AUSTRIA_LEGAL_ENTITY,HIGH,Official site provides a direct staff lower bound of at least 31.,https://www.hauer-partner.at/,Official site exposes at least 31 distinct staff profiles/personal company-domain emails.,Staff-page lower bound alone proves 30+; no upper bound assumed.,SINGLE,CONFIRMED_20_PLUS,Netz Leistungen Unternehmensgründung Unternehmensberatung [Partner]; Jetzt Termin [Partner]; Inhalt Kompetent [Partner]; Erreichung Ihrer Ziele [Partner]; Ihnen Zeit [Management]; Lernen Sie [Partner]; Ihr Steuerberater [Management]; Mondsee Telefon [Partner]; Sind Sie [Management]; Thema Digitalisierung [Partner],,unresolved,Ownership/control layer was not safely established from public evidence; operational management is retained where verified.,UNRESOLVED,AT Telefon; Anfahrt Inhalt Adresse; Buchhaltung Inhalt Buchhaltung Rechnen,Partner; Partner; Partner,MEDIUM_HIGH,https://www.hauer-partner.at/ | https://www.hauer-partner.at/ | https://www.hauer-partner.at/ | https://www.hauer-partner.at/ | https://www.hauer-partner.at/ | https://www.hauer-partner.at/ | https://www.hauer-partner.at/ | https://www.hauer-partner.at/,No ownership was inferred from surname. Unknown share percentages remain null. For international/network firms the Austrian operational leadership is preferred over a global parent.,+436232686820,named_fixed_candidate,83,AT Telefon,https://www.hauer-partner.at/ | https://www.hauer-partner.at/impressum | https://www.hauer-partner.at/leistungen/buchhaltung/ | https://www.hauer-partner.at/leistungen/finanzstrafrecht/ | https://www.hauer-partner.at/leistungen/lohnverrechnung/ | https://www.hauer-partner.at/leistungen/spezialthemen/ | https://www.hauer-partner.at/leistungen/steuerberatung/ | https://www.hauer-partner.at/leistungen/unternehmensberatung/ | https://www.hauer-partner.at/leistungen/unternehmensgruendung/ | https://www.hauer-partner.at/leistungen/unternehmensnachfolge/ | https://www.hauer-partner.at/news/gastronews/ | https://www.hauer-partner.at/news/klientennews/ | https://www.hauer-partner.at/news/newsletter_anmeldung/ | https://www.hauer-partner.at/online_kanzlei/digitalisierung/ | https://www.hauer-partner.at/online_kanzlei/erinnerungsservice/ | https://www.hauer-partner.at/online_kanzlei/nuetzliche_links/ | https://www.hauer-partner.at/online_kanzlei/online_tools/ | https://www.hauer-partner.at/ueber_uns/adresse_und_anfahrt/ | https://www.hauer-partner.at/ueber_uns/kanzlei_im_netz/ | https://www.hauer-partner.at/ueber_uns/kontaktformular/ | https://www.hauer-partner.at/ueber_uns/team/ | https://www.hauer-partner.at/ueber_uns/terminvereinbarung/,mondsee@hauer-partner.at,named_context_email,78,AT Telefon,https://www.hauer-partner.at/ | https://www.hauer-partner.at/impressum | https://www.hauer-partner.at/leistungen/buchhaltung/ | https://www.hauer-partner.at/leistungen/finanzstrafrecht/ | https://www.hauer-partner.at/leistungen/lohnverrechnung/ | https://www.hauer-partner.at/leistungen/spezialthemen/ | https://www.hauer-partner.at/leistungen/steuerberatung/ | https://www.hauer-partner.at/leistungen/unternehmensberatung/ | https://www.hauer-partner.at/leistungen/unternehmensgruendung/ | https://www.hauer-partner.at/leistungen/unternehmensnachfolge/ | https://www.hauer-partner.at/news/gastronews/ | https://www.hauer-partner.at/news/klientennews/ | https://www.hauer-partner.at/news/newsletter_anmeldung/ | https://www.hauer-partner.at/online_kanzlei/digitalisierung/ | https://www.hauer-partner.at/online_kanzlei/erinnerungsservice/ | https://www.hauer-partner.at/online_kanzlei/nuetzliche_links/ | https://www.hauer-partner.at/online_kanzlei/online_tools/ | https://www.hauer-partner.at/ueber_uns/adresse_und_anfahrt/ | https://www.hauer-partner.at/ueber_uns/kanzlei_im_netz/ | https://www.hauer-partner.at/ueber_uns/kontaktformular/ | https://www.hauer-partner.at/ueber_uns/team/ | https://www.hauer-partner.at/ueber_uns/terminvereinbarung/,,,30_49,A_PRIORITY_30_200,https://www.hauer-partner.at/,https://www.hauer-partner.at/ | https://www.hauer-partner.at/ | https://www.hauer-partner.at/ | https://www.hauer-partner.at/ | https://www.hauer-partner.at/ | https://www.hauer-partner.at/ | https://www.hauer-partner.at/ | https://www.hauer-partner.at/,https://www.hauer-partner.at/ | https://www.hauer-partner.at/impressum | https://www.hauer-partner.at/leistungen/buchhaltung/ | https://www.hauer-partner.at/leistungen/finanzstrafrecht/ | https://www.hauer-partner.at/leistungen/lohnverrechnung/ | https://www.hauer-partner.at/leistungen/spezialthemen/ | https://www.hauer-partner.at/leistungen/steuerberatung/ | https://www.hauer-partner.at/leistungen/unternehmensberatung/ | https://www.hauer-partner.at/leistungen/unternehmensgruendung/ | https://www.hauer-partner.at/leistungen/unternehmensnachfolge/ | https://www.hauer-partner.at/news/gastronews/ | https://www.hauer-partner.at/news/klientennews/ | https://www.hauer-partner.at/news/newsletter_anmeldung/ | https://www.hauer-partner.at/online_kanzlei/digitalisierung/ | https://www.hauer-partner.at/online_kanzlei/erinnerungsservice/ | https://www.hauer-partner.at/online_kanzlei/nuetzliche_links/ | https://www.hauer-partner.at/online_kanzlei/online_tools/ | https://www.hauer-partner.at/ueber_uns/adresse_und_anfahrt/ | https://www.hauer-partner.at/ueber_uns/kanzlei_im_netz/ | https://www.hauer-partner.at/ueber_uns/kontaktformular/ | https://www.hauer-partner.at/ueber_uns/team/ | https://www.hauer-partner.at/ueber_uns/terminvereinbarung/ | https://www.hauer-partner.at/ | https://www.hauer-partner.at/impressum | https://www.hauer-partner.at/leistungen/buchhaltung/ | https://www.hauer-partner.at/leistungen/finanzstrafrecht/ | https://www.hauer-partner.at/leistungen/lohnverrechnung/ | https://www.hauer-partner.at/leistungen/spezialthemen/ | https://www.hauer-partner.at/leistungen/steuerberatung/ | https://www.hauer-partner.at/leistungen/unternehmensberatung/ | https://www.hauer-partner.at/leistungen/unternehmensgruendung/ | https://www.hauer-partner.at/leistungen/unternehmensnachfolge/ | https://www.hauer-partner.at/news/gastronews/ | https://www.hauer-partner.at/news/klientennews/ | https://www.hauer-partner.at/news/newsletter_anmeldung/ | https://www.hauer-partner.at/online_kanzlei/digitalisierung/ | https://www.hauer-partner.at/online_kanzlei/erinnerungsservice/ | https://www.hauer-partner.at/online_kanzlei/nuetzliche_links/ | https://www.hauer-partner.at/online_kanzlei/online_tools/ | https://www.hauer-partner.at/ueber_uns/adresse_und_anfahrt/ | https://www.hauer-partner.at/ueber_uns/kanzlei_im_netz/ | https://www.hauer-partner.at/ueber_uns/kontaktformular/ | https://www.hauer-partner.at/ueber_uns/team/ | https://www.hauer-partner.at/ueber_uns/terminvereinbarung/
domain:hlb-vorarlberg.com,HLB Vorarlberg GmbH Steuerberatung und Wirtschaftsprüfung,hlb-vorarlberg.com,http://www.hlb-vorarlberg.com,office@hlb-vorarlberg.com | stefan.werle@chello.at | daniela.gantner@hlb-vorarlberg.com | sebastian.fritz@hlb-vorarlberg.com,+43 5522 394 40 | +43 5522 394 40 33 | +43 5572 408457 | +43 664 197 40 41,Feldkirch Gemeinde: Feldkirch Bezirk Feldkirch +43 5522 394,1,1,1,HLB Vorarlberg GmbH Steuerberatung und Wirtschaftsprüfung,https://ksw.or.at/mitgliederverzeichnis/?tx_kswmembers_membersdirectory%5Bcontroller%5D=MembersDirectory&tx_kswmembers_membersdirectory%5BcurrentPage%5D=388,1,CONFIRMED_30_PLUS,HIGH,40,40,official explicit employee count,40: und renommiertesten Wirtschaftsprüfungs- und Steuerberatungsgesellschaften in Vorarlberg. Wir beschäftigen derzeit rund 40 MitarbeiterInnen an unseren Standorten in Feldkirch und D | 40: chaftsprüfungs- und Steuerberatungsgesellschaften in Vorarlberg. Wir beschäftigen derzeit rund 40 MitarbeiterInnen an unseren Standorten in Feldkirch und Dornbirn. Zur HLB Vorarlbe,1,33,8,,,,https://hlb-vorarlberg.com/ | https://hlb-vorarlberg.com/kanzlei/ | https://hlb-vorarlberg.com/team/ | https://hlb-vorarlberg.com/standort/ | https://hlb-vorarlberg.com/internationales-hlb-netzwerk/ | https://hlb-vorarlberg.com/karriereleiter/ | https://hlb-vorarlberg.com/karrierechancen/ | https://hlb-vorarlberg.com/mitarbeiterstimmen/,PRIOR_STAGE2_CANDIDATE;TEAM_EMAILS_10_PLUS;JOB_LINKS_3_PLUS,VERIFY_PRIOR,CONFIRMED_30_PLUS,40,,AUSTRIA_LEGAL_ENTITY,HIGH,Official Austrian company/group page states approximately or explicitly 40 employees.,https://hlb-vorarlberg.com/kanzlei/,Official site employee statement around 40.,Official-site employee statement is sufficient for a 30+ lower bound.,SINGLE,CONFIRMED_20_PLUS,Profitieren Sie [Partner]; Als Mitglied [Partner]; HLB International [Partner]; Arbeitsrecht Senior SteuerberaterIn WirtschaftsprüferIn [Partner]; Sie Ihr [Management]; BDO Netzwerkes [Partner]; Kurt Schreiber [Partner]; Martin Bauer [Partner]; Stefan Werle [Partner]; Co Wirtschaftsprüfungs [Management],Stb Mag (); Christoph Reiter (); WP Sophia Werle (); MSc Stb Edwin Alibabic (); MSc Gesellschafter (); Rechte Dritter (); Verwendete Grafiken (); Business Plan Erstellung (),Stb Mag; Christoph Reiter; WP Sophia Werle; MSc Stb Edwin Alibabic,"Public sources identify owner/shareholder names, but complete share percentages were not safely established.",PARTNER_OWNED,Stb Mag; Christoph Reiter,Owner/Gesellschafter; Owner/Gesellschafter,MEDIUM_HIGH,https://hlb-vorarlberg.com/ | https://hlb-vorarlberg.com/ | https://hlb-vorarlberg.com/ | https://hlb-vorarlberg.com/ | https://hlb-vorarlberg.com/ | https://hlb-vorarlberg.com/kanzlei/ | https://hlb-vorarlberg.com/kanzlei/ | https://hlb-vorarlberg.com/kanzlei/ | https://hlb-vorarlberg.com/impressum/ | https://hlb-vorarlberg.com/impressum/ | https://hlb-vorarlberg.com/impressum/ | https://hlb-vorarlberg.com/impressum/ | https://hlb-vorarlberg.com/impressum/ | https://hlb-vorarlberg.com/impressum/ | https://hlb-vorarlberg.com/impressum/ | https://hlb-vorarlberg.com/corporate-finance-leistungen/,No ownership was inferred from surname. Unknown share percentages remain null. For international/network firms the Austrian operational leadership is preferred over a global parent.,,central_fallback,20,,https://hlb-vorarlberg.com/,christoph.reiter@hlb-vorarlberg.com,personal_verified_email,94,Christoph Reiter,https://hlb-vorarlberg.com/steuerberatung/ | https://hlb-vorarlberg.com/team/,+43552239440,,30_49,A_PRIORITY_30_200,https://hlb-vorarlberg.com/kanzlei/,https://hlb-vorarlberg.com/ | https://hlb-vorarlberg.com/ | https://hlb-vorarlberg.com/ | https://hlb-vorarlberg.com/ | https://hlb-vorarlberg.com/ | https://hlb-vorarlberg.com/kanzlei/ | https://hlb-vorarlberg.com/kanzlei/ | https://hlb-vorarlberg.com/kanzlei/ | https://hlb-vorarlberg.com/impressum/ | https://hlb-vorarlberg.com/impressum/ | https://hlb-vorarlberg.com/impressum/ | https://hlb-vorarlberg.com/impressum/ | https://hlb-vorarlberg.com/impressum/ | https://hlb-vorarlberg.com/impressum/ | https://hlb-vorarlberg.com/impressum/ | https://hlb-vorarlberg.com/corporate-finance-leistungen/,https://hlb-vorarlberg.com/ | https://hlb-vorarlberg.com/steuerberatung/ | https://hlb-vorarlberg.com/team/
domain:ludwig-partner.at,HUF Steuerberatungs- und Wirtschaftsprüfungs GmbH,ludwig-partner.at,http://www.ludwig-partner.at,feng.hu@gmx.at | fengxue.hu@ludwig-partner.at | christian.ludwig@ludwig-partner.at | julian.fuchs@ludwig-partner.at,+43 664 885 32 433 | +43 1 531 45 | +43 1 531 45 500 | +43 664 418 25 22,"Wien Gemeinde: Wien Wien 19.,Döbling +43 664 885 32 433 feng | Wien Gemeinde: Wien Wien 1.,Innere Stadt +43 1 531 45 +43 1",2,2,2,HUF Steuerberatungs- und Wirtschaftsprüfungs GmbH | Ludwig & Partner Wirtschaftsprüfungs- und Steuerberatungs GmbH,https://ksw.or.at/mitgliederverzeichnis/?tx_kswmembers_membersdirectory%5Bcontroller%5D=MembersDirectory&tx_kswmembers_membersdirectory%5BcurrentPage%5D=406 | https://ksw.or.at/mitgliederverzeichnis/?tx_kswmembers_membersdirectory%5Bcontroller%5D=MembersDirectory&tx_kswmembers_membersdirectory%5BcurrentPage%5D=136,1,CONFIRMED_30_PLUS,HIGH,40,40,official explicit employee count,"40: sowie der Durchsetzung steuerlicher Strukturen etabliert. Unser Team besteht aktuell aus etwa 40 Mitarbeitern, davon rund 10 Steuerberater. Ein Großteil unserer Mitarbeiter bringt ",1,0,6,,,,https://www.ludwig-partner.at/de/ | https://www.ludwig-partner.at/de/team | https://www.ludwig-partner.at/de/karriere | https://www.bing.com/ck/a?!&&p=cb59d0c17f323edbacc11cc2896da9a64d9a9ea51e318815efb7888509c9b20dJmltdHM9MTc4ODA0ODAwMA&ptn=3&ver=2&hsh=4&fclid=139db7db-8848-6084-2607-a01e89ab6102&u=a1aHR0cHM6Ly9lbi5tLndpa2lwZWRpYS5vcmcvd2lraS9IVUY&ntb=1 | https://www.bing.com/ck/a?!&&p=fb7149d77a8724bf43d2202f5cf25631de16e505915e09234a2bb75bee89f183JmltdHM9MTc4ODA0ODAwMA&ptn=3&ver=2&hsh=4&fclid=203b8c29-d412-6b56-2e24-9becd5d06ad2&u=a1aHR0cHM6Ly9lbi5tLndpa2lwZWRpYS5vcmcvd2lraS9IVUY&ntb=1 | https://www.bing.com/ck/a?!&&p=57b8f31a9204cc85b193419ccffb2e19e15273f9ea5423d77a2c0cca5072a4f5JmltdHM9MTc4ODA0ODAwMA&ptn=3&ver=2&hsh=4&fclid=1836bd40-4b75-6cd4-3b6b-aa854a316d39&u=a1aHR0cHM6Ly9lbi5tLndpa2lwZWRpYS5vcmcvd2lraS9IVUY&ntb=1,PRIOR_STAGE2_CANDIDATE;JOB_LINKS_3_PLUS;LEGAL_ENTITIES_2_PLUS,VERIFY_PRIOR,CONFIRMED_30_PLUS,40,,AUSTRIA_GROUP,HIGH,Official Austrian company/group page states approximately or explicitly 40 employees.,https://www.ludwig-partner.at/de/,Official site employee statement around 40.,Official-site employee statement is sufficient for a 30+ lower bound.,SINGLE,CONFIRMED_20_PLUS,StB Dr Christian Ludwig [Geschäftsführer]; StB Mag Karoline Steurer [Geschäftsführer]; StB Fengxue HU [Geschäftsführer]; StB Mag Bernhard Riedl [Geschäftsführer]; StB Mag Johanna Eleonore [Geschäftsführer]; Handelsgericht Wi [Management]; Ein Großteil [Management]; PUBLIKATIONEN Österreichische Privatstiftung [Partner]; Eingang Wallner [Geschäftsführer]; Eingang Wallnerstraße [Geschäftsführer],Sicht Ludwig (),Sicht Ludwig,"Public sources identify owner/shareholder names, but complete share percentages were not safely established.",PARTNER_OWNED,Sicht Ludwig,Owner/Gesellschafter,MEDIUM_HIGH,https://www.ludwig-partner.at/de/ | https://www.ludwig-partner.at/de/ | https://www.ludwig-partner.at/de/ | https://www.ludwig-partner.at/de/ | https://www.ludwig-partner.at/de/ | https://www.ludwig-partner.at/de/ | https://www.ludwig-partner.at/de/ | https://www.ludwig-partner.at/de/ | https://www.ludwig-partner.at/de/publikationen,No ownership was inferred from surname. Unknown share percentages remain null. For international/network firms the Austrian operational leadership is preferred over a global parent.,+43153145,named_fixed_candidate,83,Sicht Ludwig,https://www.ludwig-partner.at/de/impressum | https://www.ludwig-partner.at/en/ | https://www.ludwig-partner.at/en/contact | https://www.ludwig-partner.at/en/impressum,,,,,,,,30_49,A_PRIORITY_30_200,https://www.ludwig-partner.at/de/,https://www.ludwig-partner.at/de/ | https://www.ludwig-partner.at/de/ | https://www.ludwig-partner.at/de/ | https://www.ludwig-partner.at/de/ | https://www.ludwig-partner.at/de/ | https://www.ludwig-partner.at/de/ | https://www.ludwig-partner.at/de/ | https://www.ludwig-partner.at/de/ | https://www.ludwig-partner.at/de/publikationen,https://www.ludwig-partner.at/de/impressum | https://www.ludwig-partner.at/en/ | https://www.ludwig-partner.at/en/contact | https://www.ludwig-partner.at/en/impressum
domain:kt.co.at,Kapelari & Tschiderer GmbH Wirtschaftsprüfung und Steuerberatung,kt.co.at,http://www.kt.co.at,office@kt.co.at | georg.kapelari@kt.co.at | felix.tschiderer@kt.co.at | georg.kapelari@kapelari.at,+43 512 57 31 26 | +43 512 57 31 26 4 | +43 664 357 98 59,Wilten Gemeinde: Innsbruck Bezirk Innsbruck-Stadt +43 512 57,3,3,3,"Kapelari & Tschiderer GmbH Wirtschaftsprüfung und Steuerberatung | Kapelari Steuerberatung GmbH, Steuerberatung und Wirtschaftsprüfung | Kapelari & Tschiderer GmbH & Co KG Wirtschaftsprüfung und Steuerberatung",https://ksw.or.at/mitgliederverzeichnis/?tx_kswmembers_membersdirectory%5Bcontroller%5D=MembersDirectory&tx_kswmembers_membersdirectory%5BcurrentPage%5D=152 | https://ksw.or.at/mitgliederverzeichnis/?tx_kswmembers_membersdirectory%5Bcontroller%5D=MembersDirectory&tx_kswmembers_membersdirectory%5BcurrentPage%5D=450 | https://ksw.or.at/mitgliederverzeichnis/?tx_kswmembers_membersdirectory%5Bcontroller%5D=MembersDirectory&tx_kswmembers_membersdirectory%5BcurrentPage%5D=377,1,CONFIRMED_30_PLUS,HIGH,37,37,official team/profile lower bound,,37,1,3,,,,https://www.kt.co.at/ | https://www.kt.co.at/unternehmen/grundsaetze/ | https://www.kt.co.at/unternehmen/team/ | https://www.kt.co.at/unternehmen/innsbruck/ | https://www.kt.co.at/unternehmen/kontaktformular/ | https://www.kt.co.at/karriere/,PRIOR_STAGE2_CANDIDATE;TEAM_PROFILES_10_PLUS;JOB_LINKS_3_PLUS;KSW_LISTINGS_3_PLUS;LOCATIONS_3_PLUS;LEGAL_ENTITIES_2_PLUS,VERIFY_PRIOR,CONFIRMED_30_PLUS,37,,AUSTRIA_GROUP,HIGH,Official site provides a direct staff lower bound of at least 37.,https://www.kt.co.at/,Official site exposes at least 37 distinct staff profiles/personal company-domain emails.,Staff-page lower bound alone proves 30+; no upper bound assumed.,SINGLE,CONFIRMED_20_PLUS,Inhalt Als [Partner]; Ihrer Seite [Partner]; Sie Wesentliche [Partner]; Steuerberater E-Mail [Partner],Geschäftsführender Gesellschafter MMag (); Steuerberater Mag (); Steuerberater Rechtsform Kommanditgesellschaft (); Firmenbuch-Gericht Landesgericht (),Geschäftsführender Gesellschafter MMag; Steuerberater Mag; Steuerberater Rechtsform Kommanditgesellschaft; Firmenbuch-Gericht Landesgericht,"Public sources identify owner/shareholder names, but complete share percentages were not safely established.",PARTNER_OWNED,Geschäftsführender Gesellschafter MMag; Steuerberater Mag,Owner/Gesellschafter; Owner/Gesellschafter,MEDIUM_HIGH,https://www.kt.co.at/ | https://www.kt.co.at/ | https://www.kt.co.at/ | https://www.kt.co.at/unternehmen/team/ | https://www.kt.co.at/impressum/ | https://www.kt.co.at/impressum/ | https://www.kt.co.at/impressum/ | https://www.kt.co.at/impressum/,No ownership was inferred from surname. Unknown share percentages remain null. For international/network firms the Austrian operational leadership is preferred over a global parent.,,,,,,,,,,,,,30_49,A_PRIORITY_30_200,https://www.kt.co.at/,https://www.kt.co.at/ | https://www.kt.co.at/ | https://www.kt.co.at/ | https://www.kt.co.at/unternehmen/team/ | https://www.kt.co.at/impressum/ | https://www.kt.co.at/impressum/ | https://www.kt.co.at/impressum/ | https://www.kt.co.at/impressum/,
domain:steuerplusrecht.at,KRIECHBAUM & SCHÖBL Steuerberatung GmbH,steuerplusrecht.at,http://www.steuerplusrecht.at | http://www.taxakt.at | http://www.priklopil.at,schoebl@kriechbaum-steuer.at | florian.schoebl@ks-stb.at | office@kriechbaum-steuer.at | office@taxakt.at | rech.tax@aon.at | kunz@kriechbaum-steuer.at | birgit.priklopil@gmail.com,+43 1 865 21 21 22 | +43 1 865 21 21 33 | +43 1 865 21 21 0 | +43 676 431 33 36 | +43 660 653 84 87 | +43 699 1 219 54 54 | +43 1 865 21 21 90 | +43 680 503 95 47 | +43 2172 200 85,"Wien Gemeinde: Wien Wien 23.,Liesing +43 1 865 21 21 22 +43 | Wien Gemeinde: Wien Wien 23.,Liesing +43 1 865 21 21 0 +43 1",6,6,6,KRIECHBAUM & SCHÖBL Steuerberatung GmbH | Dr. Kriechbaum Steuer- und Wirtschaftsberatung GmbH | steuerplusrecht Steuer- und Wirtschaftsberatung GmbH | WTRH Dr. Kriechbaum Buchführung und Steuerberatung GmbH | gkr Wirtschaft-Steuer-Recht Steuerberatungsgesellschaft mbH | Wirtschaftstreuhandkanzlei DR. GÜNTHER KRIECHBAUM Steuerberatung GmbH,https://ksw.or.at/mitgliederverzeichnis/?tx_kswmembers_membersdirectory%5Bcontroller%5D=MembersDirectory&tx_kswmembers_membersdirectory%5BcurrentPage%5D=320 | https://ksw.or.at/mitgliederverzeichnis/?tx_kswmembers_membersdirectory%5Bcontroller%5D=MembersDirectory&tx_kswmembers_membersdirectory%5BcurrentPage%5D=385 | https://ksw.or.at/mitgliederverzeichnis/?tx_kswmembers_membersdirectory%5Bcontroller%5D=MembersDirectory&tx_kswmembers_membersdirectory%5BcurrentPage%5D=128 | https://ksw.or.at/mitgliederverzeichnis/?tx_kswmembers_membersdirectory%5Bcontroller%5D=MembersDirectory&tx_kswmembers_membersdirectory%5BcurrentPage%5D=373 | https://ksw.or.at/mitgliederverzeichnis/?tx_kswmembers_membersdirectory%5Bcontroller%5D=MembersDirectory&tx_kswmembers_membersdirectory%5BcurrentPage%5D=459 | https://ksw.or.at/mitgliederverzeichnis/?tx_kswmembers_membersdirectory%5Bcontroller%5D=MembersDirectory&tx_kswmembers_membersdirectory%5BcurrentPage%5D=259,1,CONFIRMED_30_PLUS,HIGH,30,30,official explicit employee count,30: n-Liesing eröffnet. Als Ein-Mann-Betrieb damals gegründet haben die Steuerkanzleien heute rund 30 Mitarbeiter und Kooperationspartner . So können kompetent alle wichtigen Bereiche ,0,0,0,,,,https://www.steuerplusrecht.at/ | https://www.steuerplusrecht.at/steuerkanzlei_wien/ | https://www.steuerplusrecht.at/kanzlei/adresse_anfahrt/ | https://www.steuerplusrecht.at/kanzlei/ansprechpartner/ | https://www.steuerplusrecht.at/kanzlei/geschichte/ | https://www.steuerplusrecht.at/servicecenter/steuerberatung_unternehmensgruendung/ | https://www.steuerplusrecht.at/servicecenter/info_links/,PRIOR_STAGE2_CANDIDATE;KSW_LISTINGS_3_PLUS;LOCATIONS_3_PLUS;LEGAL_ENTITIES_2_PLUS,VERIFY_PRIOR,CONFIRMED_30_PLUS,30,,AUSTRIA_GROUP,HIGH,Official Austrian company/group page states approximately or explicitly 30 employees.,https://www.steuerplusrecht.at/kanzlei/geschichte/,Official site employee statement around 30.,Official-site employee statement is sufficient for a 30+ lower bound.,SINGLE,CONFIRMED_20_PLUS,Sicherheit Ganzheitliche Betreuung [Partner]; Online-Rechner Profitieren Sie [Partner]; Ihre Berechnung [Partner]; Links Eine [Partner]; Wirtschaftstreuhandkanzlei DR [Partner]; Wirtschaft-Steuer-Recht Steuerberatungsgesellschaft [Geschäftsführung]; Fritz Rech Dr [Geschäftsführung]; Datenschutzerklärung Dr [Geschäftsführung]; Datenschutzerklärung WTRH Dr [Geschäftsführung]; Gabriele Kunz Dr [Geschäftsführung],,unresolved,Ownership/control layer was not safely established from public evidence; operational management is retained where verified.,UNRESOLVED,Datenschutzerklärung Dr; Datenschutzerklärung WTRH Dr; Firmensitz Lehmanngasse,Geschäftsführung; Geschäftsführung; Geschäftsführer,MEDIUM_HIGH,https://www.steuerplusrecht.at/ | https://www.steuerplusrecht.at/ | https://www.steuerplusrecht.at/ | https://www.steuerplusrecht.at/ | https://www.steuerplusrecht.at/ | https://www.steuerplusrecht.at/steuerkanzlei_wien/ | https://www.steuerplusrecht.at/steuerkanzlei_wien/ | https://www.steuerplusrecht.at/steuerkanzlei_wien/,No ownership was inferred from surname. Unknown share percentages remain null. For international/network firms the Austrian operational leadership is preferred over a global parent.,+43186521210,central_context,103,Firmensitz Lehmanngasse,https://www.steuerplusrecht.at/aktuelles/steuernews_aerzte/ | https://www.steuerplusrecht.at/aktuelles/steuernews_arbeitnehmer/ | https://www.steuerplusrecht.at/aktuelles/steuernews_klienten/ | https://www.steuerplusrecht.at/aktuelles/steuernews_klienten/august_2026/muss_probearbeit_angemeldet_werden_/ | https://www.steuerplusrecht.at/aktuelles/steuernews_klienten/september_2026/digitalisierungsfoerderung_fuer_kmu/ | https://www.steuerplusrecht.at/aktuelles/steuernews_klienten/september_2026/eu_entgelttransparenzrichtlinie_neue_verpflichtungen_fuer_arbeitgeber/ | https://www.steuerplusrecht.at/aktuelles/steuernews_klienten/september_2026/sachbezug_kuenftig_auch_fuer_elektroautos/ | https://www.steuerplusrecht.at/aktuelles/steuernews_klienten/september_2026/umfassende_aenderungen_im_doppelbesteuerungsabkommen_mit_der_schweiz/ | https://www.steuerplusrecht.at/aktuelles/steuernews_klienten/september_2026/welche_zahlungen_unterliegen_der_abzugsteuer_/ | https://www.steuerplusrecht.at/aktuelles/steuernews_klienten/september_2026/welcher_einkunftsart_unterliegt_die_kurzfristige_touristische_vermietung_/ | https://www.steuerplusrecht.at/aktuelles/steuernews_klienten/september_2026/zeitpunkt_der_gebaeudeabschreibung_bei_einer_vermietung_und_verpachtung_nach_generalsanierung/ | https://www.steuerplusrecht.at/aktuelles/steuernews_vermieter/ | https://www.steuerplusrecht.at/kanzlei/adresse_anfahrt/ | https://www.steuerplusrecht.at/kanzlei/geschichte/ | https://www.steuerplusrecht.at/servicecenter/info_links/ | https://www.steuerplusrecht.at/servicecenter/steuerberatung_unternehmensgruendung/ | https://www.steuerplusrecht.at/steuerkanzlei_wien/,,,,,,,,30_49,A_PRIORITY_30_200,https://www.steuerplusrecht.at/kanzlei/geschichte/,https://www.steuerplusrecht.at/ | https://www.steuerplusrecht.at/ | https://www.steuerplusrecht.at/ | https://www.steuerplusrecht.at/ | https://www.steuerplusrecht.at/ | https://www.steuerplusrecht.at/steuerkanzlei_wien/ | https://www.steuerplusrecht.at/steuerkanzlei_wien/ | https://www.steuerplusrecht.at/steuerkanzlei_wien/,https://www.steuerplusrecht.at/aktuelles/steuernews_aerzte/ | https://www.steuerplusrecht.at/aktuelles/steuernews_arbeitnehmer/ | https://www.steuerplusrecht.at/aktuelles/steuernews_klienten/ | https://www.steuerplusrecht.at/aktuelles/steuernews_klienten/august_2026/muss_probearbeit_angemeldet_werden_/ | https://www.steuerplusrecht.at/aktuelles/steuernews_klienten/september_2026/digitalisierungsfoerderung_fuer_kmu/ | https://www.steuerplusrecht.at/aktuelles/steuernews_klienten/september_2026/eu_entgelttransparenzrichtlinie_neue_verpflichtungen_fuer_arbeitgeber/ | https://www.steuerplusrecht.at/aktuelles/steuernews_klienten/september_2026/sachbezug_kuenftig_auch_fuer_elektroautos/ | https://www.steuerplusrecht.at/aktuelles/steuernews_klienten/september_2026/umfassende_aenderungen_im_doppelbesteuerungsabkommen_mit_der_schweiz/ | https://www.steuerplusrecht.at/aktuelles/steuernews_klienten/september_2026/welche_zahlungen_unterliegen_der_abzugsteuer_/ | https://www.steuerplusrecht.at/aktuelles/steuernews_klienten/september_2026/welcher_einkunftsart_unterliegt_die_kurzfristige_touristische_vermietung_/ | https://www.steuerplusrecht.at/aktuelles/steuernews_klienten/september_2026/zeitpunkt_der_gebaeudeabschreibung_bei_einer_vermietung_und_verpachtung_nach_generalsanierung/ | https://www.steuerplusrecht.at/aktuelles/steuernews_vermieter/ | https://www.steuerplusrecht.at/kanzlei/adresse_anfahrt/ | https://www.steuerplusrecht.at/kanzlei/geschichte/ | https://www.steuerplusrecht.at/servicecenter/info_links/ | https://www.steuerplusrecht.at/servicecenter/steuerberatung_unternehmensgruendung/ | https://www.steuerplusrecht.at/steuerkanzlei_wien/
domain:l2-steuerberatung.at,L-Quadrat Steuerberatungs GmbH,l2-steuerberatung.at,http://www.l2-steuerberatung.at,office@l2-steuerberatung.at | lukas@blaha-beratung.at | lukas.schwarzer@gmx.at,+43 699 192 13 104 | +43 660 75 88 932 | +43 1 99 74 364,"Wien Gemeinde: Wien Wien 1.,Innere Stadt +43 699 192 13 104 | Wolkersdorf im Weinviertel Gemeinde: Wolkersdorf im Weinvier",1,2,2,L-Quadrat Steuerberatungs GmbH,https://ksw.or.at/mitgliederverzeichnis/?tx_kswmembers_membersdirectory%5Bcontroller%5D=MembersDirectory&tx_kswmembers_membersdirectory%5BcurrentPage%5D=403 | https://ksw.or.at/mitgliederverzeichnis/?tx_kswmembers_membersdirectory%5Bcontroller%5D=MembersDirectory&tx_kswmembers_membersdirectory%5BcurrentPage%5D=62,1,CONFIRMED_30_PLUS,HIGH,30,30,official explicit employee count,30: or fünf Jahren hat sich die Kanzlei kontinuierlich weiterentwickelt und beschäftigt heute mehr als 30 Mitarbeiterinnen und Mitarbeiter. Ihr Steuerberater Leistungen Leistungen Digi | 30: or fünf Jahren hat sich die Kanzlei kontinuierlich weiterentwickelt und beschäftigt heute mehr als 30 Mitarbeiterinnen und Mitarbeiter. Über Lukas Blaha Bsc ist Steuerberater in zw,0,1,4,,,,https://l2-steuerberatung.at/ | https://l2-steuerberatung.at/unternehmensberatung/ | https://l2-steuerberatung.at/ueber-uns/ | https://l2-steuerberatung.at/karriere/,PRIOR_STAGE2_CANDIDATE;JOB_LINKS_3_PLUS,VERIFY_PRIOR,CONFIRMED_30_PLUS,30,,AUSTRIA_LEGAL_ENTITY,HIGH,Official Austrian company/group page states approximately or explicitly 30 employees.,https://l2-steuerberatung.at/,Official site employee statement around 30.,Official-site employee statement is sufficient for a 30+ lower bound.,SINGLE,CONFIRMED_20_PLUS,Key Account Management [Vorstand]; Situationen IHRE ANSPRECHPARTNER Stephan [Partner]; Stephan Woisetschläger [Management]; Bereichen Unternehmensberatung [Partner]; Dieses Verständnis [Partner]; Während Lukas Schwarzer [Partner]; Lukas Blaha [Management]; Steuerberater SEIT [Vorstand]; Privatstiftung SEIT [Vorstand]; Bereich Immobiliensteuerrecht Spezialkentnisse Immobiliensteuerrecht [Vorstand],Schwerpunkten Immobilien (); Steuerberater SEIT (); Privatstiftung SEIT (); Geyer WT SEIT (); Steuerberater Spezialkentnisse Land (); Forstwirtschaft Internationales Steuerrecht Inbound (); Bereich Immobiliensteuerrecht Spezialkentnisse Immobiliensteuerrecht (); Haftung Firmenbuchnummer (),Schwerpunkten Immobilien; Steuerberater SEIT; Privatstiftung SEIT; Geyer WT SEIT,"Public sources identify owner/shareholder names, but complete share percentages were not safely established.",PARTNER_OWNED,Schwerpunkten Immobilien; Steuerberater SEIT,Owner/Gesellschafter; Owner/Gesellschafter,MEDIUM_HIGH,https://l2-steuerberatung.at/unternehmensberatung/ | https://l2-steuerberatung.at/unternehmensberatung/ | https://l2-steuerberatung.at/unternehmensberatung/ | https://l2-steuerberatung.at/unternehmensberatung/ | https://l2-steuerberatung.at/unternehmensberatung/ | https://l2-steuerberatung.at/unternehmensberatung/ | https://l2-steuerberatung.at/unternehmensberatung/ | https://l2-steuerberatung.at/ueber-uns/ | https://l2-steuerberatung.at/ueber-uns/ | https://l2-steuerberatung.at/ueber-uns/ | https://l2-steuerberatung.at/ueber-uns/ | https://l2-steuerberatung.at/ueber-uns/ | https://l2-steuerberatung.at/ueber-uns/ | https://l2-steuerberatung.at/ueber-uns/ | https://l2-steuerberatung.at/ueber-uns/ | https://l2-steuerberatung.at/impressum/,No ownership was inferred from surname. Unknown share percentages remain null. For international/network firms the Austrian operational leadership is preferred over a global parent.,+4319974364,mobile_public,108,Schwerpunkten Immobilien,https://l2-steuerberatung.at/ | https://l2-steuerberatung.at/impressum/ | https://l2-steuerberatung.at/karriere/ | https://l2-steuerberatung.at/karriere/bilanzbuchhalter/ | https://l2-steuerberatung.at/karriere/buchhalter-in/ | https://l2-steuerberatung.at/karriere/sekretariat/ | https://l2-steuerberatung.at/kontakt/ | https://l2-steuerberatung.at/news/ | https://l2-steuerberatung.at/unternehmensberatung/,,generic_email,38,Schwerpunkten Immobilien,https://l2-steuerberatung.at/ | https://l2-steuerberatung.at/impressum/ | https://l2-steuerberatung.at/karriere/ | https://l2-steuerberatung.at/karriere/bilanzbuchhalter/ | https://l2-steuerberatung.at/karriere/buchhalter-in/ | https://l2-steuerberatung.at/karriere/sekretariat/ | https://l2-steuerberatung.at/kontakt/ | https://l2-steuerberatung.at/news/ | https://l2-steuerberatung.at/unternehmensberatung/,,,30_49,A_PRIORITY_30_200,https://l2-steuerberatung.at/,https://l2-steuerberatung.at/unternehmensberatung/ | https://l2-steuerberatung.at/unternehmensberatung/ | https://l2-steuerberatung.at/unternehmensberatung/ | https://l2-steuerberatung.at/unternehmensberatung/ | https://l2-steuerberatung.at/unternehmensberatung/ | https://l2-steuerberatung.at/unternehmensberatung/ | https://l2-steuerberatung.at/unternehmensberatung/ | https://l2-steuerberatung.at/ueber-uns/ | https://l2-steuerberatung.at/ueber-uns/ | https://l2-steuerberatung.at/ueber-uns/ | https://l2-steuerberatung.at/ueber-uns/ | https://l2-steuerberatung.at/ueber-uns/ | https://l2-steuerberatung.at/ueber-uns/ | https://l2-steuerberatung.at/ueber-uns/ | https://l2-steuerberatung.at/ueber-uns/ | https://l2-steuerberatung.at/impressum/,https://l2-steuerberatung.at/ | https://l2-steuerberatung.at/impressum/ | https://l2-steuerberatung.at/karriere/ | https://l2-steuerberatung.at/karriere/bilanzbuchhalter/ | https://l2-steuerberatung.at/karriere/buchhalter-in/ | https://l2-steuerberatung.at/karriere/sekretariat/ | https://l2-steuerberatung.at/kontakt/ | https://l2-steuerberatung.at/news/ | https://l2-steuerberatung.at/unternehmensberatung/ | https://l2-steuerberatung.at/ | https://l2-steuerberatung.at/impressum/ | https://l2-steuerberatung.at/karriere/ | https://l2-steuerberatung.at/karriere/bilanzbuchhalter/ | https://l2-steuerberatung.at/karriere/buchhalter-in/ | https://l2-steuerberatung.at/karriere/sekretariat/ | https://l2-steuerberatung.at/kontakt/ | https://l2-steuerberatung.at/news/ | https://l2-steuerberatung.at/unternehmensberatung/
domain:lkp.at,LKP Steuerberatung OG,lkp.at,http://www.lkp.at,office2700@lkp.at | office7000@lkp.at | guenther.mayer@lkp.at,+43 2622 212 72 | +43 2622 212 72 9 | +43 2682 667 16 | +43 2682 667 16 33 | +43 699 110 76 755,Wiener Neustadt Gemeinde: Wiener Neustadt Bezirk Wiener Neus | Eisenstadt Gemeinde: Eisenstadt Bezirk Eisenstadt(Stadt) +43,3,3,3,LKP Steuerberatung OG | LKP Steuerberatung GmbH | LKP Steuerberatung GmbH & Co KG,https://ksw.or.at/mitgliederverzeichnis/?tx_kswmembers_membersdirectory%5Bcontroller%5D=MembersDirectory&tx_kswmembers_membersdirectory%5BcurrentPage%5D=471 | https://ksw.or.at/mitgliederverzeichnis/?tx_kswmembers_membersdirectory%5Bcontroller%5D=MembersDirectory&tx_kswmembers_membersdirectory%5BcurrentPage%5D=430 | https://ksw.or.at/mitgliederverzeichnis/?tx_kswmembers_membersdirectory%5Bcontroller%5D=MembersDirectory&tx_kswmembers_membersdirectory%5BcurrentPage%5D=498,1,CONFIRMED_30_PLUS,HIGH,32,32,official team/profile lower bound,,0,32,3,,,,https://www.lkp.at/index_ger.html | https://www.lkp.at/de/%C3%BCber_uns/team_wiener_neustadt/ | https://www.lkp.at/de/%C3%BCber_uns/team_eisenstadt/ | https://www.lkp.at/de/%C3%BCber_uns/kanzlei_im_netz/ | https://www.lkp.at/de/karriere/ | https://www.lkp.at/de/leistungen/unternehmensberatung/ | https://www.lkp.at/de/leistungen/unternehmensnachfolge/ | https://www.lkp.at/de/leistungen/steuerberatung/,PRIOR_STAGE2_CANDIDATE;TEAM_EMAILS_10_PLUS;JOB_LINKS_3_PLUS;KSW_LISTINGS_3_PLUS;LOCATIONS_3_PLUS;LEGAL_ENTITIES_2_PLUS,VERIFY_PRIOR,CONFIRMED_30_PLUS,32,,AUSTRIA_GROUP,HIGH,Official site provides a direct staff lower bound of at least 32.,https://www.lkp.at/index_ger.html,Official site exposes at least 32 distinct staff profiles/personal company-domain emails.,Staff-page lower bound alone proves 30+; no upper bound assumed.,SINGLE,CONFIRMED_20_PLUS,Unternehmensberatung Michael Lang Dipl [Geschäftsführung]; Steuersachbearbeiter Mitglied [Geschäftsführung]; Unternehmensberatung Bernhard Kurz Dipl [Geschäftsführung]; Unternehmensberatung Manuel Bauer Dipl [Geschäftsführung]; Unternehmensberatung Mag [Partner]; Michael Hofmann Steuerberater Mitglied [Geschäftsführung]; MA Steuerberaterin [Geschäftsführung]; Sekretariat Andrea Hoffmann Assistentin [Geschäftsführung]; Sekretariat Christina Widmoser Dipl [Geschäftsführung]; Neustadt Hier [Partner],Unternehmensberatung Mag (); Wolfgang Kurz Steuerberater (); Unternehmensberatung Michael Lang Dipl (); Steuersachbearbeiter Mitglied (); Petra Mühlhauser-Horvath Steuerberaterin (); Unternehmensberatung Carina Katter Steuerberaterin (); Günther Mayer Steuerberater (); Bilanzierung Karin Ernst Diplomierte (); Geschäftsführender Gesellschafter Mag (); Wolfgang Kurz Rechtsform Offene (),Günther Mayer; Carina Katter,"Public sources identify material individual shareholders: Günther Mayer 33.33%, Carina Katter 33.33%.",PARTNER_OWNED,Günther Mayer; Carina Katter,Owner/Gesellschafter; Owner/Gesellschafter,HIGH,https://www.lkp.at/de/%C3%BCber_uns/team_wiener_neustadt/ | https://www.lkp.at/de/%C3%BCber_uns/team_wiener_neustadt/ | https://www.lkp.at/de/%C3%BCber_uns/team_wiener_neustadt/ | https://www.lkp.at/de/%C3%BCber_uns/team_wiener_neustadt/ | https://www.lkp.at/de/%C3%BCber_uns/team_wiener_neustadt/ | https://www.lkp.at/de/%C3%BCber_uns/team_wiener_neustadt/ | https://www.lkp.at/de/%C3%BCber_uns/team_wiener_neustadt/ | https://www.lkp.at/de/%C3%BCber_uns/team_wiener_neustadt/ | https://www.lkp.at/de/%C3%BCber_uns/team_wiener_neustadt/ | https://www.lkp.at/de/%C3%BCber_uns/team_wiener_neustadt/ | https://www.lkp.at/de/%C3%BCber_uns/team_wiener_neustadt/ | https://www.lkp.at/de/%C3%BCber_uns/team_wiener_neustadt/ | https://www.lkp.at/de/%C3%BCber_uns/team_eisenstadt/ | https://www.lkp.at/de/%C3%BCber_uns/team_eisenstadt/ | https://www.lkp.at/de/%C3%BCber_uns/team_eisenstadt/ | https://www.lkp.at/de/%C3%BCber_uns/team_eisenstadt/,No ownership was inferred from surname. Unknown share percentages remain null. For international/network firms the Austrian operational leadership is preferred over a global parent.,,central_context,20,Carina Katter,https://www.lkp.at/de/%C3%BCber_uns/impressum/,carina.katter@lkp.at,personal_verified_email,90,Carina Katter,https://www.lkp.at/de/%C3%BCber_uns/team_eisenstadt/,,,30_49,A_PRIORITY_30_200,https://www.lkp.at/index_ger.html,https://www.lkp.at/de/%C3%BCber_uns/team_wiener_neustadt/ | https://www.lkp.at/de/%C3%BCber_uns/team_wiener_neustadt/ | https://www.lkp.at/de/%C3%BCber_uns/team_wiener_neustadt/ | https://www.lkp.at/de/%C3%BCber_uns/team_wiener_neustadt/ | https://www.lkp.at/de/%C3%BCber_uns/team_wiener_neustadt/ | https://www.lkp.at/de/%C3%BCber_uns/team_wiener_neustadt/ | https://www.lkp.at/de/%C3%BCber_uns/team_wiener_neustadt/ | https://www.lkp.at/de/%C3%BCber_uns/team_wiener_neustadt/ | https://www.lkp.at/de/%C3%BCber_uns/team_wiener_neustadt/ | https://www.lkp.at/de/%C3%BCber_uns/team_wiener_neustadt/ | https://www.lkp.at/de/%C3%BCber_uns/team_wiener_neustadt/ | https://www.lkp.at/de/%C3%BCber_uns/team_wiener_neustadt/ | https://www.lkp.at/de/%C3%BCber_uns/team_eisenstadt/ | https://www.lkp.at/de/%C3%BCber_uns/team_eisenstadt/ | https://www.lkp.at/de/%C3%BCber_uns/team_eisenstadt/ | https://www.lkp.at/de/%C3%BCber_uns/team_eisenstadt/,https://www.lkp.at/de/%C3%BCber_uns/impressum/ | https://www.lkp.at/de/%C3%BCber_uns/team_eisenstadt/
domain:halpern-prinz.at,MCH Wirtschaftsprüfung & Steuerberatung GmbH,halpern-prinz.at,http://www.halpern-prinz.at,philipphillbrand@gmail.com | philipp.hillbrand@halpern-prinz.at | office@halpern-prinz.at | alexander.kastelic@halpern-prinz.at | office@stefanhillbrand.com | office@schirmbrand-treuhand.at,+43 678 128 08 79 | +43 1 317 66 91 | +43 1 317 66 91 20 | +43 1 317 66 91 0 | +43 664 88 78 90 90 | +43 676 7010997,"Klosterneuburg Gemeinde: Klosterneuburg Bezirk Tulln +43 678 | Wien Gemeinde: Wien Wien 10.,Favoriten +43 1 317 66 91 +43 1",3,3,3,MCH Wirtschaftsprüfung & Steuerberatung GmbH | Halpern & Prinz Wirtschaftsprüfungsgesellschaft m.b.H. | Halpern & Prinz Wirtschaftsprüfungs- und Steuerberatungsgesellschaft m.b.H.,https://ksw.or.at/mitgliederverzeichnis/?tx_kswmembers_membersdirectory%5Bcontroller%5D=MembersDirectory&tx_kswmembers_membersdirectory%5BcurrentPage%5D=519 | https://ksw.or.at/mitgliederverzeichnis/?tx_kswmembers_membersdirectory%5Bcontroller%5D=MembersDirectory&tx_kswmembers_membersdirectory%5BcurrentPage%5D=151 | https://ksw.or.at/mitgliederverzeichnis/?tx_kswmembers_membersdirectory%5Bcontroller%5D=MembersDirectory&tx_kswmembers_membersdirectory%5BcurrentPage%5D=495,1,CONFIRMED_30_PLUS,HIGH,32,32,official team/profile lower bound,,1,32,1,,,,https://www.halpern-prinz.at/ | https://www.halpern-prinz.at/leistungen/unternehmensberatung/ | https://www.halpern-prinz.at/leistungen/unternehmensbewertung/ | https://www.halpern-prinz.at/leistungen/unternehmensgruendung/ | https://www.halpern-prinz.at/leistungen/unternehmensnachfolge/ | https://www.halpern-prinz.at/leistungen/fahrzeug_unternehmen/ | https://www.halpern-prinz.at/kanzlei/ansprechpartner/ | https://www.halpern-prinz.at/kanzlei/erstgespraech/,PRIOR_STAGE2_CANDIDATE;TEAM_EMAILS_10_PLUS;KSW_LISTINGS_3_PLUS;LOCATIONS_3_PLUS;LEGAL_ENTITIES_2_PLUS,VERIFY_PRIOR,CONFIRMED_30_PLUS,31,,AUSTRIA_GROUP,HIGH,Official site provides a direct staff lower bound of at least 31.,https://www.halpern-prinz.at/,Official site exposes at least 31 distinct staff profiles/personal company-domain emails.,Staff-page lower bound alone proves 30+; no upper bound assumed.,SINGLE,CONFIRMED_20_PLUS,Engagiert Alle Arbeiten [Geschäftsführer]; Personalmanagement Umfangreiches Full-Service [Management]; Rechner Infos [Partner]; Links Digitale Buchhaltung BMD [Partner]; Erinnerungsservice Partnerlinks Klientenlinks Aktuelles [Partner]; Klienten Steuernews [Partner]; Ärzte Vermieternews Gastronews Sonstige [Partner]; Spezialnews NPO's Über [Partner]; Anfahrt Ansprechpartner Social Media [Partner]; Vermieternews Gastronews Sonstige Spezialnews [Partner],,unresolved,Ownership/control layer was not safely established from public evidence; operational management is retained where verified.,UNRESOLVED,Alexander Kastelic Mag; Alexander Kastelic Steuerberater; Ansprechpartner Inhalt Mag,Geschäftsführer; Geschäftsführer; Geschäftsführer,MEDIUM_HIGH,https://www.halpern-prinz.at/ | https://www.halpern-prinz.at/ | https://www.halpern-prinz.at/ | https://www.halpern-prinz.at/ | https://www.halpern-prinz.at/ | https://www.halpern-prinz.at/ | https://www.halpern-prinz.at/ | https://www.halpern-prinz.at/,No ownership was inferred from surname. Unknown share percentages remain null. For international/network firms the Austrian operational leadership is preferred over a global parent.,,,,,,,,,,,,,30_49,A_PRIORITY_30_200,https://www.halpern-prinz.at/,https://www.halpern-prinz.at/ | https://www.halpern-prinz.at/ | https://www.halpern-prinz.at/ | https://www.halpern-prinz.at/ | https://www.halpern-prinz.at/ | https://www.halpern-prinz.at/ | https://www.halpern-prinz.at/ | https://www.halpern-prinz.at/,
domain:medmanagement.at,MEDmanagement Wirtschaftstreuhandgesellschaft mbH.,medmanagement.at,http://www.medmanagement.at | http://www.ginthoer.at,office@medmanagement.at | oliver.ginthoer@steuerservice.at | christoph.wolf@steuerservice.at,+43 1 501 55 66 | +43 1 501 55 77 | +43 1 501 55 0 | +43 1 501 55 55 | +43 676 6490060,"Wien Gemeinde: Wien Wien 1.,Innere Stadt +43 1 501 55 66 +43",1,1,1,MEDmanagement Wirtschaftstreuhandgesellschaft mbH.,https://ksw.or.at/mitgliederverzeichnis/?tx_kswmembers_membersdirectory%5Bcontroller%5D=MembersDirectory&tx_kswmembers_membersdirectory%5BcurrentPage%5D=331,1,CONFIRMED_30_PLUS,HIGH,30,30,official explicit employee count,"30: . Die Kanzleigruppe mit Sitz in der Wiener Innenstadt ist eine renommierte Steuerberatungskanzlei mit mehr als 30 Jahren Erfahrung. Das engagierte Team von ca. 30 Mitarbeiterinnen  | 30: eine renommierte Steuerberatungskanzlei mit mehr als 30 Jahren Erfahrung. Das engagierte Team von ca. 30 Mitarbeiterinnen und Mitarbeitern bietet umfassende steuerliche Beratung un | 30: ommierte Steuerberatungskanzlei mit mehr als 30 Jahren Erfahrung. Das engagierte Team von ca. 30 Mitarbeiterinnen und Mitarbeitern bietet umfassende steuerliche Beratung und Unters | 30: ber die Stadtgrenzen hinaus Unternehmen und Privatpersonen betreut. Mit einem engagierten Team von rund 30 Experten bieten wir nicht nur umfassende steuerliche Beratung, sondern ma | 30: Die G & W Steuerberatungs GmbH, mit Sitz in Wien, zählt mit über 30 Jahren Erfahrung und mehr als 30 Mitarbeitern zu den etablierten Steuerberatungsgesellschaften in Österreich. Na",2,0,1,,,,https://www.steuerservice.at/kanzlei/partner/med-management/ | https://www.steuerservice.at/kanzlei/ | https://www.steuerservice.at/kanzlei/team/ | https://www.steuerservice.at/kanzlei/ueber-uns/ | https://www.steuerservice.at/kanzlei/partner/ | https://www.steuerservice.at/kanzlei/ki-guidelines/ | https://www.steuerservice.at/kanzlei/nachhaltigkeit/ | https://www.steuerservice.at/leistungen/unternehmensberatung/,PRIOR_STAGE2_CANDIDATE,VERIFY_PRIOR,CONFIRMED_30_PLUS,30,,AUSTRIA_LEGAL_ENTITY,HIGH,Official Austrian company/group page states approximately or explicitly 30 employees.,https://www.steuerservice.at/kanzlei/,Official site employee statement around 30.,Official-site employee statement is sufficient for a 30+ lower bound.,SINGLE,CONFIRMED_20_PLUS,Steuerberatern Dr [Partner]; Oliver Ginthör [Partner]; Christoph Wolf [Partner]; Steuerberater Visitenkarte Mag [Partner]; Gerichtssachverständiger Visitenkarte Mag [Partner]; Ulrike Hofer Ste [Partner]; Ulrike Hofer Steuerberaterin [Partner]; Gruppenleiterin Mag [Partner]; Thomas Gritsch Bilanzbuchhalter [Management]; Gruppenleiter Maria Hofer [Management],Steuerberater Visitenkarte Mag (); Christoph Wolf (); Gerichtssachverständiger Visitenkarte Mag (); Ulrike Hofer Steuerberaterin (); Visitenkarte Mag (); Gruppenleiterin Mag (); Thomas Gritsch Bilanzbuchhalter (); Gruppenleiter Maria Hofer (); MSc Steuerberaterin (),Steuerberater Visitenkarte Mag; Christoph Wolf; Gerichtssachverständiger Visitenkarte Mag; Ulrike Hofer Steuerberaterin,"Public sources identify owner/shareholder names, but complete share percentages were not safely established.",PARTNER_OWNED,Steuerberater Visitenkarte Mag; Christoph Wolf,Owner/Gesellschafter; Owner/Gesellschafter,MEDIUM_HIGH,https://www.steuerservice.at/kanzlei/ | https://www.steuerservice.at/kanzlei/ | https://www.steuerservice.at/kanzlei/ | https://www.steuerservice.at/kanzlei/team/ | https://www.steuerservice.at/kanzlei/team/ | https://www.steuerservice.at/kanzlei/team/ | https://www.steuerservice.at/kanzlei/team/ | https://www.steuerservice.at/kanzlei/team/ | https://www.steuerservice.at/kanzlei/team/ | https://www.steuerservice.at/kanzlei/team/ | https://www.steuerservice.at/kanzlei/team/ | https://www.steuerservice.at/kanzlei/team/ | https://www.steuerservice.at/kanzlei/team/ | https://www.steuerservice.at/kanzlei/team/ | https://www.steuerservice.at/kanzlei/team/ | https://www.steuerservice.at/kanzlei/team/,No ownership was inferred from surname. Unknown share percentages remain null. For international/network firms the Austrian operational leadership is preferred over a global parent.,38662602,named_fixed_candidate,75,Christoph Wolf,https://www.steuerservice.at/impressum/,,,,,,,,30_49,A_PRIORITY_30_200,https://www.steuerservice.at/kanzlei/,https://www.steuerservice.at/kanzlei/ | https://www.steuerservice.at/kanzlei/ | https://www.steuerservice.at/kanzlei/ | https://www.steuerservice.at/kanzlei/team/ | https://www.steuerservice.at/kanzlei/team/ | https://www.steuerservice.at/kanzlei/team/ | https://www.steuerservice.at/kanzlei/team/ | https://www.steuerservice.at/kanzlei/team/ | https://www.steuerservice.at/kanzlei/team/ | https://www.steuerservice.at/kanzlei/team/ | https://www.steuerservice.at/kanzlei/team/ | https://www.steuerservice.at/kanzlei/team/ | https://www.steuerservice.at/kanzlei/team/ | https://www.steuerservice.at/kanzlei/team/ | https://www.steuerservice.at/kanzlei/team/ | https://www.steuerservice.at/kanzlei/team/,https://www.steuerservice.at/impressum/
domain:mondsee-treuhand.at,MONDSEE-TREUHAND Wiedlroither GmbH Wirtschaftsprüfer & Steuerberater,mondsee-treuhand.at,http://www.mondsee-treuhand.at,office@mondsee-treuhand.at,+43 6232 40 80 | +43 6232 40 80 22 | +43 6232 28 18 | +43 6232 4080 | +43 6232 4080 22,Mondsee Gemeinde: Mondsee Bezirk Vöcklabruck +43 6232 40 80 | Mondsee Gemeinde: Mondsee Bezirk Vöcklabruck +43 6232 4080 +,2,2,2,"MONDSEE-TREUHAND Wiedlroither GmbH Wirtschaftsprüfer & Steuerberater | Wiedlroither Holding GmbH Wirtschaftsprüfungs-, Steuerberatungs- & Unternehmensbeteiligungsgesellschaft",https://ksw.or.at/mitgliederverzeichnis/?tx_kswmembers_membersdirectory%5Bcontroller%5D=MembersDirectory&tx_kswmembers_membersdirectory%5BcurrentPage%5D=473 | https://ksw.or.at/mitgliederverzeichnis/?tx_kswmembers_membersdirectory%5Bcontroller%5D=MembersDirectory&tx_kswmembers_membersdirectory%5BcurrentPage%5D=346,1,CONFIRMED_30_PLUS,HIGH,38,38,official team/profile lower bound,,0,38,3,,,,https://www.mondsee-treuhand.at/de/ | https://www.mondsee-treuhand.at/de/mondsee-treuhand-wiedlroither-gmbh/karriere | https://www.mondsee-treuhand.at/de/geschaeftsbereiche/unternehmensberatung | https://www.mondsee-treuhand.at/de/sonderberatung-spezialisierung/unternehmensgruendung-uebergabe | https://www.mondsee-treuhand.at/de/mondsee-treuhand-wiedlroither-gmbh/team,PRIOR_STAGE2_CANDIDATE;TEAM_EMAILS_10_PLUS;JOB_LINKS_3_PLUS;LEGAL_ENTITIES_2_PLUS,VERIFY_PRIOR,CONFIRMED_30_PLUS,37,,AUSTRIA_GROUP,HIGH,Official site provides a direct staff lower bound of at least 37.,https://www.mondsee-treuhand.at/de/,Official site exposes at least 37 distinct staff profiles/personal company-domain emails.,Staff-page lower bound alone proves 30+; no upper bound assumed.,SINGLE,CONFIRMED_20_PLUS,Unternehmensberatung Zusammenarbeit [Partner]; BERUFSTRÄGER Mag [Geschäftsführer]; MBA WP [Geschäftsführer]; STB MBA [Geschäftsführer]; Sachverständiger Unternehmensberater Spezialisierung [Geschäftsführer]; Unternehmensnachfolge Immobilien [Management]; Bilanzbuchhalter WP [Geschäftsführer]; STB Mag [Geschäftsführer]; MBA MBA [Geschäftsführer]; Wirtschaftstreuhänder Aufsichtsbehörde [Management],,unresolved,Ownership/control layer was not safely established from public evidence; operational management is retained where verified.,UNRESOLVED,BERUFSTRÄGER Mag; Bilanzbuchhalter WP; MBA MBA,Geschäftsführer; Geschäftsführer; Geschäftsführer,MEDIUM_HIGH,https://www.mondsee-treuhand.at/de/ | https://www.mondsee-treuhand.at/de/mondsee-treuhand-wiedlroither-gmbh/team | https://www.mondsee-treuhand.at/de/mondsee-treuhand-wiedlroither-gmbh/team | https://www.mondsee-treuhand.at/de/mondsee-treuhand-wiedlroither-gmbh/team | https://www.mondsee-treuhand.at/de/mondsee-treuhand-wiedlroither-gmbh/team | https://www.mondsee-treuhand.at/de/mondsee-treuhand-wiedlroither-gmbh/team | https://www.mondsee-treuhand.at/de/mondsee-treuhand-wiedlroither-gmbh/team | https://www.mondsee-treuhand.at/de/mondsee-treuhand-wiedlroither-gmbh/team,No ownership was inferred from surname. Unknown share percentages remain null. For international/network firms the Austrian operational leadership is preferred over a global parent.,+4362324080,mobile_public,108,Bilanzbuchhalter WP,https://www.mondsee-treuhand.at/de/geschaeftsbereiche/steuerberatung | https://www.mondsee-treuhand.at/de/geschaeftsbereiche/unternehmensberatung | https://www.mondsee-treuhand.at/de/geschaeftsbereiche/wirtschaftspruefung,,generic_fallback,30,,https://www.mondsee-treuhand.at/de/,,office@mondsee-treuhand.at,30_49,A_PRIORITY_30_200,https://www.mondsee-treuhand.at/de/,https://www.mondsee-treuhand.at/de/ | https://www.mondsee-treuhand.at/de/mondsee-treuhand-wiedlroither-gmbh/team | https://www.mondsee-treuhand.at/de/mondsee-treuhand-wiedlroither-gmbh/team | https://www.mondsee-treuhand.at/de/mondsee-treuhand-wiedlroither-gmbh/team | https://www.mondsee-treuhand.at/de/mondsee-treuhand-wiedlroither-gmbh/team | https://www.mondsee-treuhand.at/de/mondsee-treuhand-wiedlroither-gmbh/team | https://www.mondsee-treuhand.at/de/mondsee-treuhand-wiedlroither-gmbh/team | https://www.mondsee-treuhand.at/de/mondsee-treuhand-wiedlroither-gmbh/team,https://www.mondsee-treuhand.at/de/geschaeftsbereiche/steuerberatung | https://www.mondsee-treuhand.at/de/geschaeftsbereiche/unternehmensberatung | https://www.mondsee-treuhand.at/de/geschaeftsbereiche/wirtschaftspruefung | https://www.mondsee-treuhand.at/de/
domain:rtg.at,MOORE RTG Wirtschaftsprüfung GmbH,rtg.at,http://www.rtg.at | https://www.rtg.at/ | https://www.rtg.at/standorte-kleinwalsertal,geismayr@vol.at | a.geismayr@rtg.at | m.ruemmele@rtg.at | l.schurz@rtg.at | t.tiefenthaler@rtg.at | office.kwt@rtg.at | office@rtg.at | p.koegl@rtg.at | birgit.jochum@gmail.com,+43 699 1296 0018 | +43 5572 363 66 | +43 699 12 96 00 18 | +43 5572 296 00 0 | +43 699 1 296 00 10 | +43 5572 296 00 84 | +43 5572 296 00 44 | +43 5572 29 60 00 | +43 5572 29 60 044 | +43 5572 296 00 18 | +43 5517 53 29 0 | +43 5517 53 29 72 | +43 5572 296 00,Dornbirn Gemeinde: Dornbirn Bezirk Dornbirn +43 699 1296 001 | Dornbirn Gemeinde: Dornbirn Bezirk Dornbirn +43 5572 296 00 | Riezlern Gemeinde: Mittelberg Bezirk Bregenz +43 5517 53 29,6,6,6,MOORE RTG Wirtschaftsprüfung GmbH | LS Steuerberatung und Wirtschaftsprüfung GmbH | ALG Steuerberatung und Wirtschaftsprüfung GmbH | RTG Kleinwalsertal Steuerberatung GmbH & Co KG | RTG Dr. Rümmele Steuerberatung und Wirtschaftsprüfung GmbH | RTG Dr. Rümmele Steuerberatung und Wirtschaftsprüfung GmbH & Co KG,https://ksw.or.at/mitgliederverzeichnis/?tx_kswmembers_membersdirectory%5Bcontroller%5D=MembersDirectory&tx_kswmembers_membersdirectory%5BcurrentPage%5D=350 | https://ksw.or.at/mitgliederverzeichnis/?tx_kswmembers_membersdirectory%5Bcontroller%5D=MembersDirectory&tx_kswmembers_membersdirectory%5BcurrentPage%5D=66 | https://ksw.or.at/mitgliederverzeichnis/?tx_kswmembers_membersdirectory%5Bcontroller%5D=MembersDirectory&tx_kswmembers_membersdirectory%5BcurrentPage%5D=289 | https://ksw.or.at/mitgliederverzeichnis/?tx_kswmembers_membersdirectory%5Bcontroller%5D=MembersDirectory&tx_kswmembers_membersdirectory%5BcurrentPage%5D=42 | https://ksw.or.at/mitgliederverzeichnis/?tx_kswmembers_membersdirectory%5Bcontroller%5D=MembersDirectory&tx_kswmembers_membersdirectory%5BcurrentPage%5D=435 | https://ksw.or.at/mitgliederverzeichnis/?tx_kswmembers_membersdirectory%5Bcontroller%5D=MembersDirectory&tx_kswmembers_membersdirectory%5BcurrentPage%5D=382,1,CONFIRMED_30_PLUS,HIGH,40,40,official explicit employee count,40: hand OHG. 2000 Umzug in unser aktuelles Büro in der Marktstraße 30 in Dornbirn mit damals ca. 40 Mitarbeitenden. 2004 Gründung der RTG Dr. Rümmele Treuhand GmbH mit Dr. Manfred Rüm | 20: nen individuell maßgeschneiderten und nachhaltigen Beratungsansatz. Mit einem engagierten Team von 20 Mitarbeiter:innen bieten wir kompetente und persönliche Betreuung vor Ort. Dab,0,2,1,,,,https://www.rtg.at/ | https://www.rtg.at/unternehmen | https://www.rtg.at/team-all | https://www.rtg.at/karriere | https://www.rtg.at/standorte-kleinwalsertal | https://www.bing.com/ck/a?!&&p=751aca644512a7a6c6dabfe1a53c356c61df7ea8f12f883ef031c16f2ae52026JmltdHM9MTc4ODA0ODAwMA&ptn=3&ver=2&hsh=4&fclid=041119dd-43c5-62c1-16a9-0e184278635a&u=a1aHR0cHM6Ly93d3cuc3RncHJlc2VudHMub3JnL3N0Zy12ZW51ZXMvbW9vcmUtdGhlYXRyZS9ldmVudHMv&ntb=1 | https://www.bing.com/ck/a?!&&p=c90ea7936e17f0e822d57c8851017b5e75154701eac1e78b997f36ba8261c795JmltdHM9MTc4ODA0ODAwMA&ptn=3&ver=2&hsh=4&fclid=041119dd-43c5-62c1-16a9-0e184278635a&u=a1aHR0cHM6Ly93d3cubW9vcmUtZ2xvYmFsLmNvbS8&ntb=1 | https://www.bing.com/ck/a?!&&p=e5c2c9fb5ab55816c1c7e594010bb43b69158d97d80aa32e7c9d93425693c8c1JmltdHM9MTc4ODA0ODAwMA&ptn=3&ver=2&hsh=4&fclid=041119dd-43c5-62c1-16a9-0e184278635a&u=a1aHR0cHM6Ly93ZWFyZW1vb3JlLmNvbS8&ntb=1 | https://www.bing.com/ck/a?!&&p=074fbfc75e95ab2252996fd283824340a705a924b92556335ad4f609c39c68caJmltdHM9MTc4ODA0ODAwMA&ptn=3&ver=2&hsh=4&fclid=041119dd-43c5-62c1-16a9-0e184278635a&u=a1aHR0cHM6Ly93d3cuc3RncHJlc2VudHMub3JnL3N0Zy12ZW51ZXMvbW9vcmUtdGhlYXRyZS8&ntb=1 | https://www.bing.com/ck/a?!&&p=1931bd16c232fe7c67534d0488dd35c7d5dd9fde3ac3bb736ab76c6cab1e7559JmltdHM9MTc4ODA0ODAwMA&ptn=3&ver=2&hsh=4&fclid=041119dd-43c5-62c1-16a9-0e184278635a&u=a1aHR0cHM6Ly93d3cubW9vcmVob3RlbC5jb20v&ntb=1 | https://www.bing.com/ck/a?!&&p=80c6c2fbec9983b706d6031317f5b84f5fe0d1b86b64986680f1e2921672c603JmltdHM9MTc4ODA0ODAwMA&ptn=3&ver=2&hsh=4&fclid=041119dd-43c5-62c1-16a9-0e184278635a&u=a1aHR0cHM6Ly93d3cuYmVuamFtaW5tb29yZS5jb20vZW4tdXM_bXNvY2tpZD0wNDExMTlkZDQzYzU2MmMxMTZhOTBlMTg0Mjc4NjM1YQ&ntb=1 | https://www.bing.com/ck/a?!&&p=be740c78ea27ef07cd67d2399056ffe82793d7ca86726c782ff187d42214578bJmltdHM9MTc4ODA0ODAwMA&ptn=3&ver=2&hsh=4&fclid=041119dd-43c5-62c1-16a9-0e184278635a&u=a1aHR0cHM6Ly9lbi53aWtpcGVkaWEub3JnL3dpa2kvTW9vcmVfR2xvYmFs&ntb=1 | https://www.bing.com/ck/a?!&&p=1c7b0a56e333dbcfc7788d1bfe603e8050cbb517450c54104cd2dfa3cf739c86JmltdHM9MTc4ODA0ODAwMA&ptn=3&ver=2&hsh=4&fclid=041119dd-43c5-62c1-16a9-0e184278635a&u=a1aHR0cHM6Ly93d3cubW9vcmV0aGVhdHJlLm5ldC9ldmVudHMv&ntb=1 | https://www.bing.com/ck/a?!&&p=9d1a4e109781faad8f6329b1704f70b7a8308be0d74a5221f45a2e0bf185c67dJmltdHM9MTc4ODA0ODAwMA&ptn=3&ver=2&hsh=4&fclid=041119dd-43c5-62c1-16a9-0e184278635a&u=a1aHR0cHM6Ly93d3cubW9vcmV0aGVhdHJlLm5ldC90aWNrZXQtaW5mby8&ntb=1 | https://www.bing.com/ck/a?!&&p=c640bc20e6f19838c11ead26600d9ec459b5358d9af395019fe4edf717e79e60JmltdHM9MTc4ODA0ODAwMA&ptn=3&ver=2&hsh=4&fclid=041119dd-43c5-62c1-16a9-0e184278635a&u=a1aHR0cHM6Ly9lbi53aWtpcGVkaWEub3JnL3dpa2kvTW9vcmU&ntb=1 | https://www.bing.com/ck/a?!&&p=1480261b227191a3ae845322dae720a140004ba9fedd054163ed4faaf9ff6719JmltdHM9MTc4ODA0ODAwMA&ptn=3&ver=2&hsh=4&fclid=247ae5e9-1a0f-6742-2707-f22c1b5666b7&u=a1aHR0cHM6Ly93d3cuc3RncHJlc2VudHMub3JnL3N0Zy12ZW51ZXMvbW9vcmUtdGhlYXRyZS9ldmVudHMv&ntb=1 | https://www.bing.com/ck/a?!&&p=9019187c38920accb18a6b5531dfa6451de84128f8594f3eed2ce798fd138187JmltdHM9MTc4ODA0ODAwMA&ptn=3&ver=2&hsh=4&fclid=247ae5e9-1a0f-6742-2707-f22c1b5666b7&u=a1aHR0cHM6Ly93d3cubW9vcmUtZ2xvYmFsLmNvbS8&ntb=1,PRIOR_STAGE2_CANDIDATE;KSW_LISTINGS_3_PLUS;LOCATIONS_3_PLUS;LEGAL_ENTITIES_2_PLUS;SANITY_SEED:RTG|MOORE,VERIFY_PRIOR,CONFIRMED_30_PLUS,40,,AUSTRIA_GROUP,HIGH,Official Austrian company/group page states approximately or explicitly 40 employees.,https://www.rtg.at/unternehmen,Official site employee statement around 40.,Official-site employee statement is sufficient for a 30+ lower bound.,SINGLE,CONFIRMED_20_PLUS,Tanja Tiefenthaler Mag [Geschäftsführer]; Tanja Tiefenthaler [Geschäftsführung]; WP Partnerin Mag [Geschäftsführung]; Tiefgehende Expertise [Management]; Matthias Feurstein LL [Partner]; Alfred Geismayr WP [Partner]; Birgit Jochum StB PartnerIN [Partner]; Manfred Rümmele WP [Partner]; Ferdinand Schurz WP [Partner]; Leopold Schurz WP [Geschäftsführung],Dunja Zwerger-Holdermann Firmenbuch-Nummer (); Feldkirch UID-Nummer (); Rechtsform RTG Dr (),Dunja Zwerger-Holdermann Firmenbuch-Nummer; Feldkirch UID-Nummer; Rechtsform RTG Dr,"Public sources identify owner/shareholder names, but complete share percentages were not safely established.",PARTNER_OWNED,Alina Sautner; Alina Zettinig Geschäftsf; Alina Zettinig Geschäftsführerin,Geschäftsführer; Geschäftsführer; Geschäftsführer,MEDIUM_HIGH,https://www.rtg.at/unternehmen | https://www.rtg.at/unternehmen | https://www.rtg.at/unternehmen | https://www.rtg.at/unternehmen | https://www.rtg.at/unternehmen | https://www.rtg.at/unternehmen | https://www.rtg.at/unternehmen | https://www.rtg.at/unternehmen | https://www.rtg.at/impressum | https://www.rtg.at/impressum | https://www.rtg.at/impressum,No ownership was inferred from surname. Unknown share percentages remain null. For international/network firms the Austrian operational leadership is preferred over a global parent.,,central_fallback,20,,https://www.rtg.at/,,generic_fallback,30,,https://www.rtg.at/,+43557229600,office@rtg.at,30_49,A_PRIORITY_30_200,https://www.rtg.at/unternehmen,https://www.rtg.at/unternehmen | https://www.rtg.at/unternehmen | https://www.rtg.at/unternehmen | https://www.rtg.at/unternehmen | https://www.rtg.at/unternehmen | https://www.rtg.at/unternehmen | https://www.rtg.at/unternehmen | https://www.rtg.at/unternehmen | https://www.rtg.at/impressum | https://www.rtg.at/impressum | https://www.rtg.at/impressum,https://www.rtg.at/ | https://www.rtg.at/
domain:app-tax.at,NiWo Steuerberatung GmbH,app-tax.at,http://www.app-tax.at | http://appvienna.at,w.granig@app-tax.at | klagenfurt@app-tax.at | b.pontasch@app-tax.at | g.willner@app-tax.at | r.gruen@appvienna.at,+43 664 8850 8440 | +43 463 26 36 00 | +43 463 26 36 00 910 | +43 664 351 65 10 | +43 664 230 80 15,Klagenfurt Gemeinde: Klagenfurt am Wörthersee Bezirk Klagenf,2,2,2,NiWo Steuerberatung GmbH | P W T Steuerberatung GmbH,https://ksw.or.at/mitgliederverzeichnis/?tx_kswmembers_membersdirectory%5Bcontroller%5D=MembersDirectory&tx_kswmembers_membersdirectory%5BcurrentPage%5D=191 | https://ksw.or.at/mitgliederverzeichnis/?tx_kswmembers_membersdirectory%5Bcontroller%5D=MembersDirectory&tx_kswmembers_membersdirectory%5BcurrentPage%5D=145,1,POSSIBLE_20_PLUS,LOW_MEDIUM,0,0,multiple scale signals; manual verification needed,,0,3,4,,,,https://www.app-tax.at/ | https://www.app-tax.at/standorte/ | https://www.app-tax.at/standorte/klagenfurt/ | https://www.app-tax.at/standorte/seeboden/ | https://www.app-tax.at/standorte/villach/ | https://www.app-tax.at/standorte/wien/ | https://www.app-tax.at/karriere/,PRIOR_STAGE2_CANDIDATE;JOB_LINKS_3_PLUS;LEGAL_ENTITIES_2_PLUS;SANITY_SEED:APP,DEEP_RESEARCH,CONFIRMED_30_PLUS,34,,AUSTRIA_GROUP,HIGH,Official site provides a direct staff lower bound of at least 34.,https://www.app-tax.at/,Official site exposes at least 34 distinct staff profiles/personal company-domain emails.,Staff-page lower bound alone proves 30+; no upper bound assumed.,SINGLE,CONFIRMED_20_PLUS,Marina Brnadic [Geschäftsführung]; Wolfgang Granig [Geschäftsführung]; Bernhard Pontasch [Geschäftsführung]; Günther Willner Firmenbuch [Geschäftsführung]; HG Klagenfurt FN [Geschäftsführung]; Tax Management Accounting Employment [Geschäftsführer]; Back Office Klaus Fritsch [Geschäftsführer]; Richard Grün Steuerberater [Geschäftsführer]; Dominik Eigner Steuerberater [Geschäftsführer]; Alexander Ritschl Steuerberater [Geschäftsführer],Rechte Dritter (),Rechte Dritter,"Public sources identify owner/shareholder names, but complete share percentages were not safely established.",PARTNER_OWNED,Rechte Dritter,Owner/Gesellschafter,MEDIUM_HIGH,https://www.app-tax.at/impressum/ | https://www.app-tax.at/impressum/ | https://www.app-tax.at/impressum/ | https://www.app-tax.at/impressum/ | https://www.app-tax.at/impressum/ | https://www.appvienna.at/our-team/ | https://www.appvienna.at/our-team/ | https://www.appvienna.at/our-team/ | https://www.appvienna.at/impressum-2/,No ownership was inferred from surname. Unknown share percentages remain null. For international/network firms the Austrian operational leadership is preferred over a global parent.,,central_fallback,20,,https://www.app-tax.at/kontakt/,,generic_fallback,30,,https://www.app-tax.at/kontakt/,+43463263600,office@app-villach.at,30_49,A_PRIORITY_30_200,https://www.app-tax.at/,https://www.app-tax.at/impressum/ | https://www.app-tax.at/impressum/ | https://www.app-tax.at/impressum/ | https://www.app-tax.at/impressum/ | https://www.app-tax.at/impressum/ | https://www.appvienna.at/our-team/ | https://www.appvienna.at/our-team/ | https://www.appvienna.at/our-team/ | https://www.appvienna.at/impressum-2/,https://www.app-tax.at/kontakt/ | https://www.app-tax.at/kontakt/
domain:optima.at,OPTIMA Die Steuerberater GmbH,optima.at,http://www.optima.at,steuerberater@optima.at | wiltrud.ganglbauer@optima.at | karin.grall@optima.at | hans.pichler@pic-wp.at,+43 7582 60550 | +43 7582 60550 20 | +43 7582 605 50 | +43 7582 605 50 20 | +43 7582 60 550 0 | +43 7562 60 550 | +43 7562 60 550 20 | +43 7582 60 550 20 | +43 7582 622 06 | +43 7582 622 06 12 | +43 7582 60 550 21,Kirchdorf an der Krems Gemeinde: Kirchdorf an der Krems Bezi | Windischgarsten Gemeinde: Windischgarsten Bezirk Kirchdorf a,4,5,5,OPTIMA Die Steuerberater GmbH | pic-wirtschaftsprüfung gmbh | Grall Steuerberatungs- und Beteiligungs GmbH | Ganglbauer Beteiligungs- und Steuerberatungs GmbH,https://ksw.or.at/mitgliederverzeichnis/?tx_kswmembers_membersdirectory%5Bcontroller%5D=MembersDirectory&tx_kswmembers_membersdirectory%5BcurrentPage%5D=294 | https://ksw.or.at/mitgliederverzeichnis/?tx_kswmembers_membersdirectory%5Bcontroller%5D=MembersDirectory&tx_kswmembers_membersdirectory%5BcurrentPage%5D=320 | https://ksw.or.at/mitgliederverzeichnis/?tx_kswmembers_membersdirectory%5Bcontroller%5D=MembersDirectory&tx_kswmembers_membersdirectory%5BcurrentPage%5D=230 | https://ksw.or.at/mitgliederverzeichnis/?tx_kswmembers_membersdirectory%5Bcontroller%5D=MembersDirectory&tx_kswmembers_membersdirectory%5BcurrentPage%5D=64 | https://ksw.or.at/mitgliederverzeichnis/?tx_kswmembers_membersdirectory%5Bcontroller%5D=MembersDirectory&tx_kswmembers_membersdirectory%5BcurrentPage%5D=42,1,CONFIRMED_30_PLUS,HIGH,30,30,official explicit employee count,"30: ine mittelgroße Kanzlei mit Standorten in Kirchdorf an der Krems und Windischgarsten. Als Team mit rund 30 MitarbeiterInnen ist es unsere Leidenschaft, unsere KundInnen seit vielen | 30: lgroße Kanzlei mit Standorten in Kirchdorf an der Krems und Windischgarsten. Als Team mit rund 30 MitarbeiterInnen ist es unsere Leidenschaft, unsere KundInnen seit vielen Jahren i",1,0,1,,,,https://www.optima.at/ | https://www.optima.at/unternehmen/ | https://www.optima.at/team-optima/ | https://www.optima.at/jobs-offene-stellen/ | https://www.bing.com/ck/a?!&&p=782ce51497474375e1ffb890a2742b552c1cafa625883b8529d28f5e4cce931bJmltdHM9MTc4ODA0ODAwMA&ptn=3&ver=2&hsh=4&fclid=3ec2f2c5-8ae9-6554-3a73-e5008b8364b4&u=a1aHR0cHM6Ly93d3cub3B0aW1hYmF0dGVyaWVzLmNvbS8&ntb=1 | https://www.bing.com/ck/a?!&&p=f6380f1e9ba245e7046d0b7fdd1eb774310da1431b98318e5944d4d14f378594JmltdHM9MTc4ODA0ODAwMA&ptn=3&ver=2&hsh=4&fclid=3ec2f2c5-8ae9-6554-3a73-e5008b8364b4&u=a1aHR0cHM6Ly93d3cubmV0aGVhbHRoLmNvbS9sb2dpbi8&ntb=1 | https://www.bing.com/ck/a?!&&p=eb79ade1534f424abb5634a4fd10c07ba359ee754b4f88dcbeaa33ee60b96f80JmltdHM9MTc4ODA0ODAwMA&ptn=3&ver=2&hsh=4&fclid=3ec2f2c5-8ae9-6554-3a73-e5008b8364b4&u=a1aHR0cHM6Ly9vcHRpbWFtZWQuY29tL2xvY2F0aW9ucy8&ntb=1 | https://www.bing.com/ck/a?!&&p=78fdc31d67dd0627473e52438ae3c4dd7a0655aaf36bc05d13b856fd7b2975adJmltdHM9MTc4ODA0ODAwMA&ptn=3&ver=2&hsh=4&fclid=3ec2f2c5-8ae9-6554-3a73-e5008b8364b4&u=a1aHR0cHM6Ly9vcHRpbWFhY2FkZW15Lm9ubGluZS8&ntb=1 | https://www.bing.com/ck/a?!&&p=35c221c24e6263c2aabb59adeef293579b9e4c036cfe6a001a07830d7a456df7JmltdHM9MTc4ODA0ODAwMA&ptn=3&ver=2&hsh=4&fclid=3ec2f2c5-8ae9-6554-3a73-e5008b8364b4&u=a1aHR0cHM6Ly9wb3J0YWwub3B0aW1hdGF4LmNvbS8&ntb=1 | https://www.bing.com/ck/a?!&&p=b57a19c68958a00d41fd29bdc78f7600e7e38b794fa01fcb1baed2dd20e0ccffJmltdHM9MTc4ODA0ODAwMA&ptn=3&ver=2&hsh=4&fclid=3ec2f2c5-8ae9-6554-3a73-e5008b8364b4&u=a1aHR0cHM6Ly93d3cubmV0aGVhbHRoLmNvbS9vcHRpbWEtc2tpbGxlZC1udXJzaW5nLXJlaGFiLWVoci8&ntb=1 | https://www.bing.com/ck/a?!&&p=96deb1f45f12fe40d28178354ee2b2888920b3ef79bec3a1efd02bef4e89a9f3JmltdHM9MTc4ODA0ODAwMA&ptn=3&ver=2&hsh=4&fclid=3ec2f2c5-8ae9-6554-3a73-e5008b8364b4&u=a1aHR0cHM6Ly93d3cuY2FzYW9mdGhldGVudGgub3JnL2N1cnJlbnQtYWR2b2NhdGVzL29wdGltYS1sb2dpbi8&ntb=1 | https://www.bing.com/ck/a?!&&p=7ac86566bbcdc87654cdd357c4ce061a01207b5e8fb6a4c72af76b9f98d7255bJmltdHM9MTc4ODA0ODAwMA&ptn=3&ver=2&hsh=4&fclid=3ec2f2c5-8ae9-6554-3a73-e5008b8364b4&u=a1aHR0cHM6Ly9tZW1iZXJ1YXQub3B0aW1haGVhbHRoLmNvbS9hY2NvdW50L3NpZ24taW4&ntb=1 | https://www.bing.com/ck/a?!&&p=3ec946b47131b7c84deb429edd39b2cf4734247467459bda3d572ad493d1c3e4JmltdHM9MTc4ODA0ODAwMA&ptn=3&ver=2&hsh=4&fclid=3ec2f2c5-8ae9-6554-3a73-e5008b8364b4&u=a1aHR0cHM6Ly93d3cub3B0aW1hLXBhY2thZ2luZy5jb20vZW4&ntb=1 | https://www.bing.com/ck/a?!&&p=e486dba18dd5967cf411fab21c156f7e045eb343315846c7029ca098fb1c2298JmltdHM9MTc4ODA0ODAwMA&ptn=3&ver=2&hsh=4&fclid=33641912-bd32-6137-0e14-0ed7bcde60f7&u=a1aHR0cHM6Ly93d3cub3B0aW1hYmF0dGVyaWVzLmNvbS8&ntb=1 | https://www.bing.com/ck/a?!&&p=d225d7fff2c94a74a3d6c656139635033f43701f4908826a8376ea8ebb720685JmltdHM9MTc4ODA0ODAwMA&ptn=3&ver=2&hsh=4&fclid=33641912-bd32-6137-0e14-0ed7bcde60f7&u=a1aHR0cHM6Ly93d3cubmV0aGVhbHRoLmNvbS9sb2dpbi8&ntb=1 | https://www.bing.com/ck/a?!&&p=f0e9dc0fe58df02432e94df6ac7ea04661c3dfcbe3fc766d4f7bae416232e273JmltdHM9MTc4ODA0ODAwMA&ptn=3&ver=2&hsh=4&fclid=33641912-bd32-6137-0e14-0ed7bcde60f7&u=a1aHR0cHM6Ly9vcHRpbWFtZWQuY29tL2xvY2F0aW9ucy8&ntb=1,PRIOR_STAGE2_CANDIDATE;KSW_LISTINGS_3_PLUS;LOCATIONS_3_PLUS;LEGAL_ENTITIES_2_PLUS,VERIFY_PRIOR,CONFIRMED_30_PLUS,30,,AUSTRIA_GROUP,HIGH,Official Austrian company/group page states approximately or explicitly 30 employees.,https://www.optima.at/jobs-offene-stellen/,Official site employee statement around 30.,Official-site employee statement is sufficient for a 30+ lower bound.,SINGLE,CONFIRMED_20_PLUS,,,unresolved,Ownership/control layer was not safely established from public evidence; operational management is retained where verified.,UNRESOLVED,,,LOW,,No ownership was inferred from surname. Unknown share percentages remain null. For international/network firms the Austrian operational leadership is preferred over a global parent.,,,,,,,,,,,,,30_49,A_PRIORITY_30_200,https://www.optima.at/jobs-offene-stellen/,,
domain:ornezeder.at,Ornezeder & Partner GmbH & Co KG Steuerberatung und Wirtschaftsprüfung,ornezeder.at,http://www.ornezeder.at,maria.povacz@ornezeder.at | vbruck@ornezeder.at | geschaeftsleitung@ornezeder.at | hermine.ornezeder@ornezeder.at | kanzlei@ornezeder.at | christa.karigl@ornezeder.at | sylvia.gebetsberger@ornezeder.at,+43 676 842 098 50 | +43 7735 200 98 | +43 7735 201 28 | +43 7684 63 93 0 | +43 676 842 098 20 | +43 7684 63 93 13 | +43 676 84 20 98 15 | +43 7672 723 81 0 | +43 7672 723 81 24 | +43 7684 63 93 | +43 7672 723 81 | +43 676 8 420 98 20 | +43 7672 72 381 | +43 7672 72 381 24,Gaspoltshofen Gemeinde: Gaspoltshofen Bezirk Grieskirchen +4 | Frankenmarkt Gemeinde: Frankenmarkt Bezirk Vöcklabruck +43 7 | Vöcklabruck Gemeinde: Vöcklabruck Bezirk Vöcklabruck +43 767,3,5,5,Ornezeder & Partner GmbH & Co KG Steuerberatung und Wirtschaftsprüfung | Karigl Beteiligungen und Steuerberatung GmbH | Ornezeder & Partner GmbH Steuerberatung und Wirtschaftsprüfung,https://ksw.or.at/mitgliederverzeichnis/?tx_kswmembers_membersdirectory%5Bcontroller%5D=MembersDirectory&tx_kswmembers_membersdirectory%5BcurrentPage%5D=486 | https://ksw.or.at/mitgliederverzeichnis/?tx_kswmembers_membersdirectory%5Bcontroller%5D=MembersDirectory&tx_kswmembers_membersdirectory%5BcurrentPage%5D=277 | https://ksw.or.at/mitgliederverzeichnis/?tx_kswmembers_membersdirectory%5Bcontroller%5D=MembersDirectory&tx_kswmembers_membersdirectory%5BcurrentPage%5D=382 | https://ksw.or.at/mitgliederverzeichnis/?tx_kswmembers_membersdirectory%5Bcontroller%5D=MembersDirectory&tx_kswmembers_membersdirectory%5BcurrentPage%5D=316 | https://ksw.or.at/mitgliederverzeichnis/?tx_kswmembers_membersdirectory%5Bcontroller%5D=MembersDirectory&tx_kswmembers_membersdirectory%5BcurrentPage%5D=207,1,CONFIRMED_30_PLUS,HIGH,42,42,official team/profile lower bound,,0,42,3,,,,https://www.ornezeder.at/ | https://www.ornezeder.at/unternehmensberatung/ | https://www.ornezeder.at/unternehmensbewertung/ | https://www.ornezeder.at/tool-unternehmensbewertung/ | https://www.ornezeder.at/nachfolge-unternehmensverkauf-uebernahme/ | https://www.ornezeder.at/ueber-uns/ | https://www.ornezeder.at/das-team/ | https://www.ornezeder.at/karriere_uebersicht/,PRIOR_STAGE2_CANDIDATE;TEAM_EMAILS_10_PLUS;JOB_LINKS_3_PLUS;KSW_LISTINGS_3_PLUS;LOCATIONS_3_PLUS;LEGAL_ENTITIES_2_PLUS,VERIFY_PRIOR,CONFIRMED_30_PLUS,41,,AUSTRIA_GROUP,HIGH,Official site provides a direct staff lower bound of at least 41.,https://www.ornezeder.at/,Official site exposes at least 41 distinct staff profiles/personal company-domain emails.,Staff-page lower bound alone proves 30+; no upper bound assumed.,SINGLE,CONFIRMED_20_PLUS,RZL Klientenportal Login RZL [Partner]; Gaspoltshofen Jetzt Termin [Partner]; Als Steuerberater [Management]; Kerstin Zu [Partner]; Vielen Dank [Partner]; Ihren Besuch [Partner]; Diese Technologien [Management]; Dieser Bericht [Partner]; Nach Erhalt [Partner]; Geschäftsführerin Christa Karigl-Ornezeder [Geschäftsführer],Bei Unternehmensverkauf (); Jetzt Termin (); Profitieren Sie (),Bei Unternehmensverkauf; Jetzt Termin; Profitieren Sie,"Public sources identify owner/shareholder names, but complete share percentages were not safely established.",PARTNER_OWNED,Bei Unternehmensverkauf; Jetzt Termin,Owner/Gesellschafter; Owner/Gesellschafter,MEDIUM_HIGH,https://www.ornezeder.at/ | https://www.ornezeder.at/ | https://www.ornezeder.at/ | https://www.ornezeder.at/ | https://www.ornezeder.at/ | https://www.ornezeder.at/ | https://www.ornezeder.at/ | https://www.ornezeder.at/tool-unternehmensbewertung/ | https://www.ornezeder.at/nachfolge-unternehmensverkauf-uebernahme/ | https://www.ornezeder.at/nachfolge-unternehmensverkauf-uebernahme/ | https://www.ornezeder.at/nachfolge-unternehmensverkauf-uebernahme/,No ownership was inferred from surname. Unknown share percentages remain null. For international/network firms the Austrian operational leadership is preferred over a global parent.,,central_fallback,20,,https://www.ornezeder.at/,vbruck@ornezeder.at,named_context_email,70,Bei Unternehmensverkauf,https://www.ornezeder.at/impressum/,+43767272381,,30_49,A_PRIORITY_30_200,https://www.ornezeder.at/,https://www.ornezeder.at/ | https://www.ornezeder.at/ | https://www.ornezeder.at/ | https://www.ornezeder.at/ | https://www.ornezeder.at/ | https://www.ornezeder.at/ | https://www.ornezeder.at/ | https://www.ornezeder.at/tool-unternehmensbewertung/ | https://www.ornezeder.at/nachfolge-unternehmensverkauf-uebernahme/ | https://www.ornezeder.at/nachfolge-unternehmensverkauf-uebernahme/ | https://www.ornezeder.at/nachfolge-unternehmensverkauf-uebernahme/,https://www.ornezeder.at/ | https://www.ornezeder.at/impressum/
domain:wt-steuerberatung.at,PHP Steuerberatung GmbH,wt-steuerberatung.at,http://www.wt-steuerberatung.at,mondsee@wt-steuerberatung.at,+43 6232 68 68 | +43 6232 68 68 20 | +43 6232 68 68 15 | +43 664 120 68 54,Mondsee Gemeinde: Mondsee Bezirk Vöcklabruck +43 6232 68 68,1,1,1,PHP Steuerberatung GmbH,https://ksw.or.at/mitgliederverzeichnis/?tx_kswmembers_membersdirectory%5Bcontroller%5D=MembersDirectory&tx_kswmembers_membersdirectory%5BcurrentPage%5D=94,1,CONFIRMED_30_PLUS,HIGH,31,31,official team/profile lower bound,,31,15,12,,,,https://www.hauer-partner.at/ | https://www.hauer-partner.at/ueber_uns/team/ | https://www.hauer-partner.at/ueber_uns/kanzlei_im_netz/ | https://www.hauer-partner.at/leistungen/unternehmensgruendung/ | https://www.hauer-partner.at/leistungen/unternehmensberatung/ | https://www.hauer-partner.at/leistungen/unternehmensnachfolge/ | https://www.hauer-partner.at/online_kanzlei/digitalisierung/ | https://www.hauer-partner.at/online_kanzlei/online_tools/,PRIOR_STAGE2_CANDIDATE;TEAM_PROFILES_10_PLUS;TEAM_EMAILS_10_PLUS;JOB_LINKS_3_PLUS,VERIFY_PRIOR,CONFIRMED_30_PLUS,31,,AUSTRIA_LEGAL_ENTITY,HIGH,Official site provides a direct staff lower bound of at least 31.,https://www.hauer-partner.at/,Official site exposes at least 31 distinct staff profiles/personal company-domain emails.,Staff-page lower bound alone proves 30+; no upper bound assumed.,SINGLE,CONFIRMED_20_PLUS,,,unresolved,Ownership/control layer was not safely established from public evidence; operational management is retained where verified.,UNRESOLVED,,,LOW,,No ownership was inferred from surname. Unknown share percentages remain null. For international/network firms the Austrian operational leadership is preferred over a global parent.,,,,,,,,,,,,,30_49,A_PRIORITY_30_200,https://www.hauer-partner.at/,,
domain:rauch-steuerberatung.at,Rauch Steuerberatung Gesellschaft m.b.H.,rauch-steuerberatung.at,http://www.rauch-steuerberatung.at,hubert.rauch@rauch-steuerberatung.at,+43 5272 65 01 | +43 5272 65 01 11,Steinach am Brenner Gemeinde: Steinach am Brenner Bezirk Inn,1,1,1,Rauch Steuerberatung Gesellschaft m.b.H.,https://ksw.or.at/mitgliederverzeichnis/?tx_kswmembers_membersdirectory%5Bcontroller%5D=MembersDirectory&tx_kswmembers_membersdirectory%5BcurrentPage%5D=397,1,CONFIRMED_30_PLUS,HIGH,41,41,official team/profile lower bound,,41,19,2,,,,https://www.rauch-steuerberatung.at/ | https://www.rauch-steuerberatung.at/at/kanzlei/impressum/ | https://www.rauch-steuerberatung.at/at/kanzlei/adresse_und_anfahrt/ | https://www.rauch-steuerberatung.at/at/kanzlei/team/ | https://www.rauch-steuerberatung.at/at/kanzlei/kontakt/ | https://www.rauch-steuerberatung.at/at/kanzlei/termin_vereinbaren/ | https://www.rauch-steuerberatung.at/at/kanzlei/karriere/ | https://www.rauch-steuerberatung.at/at/kanzlei/warum_zu_uns_/,PRIOR_STAGE2_CANDIDATE;TEAM_PROFILES_10_PLUS;TEAM_EMAILS_10_PLUS,VERIFY_PRIOR,CONFIRMED_30_PLUS,41,,AUSTRIA_LEGAL_ENTITY,HIGH,Official site provides a direct staff lower bound of at least 41.,https://www.rauch-steuerberatung.at/,Official site exposes at least 41 distinct staff profiles/personal company-domain emails.,Staff-page lower bound alone proves 30+; no upper bound assumed.,SINGLE,CONFIRMED_20_PLUS,RZL Klientenportal Behörden Förderstellen [Partner]; Partnerlinks Onlinetools Steuer-Rechner SV-Rechner [Partner]; BWL-Rechner Erinnerung Service Aktuelles [Partner]; Klienten Steuernews [Partner]; Ärzte Tipps [Partner]; Arbeitnehmer Anmeldung [Partner]; Newsletter Cookies Wir [Management]; Brenner Firmenbuch-Nummer FN [Geschäftsführer]; Firmenbuch-Gericht Innsbruck DVR [Geschäftsführer]; Ansprechpartner Sämtliche Anfragen [Partner],,unresolved,Ownership/control layer was not safely established from public evidence; operational management is retained where verified.,UNRESOLVED,Brenner Firmenbuch-Nummer FN; Firmenbuch-Gericht Innsbruck DVR; Ansprechpartner Sämtliche Anfragen,Geschäftsführer; Geschäftsführer; Partner,MEDIUM_HIGH,https://www.rauch-steuerberatung.at/ | https://www.rauch-steuerberatung.at/ | https://www.rauch-steuerberatung.at/ | https://www.rauch-steuerberatung.at/ | https://www.rauch-steuerberatung.at/ | https://www.rauch-steuerberatung.at/ | https://www.rauch-steuerberatung.at/ | https://www.rauch-steuerberatung.at/at/kanzlei/impressum/,No ownership was inferred from surname. Unknown share percentages remain null. For international/network firms the Austrian operational leadership is preferred over a global parent.,,central_context,24,Brenner Firmenbuch-Nummer FN,https://www.rauch-steuerberatung.at/at/kanzlei/impressum/ | https://www.rauch-steuerberatung.at/at/kanzlei/impressum/index.html,,generic_email,34,Ansprechpartner Sämtliche Anfragen,https://www.rauch-steuerberatung.at/at/kanzlei/impressum/ | https://www.rauch-steuerberatung.at/at/kanzlei/impressum/index.html,,,30_49,A_PRIORITY_30_200,https://www.rauch-steuerberatung.at/,https://www.rauch-steuerberatung.at/ | https://www.rauch-steuerberatung.at/ | https://www.rauch-steuerberatung.at/ | https://www.rauch-steuerberatung.at/ | https://www.rauch-steuerberatung.at/ | https://www.rauch-steuerberatung.at/ | https://www.rauch-steuerberatung.at/ | https://www.rauch-steuerberatung.at/at/kanzlei/impressum/,https://www.rauch-steuerberatung.at/at/kanzlei/impressum/ | https://www.rauch-steuerberatung.at/at/kanzlei/impressum/index.html | https://www.rauch-steuerberatung.at/at/kanzlei/impressum/ | https://www.rauch-steuerberatung.at/at/kanzlei/impressum/index.html
domain:appvienna.at,RG Steuerberatung GmbH,appvienna.at,http://appvienna.at,r.gruen@appvienna.at,+43 664 45 75 673 | +43 1 408 42 58 718 | +43 1 408 42 58 20,"Wien Gemeinde: Wien Wien 1.,Innere Stadt +43 664 45 75 673 r",1,1,1,RG Steuerberatung GmbH,https://ksw.or.at/mitgliederverzeichnis/?tx_kswmembers_membersdirectory%5Bcontroller%5D=MembersDirectory&tx_kswmembers_membersdirectory%5BcurrentPage%5D=375,1,CONFIRMED_30_PLUS,HIGH,32,32,official team/profile lower bound,,0,32,0,,,,https://www.appvienna.at/ | https://www.appvienna.at/our-team/,PRIOR_STAGE2_CANDIDATE;TEAM_EMAILS_10_PLUS;SANITY_SEED:APP,VERIFY_PRIOR,CONFIRMED_30_PLUS,32,,AUSTRIA_LEGAL_ENTITY,HIGH,Official site provides a direct staff lower bound of at least 32.,https://www.appvienna.at/,Official site exposes at least 32 distinct staff profiles/personal company-domain emails.,Staff-page lower bound alone proves 30+; no upper bound assumed.,SINGLE,CONFIRMED_20_PLUS,Tax Management Accounting Employment [Geschäftsführer]; Back Office Klaus Fritsch [Geschäftsführer]; Richard Grün Steuerberater [Geschäftsführer]; Dominik Eigner Steuerberater [Geschäftsführer]; Alexander Ritschl Steuerberater [Geschäftsführer]; Daniela Kaiser Steuerberaterin E-Mail [Geschäftsführer]; Michael Langer Steuerberater E-Mail [Management],Rechte Dritter (),Rechte Dritter,"Public sources identify owner/shareholder names, but complete share percentages were not safely established.",PARTNER_OWNED,Rechte Dritter,Owner/Gesellschafter,MEDIUM_HIGH,https://www.appvienna.at/our-team/ | https://www.appvienna.at/our-team/ | https://www.appvienna.at/our-team/ | https://www.appvienna.at/our-team/ | https://www.appvienna.at/our-team/ | https://www.appvienna.at/our-team/ | https://www.appvienna.at/our-team/ | https://www.appvienna.at/impressum-2/,No ownership was inferred from surname. Unknown share percentages remain null. For international/network firms the Austrian operational leadership is preferred over a global parent.,,central_fallback,20,,https://www.appvienna.at/,,generic_fallback,30,,https://www.appvienna.at/,+4314084258,wien@appvienna.at,30_49,A_PRIORITY_30_200,https://www.appvienna.at/,https://www.appvienna.at/our-team/ | https://www.appvienna.at/our-team/ | https://www.appvienna.at/our-team/ | https://www.appvienna.at/our-team/ | https://www.appvienna.at/our-team/ | https://www.appvienna.at/our-team/ | https://www.appvienna.at/our-team/ | https://www.appvienna.at/impressum-2/,https://www.appvienna.at/ | https://www.appvienna.at/
domain:rkp.at,RKP Steuerberatungsgesellschaft m.b.H.,rkp.at,http://www.rkp.at,j.riegler@rkp.at | f.schnur@rkp.at,+43 3332 60 05 700 | +43 3332 60 05 750 | +43 664 431 17 36 | +43 1 226 60 06 | +43 664 820 62 32,"Schildbach Gemeinde: Hartberg Umgebung Bezirk Hartberg-Fürst | Wien Gemeinde: Wien Wien 1.,Innere Stadt +43 1 226 60 06 +43 | Wien Gemeinde: Wien Wien 15.,Rudolfsheim-Fünfhaus +43 664 82",2,3,3,RKP Steuerberatungsgesellschaft m.b.H. | Franz Schnur Steuerberatung GmbH,https://ksw.or.at/mitgliederverzeichnis/?tx_kswmembers_membersdirectory%5Bcontroller%5D=MembersDirectory&tx_kswmembers_membersdirectory%5BcurrentPage%5D=102 | https://ksw.or.at/mitgliederverzeichnis/?tx_kswmembers_membersdirectory%5Bcontroller%5D=MembersDirectory&tx_kswmembers_membersdirectory%5BcurrentPage%5D=302 | https://ksw.or.at/mitgliederverzeichnis/?tx_kswmembers_membersdirectory%5Bcontroller%5D=MembersDirectory&tx_kswmembers_membersdirectory%5BcurrentPage%5D=34,1,CONFIRMED_30_PLUS,HIGH,30,30,official explicit employee count,30: en führenden Beratungsunternehmen mit Kompetenzzentren in Hartberg / Steiermark und Wien. Über 30 Mitarbeiter stehen Ihnen mit ihrem spezifischen und umfangreichen Branchen- und Fa,1,1,1,,,,https://www.rkp.at/ | https://www.rkp.at/unternehmensberatung/ | https://www.rkp.at/unternehmen/ | https://www.rkp.at/unternehmen/team/ | https://www.rkp.at/karriere/ | https://www.rkp.at/unternehmensberatung/sanierungsberatung/ | https://www.rkp.at/unternehmensberatung/qualitaetsmanagement/ | https://www.rkp.at/unternehmensberatung/businessplan/,PRIOR_STAGE2_CANDIDATE;KSW_LISTINGS_3_PLUS;LOCATIONS_3_PLUS;LEGAL_ENTITIES_2_PLUS;SANITY_SEED:RKP,VERIFY_PRIOR,CONFIRMED_30_PLUS,30,,AUSTRIA_GROUP,HIGH,Official Austrian company/group page states approximately or explicitly 30 employees.,https://www.rkp.at/unternehmen/,Official site employee statement around 30.,Official-site employee statement is sufficient for a 30+ lower bound.,SINGLE,CONFIRMED_20_PLUS,Ihren Unternehmenserfolg Immer [Partner]; Hanspeter Prenner BA [Geschäftsführung]; Controlling Monika Pichler Bilanzbuchhaltung [Geschäftsführer]; Controlling Hanspeter Prenner MA [Geschäftsführer]; Controlling Verena Rothen Bilanzbuchhaltung [Geschäftsführer]; Controlling Maria Schantl Bilanzbuchhaltung [Geschäftsführer]; Controlling Karl Scherf Business-Software [Geschäftsführer]; Franz Schnur CTE Steuerberater [Geschäftsführer]; Newsletter Ich [Geschäftsführer]; Datenschutz Richtlinien [Management],,unresolved,Ownership/control layer was not safely established from public evidence; operational management is retained where verified.,UNRESOLVED,Controlling Hanspeter Prenner MA; Controlling Karl Scherf Business-Software; Controlling Maria Schantl Bilanzbuchhaltung,Geschäftsführer; Geschäftsführer; Geschäftsführer,MEDIUM_HIGH,https://www.rkp.at/ | https://www.rkp.at/unternehmen/ | https://www.rkp.at/unternehmen/team/ | https://www.rkp.at/unternehmen/team/ | https://www.rkp.at/unternehmen/team/ | https://www.rkp.at/unternehmen/team/ | https://www.rkp.at/unternehmen/team/ | https://www.rkp.at/unternehmen/team/,No ownership was inferred from surname. Unknown share percentages remain null. For international/network firms the Austrian operational leadership is preferred over a global parent.,+4333326005,named_fixed_candidate,75,Controlling Hanspeter Prenner MA,https://www.rkp.at/unternehmen/team/,,generic_email,30,Controlling Hanspeter Prenner MA,https://www.rkp.at/impressum/,,,30_49,A_PRIORITY_30_200,https://www.rkp.at/unternehmen/,https://www.rkp.at/ | https://www.rkp.at/unternehmen/ | https://www.rkp.at/unternehmen/team/ | https://www.rkp.at/unternehmen/team/ | https://www.rkp.at/unternehmen/team/ | https://www.rkp.at/unternehmen/team/ | https://www.rkp.at/unternehmen/team/ | https://www.rkp.at/unternehmen/team/,https://www.rkp.at/unternehmen/team/ | https://www.rkp.at/impressum/
domain:rsm.at,RSM Austria Steuerberatung GmbH,rsm.at,http://www.rsm.at | http://www.rsmi.at,contact@rsm.at | stefan.walter@rsm.at | lukas.zeinler@rsm.at | ines@hofbauer-steffel.at | aa@auer-tax.at | michael.heck@rsm.at | katrin.windischhofer@rsm.at | ts@rsm.at | front.desk@rsm.at,+43 1 505 63 63 | +43 1 505 63 63 63 | +43 662 230 845 | +43 1 5056363 | +43 1 5056363 63 | +43 1 503 63 63 63,"Wien Gemeinde: Wien Wien 1.,Innere Stadt +43 1 505 63 63 +43 | Kitzbühel Gemeinde: Kitzbühel Bezirk Kitzbühel +43 1 505 63 | Salzburg Gemeinde: Salzburg Bezirk Salzburg(Stadt) +43 662 2 | Wien Gemeinde: Wien Wien 1.,Innere Stadt +43 1 5056363 +43 1",6,8,8,RSM Austria Steuerberatung GmbH | RSM Austria Wirtschaftsprüfung GmbH | Exacta Steuerberatung und Wirtschaftsprüfung GmbH | RSM Austria Global Employer Services Steuerberatung GmbH | RSM Austria Transaction Services Wirtschaftsprüfung GmbH | RSM Austria Holding Steuerberatung und Wirtschaftsprüfung GmbH,https://ksw.or.at/mitgliederverzeichnis/?tx_kswmembers_membersdirectory%5Bcontroller%5D=MembersDirectory&tx_kswmembers_membersdirectory%5BcurrentPage%5D=89 | https://ksw.or.at/mitgliederverzeichnis/?tx_kswmembers_membersdirectory%5Bcontroller%5D=MembersDirectory&tx_kswmembers_membersdirectory%5BcurrentPage%5D=91 | https://ksw.or.at/mitgliederverzeichnis/?tx_kswmembers_membersdirectory%5Bcontroller%5D=MembersDirectory&tx_kswmembers_membersdirectory%5BcurrentPage%5D=264 | https://ksw.or.at/mitgliederverzeichnis/?tx_kswmembers_membersdirectory%5Bcontroller%5D=MembersDirectory&tx_kswmembers_membersdirectory%5BcurrentPage%5D=53 | https://ksw.or.at/mitgliederverzeichnis/?tx_kswmembers_membersdirectory%5Bcontroller%5D=MembersDirectory&tx_kswmembers_membersdirectory%5BcurrentPage%5D=34 | https://ksw.or.at/mitgliederverzeichnis/?tx_kswmembers_membersdirectory%5Bcontroller%5D=MembersDirectory&tx_kswmembers_membersdirectory%5BcurrentPage%5D=295 | https://ksw.or.at/mitgliederverzeichnis/?tx_kswmembers_membersdirectory%5Bcontroller%5D=MembersDirectory&tx_kswmembers_membersdirectory%5BcurrentPage%5D=58,1,POSSIBLE_20_PLUS,LOW_MEDIUM,0,0,multiple scale signals; manual verification needed,,17,0,0,,,,https://www.rsm.global/austria/de | https://www.rsm.global/austria/de/service/tax/steuerplanung-fur-unternehmen | https://www.rsm.global/austria/de/ueber-rsm/ueber-uns | https://www.rsm.global/austria/de/ueber-rsm/unser-team | https://www.rsm.global/austria/de/ueber-rsm/unsere-standorte | https://www.rsm.global/meet-one-of-the-rsm-team,PRIOR_STAGE2_CANDIDATE;TEAM_PROFILES_10_PLUS;KSW_LISTINGS_3_PLUS;LOCATIONS_3_PLUS;LEGAL_ENTITIES_2_PLUS;SANITY_SEED:RSM,DEEP_RESEARCH,CONFIRMED_30_PLUS,45,,AUSTRIA_GROUP,HIGH,Official site provides a direct staff lower bound of at least 45.,https://www.rsm.global/austria/de,Official site exposes at least 45 distinct staff profiles/personal company-domain emails.,Staff-page lower bound alone proves 30+; no upper bound assumed.,SINGLE,CONFIRMED_20_PLUS,People's Business [Management]; Tax Mag [Managing Partner]; Kristina Babuder Hummel Senior [Managing Partner]; Tax Manager [Partner]; Leadership Mag [Managing Partner]; Senior Tax [Partner]; Senior Tax Manager [Partner]; Manuel Gruber MSc Senior [Partner]; Wetscher MSc Tax Manager [Partner]; Jandrasits LL [Partner],,unresolved,Ownership/control layer was not safely established from public evidence; operational management is retained where verified.,CORPORATE_GROUP,Andreas Auer; Australia Simon Hart Executive; China Jason Yau Head,Geschäftsführer; Managing Partner; Managing Partner,MEDIUM_HIGH,https://www.rsm.global/austria/de | https://www.rsm.global/austria/de/ueber-rsm/unser-team | https://www.rsm.global/austria/de/ueber-rsm/unser-team | https://www.rsm.global/austria/de/ueber-rsm/unser-team | https://www.rsm.global/austria/de/ueber-rsm/unser-team | https://www.rsm.global/austria/de/ueber-rsm/unser-team | https://www.rsm.global/austria/de/ueber-rsm/unser-team | https://www.rsm.global/austria/de/ueber-rsm/unser-team,No ownership was inferred from surname. Unknown share percentages remain null. For international/network firms the Austrian operational leadership is preferred over a global parent.,,,,,,rsmcommunications@rsm.global,named_context_email,70,Australia Simon Hart Executive,https://www.rsm.global/austria/de/geschaeftsbedingungen,,,30_49,A_PRIORITY_30_200,https://www.rsm.global/austria/de,https://www.rsm.global/austria/de | https://www.rsm.global/austria/de/ueber-rsm/unser-team | https://www.rsm.global/austria/de/ueber-rsm/unser-team | https://www.rsm.global/austria/de/ueber-rsm/unser-team | https://www.rsm.global/austria/de/ueber-rsm/unser-team | https://www.rsm.global/austria/de/ueber-rsm/unser-team | https://www.rsm.global/austria/de/ueber-rsm/unser-team | https://www.rsm.global/austria/de/ueber-rsm/unser-team,https://www.rsm.global/austria/de/geschaeftsbedingungen
domain:rtg-fritz.at,RTG Kleinwalsertal Steuerberatung GmbH,rtg-fritz.at,http://www.rtg-fritz.at | http://www.rtg.at,office.kwt@rtg.at | l.schurz@rtg.at | g.steger@rtg.at | j.feurstein@rtg-riezler.at,+43 5517 53 29 0 | +43 5517 53 29 72 | +43 5572 29 60 00 | +43 5572 29 60 044 | +43 650 36 11 708,Riezlern Gemeinde: Mittelberg Bezirk Bregenz +43 5517 53 29,1,1,1,RTG Kleinwalsertal Steuerberatung GmbH,https://ksw.or.at/mitgliederverzeichnis/?tx_kswmembers_membersdirectory%5Bcontroller%5D=MembersDirectory&tx_kswmembers_membersdirectory%5BcurrentPage%5D=380,1,NO_20PLUS_EVIDENCE,LOW,0,0,no reliable 20+ evidence found,,0,0,0,,,,,SANITY_SEED:RTG,DEEP_RESEARCH,CONFIRMED_30_PLUS,40,,AUSTRIA_LEGAL_ENTITY,HIGH,Official Austrian company/group page states approximately or explicitly 40 employees.,https://www.rtg.at/unternehmen,Official site employee statement around 40.,Official-site employee statement is sufficient for a 30+ lower bound.,SINGLE,CONFIRMED_20_PLUS,Moore Global Mag [Geschäftsführer]; Tanja Tiefenthaler Mag [Geschäftsführer]; Tanja Tiefenthaler [Geschäftsführung]; WP Partnerin Mag [Geschäftsführung]; Tiefgehende Expertise [Management]; Matthias Feurstein LL [Partner]; Alfred Geismayr WP [Partner]; Birgit Jochum StB PartnerIN [Partner]; Manfred Rümmele WP [Partner]; Ferdinand Schurz WP [Partner],Dunja Zwerger-Holdermann Firmenbuch-Nummer (); Feldkirch UID-Nummer (); Rechtsform RTG Dr (),Dunja Zwerger-Holdermann Firmenbuch-Nummer; Feldkirch UID-Nummer; Rechtsform RTG Dr,"Public sources identify owner/shareholder names, but complete share percentages were not safely established.",PARTNER_OWNED,Dunja Zwerger-Holdermann Firmenbuch-Nummer; Feldkirch UID-Nummer,Owner/Gesellschafter; Owner/Gesellschafter,MEDIUM_HIGH,https://www.rtg.at/unternehmen | https://www.rtg.at/unternehmen | https://www.rtg.at/unternehmen | https://www.rtg.at/unternehmen | https://www.rtg.at/unternehmen | https://www.rtg.at/unternehmen | https://www.rtg.at/unternehmen | https://www.rtg.at/unternehmen | https://www.rtg.at/impressum | https://www.rtg.at/impressum | https://www.rtg.at/impressum,No ownership was inferred from surname. Unknown share percentages remain null. For international/network firms the Austrian operational leadership is preferred over a global parent.,+436645313021,mobile_public,100,Dunja Zwerger-Holdermann Firmenbuch-Nummer,https://www.rtg.at/impressum,,generic_email,30,Dunja Zwerger-Holdermann Firmenbuch-Nummer,https://www.rtg.at/impressum,,,30_49,A_PRIORITY_30_200,https://www.rtg.at/unternehmen,https://www.rtg.at/unternehmen | https://www.rtg.at/unternehmen | https://www.rtg.at/unternehmen | https://www.rtg.at/unternehmen | https://www.rtg.at/unternehmen | https://www.rtg.at/unternehmen | https://www.rtg.at/unternehmen | https://www.rtg.at/unternehmen | https://www.rtg.at/impressum | https://www.rtg.at/impressum | https://www.rtg.at/impressum,https://www.rtg.at/impressum | https://www.rtg.at/impressum
domain:rtg-zettinig.at,RTG Zettinig Steuerberatung GmbH,rtg-zettinig.at,http://www.rtg-zettinig.at | http://www.rtg.at,office@rtg-zettinig.at | a.geismayr@rtg.at,+43 1 318 00 73 | +43 5572 363 66 | +43 699 12 96 00 18 | +43 1 3180073,"Wien Gemeinde: Wien Wien 3.,Landstraße +43 1 318 00 73 offic",1,1,1,RTG Zettinig Steuerberatung GmbH,https://ksw.or.at/mitgliederverzeichnis/?tx_kswmembers_membersdirectory%5Bcontroller%5D=MembersDirectory&tx_kswmembers_membersdirectory%5BcurrentPage%5D=434,1,NO_20PLUS_EVIDENCE,LOW,0,0,no reliable 20+ evidence found,,0,0,0,,,,,SANITY_SEED:RTG,DEEP_RESEARCH,CONFIRMED_30_PLUS,40,,AUSTRIA_LEGAL_ENTITY,HIGH,Official Austrian company/group page states approximately or explicitly 40 employees.,https://www.rtg.at/unternehmen,Official site employee statement around 40.,Official-site employee statement is sufficient for a 30+ lower bound.,SINGLE,CONFIRMED_20_PLUS,Moore Global Mag [Geschäftsführer]; Tanja Tiefenthaler Mag [Geschäftsführer]; Tanja Tiefenthaler [Geschäftsführung]; WP Partnerin Mag [Geschäftsführung]; Tiefgehende Expertise [Management]; Matthias Feurstein LL [Partner]; Alfred Geismayr WP [Partner]; Birgit Jochum StB PartnerIN [Partner]; Manfred Rümmele WP [Partner]; Ferdinand Schurz WP [Partner],Dunja Zwerger-Holdermann Firmenbuch-Nummer (); Feldkirch UID-Nummer (); Rechtsform RTG Dr (),Dunja Zwerger-Holdermann Firmenbuch-Nummer; Feldkirch UID-Nummer; Rechtsform RTG Dr,"Public sources identify owner/shareholder names, but complete share percentages were not safely established.",PARTNER_OWNED,Dunja Zwerger-Holdermann Firmenbuch-Nummer; Feldkirch UID-Nummer,Owner/Gesellschafter; Owner/Gesellschafter,MEDIUM_HIGH,https://www.rtg.at/unternehmen | https://www.rtg.at/unternehmen | https://www.rtg.at/unternehmen | https://www.rtg.at/unternehmen | https://www.rtg.at/unternehmen | https://www.rtg.at/unternehmen | https://www.rtg.at/unternehmen | https://www.rtg.at/unternehmen | https://www.rtg.at/impressum | https://www.rtg.at/impressum | https://www.rtg.at/impressum,No ownership was inferred from surname. Unknown share percentages remain null. For international/network firms the Austrian operational leadership is preferred over a global parent.,+436645313021,mobile_public,100,Dunja Zwerger-Holdermann Firmenbuch-Nummer,https://www.rtg.at/impressum,,generic_email,30,Dunja Zwerger-Holdermann Firmenbuch-Nummer,https://www.rtg.at/impressum,,,30_49,A_PRIORITY_30_200,https://www.rtg.at/unternehmen,https://www.rtg.at/unternehmen | https://www.rtg.at/unternehmen | https://www.rtg.at/unternehmen | https://www.rtg.at/unternehmen | https://www.rtg.at/unternehmen | https://www.rtg.at/unternehmen | https://www.rtg.at/unternehmen | https://www.rtg.at/unternehmen | https://www.rtg.at/impressum | https://www.rtg.at/impressum | https://www.rtg.at/impressum,https://www.rtg.at/impressum | https://www.rtg.at/impressum
domain:saller.at,Saller & Saller Steuerberatungsgesellschaft m.b.H.,saller.at,http://www.saller.at,team@saller.at | thomas.saller@saller.at | office@saller.at | maria.toferer@saller.at | grossarl@saller.at,+43 6462 27 41 0 | +43 6462 27 41 40 | +43 664 2419995 | +43 6462 2741 | +43 664 88 23 16 55 | +43 6462 2741 42 | +43 6462 2741 0,Bischofshofen Gemeinde: Bischofshofen Bezirk Sankt Johann im | Großarl Gemeinde: Großarl Bezirk Sankt Johann im Pongau +43,1,2,2,Saller & Saller Steuerberatungsgesellschaft m.b.H.,https://ksw.or.at/mitgliederverzeichnis/?tx_kswmembers_membersdirectory%5Bcontroller%5D=MembersDirectory&tx_kswmembers_membersdirectory%5BcurrentPage%5D=98 | https://ksw.or.at/mitgliederverzeichnis/?tx_kswmembers_membersdirectory%5Bcontroller%5D=MembersDirectory&tx_kswmembers_membersdirectory%5BcurrentPage%5D=424,1,CONFIRMED_30_PLUS,HIGH,35,35,official team/profile lower bound,,0,35,18,,,,https://www.saller.at/ | https://www.saller.at/karriere | https://www.saller.at/mandanteninfo | https://www.saller.at/unternehmensberatung | https://www.bing.com/ck/a?!&&p=eae7cf02664c0ed1409b9f759abcdeb8d93599f6f3f3c1bae66b286501ec2081JmltdHM9MTc4ODA0ODAwMA&ptn=3&ver=2&hsh=4&fclid=0cd7110f-7f72-61df-0584-06ca7e27601c&u=a1aHR0cHM6Ly93d3cuZGVmaW5pdGlvbnMubmV0L2RlZmluaXRpb24vU2FsbGVy&ntb=1 | https://www.bing.com/ck/a?!&&p=42fb092d35064d706dde61dc3a06f8c3eca283deba92a7682374caf161db1e67JmltdHM9MTc4ODA0ODAwMA&ptn=3&ver=2&hsh=4&fclid=0cd7110f-7f72-61df-0584-06ca7e27601c&u=a1aHR0cHM6Ly9lbi53aWtpcGVkaWEub3JnL3dpa2kvU2FsbGVy&ntb=1 | https://www.bing.com/ck/a?!&&p=a176e51c31be7db9c8caf2276dc733e6b4a2a4906c386e4f5f6a16f9b29299f7JmltdHM9MTc4ODA0ODAwMA&ptn=3&ver=2&hsh=4&fclid=0cd7110f-7f72-61df-0584-06ca7e27601c&u=a1aHR0cHM6Ly9lbi53aWtpcGVkaWEub3JnL3dpa2kvU3BvcnQtU2FsbGVy&ntb=1 | https://www.bing.com/ck/a?!&&p=3a732ed91177d7b7e5fd5c012969bccad05ac6f2d249f6c8b007424b5e113937JmltdHM9MTc4ODA0ODAwMA&ptn=3&ver=2&hsh=4&fclid=0cd7110f-7f72-61df-0584-06ca7e27601c&u=a1aHR0cHM6Ly93d3cuZGljdGlvbmFyeS5uZXQvZGljdGlvbmFyeS9zYWxsZXI&ntb=1 | https://www.bing.com/ck/a?!&&p=eaa2f9e8f3171963f9f4e9d5f5fdb2c4dfd70a768e8077348d75c9d88b1889d3JmltdHM9MTc4ODA0ODAwMA&ptn=3&ver=2&hsh=4&fclid=0cd7110f-7f72-61df-0584-06ca7e27601c&u=a1aHR0cHM6Ly93d3cuZGljdGlvbmFyeS5uZXQvY29tcGFyZS9zYWxsZXItdnMtc2VsbGVy&ntb=1 | https://www.bing.com/ck/a?!&&p=1b4132d600cb8665fca2684410e926966ece745cd4e845cc21fafc5f51baeaacJmltdHM9MTc4ODA0ODAwMA&ptn=3&ver=2&hsh=4&fclid=0cd7110f-7f72-61df-0584-06ca7e27601c&u=a1aHR0cDovL3NhbGxlci5uZXQv&ntb=1 | https://www.bing.com/ck/a?!&&p=7490fde0ce242f21dac668e360e5fec23dba9963faa37fce35938bddf1c51615JmltdHM9MTc4ODA0ODAwMA&ptn=3&ver=2&hsh=4&fclid=0cd7110f-7f72-61df-0584-06ca7e27601c&u=a1aHR0cHM6Ly93d3cubGVnYWN5LmNvbS9vYml0dWFyaWVzL25hbWUvc2FsbGVy&ntb=1 | https://www.bing.com/ck/a?!&&p=668cc20d1b718c843aebd31540858a627728fcf066f4cb986662e46abc013780JmltdHM9MTc4ODA0ODAwMA&ptn=3&ver=2&hsh=4&fclid=0cd7110f-7f72-61df-0584-06ca7e27601c&u=a1aHR0cHM6Ly93d3cud29yZG5pay5jb20vd29yZHMvc2FsbGVy&ntb=1 | https://www.bing.com/ck/a?!&&p=58a3f1544fac7a28124fae8e6b59d7894324fb1284170c631f6364287c0c97d4JmltdHM9MTc4ODA0ODAwMA&ptn=3&ver=2&hsh=4&fclid=3eb07b19-8ccd-6116-28b1-6cdc8de06062&u=a1aHR0cHM6Ly93d3cuZGVmaW5pdGlvbnMubmV0L2RlZmluaXRpb24vU2FsbGVy&ntb=1 | https://www.bing.com/ck/a?!&&p=7b15d6475d981f98aabe4bf7440ce1cbbc74a4ecd14145289009bc506f199474JmltdHM9MTc4ODA0ODAwMA&ptn=3&ver=2&hsh=4&fclid=3eb07b19-8ccd-6116-28b1-6cdc8de06062&u=a1aHR0cHM6Ly9lbi53aWtpcGVkaWEub3JnL3dpa2kvU2FsbGVy&ntb=1 | https://www.bing.com/ck/a?!&&p=cf5e8d396d3fd53df3236dd5bfee4019ecdc31613f16d952e3ac4df481d6e41dJmltdHM9MTc4ODA0ODAwMA&ptn=3&ver=2&hsh=4&fclid=3eb07b19-8ccd-6116-28b1-6cdc8de06062&u=a1aHR0cHM6Ly9lbi53aWtpcGVkaWEub3JnL3dpa2kvU3BvcnQtU2FsbGVy&ntb=1 | https://www.bing.com/ck/a?!&&p=b341bafd78fd2423173e025a4b39e2ba94f3f3b505565859c6c4641d3c709eb2JmltdHM9MTc4ODA0ODAwMA&ptn=3&ver=2&hsh=4&fclid=3eb07b19-8ccd-6116-28b1-6cdc8de06062&u=a1aHR0cHM6Ly93d3cuZGljdGlvbmFyeS5uZXQvZGljdGlvbmFyeS9zYWxsZXI&ntb=1,PRIOR_STAGE2_CANDIDATE;TEAM_EMAILS_10_PLUS;JOB_LINKS_3_PLUS,VERIFY_PRIOR,CONFIRMED_30_PLUS,31,,AUSTRIA_LEGAL_ENTITY,HIGH,Official site provides a direct staff lower bound of at least 31.,https://www.saller.at/,Official site exposes at least 31 distinct staff profiles/personal company-domain emails.,Staff-page lower bound alone proves 30+; no upper bound assumed.,SINGLE,CONFIRMED_20_PLUS,Tax Lawyer [Geschäftsführer]; Payroll Manager [Geschäftsführer]; Senior Account Manager [Geschäftsführer]; Geschäftsführerin Ihre Spezialistin [Geschäftsführer]; Maria Toferer Mag [Geschäftsführer]; Tax Lawyer Prokuristin [Management]; Austrian Experts [Vorstand]; Nina Thalhammer Mag [Vorstand]; Diplomierte Personalverrechnerin [Geschäftsführer]; Media Firmengeschichte Karriere Übersicht [Partner],,unresolved,Ownership/control layer was not safely established from public evidence; operational management is retained where verified.,UNRESOLVED,Austrian Experts; Diplomierte Personalverrechnerin; Geschäftsführerin Ihre Spezialistin,Vorstand; Geschäftsführer; Geschäftsführer,MEDIUM_HIGH,https://www.saller.at/ | https://www.saller.at/ | https://www.saller.at/ | https://www.saller.at/ | https://www.saller.at/ | https://www.saller.at/ | https://www.saller.at/ | https://www.saller.at/,No ownership was inferred from surname. Unknown share percentages remain null. For international/network firms the Austrian operational leadership is preferred over a global parent.,+43646227410,mobile_public,104,Austrian Experts,https://www.saller.at/ | https://www.saller.at/team,nina.thalhammer@saller.at,named_context_email,74,Austrian Experts,https://www.saller.at/ | https://www.saller.at/team,,,30_49,A_PRIORITY_30_200,https://www.saller.at/,https://www.saller.at/ | https://www.saller.at/ | https://www.saller.at/ | https://www.saller.at/ | https://www.saller.at/ | https://www.saller.at/ | https://www.saller.at/ | https://www.saller.at/,https://www.saller.at/ | https://www.saller.at/team | https://www.saller.at/ | https://www.saller.at/team
domain:smk-steuerberater.at,SMK Steuerberater GmbH,smk-steuerberater.at,https://www.smk-steuerberater.at/ | http://www.schietz.at | http://www.smk-steuerberater.at,office@smk-steuerberater.at | tanya.koblmueller@smk-steuerberater.at | jessica.schietz@schietz.at | office@schietz.at,+43 7282 66 66 6 | +43 7282 207 97 2200 | +43 7282 66 66 2299 | +43 7282 66 66 | +43 7282 6666 2299,Neufelden Gemeinde: Neufelden Bezirk Rohrbach +43 7282 66 66,1,1,1,SMK Steuerberater GmbH,https://ksw.or.at/mitgliederverzeichnis/?tx_kswmembers_membersdirectory%5Bcontroller%5D=MembersDirectory&tx_kswmembers_membersdirectory%5BcurrentPage%5D=314,1,CONFIRMED_30_PLUS,HIGH,45,45,official explicit employee count,"45: Unternehmen 1989 von Ernst Schietz mit nur einer Mitarbeiterin gegründet wurde, sind nun mehr als 45 Mitarbeiter:innen bei uns beschäftigt. Wir sind somit die führende Kanzlei in u",52,1,11,,,,https://www.smk-steuerberater.at/de/ | https://www.smk-steuerberater.at/de/kanzlei-smk/leitbild-philosophie | https://www.smk-steuerberater.at/de/kanzlei-smk/team | https://www.smk-steuerberater.at/de/kanzlei-smk/kanzlei-geschichte | https://www.smk-steuerberater.at/de/kanzlei-smk/kooperationspartner | https://www.smk-steuerberater.at/de/karriere | https://www.smk-steuerberater.at/de/karriere/bewerbung | https://www.smk-steuerberater.at/de/karriere/benefits,PRIOR_STAGE2_CANDIDATE;TEAM_PROFILES_10_PLUS;JOB_LINKS_3_PLUS,VERIFY_PRIOR,CONFIRMED_30_PLUS,45,,AUSTRIA_LEGAL_ENTITY,HIGH,Official Austrian company/group page states approximately or explicitly 45 employees.,https://www.smk-steuerberater.at/de/kanzlei-smk/kanzlei-geschichte,Official site employee statement around 45.,Official-site employee statement is sufficient for a 30+ lower bound.,SINGLE,CONFIRMED_20_PLUS,Personalverrechnung Jahresabschlüsse News [Partner]; Steuertipps Steuernews [Partner]; Klienten Steuernews [Partner]; Ärzte Gastronews Steuernews Landwirtschaft [Partner]; Vermieter Archiv News [Management]; Informieren Sie [Partner]; Helmuth Krammerbauer Geschäftsführun [Geschäftsführung]; Jessica Hofer-Schi [Geschäftsführung]; Kerstin Höretzeder Geschä [Geschäftsführung]; Lydia Wiesinger [Geschäftsführung],Ernst Schietz (); Johannes Pfoser (); Kerstin Höretzeder (); Betriebliche Gesundheitsförderung (); Helmuth Krammerbauer (),Ernst Schietz; Johannes Pfoser; Kerstin Höretzeder; Betriebliche Gesundheitsförderung,"Public sources identify owner/shareholder names, but complete share percentages were not safely established.",PARTNER_OWNED,Ernst Schietz; Johannes Pfoser,Owner/Gesellschafter; Owner/Gesellschafter,MEDIUM_HIGH,https://www.smk-steuerberater.at/de/ | https://www.smk-steuerberater.at/de/ | https://www.smk-steuerberater.at/de/ | https://www.smk-steuerberater.at/de/ | https://www.smk-steuerberater.at/de/ | https://www.smk-steuerberater.at/de/ | https://www.smk-steuerberater.at/de/kanzlei-smk/team | https://www.smk-steuerberater.at/de/kanzlei-smk/team | https://www.smk-steuerberater.at/de/kanzlei-smk/kanzlei-geschichte | https://www.smk-steuerberater.at/de/kanzlei-smk/kanzlei-geschichte | https://www.smk-steuerberater.at/de/kanzlei-smk/kanzlei-geschichte | https://www.smk-steuerberater.at/de/kanzlei-smk/kanzlei-geschichte | https://www.smk-steuerberater.at/de/kanzlei-smk/kanzlei-geschichte,No ownership was inferred from surname. Unknown share percentages remain null. For international/network firms the Austrian operational leadership is preferred over a global parent.,,central_context,20,Ernst Schietz,https://www.smk-steuerberater.at/de/,,generic_email,30,Ernst Schietz,https://www.smk-steuerberater.at/de/,,,30_49,A_PRIORITY_30_200,https://www.smk-steuerberater.at/de/kanzlei-smk/kanzlei-geschichte,https://www.smk-steuerberater.at/de/ | https://www.smk-steuerberater.at/de/ | https://www.smk-steuerberater.at/de/ | https://www.smk-steuerberater.at/de/ | https://www.smk-steuerberater.at/de/ | https://www.smk-steuerberater.at/de/ | https://www.smk-steuerberater.at/de/kanzlei-smk/team | https://www.smk-steuerberater.at/de/kanzlei-smk/team | https://www.smk-steuerberater.at/de/kanzlei-smk/kanzlei-geschichte | https://www.smk-steuerberater.at/de/kanzlei-smk/kanzlei-geschichte | https://www.smk-steuerberater.at/de/kanzlei-smk/kanzlei-geschichte | https://www.smk-steuerberater.at/de/kanzlei-smk/kanzlei-geschichte | https://www.smk-steuerberater.at/de/kanzlei-smk/kanzlei-geschichte,https://www.smk-steuerberater.at/de/ | https://www.smk-steuerberater.at/de/
domain:centurion.at,Treuhand HG 8 Wirtschaftsprüfungs GmbH,centurion.at,https://www.centurion.at | http://www.centurion.at | http://www.maurer-wt.at | http://www.adler-simonet.at,office@centurion.at | stephan.maurer@maurer-wt.at | wolfgang.adler@centurion.at | adler@adler-simonet.at | joerg.steiner@centurion.at | stefan.weinzettl@centurion.at,+43 1 39 17 00 | +43 1 391700 | +43 1 391700 210 | +43 1 39 17 00 233 | +43 1 39 17 00 9233 | +43 664 312 55 30 | +43 1 39 17 00 210 | +43 664 84 66 000,"Wien Gemeinde: Wien Wien 1.,Innere Stadt +43 1 39 17 00 offi | Wien Gemeinde: Wien Wien 1.,Innere Stadt +43 1 39 17 00 233 | Wien Gemeinde: Wien Wien 1.,Innere Stadt +43 1 39 17 00 +43",3,3,3,Treuhand HG 8 Wirtschaftsprüfungs GmbH | MOORE CENTURION Wirtschaftsprüfungs- und Steuerberatungs GmbH | MOORE CENTURION CONSULT Wirtschaftsprüfungs- und Steuerberatungs GmbH,https://ksw.or.at/mitgliederverzeichnis/?tx_kswmembers_membersdirectory%5Bcontroller%5D=MembersDirectory&tx_kswmembers_membersdirectory%5BcurrentPage%5D=13 | https://ksw.or.at/mitgliederverzeichnis/?tx_kswmembers_membersdirectory%5Bcontroller%5D=MembersDirectory&tx_kswmembers_membersdirectory%5BcurrentPage%5D=148 | https://ksw.or.at/mitgliederverzeichnis/?tx_kswmembers_membersdirectory%5Bcontroller%5D=MembersDirectory&tx_kswmembers_membersdirectory%5BcurrentPage%5D=295,1,POSSIBLE_20_PLUS,LOW_MEDIUM,0,0,multiple scale signals; manual verification needed,,0,14,9,,,,https://www.centurion.at/start.html | https://www.centurion.at/unsere-kanzlei/ueber-uns.html | https://www.centurion.at/unsere-kanzlei/moore-netzwerk.html | https://www.centurion.at/unsere-kanzlei/ansprechpartner.html | https://www.centurion.at/unsere-kanzlei/transparenz-qualtaet.html | https://www.centurion.at/unsere-kanzlei/kontakt-anfahrt.html | https://www.centurion.at/wirtschaftspruefung/sonstige-pruefungs-stellen.html | https://www.centurion.at/unternehmensberatung.html,PRIOR_STAGE2_CANDIDATE;TEAM_EMAILS_10_PLUS;JOB_LINKS_3_PLUS;KSW_LISTINGS_3_PLUS;LOCATIONS_3_PLUS;LEGAL_ENTITIES_2_PLUS;SANITY_SEED:MOORE,DEEP_RESEARCH,CONFIRMED_30_PLUS,30,,AUSTRIA_GROUP,HIGH,Official Austrian company/group page states approximately or explicitly 30 employees.,https://www.centurion.at/unsere-kanzlei/moore-netzwerk.html,Official site employee statement around 30.,Official-site employee statement is sufficient for a 30+ lower bound.,SINGLE,CONFIRMED_20_PLUS,UD Navigation [Partner]; MOORE Netzwerk Ansprech [Partner]; Abschlussprüfung PIE Prüfung Non-Profit [Partner]; Organisationen ESG Audit Sachverständigen [Partner]; Sonstige Prüfungs [Management]; MOORE CENTURION Lernen Sie [Partner]; Lösungen Kontaktieren Sie [Partner]; Geschäftszeiten Mo-Do [Partner]; Uhr Fr [Partner]; Uhr Navigation [Partner],,unresolved,Ownership/control layer was not safely established from public evidence; operational management is retained where verified.,UNRESOLVED,Barbara Worsch Steuerberaterin; Details Dr; Details MOORE CENTURION Gesch,Geschäftsführer; Geschäftsführer; Geschäftsführer,MEDIUM_HIGH,https://www.centurion.at/start.html | https://www.centurion.at/start.html | https://www.centurion.at/start.html | https://www.centurion.at/start.html | https://www.centurion.at/start.html | https://www.centurion.at/start.html | https://www.centurion.at/start.html | https://www.centurion.at/start.html,No ownership was inferred from surname. Unknown share percentages remain null. For international/network firms the Austrian operational leadership is preferred over a global parent.,,central_context,28,Barbara Worsch Steuerberaterin,https://www.centurion.at/karriere/arbeiten-bei-centurion.html | https://www.centurion.at/karriere/bewerbungsprozess.html | https://www.centurion.at/karriere/karriere-bei-moore-centurion.html,christine.steinkellner@centurion.at,named_context_email,78,Barbara Worsch Steuerberaterin,https://www.centurion.at/karriere/arbeiten-bei-centurion.html | https://www.centurion.at/karriere/bewerbungsprozess.html | https://www.centurion.at/karriere/karriere-bei-moore-centurion.html,,,30_49,A_PRIORITY_30_200,https://www.centurion.at/unsere-kanzlei/moore-netzwerk.html,https://www.centurion.at/start.html | https://www.centurion.at/start.html | https://www.centurion.at/start.html | https://www.centurion.at/start.html | https://www.centurion.at/start.html | https://www.centurion.at/start.html | https://www.centurion.at/start.html | https://www.centurion.at/start.html,https://www.centurion.at/karriere/arbeiten-bei-centurion.html | https://www.centurion.at/karriere/bewerbungsprozess.html | https://www.centurion.at/karriere/karriere-bei-moore-centurion.html | https://www.centurion.at/karriere/arbeiten-bei-centurion.html | https://www.centurion.at/karriere/bewerbungsprozess.html | https://www.centurion.at/karriere/karriere-bei-moore-centurion.html
domain:tyrodat.at,Tyrodat Wirtschaftstreuhandgesellschaft m.b.H.,tyrodat.at,http://www.tyrodat.at | http://www.rauch-steuerberatung.at,office@tyrodat.at | hubert.rauch@rauch-steuerberatung.at | peter.stockner@rauch-steuerberatung.at,+43 512 58 78 15 | +43 512 58 78 15 31 | +43 5272 65 01 | +43 5272 65 01 11 | +43 664 598 38 21,Wilten Gemeinde: Innsbruck Bezirk Innsbruck-Stadt +43 512 58,1,1,1,Tyrodat Wirtschaftstreuhandgesellschaft m.b.H.,https://ksw.or.at/mitgliederverzeichnis/?tx_kswmembers_membersdirectory%5Bcontroller%5D=MembersDirectory&tx_kswmembers_membersdirectory%5BcurrentPage%5D=257,1,CONFIRMED_30_PLUS,HIGH,33,33,official team/profile lower bound,,33,16,2,,,,https://www.tyrodat.at/ | https://www.tyrodat.at/at/kanzlei/impressum/ | https://www.tyrodat.at/at/kanzlei/adresse_und_anfahrt/ | https://www.tyrodat.at/at/kanzlei/team/ | https://www.tyrodat.at/at/kanzlei/kontakt/ | https://www.tyrodat.at/at/kanzlei/termin_vereinbaren/ | https://www.tyrodat.at/at/kanzlei/karriere/ | https://www.tyrodat.at/at/kanzlei/warum_zu_uns_/,PRIOR_STAGE2_CANDIDATE;TEAM_PROFILES_10_PLUS;TEAM_EMAILS_10_PLUS,VERIFY_PRIOR,CONFIRMED_30_PLUS,34,,AUSTRIA_LEGAL_ENTITY,HIGH,Official site provides a direct staff lower bound of at least 34.,https://www.tyrodat.at/,Official site exposes at least 34 distinct staff profiles/personal company-domain emails.,Staff-page lower bound alone proves 30+; no upper bound assumed.,SINGLE,,,,,,,,,,,,,,,,,,,,,,,,30_49,A_PRIORITY_30_200,https://www.tyrodat.at/,,
domain:prowest.tirol,Vogelsberger Wacker & Partner Steuerberatungs GmbH,prowest.tirol,http://www.prowest.tirol | http://www.pro-west.at,innsbruck@prowest.tirol | h.vogelsberger@prowest.tirol | p.wacker@prowest.tirol,+43 512 33 411 | +43 512 33411 7 | +43 512 33 411 7 | +43 676 534 98 83,Pradl Gemeinde: Innsbruck Bezirk Innsbruck-Stadt +43 512 33,2,2,2,Vogelsberger Wacker & Partner Steuerberatungs GmbH | Vogelsberger Wacker & Partner Steuerberatungs GmbH & Co KG,https://ksw.or.at/mitgliederverzeichnis/?tx_kswmembers_membersdirectory%5Bcontroller%5D=MembersDirectory&tx_kswmembers_membersdirectory%5BcurrentPage%5D=129 | https://ksw.or.at/mitgliederverzeichnis/?tx_kswmembers_membersdirectory%5Bcontroller%5D=MembersDirectory&tx_kswmembers_membersdirectory%5BcurrentPage%5D=520,1,CONFIRMED_30_PLUS,HIGH,44,44,official team/profile lower bound,,1,44,1,,,,https://www.prowest.tirol/ | https://www.prowest.tirol/team/ | https://www.prowest.tirol/karriere/,PRIOR_STAGE2_CANDIDATE;TEAM_EMAILS_10_PLUS;LEGAL_ENTITIES_2_PLUS,VERIFY_PRIOR,CONFIRMED_30_PLUS,44,,AUSTRIA_GROUP,HIGH,Official site provides a direct staff lower bound of at least 44.,https://www.prowest.tirol/,Official site exposes at least 44 distinct staff profiles/personal company-domain emails.,Staff-page lower bound alone proves 30+; no upper bound assumed.,SINGLE,CONFIRMED_20_PLUS,Wirtschaftstreuhänder Umfassend [Geschäftsführer]; Wirtschaftsberatungskanzlei PROWEST [Partner]; Google Privacy Policy [Partner]; Uhr Fr [Partner]; Standort Innsbruck Mag [Geschäftsführung]; Verena Isser Sekretariat [Management]; Standort Mieming Simone Muglach [Geschäftsführung]; Angelika Stocker Bilanzierung [Geschäftsführung]; Michaela Hornof [Management]; BA Bilanzierung [Management],Rechte Dritter (); Umsetzung Fotos (); Meinrad Hofer (); Reinhard Georg-Tripp Website Programmierung (); Schutz Ihrer (),Rechte Dritter; Umsetzung Fotos; Meinrad Hofer; Reinhard Georg-Tripp Website Programmierung,"Public sources identify owner/shareholder names, but complete share percentages were not safely established.",PARTNER_OWNED,Rechte Dritter; Umsetzung Fotos,Owner/Gesellschafter; Owner/Gesellschafter,MEDIUM_HIGH,https://www.prowest.tirol/ | https://www.prowest.tirol/ | https://www.prowest.tirol/ | https://www.prowest.tirol/ | https://www.prowest.tirol/team/ | https://www.prowest.tirol/team/ | https://www.prowest.tirol/team/ | https://www.prowest.tirol/team/ | https://www.prowest.tirol/impressum/ | https://www.pro-west.at/impressum | https://www.pro-west.at/impressum | https://www.pro-west.at/impressum | https://www.pro-west.at/impressum,No ownership was inferred from surname. Unknown share percentages remain null. For international/network firms the Austrian operational leadership is preferred over a global parent.,,central_fallback,20,,https://www.prowest.tirol/,,generic_fallback,30,,https://www.prowest.tirol/,+4351233411,innsbruck@prowest.tirol,30_49,A_PRIORITY_30_200,https://www.prowest.tirol/,https://www.prowest.tirol/ | https://www.prowest.tirol/ | https://www.prowest.tirol/ | https://www.prowest.tirol/ | https://www.prowest.tirol/team/ | https://www.prowest.tirol/team/ | https://www.prowest.tirol/team/ | https://www.prowest.tirol/team/ | https://www.prowest.tirol/impressum/ | https://www.pro-west.at/impressum | https://www.pro-west.at/impressum | https://www.pro-west.at/impressum | https://www.pro-west.at/impressum,https://www.prowest.tirol/ | https://www.prowest.tirol/
domain:wertvoll.tax,wertvoll Steuerberatung GmbH,wertvoll.tax,http://www.wertvoll.tax,mittersill@wertvoll.tax | e.hilzensauer@wertvoll.tax | h.armstorfer@wertvoll.tax | christoph.magauer@sbg.at | a.voithofer@wertvoll.tax | saalfelden@wertvoll.tax | stb.m.goellner@sbg.at | m.goellner@prodinger.at,+43 6562 62 96 | +43 6562 62 96 20 | +43 6562 62 96 5001 | +43 6562 62 96 5020 | +43 664 134 41 17 | +43 6582 725 35 | +43 6582 725 35 1 | +43 6582 20256 | +43 6562 62 96 0,Mittersill Gemeinde: Mittersill Bezirk Zell am See +43 6562 | Saalfelden am Steinernen Meer Gemeinde: Saalfelden am Steine,2,4,4,wertvoll Steuerberatung GmbH | wertvoll Steuerberatung GmbH & Co KG,https://ksw.or.at/mitgliederverzeichnis/?tx_kswmembers_membersdirectory%5Bcontroller%5D=MembersDirectory&tx_kswmembers_membersdirectory%5BcurrentPage%5D=329 | https://ksw.or.at/mitgliederverzeichnis/?tx_kswmembers_membersdirectory%5Bcontroller%5D=MembersDirectory&tx_kswmembers_membersdirectory%5BcurrentPage%5D=150 | https://ksw.or.at/mitgliederverzeichnis/?tx_kswmembers_membersdirectory%5Bcontroller%5D=MembersDirectory&tx_kswmembers_membersdirectory%5BcurrentPage%5D=232 | https://ksw.or.at/mitgliederverzeichnis/?tx_kswmembers_membersdirectory%5Bcontroller%5D=MembersDirectory&tx_kswmembers_membersdirectory%5BcurrentPage%5D=471,1,POSSIBLE_20_PLUS,LOW_MEDIUM,0,0,multiple scale signals; manual verification needed,,0,0,0,,,,,PRIOR_STAGE2_CANDIDATE;KSW_LISTINGS_3_PLUS;LOCATIONS_3_PLUS;LEGAL_ENTITIES_2_PLUS,DEEP_RESEARCH,CONFIRMED_30_PLUS,36,,AUSTRIA_GROUP,HIGH,Official Austrian company/group page states approximately or explicitly 36 employees.,https://www.wertvoll.tax/kanzlei/philosophie_und_geschichte/,Official site employee statement around 36.,Official-site employee statement is sufficient for a 30+ lower bound.,SINGLE,CONFIRMED_20_PLUS,Steueroptimierungen Vermögensabsicherungsmodelle Gesellschaftsrecht Betriebsübergaben [Geschäftsführung]; Optimierung Rechtsformgestaltung Unternehmensnachfolge [Geschäftsführung]; Manuela Hutter Geschäftsf [Geschäftsführung]; Gründungsberatung UGB-Rechnungslegung Betriebswirtschaftliche Auswertungen [Geschäftsführung]; Gründungsberatung Steuerliche [Geschäftsführung]; Optimierung Rechtsformgestaltung Unternehmensnachfolge MMag [Geschäftsführung]; Markus Göllner Geschäftsführ [Geschäftsführung]; Sozialversicherung Gründungsberatung Betriebsübergaben Mag [Geschäftsführung]; Mediationsausbildung Mag [Geschäftsführung]; Sie Ihre [Partner],Diesen Standort (); Firma MMag (); Markus Göllner (); Horst Armstorfer (); Christoph Magauer (); Im November (); Standort Mühlbachweg (),Diesen Standort; Firma MMag; Markus Göllner; Horst Armstorfer,"Public sources identify owner/shareholder names, but complete share percentages were not safely established.",PARTNER_OWNED,Diesen Standort; Firma MMag,Owner/Gesellschafter; Owner/Gesellschafter,MEDIUM_HIGH,https://www.wertvoll.tax/ | https://www.wertvoll.tax/ | https://www.wertvoll.tax/ | https://www.wertvoll.tax/ | https://www.wertvoll.tax/kanzlei/team_saalfelden/ | https://www.wertvoll.tax/kanzlei/team_saalfelden/ | https://www.wertvoll.tax/kanzlei/team_saalfelden/ | https://www.wertvoll.tax/kanzlei/team_saalfelden/ | https://www.wertvoll.tax/kanzlei/philosophie_und_geschichte/ | https://www.wertvoll.tax/kanzlei/philosophie_und_geschichte/ | https://www.wertvoll.tax/kanzlei/philosophie_und_geschichte/ | https://www.wertvoll.tax/kanzlei/philosophie_und_geschichte/ | https://www.wertvoll.tax/kanzlei/philosophie_und_geschichte/ | https://www.wertvoll.tax/kanzlei/philosophie_und_geschichte/ | https://www.wertvoll.tax/kanzlei/philosophie_und_geschichte/,No ownership was inferred from surname. Unknown share percentages remain null. For international/network firms the Austrian operational leadership is preferred over a global parent.,,,,,,,,,,,,,30_49,A_PRIORITY_30_200,https://www.wertvoll.tax/kanzlei/philosophie_und_geschichte/,https://www.wertvoll.tax/ | https://www.wertvoll.tax/ | https://www.wertvoll.tax/ | https://www.wertvoll.tax/ | https://www.wertvoll.tax/kanzlei/team_saalfelden/ | https://www.wertvoll.tax/kanzlei/team_saalfelden/ | https://www.wertvoll.tax/kanzlei/team_saalfelden/ | https://www.wertvoll.tax/kanzlei/team_saalfelden/ | https://www.wertvoll.tax/kanzlei/philosophie_und_geschichte/ | https://www.wertvoll.tax/kanzlei/philosophie_und_geschichte/ | https://www.wertvoll.tax/kanzlei/philosophie_und_geschichte/ | https://www.wertvoll.tax/kanzlei/philosophie_und_geschichte/ | https://www.wertvoll.tax/kanzlei/philosophie_und_geschichte/ | https://www.wertvoll.tax/kanzlei/philosophie_und_geschichte/ | https://www.wertvoll.tax/kanzlei/philosophie_und_geschichte/,
domain:wt-oberland.at,Wirtschaftstreuhand Oberland Steuerberatungs GmbH,wt-oberland.at,http://www.wt-oberland.at | http://members.aon.at/schmid.alfred,wt@wt-oberland.at | schmid.alfred@aon.at | t.zerzer@wt-oberland.at | m.schweisgut@wt-oberland.at | a.schmid@wt-oberland.at,+43 5472 280 28 | +43 5472 280 28 50 | +43 5473 873 00 | +43 5473 873 00 4 | +43 5472 280 28 0,Ried im Oberinntal Gemeinde: Ried im Oberinntal Bezirk Lande,2,2,2,Wirtschaftstreuhand Oberland Steuerberatungs GmbH | Wirtschaftstreuhand Oberland Steuerberatungs GmbH & Co KG,https://ksw.or.at/mitgliederverzeichnis/?tx_kswmembers_membersdirectory%5Bcontroller%5D=MembersDirectory&tx_kswmembers_membersdirectory%5BcurrentPage%5D=522 | https://ksw.or.at/mitgliederverzeichnis/?tx_kswmembers_membersdirectory%5Bcontroller%5D=MembersDirectory&tx_kswmembers_membersdirectory%5BcurrentPage%5D=346,1,CONFIRMED_30_PLUS,HIGH,35,35,official team/profile lower bound,,7,35,7,,,,https://www.wt-oberland.at/ | https://www.wt-oberland.at/team/ | https://www.wt-oberland.at/geschichte/ | https://www.wt-oberland.at/unternehmensgruendung/ | https://www.wt-oberland.at/unternehmensberatung/ | https://www.wt-oberland.at/unternehmensnachfolge/ | https://www.wt-oberland.at/karriere/ | https://www.bing.com/ck/a?!&&p=7f0c22947c8b5ab935f1b24c5a11fbd1e9133a5f0e905c462519b58b5908b823JmltdHM9MTc4ODA0ODAwMA&ptn=3&ver=2&hsh=4&fclid=34432e84-77b9-6232-34aa-394176296376&u=a1aHR0cHM6Ly9maXJtZW5idWNoLmFpL2thaXNlci13aXJ0c2NoYWZ0c3RyZXVoYW5kLTA5NjMwNmI&ntb=1 | https://www.bing.com/ck/a?!&&p=febe58417d291334d730de6ea611bb0c99143b747b254d72ee0cecc7c870830cJmltdHM9MTc4ODA0ODAwMA&ptn=3&ver=2&hsh=4&fclid=34432e84-77b9-6232-34aa-394176296376&u=a1aHR0cHM6Ly9maXJtZW5idWNoLmFpL2RzLXdpcnRzY2hhZnRzdHJldWhhbmQtc3RldWVyLTE0MTU0Nmc&ntb=1 | https://www.bing.com/ck/a?!&&p=8aa7cc0b69d5229c85ac57e70205533284c20b63bec2adabcbae28add20b6df8JmltdHM9MTc4ODA0ODAwMA&ptn=3&ver=2&hsh=4&fclid=34432e84-77b9-6232-34aa-394176296376&u=a1aHR0cHM6Ly9maXJtZW5idWNoLmFpL2EtdC13aXJ0c2NoYWZ0c3RyZXVoYW5kLWdtYmgtMDcyOTM3aw&ntb=1 | https://www.bing.com/ck/a?!&&p=0a606d97fcc64adc74ca7ba1ab20e8ef8253d17dbca40bc37f85da65d0731857JmltdHM9MTc4ODA0ODAwMA&ptn=3&ver=2&hsh=4&fclid=34432e84-77b9-6232-34aa-394176296376&u=a1aHR0cHM6Ly9maXJtZW5idWNoLmFpL2NvbnN1bHR1cy13aXJ0c2NoYWZ0c3RyZXVoYW5kLWdtYmgtNDg4NTU1cA&ntb=1 | https://www.bing.com/ck/a?!&&p=1eb2a5922beb73374f129f40bc94d69bde56dc1b3363211cff2507a01b7d5de2JmltdHM9MTc4ODA0ODAwMA&ptn=3&ver=2&hsh=4&fclid=34432e84-77b9-6232-34aa-394176296376&u=a1aHR0cHM6Ly9maXJtZW5idWNoLmFpL3Jwdy13aXJ0c2NoYWZ0c3RyZXVoYW5kLWdtYmgtMTU4NTg3dA&ntb=1 | https://www.bing.com/ck/a?!&&p=5127f0006072e3e2001a67b3a7fa727f1ab0d5a1fdf5c1409496da5a80418ca2JmltdHM9MTc4ODA0ODAwMA&ptn=3&ver=2&hsh=4&fclid=34432e84-77b9-6232-34aa-394176296376&u=a1aHR0cHM6Ly9maXJtZW5idWNoLmFpL29ubGluZS13aXJ0c2NoYWZ0c3RyZXVoYW5kLWdtYmgtMTMxMTEybQ&ntb=1 | https://www.bing.com/ck/a?!&&p=130d968b1fd08104c347f4fc3a20af544c5dc043e7939d66b1ddc705ba5262fbJmltdHM9MTc4ODA0ODAwMA&ptn=3&ver=2&hsh=4&fclid=34432e84-77b9-6232-34aa-394176296376&u=a1aHR0cHM6Ly9maXJtZW5idWNoLmFpL3RzZy13aXJ0c2NoYWZ0c3RyZXVoYW5kLTExMTUyM2Y&ntb=1 | https://www.bing.com/ck/a?!&&p=f803fb99e45c7b77d3e641d30b7a3e7399f9db8373b03998522e7aaf0fb7e0e0JmltdHM9MTc4ODA0ODAwMA&ptn=3&ver=2&hsh=4&fclid=313e8c92-9974-6dda-2493-9b5798296c04&u=a1aHR0cHM6Ly9maXJtZW5idWNoLmFpL2thaXNlci13aXJ0c2NoYWZ0c3RyZXVoYW5kLTA5NjMwNmI&ntb=1 | https://www.bing.com/ck/a?!&&p=32ba3420c7dd41fa965b4db5906ddaeef834028892212bdc42bd0eb371904c95JmltdHM9MTc4ODA0ODAwMA&ptn=3&ver=2&hsh=4&fclid=313e8c92-9974-6dda-2493-9b5798296c04&u=a1aHR0cHM6Ly9maXJtZW5idWNoLmFpL2RzLXdpcnRzY2hhZnRzdHJldWhhbmQtc3RldWVyLTE0MTU0Nmc&ntb=1 | https://www.bing.com/ck/a?!&&p=e3a11cef5ca69d2fc74f6a06caba5e800e78280e3c7bd863487195fe432f9a72JmltdHM9MTc4ODA0ODAwMA&ptn=3&ver=2&hsh=4&fclid=313e8c92-9974-6dda-2493-9b5798296c04&u=a1aHR0cHM6Ly9maXJtZW5idWNoLmFpL2EtdC13aXJ0c2NoYWZ0c3RyZXVoYW5kLWdtYmgtMDcyOTM3aw&ntb=1 | https://www.bing.com/ck/a?!&&p=865e0a061091781874c2394af450285ccda4408c75120447af01b73757930d28JmltdHM9MTc4ODA0ODAwMA&ptn=3&ver=2&hsh=4&fclid=313e8c92-9974-6dda-2493-9b5798296c04&u=a1aHR0cHM6Ly9maXJtZW5idWNoLmFpL2NvbnN1bHR1cy13aXJ0c2NoYWZ0c3RyZXVoYW5kLWdtYmgtNDg4NTU1cA&ntb=1 | https://www.bing.com/ck/a?!&&p=1afa98f69d32c1feb9ce0cd6249fda3232b878e432fcc8260566787d54b93da9JmltdHM9MTc4ODA0ODAwMA&ptn=3&ver=2&hsh=4&fclid=313e8c92-9974-6dda-2493-9b5798296c04&u=a1aHR0cHM6Ly9maXJtZW5idWNoLmFpL3Jwdy13aXJ0c2NoYWZ0c3RyZXVoYW5kLWdtYmgtMTU4NTg3dA&ntb=1,PRIOR_STAGE2_CANDIDATE;TEAM_EMAILS_10_PLUS;JOB_LINKS_3_PLUS;LEGAL_ENTITIES_2_PLUS,VERIFY_PRIOR,CONFIRMED_30_PLUS,35,,AUSTRIA_GROUP,HIGH,Official site provides a direct staff lower bound of at least 35.,https://www.wt-oberland.at/,Official site exposes at least 35 distinct staff profiles/personal company-domain emails.,Staff-page lower bound alone proves 30+; no upper bound assumed.,SINGLE,CONFIRMED_20_PLUS,Co KEG [Partner]; Im Jahr [Management]; Hansjörg Zerzer [Management]; Steuerberatungskanzlei Mag [Management]; Alfred Schmid [Management]; Christof Aufschnaiter [Geschäftsführung]; Christina Martin [Geschäftsführung]; Mathias Schweisgut [Management],Christof Aufschnaiter Geschäftsführender Gesellschafter (); Christina Martin (); Geschäftsführende Gesellschafterin (); Alfred Schmid Geschäftsführender Gesellschafter (); Mathias Schweisgut Geschäftsführender Gesellschafter (); Simon Sommer (); Thomas Zerzer Geschäftsfü (); Thomas Zerzer Geschäftsführender Gesellschafter (); Daniela Fili (); Florian Haag Bilanzierung (),Christof Aufschnaiter Geschäftsführender Gesellschafter; Christina Martin; Geschäftsführende Gesellschafterin; Alfred Schmid Geschäftsführender Gesellschafter,"Public sources identify owner/shareholder names, but complete share percentages were not safely established.",PARTNER_OWNED,Christof Aufschnaiter Geschäftsführender Gesellschafter; Christina Martin,Owner/Gesellschafter; Owner/Gesellschafter,MEDIUM_HIGH,https://www.wt-oberland.at/geschichte/ | https://www.wt-oberland.at/geschichte/ | https://www.wt-oberland.at/geschichte/ | https://www.wt-oberland.at/geschichte/ | https://www.wt-oberland.at/geschichte/ | https://www.wt-oberland.at/impressum/ | https://www.wt-oberland.at/impressum/ | https://www.wt-oberland.at/impressum/ | https://www.wt-oberland.at/team/ | https://www.wt-oberland.at/team/ | https://www.wt-oberland.at/team/ | https://www.wt-oberland.at/team/ | https://www.wt-oberland.at/team/ | https://www.wt-oberland.at/team/ | https://www.wt-oberland.at/team/ | https://www.wt-oberland.at/team/,No ownership was inferred from surname. Unknown share percentages remain null. For international/network firms the Austrian operational leadership is preferred over a global parent.,,central_context,20,Christof Aufschnaiter Geschäftsführender Gesellschafter,https://www.wt-oberland.at/geschichte/,c.martin@wt-oberland.at,personal_verified_email,98,Christina Martin,https://www.wt-oberland.at/team | https://www.wt-oberland.at/team/ | https://www.wt-oberland.at/team/leitung/christina_martin_e696/,,,30_49,A_PRIORITY_30_200,https://www.wt-oberland.at/,https://www.wt-oberland.at/geschichte/ | https://www.wt-oberland.at/geschichte/ | https://www.wt-oberland.at/geschichte/ | https://www.wt-oberland.at/geschichte/ | https://www.wt-oberland.at/geschichte/ | https://www.wt-oberland.at/impressum/ | https://www.wt-oberland.at/impressum/ | https://www.wt-oberland.at/impressum/ | https://www.wt-oberland.at/team/ | https://www.wt-oberland.at/team/ | https://www.wt-oberland.at/team/ | https://www.wt-oberland.at/team/ | https://www.wt-oberland.at/team/ | https://www.wt-oberland.at/team/ | https://www.wt-oberland.at/team/ | https://www.wt-oberland.at/team/,https://www.wt-oberland.at/geschichte/ | https://www.wt-oberland.at/team | https://www.wt-oberland.at/team/ | https://www.wt-oberland.at/team/leitung/christina_martin_e696/
domain:kirchmair-kraisser.at,Wirtschaftstreuhand OG Kirchmair Kraisser Steuerberatungsgesellschaft,kirchmair-kraisser.at,http://www.kirchmair-kraisser.at | http://www.berger-kirchmair-kraisser.at,steuerberater@kirchmair-kraisser.at | steuerberater@berger-kirchmair-kraisser.at | s.kraisser@berger-kirchmair-kraisser.at | m.kirchmair@kirchmair-kraisser.at,+43 512 58 11 61 | +43 512 58 31 66 | +43 699 1 658 11 61 | +43 664 738 57 117 | +43 512 581161 | +43 664 73857117,Innsbruck Gemeinde: Innsbruck Bezirk Innsbruck-Stadt +43 512 | Buch Gemeinde: Buch in Tirol Bezirk Schwaz +43 664 738 57 11 | Jenbach Gemeinde: Jenbach Bezirk Schwaz +43 699 1 658 11 61,1,3,3,Wirtschaftstreuhand OG Kirchmair Kraisser Steuerberatungsgesellschaft,https://ksw.or.at/mitgliederverzeichnis/?tx_kswmembers_membersdirectory%5Bcontroller%5D=MembersDirectory&tx_kswmembers_membersdirectory%5BcurrentPage%5D=136 | https://ksw.or.at/mitgliederverzeichnis/?tx_kswmembers_membersdirectory%5Bcontroller%5D=MembersDirectory&tx_kswmembers_membersdirectory%5BcurrentPage%5D=464 | https://ksw.or.at/mitgliederverzeichnis/?tx_kswmembers_membersdirectory%5Bcontroller%5D=MembersDirectory&tx_kswmembers_membersdirectory%5BcurrentPage%5D=469,1,CONFIRMED_30_PLUS,HIGH,30,30,official team/profile lower bound,,30,18,4,,,,https://www.kirchmair-kraisser.at/ | https://www.kirchmair-kraisser.at/kanzlei/innsbruck/ | https://www.kirchmair-kraisser.at/kanzlei/ansprechpartner/ | https://www.kirchmair-kraisser.at/leistungen/unternehmensberatung/ | https://www.kirchmair-kraisser.at/leistungen/unternehmensgruendung/ | https://www.kirchmair-kraisser.at/leistungen/unternehmensnachfolge/ | https://www.kirchmair-kraisser.at/karriere/warum_zu_uns/ | https://www.kirchmair-kraisser.at/karriere/benefits/,PRIOR_STAGE2_CANDIDATE;TEAM_PROFILES_10_PLUS;TEAM_EMAILS_10_PLUS;JOB_LINKS_3_PLUS;KSW_LISTINGS_3_PLUS;LOCATIONS_3_PLUS,VERIFY_PRIOR,CONFIRMED_30_PLUS,30,,AUSTRIA_LEGAL_ENTITY,HIGH,Official site provides a direct staff lower bound of at least 30.,https://www.kirchmair-kraisser.at/,Official site exposes at least 30 distinct staff profiles/personal company-domain emails.,Staff-page lower bound alone proves 30+; no upper bound assumed.,SINGLE,CONFIRMED_20_PLUS,Vertretung Ihrer Interessen [Management]; Steuerberater Lehrbeauftra [Geschäftsführung]; Steuerberater Lehrbeauftragter [Geschäftsführung]; Universität Innsbruck Ausbildung Handelsakademie [Geschäftsführung]; Schwaz Studium [Geschäftsführung]; Innsbruck Steuerberaterprüfung Berufserfahrung [Management]; WIFI Innsbruck Mag [Geschäftsführung]; Steuerberaterin Ausbildung Handelsaka [Geschäftsführung]; Steuerberaterin Ausbildung Handelsakademie Schwaz [Geschäftsführung]; Steuerbüro Innsbruck [Partner],Geschäftsführender Gesellschafter Univ (); Stefan Laner Dkfm (); Michael Flossmann Rechtsform Offene (); Firmensitz Fallmerayerstraße (); Innsbruck Firmenbuch (),Geschäftsführender Gesellschafter Univ; Stefan Laner Dkfm; Michael Flossmann Rechtsform Offene; Firmensitz Fallmerayerstraße,"Public sources identify owner/shareholder names, but complete share percentages were not safely established.",PARTNER_OWNED,Geschäftsführender Gesellschafter Univ; Stefan Laner Dkfm,Owner/Gesellschafter; Owner/Gesellschafter,MEDIUM_HIGH,https://www.kirchmair-kraisser.at/ | https://www.kirchmair-kraisser.at/kanzlei/ansprechpartner/ | https://www.kirchmair-kraisser.at/kanzlei/ansprechpartner/ | https://www.kirchmair-kraisser.at/kanzlei/ansprechpartner/ | https://www.kirchmair-kraisser.at/kanzlei/ansprechpartner/ | https://www.kirchmair-kraisser.at/kanzlei/ansprechpartner/ | https://www.kirchmair-kraisser.at/kanzlei/ansprechpartner/ | https://www.kirchmair-kraisser.at/kanzlei/ansprechpartner/ | https://www.kirchmair-kraisser.at/impressum/ | https://www.kirchmair-kraisser.at/impressum/ | https://www.kirchmair-kraisser.at/impressum/ | https://www.kirchmair-kraisser.at/impressum/ | https://www.kirchmair-kraisser.at/impressum/,No ownership was inferred from surname. Unknown share percentages remain null. For international/network firms the Austrian operational leadership is preferred over a global parent.,,,,,,steuerberater@kirchmair-kraisser.at,named_context_email,74,Geschäftsführender Gesellschafter Univ,https://www.kirchmair-kraisser.at/impressum | https://www.kirchmair-kraisser.at/impressum/,,,30_49,A_PRIORITY_30_200,https://www.kirchmair-kraisser.at/,https://www.kirchmair-kraisser.at/ | https://www.kirchmair-kraisser.at/kanzlei/ansprechpartner/ | https://www.kirchmair-kraisser.at/kanzlei/ansprechpartner/ | https://www.kirchmair-kraisser.at/kanzlei/ansprechpartner/ | https://www.kirchmair-kraisser.at/kanzlei/ansprechpartner/ | https://www.kirchmair-kraisser.at/kanzlei/ansprechpartner/ | https://www.kirchmair-kraisser.at/kanzlei/ansprechpartner/ | https://www.kirchmair-kraisser.at/kanzlei/ansprechpartner/ | https://www.kirchmair-kraisser.at/impressum/ | https://www.kirchmair-kraisser.at/impressum/ | https://www.kirchmair-kraisser.at/impressum/ | https://www.kirchmair-kraisser.at/impressum/ | https://www.kirchmair-kraisser.at/impressum/,https://www.kirchmair-kraisser.at/impressum | https://www.kirchmair-kraisser.at/impressum/
domain:zobel-kofler.at,ZKS Steuerberatung Bludenz GmbH & Co KG,zobel-kofler.at,http://www.zobel-kofler.at,kanzlei.bludenz@zks-steuerberatung.at,+43 5552 65 660 | +43 5552 65 660 288,Bludenz Gemeinde: Bludenz Bezirk Bludenz +43 5552 65 660 +43,1,1,1,ZKS Steuerberatung Bludenz GmbH & Co KG,https://ksw.or.at/mitgliederverzeichnis/?tx_kswmembers_membersdirectory%5Bcontroller%5D=MembersDirectory&tx_kswmembers_membersdirectory%5BcurrentPage%5D=372,1,CONFIRMED_30_PLUS,HIGH,35,35,official team/profile lower bound,,35,2,11,,,,https://www.zks-steuerberatung.at/ | https://www.zks-steuerberatung.at/kanzlei/standort_bludenz/ | https://www.zks-steuerberatung.at/kanzlei/standort_weiler/ | https://www.zks-steuerberatung.at/kanzlei/team/ | https://www.zks-steuerberatung.at/kanzlei/kontakt/ | https://www.zks-steuerberatung.at/kanzlei/datenschutzerkl%C3%A4rung/ | https://www.zks-steuerberatung.at/karriere/warum_zu_uns_/ | https://www.zks-steuerberatung.at/jobs/,PRIOR_STAGE2_CANDIDATE;TEAM_PROFILES_10_PLUS;JOB_LINKS_3_PLUS,VERIFY_PRIOR,CONFIRMED_30_PLUS,35,,AUSTRIA_LEGAL_ENTITY,HIGH,Official site provides a direct staff lower bound of at least 35.,https://www.zks-steuerberatung.at/,Official site exposes at least 35 distinct staff profiles/personal company-domain emails.,Staff-page lower bound alone proves 30+; no upper bound assumed.,SINGLE,CONFIRMED_20_PLUS,,,unresolved,Ownership/control layer was not safely established from public evidence; operational management is retained where verified.,UNRESOLVED,,,LOW,,No ownership was inferred from surname. Unknown share percentages remain null. For international/network firms the Austrian operational leadership is preferred over a global parent.,,,,,,,,,,,,,30_49,A_PRIORITY_30_200,https://www.zks-steuerberatung.at/,,
domain:zks-steuerberatung.at,ZKS Steuerberatung GmbH,zks-steuerberatung.at,http://www.zks-steuerberatung.at | https://www.zks-steuerberatung.at,kanzlei.bludenz@zks-steuerberatung.at | sabine.klapper@abopat.com | s.klapper@zks-steuerberatung.at | c.zobel@zks-steuerberatung.at | c.zobel@quintus-audit.at | kanzlei.weiler@zks-steuerberatung.at,+43 5552 656 60 | +43 5522 36 894 | +43 676 3526562 | +43 5522 44291 6 | +43 5552 65660 | +43 5523 21606 | +43 5523 21606 6 | +43 676 634 38 64,Bludenz Gemeinde: Bludenz Bezirk Bludenz +43 5552 656 60 kan | Weiler Gemeinde: Weiler Bezirk Feldkirch +43 5523 21606 +43 | Bludenz Gemeinde: Bludenz Bezirk Bludenz +43 5552 65660 c.zo | Feldkirch Gemeinde: Feldkirch Bezirk Feldkirch +43 676 634 3,5,5,5,ZKS Steuerberatung GmbH | ZKS Steuerberatung Weiler GmbH & Co KG | ZPP Steuerberatung und Wirtschaftsprüfung GmbH | ZOCH Steuerberatung und Wirtschaftsprüfung GmbH | ZPP Steuerberatung und Wirtschaftsprüfung GmbH & Co KG,https://ksw.or.at/mitgliederverzeichnis/?tx_kswmembers_membersdirectory%5Bcontroller%5D=MembersDirectory&tx_kswmembers_membersdirectory%5BcurrentPage%5D=102 | https://ksw.or.at/mitgliederverzeichnis/?tx_kswmembers_membersdirectory%5Bcontroller%5D=MembersDirectory&tx_kswmembers_membersdirectory%5BcurrentPage%5D=423 | https://ksw.or.at/mitgliederverzeichnis/?tx_kswmembers_membersdirectory%5Bcontroller%5D=MembersDirectory&tx_kswmembers_membersdirectory%5BcurrentPage%5D=158 | https://ksw.or.at/mitgliederverzeichnis/?tx_kswmembers_membersdirectory%5Bcontroller%5D=MembersDirectory&tx_kswmembers_membersdirectory%5BcurrentPage%5D=72 | https://ksw.or.at/mitgliederverzeichnis/?tx_kswmembers_membersdirectory%5Bcontroller%5D=MembersDirectory&tx_kswmembers_membersdirectory%5BcurrentPage%5D=125,1,CONFIRMED_30_PLUS,HIGH,35,35,official team/profile lower bound,,35,2,11,,,,https://www.zks-steuerberatung.at/ | https://www.zks-steuerberatung.at/kanzlei/standort_bludenz/ | https://www.zks-steuerberatung.at/kanzlei/standort_weiler/ | https://www.zks-steuerberatung.at/kanzlei/team/ | https://www.zks-steuerberatung.at/kanzlei/kontakt/ | https://www.zks-steuerberatung.at/kanzlei/datenschutzerkl%C3%A4rung/ | https://www.zks-steuerberatung.at/karriere/warum_zu_uns_/ | https://www.zks-steuerberatung.at/jobs/,PRIOR_STAGE2_CANDIDATE;TEAM_PROFILES_10_PLUS;JOB_LINKS_3_PLUS;KSW_LISTINGS_3_PLUS;LOCATIONS_3_PLUS;LEGAL_ENTITIES_2_PLUS,VERIFY_PRIOR,CONFIRMED_30_PLUS,35,,AUSTRIA_GROUP,HIGH,Official site provides a direct staff lower bound of at least 35.,https://www.zks-steuerberatung.at/,Official site exposes at least 35 distinct staff profiles/personal company-domain emails.,Staff-page lower bound alone proves 30+; no upper bound assumed.,SINGLE,CONFIRMED_20_PLUS,Haftung Datenschutzerklärung Kooperationen Karriere [Partner]; Offene Stellen Karriere [Management]; Sie Ihre [Partner]; Kontaktieren Sie [Partner]; Weiler Mag [Partner]; Steuerberater Standort Bludenz [Partner]; Sabine Klapper Partnerin [Partner]; Steuerberaterin Standort Weiler [Partner]; Steuerberater Standort Weiler [Partner]; Lukas Kofler [Partner],Geschäftsführende Gesellschafter Mag (); Christian Zobel Mag (); Sabine Klapper Mag (); Emanuel Singer Lukas Kofler (); Nadja Bernhart-Plank (); Singer Lukas Kofler (); Bludenz Firmenbuch-Nummer FN (); Firmenbuch-Gericht Landesgericht Feldkirch WT-Code (); Umsatzsteuer-Identifikationsnummer ATU (); Weiler Firmenbuch-Nummer FN (),Geschäftsführende Gesellschafter Mag; Christian Zobel Mag; Sabine Klapper Mag; Emanuel Singer Lukas Kofler,"Public sources identify owner/shareholder names, but complete share percentages were not safely established.",PARTNER_OWNED,Geschäftsführende Gesellschafter Mag; Christian Zobel Mag,Owner/Gesellschafter; Owner/Gesellschafter,MEDIUM_HIGH,https://www.zks-steuerberatung.at/kanzlei/team/ | https://www.zks-steuerberatung.at/kanzlei/team/ | https://www.zks-steuerberatung.at/kanzlei/team/ | https://www.zks-steuerberatung.at/kanzlei/team/ | https://www.zks-steuerberatung.at/kanzlei/team/ | https://www.zks-steuerberatung.at/kanzlei/team/ | https://www.zks-steuerberatung.at/kanzlei/team/ | https://www.zks-steuerberatung.at/kanzlei/team/ | https://www.zks-steuerberatung.at/impressum/ | https://www.zks-steuerberatung.at/impressum/ | https://www.zks-steuerberatung.at/impressum/ | https://www.zks-steuerberatung.at/impressum/ | https://www.zks-steuerberatung.at/impressum/ | https://www.zks-steuerberatung.at/impressum/ | https://www.zks-steuerberatung.at/impressum/ | https://www.zks-steuerberatung.at/impressum/,No ownership was inferred from surname. Unknown share percentages remain null. For international/network firms the Austrian operational leadership is preferred over a global parent.,,,,,,,generic_email,30,Christian Zobel Mag,https://www.zks-steuerberatung.at/impressum/,,,30_49,A_PRIORITY_30_200,https://www.zks-steuerberatung.at/,https://www.zks-steuerberatung.at/kanzlei/team/ | https://www.zks-steuerberatung.at/kanzlei/team/ | https://www.zks-steuerberatung.at/kanzlei/team/ | https://www.zks-steuerberatung.at/kanzlei/team/ | https://www.zks-steuerberatung.at/kanzlei/team/ | https://www.zks-steuerberatung.at/kanzlei/team/ | https://www.zks-steuerberatung.at/kanzlei/team/ | https://www.zks-steuerberatung.at/kanzlei/team/ | https://www.zks-steuerberatung.at/impressum/ | https://www.zks-steuerberatung.at/impressum/ | https://www.zks-steuerberatung.at/impressum/ | https://www.zks-steuerberatung.at/impressum/ | https://www.zks-steuerberatung.at/impressum/ | https://www.zks-steuerberatung.at/impressum/ | https://www.zks-steuerberatung.at/impressum/ | https://www.zks-steuerberatung.at/impressum/,https://www.zks-steuerberatung.at/impressum/
domain:kanzlei-zwerger.at,Zwerger Wirtschaftsprüfung und Steuerberatung GmbH,kanzlei-zwerger.at,https://kanzlei-zwerger.at | https://rtg.at,dunja.zwerger@kanzlei-zwerger.at | d.zwerger-holdermann@rtg.at,+43 664 531 30 21 | +43 664 5313021 | +43 5572 29600 109,Dornbirn Gemeinde: Dornbirn Bezirk Dornbirn +43 664 531 30 2,1,1,1,Zwerger Wirtschaftsprüfung und Steuerberatung GmbH,https://ksw.or.at/mitgliederverzeichnis/?tx_kswmembers_membersdirectory%5Bcontroller%5D=MembersDirectory&tx_kswmembers_membersdirectory%5BcurrentPage%5D=27,1,NO_20PLUS_EVIDENCE,LOW,0,0,no reliable 20+ evidence found,,0,1,0,,,,https://kanzlei-zwerger.at/ | https://kanzlei-zwerger.at/impressum/ | https://kanzlei-zwerger.at/datenschutz/,SANITY_SEED:RTG,DEEP_RESEARCH,CONFIRMED_30_PLUS,40,,AUSTRIA_LEGAL_ENTITY,HIGH,Official Austrian company/group page states approximately or explicitly 40 employees.,https://www.rtg.at/unternehmen,Official site employee statement around 40.,Official-site employee statement is sufficient for a 30+ lower bound.,SINGLE,CONFIRMED_20_PLUS,Dunja Zwerger-Holdermann Rechtsform [Geschäftsführung]; Feldkirch UID-Nummer [Geschäftsführung]; Datenverarbeitung Wir [Partner]; Moore Global Mag [Geschäftsführer]; Tanja Tiefenthaler Mag [Geschäftsführer]; Tanja Tiefenthaler [Geschäftsführung]; WP Partnerin Mag [Geschäftsführung]; Tiefgehende Expertise [Management]; Matthias Feurstein LL [Partner]; Alfred Geismayr WP [Partner],Dunja Zwerger-Holdermann Rechtsform (); Feldkirch UID-Nummer (); Datenverarbeitung Wir (); Dunja Zwerger-Holdermann Firmenbuch-Nummer (); Rechtsform RTG Dr (),Dunja Zwerger-Holdermann Rechtsform; Feldkirch UID-Nummer; Datenverarbeitung Wir; Dunja Zwerger-Holdermann Firmenbuch-Nummer,"Public sources identify owner/shareholder names, but complete share percentages were not safely established.",PARTNER_OWNED,Dunja Zwerger-Holdermann Rechtsform; Feldkirch UID-Nummer,Owner/Gesellschafter; Owner/Gesellschafter,MEDIUM_HIGH,https://kanzlei-zwerger.at/impressum/ | https://kanzlei-zwerger.at/impressum/ | https://kanzlei-zwerger.at/datenschutz/ | https://www.rtg.at/unternehmen | https://www.rtg.at/unternehmen | https://www.rtg.at/unternehmen | https://www.rtg.at/unternehmen | https://www.rtg.at/unternehmen | https://kanzlei-zwerger.at/impressum/ | https://kanzlei-zwerger.at/impressum/ | https://kanzlei-zwerger.at/datenschutz/ | https://www.rtg.at/impressum | https://www.rtg.at/impressum,No ownership was inferred from surname. Unknown share percentages remain null. For international/network firms the Austrian operational leadership is preferred over a global parent.,+436645313021,mobile_public,104,Dunja Zwerger-Holdermann Rechtsform,https://kanzlei-zwerger.at/impressum/ | https://www.rtg.at/impressum,,generic_email,34,Dunja Zwerger-Holdermann Rechtsform,https://kanzlei-zwerger.at/impressum/ | https://www.rtg.at/impressum,,,30_49,A_PRIORITY_30_200,https://www.rtg.at/unternehmen,https://kanzlei-zwerger.at/impressum/ | https://kanzlei-zwerger.at/impressum/ | https://kanzlei-zwerger.at/datenschutz/ | https://www.rtg.at/unternehmen | https://www.rtg.at/unternehmen | https://www.rtg.at/unternehmen | https://www.rtg.at/unternehmen | https://www.rtg.at/unternehmen | https://kanzlei-zwerger.at/impressum/ | https://kanzlei-zwerger.at/impressum/ | https://kanzlei-zwerger.at/datenschutz/ | https://www.rtg.at/impressum | https://www.rtg.at/impressum,https://kanzlei-zwerger.at/impressum/ | https://www.rtg.at/impressum | https://kanzlei-zwerger.at/impressum/ | https://www.rtg.at/impressum
domain:reisinger.at,ÖKO-Account Steuerberatung GmbH,reisinger.at,http://www.reisinger.at | http://www.reisinger-kornprat.at,office@oekoaccount.at | karin.reisinger@reisinger.at | karin.reisinger@reisinger-kornprat.at,+43 1 587 61 09 | +43 1 512 86 70 10 | +43 650 426 51 60 | +43 1 894 18 10 | +43 1 894 17 82,"Wien Gemeinde: Wien Wien 13.,Hietzing +43 1 587 61 09 +43 1",1,1,1,ÖKO-Account Steuerberatung GmbH,https://ksw.or.at/mitgliederverzeichnis/?tx_kswmembers_membersdirectory%5Bcontroller%5D=MembersDirectory&tx_kswmembers_membersdirectory%5BcurrentPage%5D=218,1,CONFIRMED_30_PLUS,HIGH,40,40,official explicit employee count,"40: ste Technologien, um effizienter und transparenter zu arbeiten. Großes Expertenteam Unser Team besteht aus 40 Mitarbeiter mit fundiertem Know-how und echtem Wissensvorsprung. Unser",0,3,4,,,,https://www.reisinger-kornprat.at/index_ger.html | https://www.reisinger-kornprat.at/de/kanzlei/%C3%BCber_uns/ | https://www.reisinger-kornprat.at/de/kanzlei/kontakt/ | https://www.reisinger-kornprat.at/de/kanzlei/karriere/ | https://www.reisinger-kornprat.at/de/kanzlei/impressum/ | https://www.reisinger-kornprat.at/de/kanzlei/datenschutzerkl%C3%A4rung/ | https://www.reisinger-kornprat.at/de/leistungen/ | https://www.reisinger-kornprat.at/de/service/f%C3%B6rderstellen/f%C3%B6rderstellen/,PRIOR_STAGE2_CANDIDATE;JOB_LINKS_3_PLUS,VERIFY_PRIOR,CONFIRMED_30_PLUS,40,,AUSTRIA_LEGAL_ENTITY,HIGH,Official Austrian company/group page states approximately or explicitly 40 employees.,https://www.reisinger-kornprat.at/index_ger.html,Official site employee statement around 40.,Official-site employee statement is sufficient for a 30+ lower bound.,SINGLE,,,,,,,,,,,,,,,,,,,,,,,,30_49,A_PRIORITY_30_200,https://www.reisinger-kornprat.at/index_ger.html,,
domain:oetscherlandtreuhand.at,ÖTSCHERLANDTREUHAND STEUERBERATUNGSGMBH,oetscherlandtreuhand.at,http://www.oetscherlandtreuhand.at,karner@oetscherlandtreuhand.at | sekretariat@oetscherlandtreuhand.at,+43 664 644 15 45 | +43 7482 461 00 0 | +43 7482 461 00 20,Melk Gemeinde: Melk Bezirk Melk Zweigstellenleiter: Karner R | Scheibbs Gemeinde: Scheibbs Bezirk Scheibbs +43 7482 461 00,1,2,2,ÖTSCHERLANDTREUHAND STEUERBERATUNGSGMBH,https://ksw.or.at/mitgliederverzeichnis/?tx_kswmembers_membersdirectory%5Bcontroller%5D=MembersDirectory&tx_kswmembers_membersdirectory%5BcurrentPage%5D=227 | https://ksw.or.at/mitgliederverzeichnis/?tx_kswmembers_membersdirectory%5Bcontroller%5D=MembersDirectory&tx_kswmembers_membersdirectory%5BcurrentPage%5D=293,1,CONFIRMED_30_PLUS,HIGH,38,38,official team/profile lower bound,,38,25,1,,,,https://www.oetscherlandtreuhand.at/index_ger.html | https://www.oetscherlandtreuhand.at/de/kanzlei/adresse_und_anfahrt/ | https://www.oetscherlandtreuhand.at/de/kanzlei/ansprechpartner/ | https://www.oetscherlandtreuhand.at/de/kanzlei/kontakt/ | https://www.oetscherlandtreuhand.at/de/kanzlei/impressum/ | https://www.oetscherlandtreuhand.at/de/kanzlei/datenschutzerkl%C3%A4rung/ | https://www.oetscherlandtreuhand.at/de/kanzlei/nachhaltigkeit/ | https://www.oetscherlandtreuhand.at/de/kanzlei/barrierefreiheitserkl%C3%A4rung/,PRIOR_STAGE2_CANDIDATE;TEAM_PROFILES_10_PLUS;TEAM_EMAILS_10_PLUS,VERIFY_PRIOR,CONFIRMED_30_PLUS,38,,AUSTRIA_LEGAL_ENTITY,HIGH,Official site provides a direct staff lower bound of at least 38.,https://www.oetscherlandtreuhand.at/index_ger.html,Official site exposes at least 38 distinct staff profiles/personal company-domain emails.,Staff-page lower bound alone proves 30+; no upper bound assumed.,SINGLE,CONFIRMED_20_PLUS,,,unresolved,Ownership/control layer was not safely established from public evidence; operational management is retained where verified.,UNRESOLVED,,,LOW,,No ownership was inferred from surname. Unknown share percentages remain null. For international/network firms the Austrian operational leadership is preferred over a global parent.,,,,,,,,,,,,,30_49,A_PRIORITY_30_200,https://www.oetscherlandtreuhand.at/index_ger.html,,
