group_key,group_name,size_gate,primary_dm,person,contact_type,contact,contact_class,score,source_count,method_count,source_url,all_source_urls,method,context
domain:gsp.at,gsp Steuerberatung GmbH,CONFIRMED_20_PLUS,KI Software Engineering ERP; COUNT IT Group COUNT,COUNT IT Group COUNT,email,officetax@countit.at,named_context_email,70,1,1,https://tax-hr.countit.at/ueber-uns,https://tax-hr.countit.at/ueber-uns,official_site,"echnologien und KI, um Ihre Prozesse zu optimieren – von DATEV bis BMD. Erfahrung & Vertrauen Über 25 Jahre Expertise, ein solides Kooperations-Netzwerk und eine beispiellose Nähe zur IT machen uns zum verlässlichen Partner für Unternehmen in ganz Österreich. COUNT IT TAX - Ihr Standortvorteil COUNT IT TAX Steuerberatung GmbH Softwarepark 49 4232 Hagenberg officetax@countit.at +43 5 770 6 0 COUNT IT TAX Steuerberatung GmbH Graben 19 4020 Linz officetax@countit.at +43 5 770 6 0 COUNT IT TAX Steuerberatung Ybbs GmbH & Co KG Pfaffengraben 2 3370 Ybbs/Donau ybbs@countit.at +43 5 770 6 311 COUNT IT TAX gsp Steuerberatung GmbH Technologiestraße 5, EURO PLAZA 3, 5. Stock 1120 Wien of"
domain:gsp.at,gsp Steuerberatung GmbH,CONFIRMED_20_PLUS,KI Software Engineering ERP; COUNT IT Group COUNT,COUNT IT Group COUNT,email,ybbs@countit.at,named_context_email,70,1,1,https://tax-hr.countit.at/ueber-uns,https://tax-hr.countit.at/ueber-uns,official_site,"echnologien und KI, um Ihre Prozesse zu optimieren – von DATEV bis BMD. Erfahrung & Vertrauen Über 25 Jahre Expertise, ein solides Kooperations-Netzwerk und eine beispiellose Nähe zur IT machen uns zum verlässlichen Partner für Unternehmen in ganz Österreich. COUNT IT TAX - Ihr Standortvorteil COUNT IT TAX Steuerberatung GmbH Softwarepark 49 4232 Hagenberg officetax@countit.at +43 5 770 6 0 COUNT IT TAX Steuerberatung GmbH Graben 19 4020 Linz officetax@countit.at +43 5 770 6 0 COUNT IT TAX Steuerberatung Ybbs GmbH & Co KG Pfaffengraben 2 3370 Ybbs/Donau ybbs@countit.at +43 5 770 6 311 COUNT IT TAX gsp Steuerberatung GmbH Technologiestraße 5, EURO PLAZA 3, 5. Stock 1120 Wien of"
domain:gsp.at,gsp Steuerberatung GmbH,CONFIRMED_20_PLUS,KI Software Engineering ERP; COUNT IT Group COUNT,COUNT IT Group COUNT,phone,+4357706311,central_context,20,1,1,https://tax-hr.countit.at/ueber-uns,https://tax-hr.countit.at/ueber-uns,official_site,"echnologien und KI, um Ihre Prozesse zu optimieren – von DATEV bis BMD. Erfahrung & Vertrauen Über 25 Jahre Expertise, ein solides Kooperations-Netzwerk und eine beispiellose Nähe zur IT machen uns zum verlässlichen Partner für Unternehmen in ganz Österreich. COUNT IT TAX - Ihr Standortvorteil COUNT IT TAX Steuerberatung GmbH Softwarepark 49 4232 Hagenberg officetax@countit.at +43 5 770 6 0 COUNT IT TAX Steuerberatung GmbH Graben 19 4020 Linz officetax@countit.at +43 5 770 6 0 COUNT IT TAX Steuerberatung Ybbs GmbH & Co KG Pfaffengraben 2 3370 Ybbs/Donau ybbs@countit.at +43 5 770 6 311 COUNT IT TAX gsp Steuerberatung GmbH Technologiestraße 5, EURO PLAZA 3, 5. Stock 1120 Wien of"
domain:gsp.at,gsp Steuerberatung GmbH,CONFIRMED_20_PLUS,KI Software Engineering ERP; COUNT IT Group COUNT,COUNT IT Group COUNT,email,office@countit-gsp.at,generic_email,30,1,1,https://tax-hr.countit.at/ueber-uns,https://tax-hr.countit.at/ueber-uns,official_site,"e zu optimieren – von DATEV bis BMD. Erfahrung & Vertrauen Über 25 Jahre Expertise, ein solides Kooperations-Netzwerk und eine beispiellose Nähe zur IT machen uns zum verlässlichen Partner für Unternehmen in ganz Österreich. COUNT IT TAX - Ihr Standortvorteil COUNT IT TAX Steuerberatung GmbH Softwarepark 49 4232 Hagenberg officetax@countit.at +43 5 770 6 0 COUNT IT TAX Steuerberatung GmbH Graben 19 4020 Linz officetax@countit.at +43 5 770 6 0 COUNT IT TAX Steuerberatung Ybbs GmbH & Co KG Pfaffengraben 2 3370 Ybbs/Donau ybbs@countit.at +43 5 770 6 311 COUNT IT TAX gsp Steuerberatung GmbH Technologiestraße 5, EURO PLAZA 3, 5. Stock 1120 Wien office@countit-gsp.at +43 5 770 6 100"
domain:gsp.at,gsp Steuerberatung GmbH,CONFIRMED_20_PLUS,KI Software Engineering ERP; COUNT IT Group COUNT,COUNT IT Group COUNT,phone,+4357706100,central_context,20,1,1,https://tax-hr.countit.at/ueber-uns,https://tax-hr.countit.at/ueber-uns,official_site,"e zu optimieren – von DATEV bis BMD. Erfahrung & Vertrauen Über 25 Jahre Expertise, ein solides Kooperations-Netzwerk und eine beispiellose Nähe zur IT machen uns zum verlässlichen Partner für Unternehmen in ganz Österreich. COUNT IT TAX - Ihr Standortvorteil COUNT IT TAX Steuerberatung GmbH Softwarepark 49 4232 Hagenberg officetax@countit.at +43 5 770 6 0 COUNT IT TAX Steuerberatung GmbH Graben 19 4020 Linz officetax@countit.at +43 5 770 6 0 COUNT IT TAX Steuerberatung Ybbs GmbH & Co KG Pfaffengraben 2 3370 Ybbs/Donau ybbs@countit.at +43 5 770 6 311 COUNT IT TAX gsp Steuerberatung GmbH Technologiestraße 5, EURO PLAZA 3, 5. Stock 1120 Wien office@countit-gsp.at +43 5 770 6 100"
domain:reisinger-kornprat.at,Dr. Reisinger & MMag. Kornprat Wirtschaftsprüfungs und Steuerberatungs GmbH,CONFIRMED_20_PLUS,Geschäftsführende Gesellschafterin Telefon; Englisch Dr,Geschäftsführende Gesellschafterin Telefon,email,office@reisinger-kornprat.at,generic_email,38,21,1,https://www.reisinger-kornprat.at/index_ger.html,https://www.reisinger-kornprat.at/de/kanzlei/datenschutzerkl%C3%A4rung/ | https://www.reisinger-kornprat.at/de/kanzlei/impressum/ | https://www.reisinger-kornprat.at/de/kanzlei/karriere/ | https://www.reisinger-kornprat.at/de/kanzlei/karriere/offene_stellen/berufsanw%C3%A4rter_e4332/ | https://www.reisinger-kornprat.at/de/kanzlei/karriere/offene_stellen/bilanzbuchhalter_e4331/ | https://www.reisinger-kornprat.at/de/kanzlei/karriere/online_bewerben/ | https://www.reisinger-kornprat.at/de/kanzlei/kontakt/ | https://www.reisinger-kornprat.at/de/know_how/ | https://www.reisinger-kornprat.at/de/leistungen/ | https://www.reisinger-kornprat.at/de/service/anmeldung_zum_newsletter/ | https://www.reisinger-kornprat.at/de/service/steuernews_f%C3%BCr_%C3%A4rzte/ | https://www.reisinger-kornprat.at/de/service/steuernews_f%C3%BCr_%C3%A4rzte/herbst_2026/mitarbeiterpraemienregelung_2026_beschlossen/ | https://www.reisinger-kornprat.at/de/service/steuernews_f%C3%BCr_klienten/ | https://www.reisinger-kornprat.at/de/service/steuernews_f%C3%BCr_klienten/september_2026/digitalisierungsfoerderung_fuer_kmu/ | https://www.reisinger-kornprat.at/de/service/steuernews_f%C3%BCr_klienten/september_2026/eu_entgelttransparenzrichtlinie_neue_verpflichtungen_fuer_arbeitgeber/ | https://www.reisinger-kornprat.at/de/service/steuernews_f%C3%BCr_klienten/september_2026/sachbezug_kuenftig_auch_fuer_elektroautos/ | https://www.reisinger-kornprat.at/de/service/steuernews_f%C3%BCr_klienten/september_2026/umfassende_aenderungen_im_doppelbesteuerungsabkommen_mit_der_schweiz/ | https://www.reisinger-kornprat.at/de/service/steuernews_f%C3%BCr_klienten/september_2026/welche_zahlungen_unterliegen_der_abzugsteuer_/ | https://www.reisinger-kornprat.at/de/service/steuernews_f%C3%BCr_klienten/september_2026/welcher_einkunftsart_unterliegt_die_kurzfristige_touristische_vermietung_/ | https://www.reisinger-kornprat.at/de/service/steuernews_f%C3%BCr_klienten/september_2026/zeitpunkt_der_gebaeudeabschreibung_bei_einer_vermietung_und_verpachtung_nach_generalsanierung/ | https://www.reisinger-kornprat.at/index_ger.html,official_site,"ektroautos Änderung der Sachbezugswerteverordnung Steuernews für Klienten Umfassende Änderungen im Doppelbesteuerungsabkommen mit der Schweiz Anpassung an das OECD-Musterabkommen dr. reisinger & mmag. kornprat Hietzinger Kai 133/2. Stock, 1130 Wien Österreich Telefon: Telefon: +43 1 894 18 10 E-Mail: E-Mail: office@reisinger-kornprat.at Öffnungszeiten Mo. bis Do. 08:00 bis 17:00 Uhr Fr. 08:00 bis 13:00 Uhr Termine außerhalb der Bürozeiten nach Vereinbarung. Im ersten Untergeschoss unseres Bürogebäudes stehen unseren Klienten Parkplätze zur Verfügung. Datenschutz Impressum Über uns Leistungen Service Kontakt Unsere Social-Media Auftritte Folgen Sie uns auf Instagram! Werden Sie F"
domain:reisinger-kornprat.at,Dr. Reisinger & MMag. Kornprat Wirtschaftsprüfungs und Steuerberatungs GmbH,CONFIRMED_20_PLUS,Geschäftsführende Gesellschafterin Telefon; Englisch Dr,Geschäftsführende Gesellschafterin Telefon,phone,+4318941810,central_context,83,22,1,https://www.reisinger-kornprat.at/index_ger.html,https://www.reisinger-kornprat.at/de/kanzlei/%C3%BCber_uns/ | https://www.reisinger-kornprat.at/de/kanzlei/datenschutzerkl%C3%A4rung/ | https://www.reisinger-kornprat.at/de/kanzlei/impressum/ | https://www.reisinger-kornprat.at/de/kanzlei/karriere/ | https://www.reisinger-kornprat.at/de/kanzlei/karriere/offene_stellen/berufsanw%C3%A4rter_e4332/ | https://www.reisinger-kornprat.at/de/kanzlei/karriere/offene_stellen/bilanzbuchhalter_e4331/ | https://www.reisinger-kornprat.at/de/kanzlei/karriere/online_bewerben/ | https://www.reisinger-kornprat.at/de/kanzlei/kontakt/ | https://www.reisinger-kornprat.at/de/know_how/ | https://www.reisinger-kornprat.at/de/leistungen/ | https://www.reisinger-kornprat.at/de/service/anmeldung_zum_newsletter/ | https://www.reisinger-kornprat.at/de/service/steuernews_f%C3%BCr_%C3%A4rzte/ | https://www.reisinger-kornprat.at/de/service/steuernews_f%C3%BCr_%C3%A4rzte/herbst_2026/mitarbeiterpraemienregelung_2026_beschlossen/ | https://www.reisinger-kornprat.at/de/service/steuernews_f%C3%BCr_klienten/ | https://www.reisinger-kornprat.at/de/service/steuernews_f%C3%BCr_klienten/september_2026/digitalisierungsfoerderung_fuer_kmu/ | https://www.reisinger-kornprat.at/de/service/steuernews_f%C3%BCr_klienten/september_2026/eu_entgelttransparenzrichtlinie_neue_verpflichtungen_fuer_arbeitgeber/ | https://www.reisinger-kornprat.at/de/service/steuernews_f%C3%BCr_klienten/september_2026/sachbezug_kuenftig_auch_fuer_elektroautos/ | https://www.reisinger-kornprat.at/de/service/steuernews_f%C3%BCr_klienten/september_2026/umfassende_aenderungen_im_doppelbesteuerungsabkommen_mit_der_schweiz/ | https://www.reisinger-kornprat.at/de/service/steuernews_f%C3%BCr_klienten/september_2026/welche_zahlungen_unterliegen_der_abzugsteuer_/ | https://www.reisinger-kornprat.at/de/service/steuernews_f%C3%BCr_klienten/september_2026/welcher_einkunftsart_unterliegt_die_kurzfristige_touristische_vermietung_/ | https://www.reisinger-kornprat.at/de/service/steuernews_f%C3%BCr_klienten/september_2026/zeitpunkt_der_gebaeudeabschreibung_bei_einer_vermietung_und_verpachtung_nach_generalsanierung/ | https://www.reisinger-kornprat.at/index_ger.html,official_site,"ektroautos Änderung der Sachbezugswerteverordnung Steuernews für Klienten Umfassende Änderungen im Doppelbesteuerungsabkommen mit der Schweiz Anpassung an das OECD-Musterabkommen dr. reisinger & mmag. kornprat Hietzinger Kai 133/2. Stock, 1130 Wien Österreich Telefon: Telefon: +43 1 894 18 10 E-Mail: E-Mail: office@reisinger-kornprat.at Öffnungszeiten Mo. bis Do. 08:00 bis 17:00 Uhr Fr. 08:00 bis 13:00 Uhr Termine außerhalb der Bürozeiten nach Vereinbarung. Im ersten Untergeschoss unseres Bürogebäudes stehen unseren Klienten Parkplätze zur Verfügung. Datenschutz Impressum Über uns Leistungen Service Kontakt Unsere Social-Media Auftritte Folgen Sie uns auf Instagram! Werden Sie F"
domain:reisinger-kornprat.at,Dr. Reisinger & MMag. Kornprat Wirtschaftsprüfungs und Steuerberatungs GmbH,CONFIRMED_20_PLUS,Geschäftsführende Gesellschafterin Telefon; Englisch Dr,Geschäftsführende Gesellschafterin Telefon,email,karin.reisinger@reisinger-kornprat.at,named_context_email,70,1,1,https://www.reisinger-kornprat.at/de/kanzlei/%C3%BCber_uns/,https://www.reisinger-kornprat.at/de/kanzlei/%C3%BCber_uns/,official_site,"ten stets am Puls der aktuellen Markt- und Rechtsentwicklungen betreuen. Sprachen 8 Deutsch Englisch Italienisch Chinesisch Bulgarisch Polnisch Kroatisch Türkisch Wir sind Digital Wir stellen uns vor Dr. Karin Reisinger Steuerberaterin, Unternehmensberaterin, Geschäftsführende Gesellschafterin Telefon: Telefon: +43 1 894 18 10 E-Mail: E-Mail: karin.reisinger@reisinger-kornprat.at Sprachen: Deutsch, Italienisch (verhandlungssicher), Englisch Dr. Karin Reisinger studierte Betriebswirtschaft an der Wirtschaftsuniversität Wien und promovierte zum Thema “Die zukünftige Entwicklung der Wiener Börse im Euro – Kapitalmarkt”. Sie war in einigen Steuerberatungskanzleien als Revisionsassistentin tätig und arbeitete auch an "
domain:reisinger-kornprat.at,Dr. Reisinger & MMag. Kornprat Wirtschaftsprüfungs und Steuerberatungs GmbH,CONFIRMED_20_PLUS,Geschäftsführende Gesellschafterin Telefon; Englisch Dr,Englisch Dr,email,karin.reisinger@reisinger-kornprat.at,named_context_email,70,1,1,https://www.reisinger-kornprat.at/de/kanzlei/%C3%BCber_uns/,https://www.reisinger-kornprat.at/de/kanzlei/%C3%BCber_uns/,official_site,"tal Wir stellen uns vor Dr. Karin Reisinger Steuerberaterin, Unternehmensberaterin, Geschäftsführende Gesellschafterin Telefon: Telefon: +43 1 894 18 10 E-Mail: E-Mail: karin.reisinger@reisinger-kornprat.at Sprachen: Deutsch, Italienisch (verhandlungssicher), Englisch Dr. Karin Reisinger studierte Betriebswirtschaft an der Wirtschaftsuniversität Wien und promovierte zum Thema “Die zukünftige Entwicklung der Wiener Börse im Euro – Kapitalmarkt”. Sie war in einigen Steuerberatungskanzleien als Revisionsassistentin tätig und arbeitete auch an der Vorbereitung zu Börsegängen in München. Nach erfolgreicher Ablegung der Steuerberaterprüfung sowie der Unternehmensberaterprüfung war sie als"
domain:reisinger-kornprat.at,Dr. Reisinger & MMag. Kornprat Wirtschaftsprüfungs und Steuerberatungs GmbH,CONFIRMED_20_PLUS,Geschäftsführende Gesellschafterin Telefon; Englisch Dr,Englisch Dr,phone,+4318941810,named_fixed_candidate,75,1,1,https://www.reisinger-kornprat.at/de/kanzlei/%C3%BCber_uns/,https://www.reisinger-kornprat.at/de/kanzlei/%C3%BCber_uns/,official_site,"tal Wir stellen uns vor Dr. Karin Reisinger Steuerberaterin, Unternehmensberaterin, Geschäftsführende Gesellschafterin Telefon: Telefon: +43 1 894 18 10 E-Mail: E-Mail: karin.reisinger@reisinger-kornprat.at Sprachen: Deutsch, Italienisch (verhandlungssicher), Englisch Dr. Karin Reisinger studierte Betriebswirtschaft an der Wirtschaftsuniversität Wien und promovierte zum Thema “Die zukünftige Entwicklung der Wiener Börse im Euro – Kapitalmarkt”. Sie war in einigen Steuerberatungskanzleien als Revisionsassistentin tätig und arbeitete auch an der Vorbereitung zu Börsegängen in München. Nach erfolgreicher Ablegung der Steuerberaterprüfung sowie der Unternehmensberaterprüfung war sie als"
domain:reisinger-kornprat.at,Dr. Reisinger & MMag. Kornprat Wirtschaftsprüfungs und Steuerberatungs GmbH,CONFIRMED_20_PLUS,Geschäftsführende Gesellschafterin Telefon; Englisch Dr,Geschäftsführende Gesellschafterin Telefon,phone,+4318941782,central_context,24,2,1,https://www.reisinger-kornprat.at/de/kanzlei/impressum/,https://www.reisinger-kornprat.at/de/kanzlei/datenschutzerkl%C3%A4rung/ | https://www.reisinger-kornprat.at/de/kanzlei/impressum/,official_site,"ски English Italiano 中文 Menü öffnen Menü schließen Kanzlei Positionsanzeige Sie sind hier: Startseite » Kanzlei » Impressum Inhalt Impressum Dr. Reisinger & MMag. Kornprat Wirtschaftsprüfung und Steuerberatung Hietzinger Kai 133/2. Stock, 1130 Wien Österreich Telefon: Telefon: +43 1 894 18 10 Fax: Fax: +43 1 894 17 82 E-Mail: E-Mail: office@reisinger-kornprat.at Geschäftsführer Dr. Karin Reisinger MMag. Christian Kornprat Persönlich haftender Gesellschafter Dr. Reisinger & MMag. Kornprat Wirtschaftsprüfungs- und Steuerberatungs GmbH Rechtsform Wirtschaftsprüfungs und Steuerberatungs GmbH & Co Steuerberatungs KG Firmensitz Wien Firmenbuch-Nummer FN 267237x Firmenbuch-Gericht Hand"
domain:reisinger-kornprat.at,Dr. Reisinger & MMag. Kornprat Wirtschaftsprüfungs und Steuerberatungs GmbH,CONFIRMED_20_PLUS,Geschäftsführende Gesellschafterin Telefon; Englisch Dr,Geschäftsführende Gesellschafterin Telefon,email,info@atikon.com,generic_email,30,1,1,https://www.reisinger-kornprat.at/de/kanzlei/impressum/,https://www.reisinger-kornprat.at/de/kanzlei/impressum/,official_site,"u können, nutzen Sie bitte den kostenlosen Adobe Reader . PDF: Allgemeine Auftragsbedingungen für Wirtschaftstreuhandberufe Zuständige Aufsichtsbehörde der Steuerberater Kammer der Steuerberater und Wirtschaftsprüfer Am Belvedere 10/Top 4 1100 Wien Österreich Telefon: Telefon: +43 1/811 73-0 Fax: Fax: +43 1/811 73-100 E-Mail: E-Mail: office@ksw.or.at Webseite: Webseite: www.ksw.or.at Entwurf und Umsetzung der Webseite Atikon EDV & Marketing GmbH Pluskaufstraße 7/BC-4OG 01 4061 Pasching Österreich Telefon: Telefon: +43 732/611266-0 Fax: Fax: +43 732/611266-20 E-Mail: E-Mail: info@atikon.com Webseite: Webseite: www.atikon.com Verwendete Schriften Roboto Copyright (c) by Christian "
domain:reisinger-kornprat.at,Dr. Reisinger & MMag. Kornprat Wirtschaftsprüfungs und Steuerberatungs GmbH,CONFIRMED_20_PLUS,Geschäftsführende Gesellschafterin Telefon; Englisch Dr,Geschäftsführende Gesellschafterin Telefon,email,office@ksw.or.at,generic_email,30,1,1,https://www.reisinger-kornprat.at/de/kanzlei/impressum/,https://www.reisinger-kornprat.at/de/kanzlei/impressum/,official_site,"u können, nutzen Sie bitte den kostenlosen Adobe Reader . PDF: Allgemeine Auftragsbedingungen für Wirtschaftstreuhandberufe Zuständige Aufsichtsbehörde der Steuerberater Kammer der Steuerberater und Wirtschaftsprüfer Am Belvedere 10/Top 4 1100 Wien Österreich Telefon: Telefon: +43 1/811 73-0 Fax: Fax: +43 1/811 73-100 E-Mail: E-Mail: office@ksw.or.at Webseite: Webseite: www.ksw.or.at Entwurf und Umsetzung der Webseite Atikon EDV & Marketing GmbH Pluskaufstraße 7/BC-4OG 01 4061 Pasching Österreich Telefon: Telefon: +43 732/611266-0 Fax: Fax: +43 732/611266-20 E-Mail: E-Mail: info@atikon.com Webseite: Webseite: www.atikon.com Verwendete Schriften Roboto Copyright (c) by Christian "
domain:reisinger-kornprat.at,Dr. Reisinger & MMag. Kornprat Wirtschaftsprüfungs und Steuerberatungs GmbH,CONFIRMED_20_PLUS,Geschäftsführende Gesellschafterin Telefon; Englisch Dr,Geschäftsführende Gesellschafterin Telefon,phone,+431811730,central_context,20,1,1,https://www.reisinger-kornprat.at/de/kanzlei/impressum/,https://www.reisinger-kornprat.at/de/kanzlei/impressum/,official_site,"u können, nutzen Sie bitte den kostenlosen Adobe Reader . PDF: Allgemeine Auftragsbedingungen für Wirtschaftstreuhandberufe Zuständige Aufsichtsbehörde der Steuerberater Kammer der Steuerberater und Wirtschaftsprüfer Am Belvedere 10/Top 4 1100 Wien Österreich Telefon: Telefon: +43 1/811 73-0 Fax: Fax: +43 1/811 73-100 E-Mail: E-Mail: office@ksw.or.at Webseite: Webseite: www.ksw.or.at Entwurf und Umsetzung der Webseite Atikon EDV & Marketing GmbH Pluskaufstraße 7/BC-4OG 01 4061 Pasching Österreich Telefon: Telefon: +43 732/611266-0 Fax: Fax: +43 732/611266-20 E-Mail: E-Mail: info@atikon.com Webseite: Webseite: www.atikon.com Verwendete Schriften Roboto Copyright (c) by Christian "
domain:reisinger-kornprat.at,Dr. Reisinger & MMag. Kornprat Wirtschaftsprüfungs und Steuerberatungs GmbH,CONFIRMED_20_PLUS,Geschäftsführende Gesellschafterin Telefon; Englisch Dr,Geschäftsführende Gesellschafterin Telefon,phone,+43181173100,central_context,20,1,1,https://www.reisinger-kornprat.at/de/kanzlei/impressum/,https://www.reisinger-kornprat.at/de/kanzlei/impressum/,official_site,"u können, nutzen Sie bitte den kostenlosen Adobe Reader . PDF: Allgemeine Auftragsbedingungen für Wirtschaftstreuhandberufe Zuständige Aufsichtsbehörde der Steuerberater Kammer der Steuerberater und Wirtschaftsprüfer Am Belvedere 10/Top 4 1100 Wien Österreich Telefon: Telefon: +43 1/811 73-0 Fax: Fax: +43 1/811 73-100 E-Mail: E-Mail: office@ksw.or.at Webseite: Webseite: www.ksw.or.at Entwurf und Umsetzung der Webseite Atikon EDV & Marketing GmbH Pluskaufstraße 7/BC-4OG 01 4061 Pasching Österreich Telefon: Telefon: +43 732/611266-0 Fax: Fax: +43 732/611266-20 E-Mail: E-Mail: info@atikon.com Webseite: Webseite: www.atikon.com Verwendete Schriften Roboto Copyright (c) by Christian "
domain:reisinger-kornprat.at,Dr. Reisinger & MMag. Kornprat Wirtschaftsprüfungs und Steuerberatungs GmbH,CONFIRMED_20_PLUS,Geschäftsführende Gesellschafterin Telefon; Englisch Dr,Geschäftsführende Gesellschafterin Telefon,phone,+437326112660,central_context,20,1,1,https://www.reisinger-kornprat.at/de/kanzlei/impressum/,https://www.reisinger-kornprat.at/de/kanzlei/impressum/,official_site,"u können, nutzen Sie bitte den kostenlosen Adobe Reader . PDF: Allgemeine Auftragsbedingungen für Wirtschaftstreuhandberufe Zuständige Aufsichtsbehörde der Steuerberater Kammer der Steuerberater und Wirtschaftsprüfer Am Belvedere 10/Top 4 1100 Wien Österreich Telefon: Telefon: +43 1/811 73-0 Fax: Fax: +43 1/811 73-100 E-Mail: E-Mail: office@ksw.or.at Webseite: Webseite: www.ksw.or.at Entwurf und Umsetzung der Webseite Atikon EDV & Marketing GmbH Pluskaufstraße 7/BC-4OG 01 4061 Pasching Österreich Telefon: Telefon: +43 732/611266-0 Fax: Fax: +43 732/611266-20 E-Mail: E-Mail: info@atikon.com Webseite: Webseite: www.atikon.com Verwendete Schriften Roboto Copyright (c) by Christian "
domain:reisinger-kornprat.at,Dr. Reisinger & MMag. Kornprat Wirtschaftsprüfungs und Steuerberatungs GmbH,CONFIRMED_20_PLUS,Geschäftsführende Gesellschafterin Telefon; Englisch Dr,Geschäftsführende Gesellschafterin Telefon,phone,+4373261126620,central_context,20,1,1,https://www.reisinger-kornprat.at/de/kanzlei/impressum/,https://www.reisinger-kornprat.at/de/kanzlei/impressum/,official_site,"u können, nutzen Sie bitte den kostenlosen Adobe Reader . PDF: Allgemeine Auftragsbedingungen für Wirtschaftstreuhandberufe Zuständige Aufsichtsbehörde der Steuerberater Kammer der Steuerberater und Wirtschaftsprüfer Am Belvedere 10/Top 4 1100 Wien Österreich Telefon: Telefon: +43 1/811 73-0 Fax: Fax: +43 1/811 73-100 E-Mail: E-Mail: office@ksw.or.at Webseite: Webseite: www.ksw.or.at Entwurf und Umsetzung der Webseite Atikon EDV & Marketing GmbH Pluskaufstraße 7/BC-4OG 01 4061 Pasching Österreich Telefon: Telefon: +43 732/611266-0 Fax: Fax: +43 732/611266-20 E-Mail: E-Mail: info@atikon.com Webseite: Webseite: www.atikon.com Verwendete Schriften Roboto Copyright (c) by Christian "
domain:wt-gratt.at,Gratt Sappl Steuerberatung GmbH,CONFIRMED_20_PLUS,David Huter; Karin Schwarzenbacher Leitung Perso; Karin Schwarzenbacher Leitung Personalverrechnung,David Huter,email,d.huter@wt-gratt.at,personal_verified_email,90,1,1,https://www.wt-gratt.at/de/kanzlei/unser_team/index_ger.html,https://www.wt-gratt.at/de/kanzlei/unser_team/index_ger.html,official_site,"hen Steuern & Recht Positionsanzeige Sie sind hier: Startseite » Kanzlei » Unser Team Inhalt Unser Team Mag. Dr. Gerhard Gratt Steuerberater Geschäftsführer E g.gratt@wt-gratt.at Mag. Maximilian Sappl, LL.M. Steuerberater Geschäftsführer E m.sappl@wt-gratt.at David Huter, MBA Steuerberater Bilanzierung E d.huter@wt-gratt.at Karin Schwarzenbacher Leitung Personalverrechnung Prokuristin E k.schwarzenbacher@wt-gratt.at Victoria Embacher Bilanzierung Buchhaltung E v.embacher@wt-gratt.at Stefanie Auer Personalverrechnung Buchhaltung E st.auer@wt-gratt.at Valentina Wöll Buchhaltung E v.woell@wt-gratt.at Mag. Martina Planegger Buchhaltung E m.planegger@wt-gratt.at Simone Stelzer Buchhaltun"
domain:wt-gratt.at,Gratt Sappl Steuerberatung GmbH,CONFIRMED_20_PLUS,David Huter; Karin Schwarzenbacher Leitung Perso; Karin Schwarzenbacher Leitung Personalverrechnung,David Huter,email,g.gratt@wt-gratt.at,named_context_email,70,1,1,https://www.wt-gratt.at/de/kanzlei/unser_team/index_ger.html,https://www.wt-gratt.at/de/kanzlei/unser_team/index_ger.html,official_site,"hen Steuern & Recht Positionsanzeige Sie sind hier: Startseite » Kanzlei » Unser Team Inhalt Unser Team Mag. Dr. Gerhard Gratt Steuerberater Geschäftsführer E g.gratt@wt-gratt.at Mag. Maximilian Sappl, LL.M. Steuerberater Geschäftsführer E m.sappl@wt-gratt.at David Huter, MBA Steuerberater Bilanzierung E d.huter@wt-gratt.at Karin Schwarzenbacher Leitung Personalverrechnung Prokuristin E k.schwarzenbacher@wt-gratt.at Victoria Embacher Bilanzierung Buchhaltung E v.embacher@wt-gratt.at Stefanie Auer Personalverrechnung Buchhaltung E st.auer@wt-gratt.at Valentina Wöll Buchhaltung E v.woell@wt-gratt.at Mag. Martina Planegger Buchhaltung E m.planegger@wt-gratt.at Simone Stelzer Buchhaltun"
domain:wt-gratt.at,Gratt Sappl Steuerberatung GmbH,CONFIRMED_20_PLUS,David Huter; Karin Schwarzenbacher Leitung Perso; Karin Schwarzenbacher Leitung Personalverrechnung,David Huter,email,k.schwarzenbacher@wt-gratt.at,named_context_email,70,1,1,https://www.wt-gratt.at/de/kanzlei/unser_team/index_ger.html,https://www.wt-gratt.at/de/kanzlei/unser_team/index_ger.html,official_site,"hen Steuern & Recht Positionsanzeige Sie sind hier: Startseite » Kanzlei » Unser Team Inhalt Unser Team Mag. Dr. Gerhard Gratt Steuerberater Geschäftsführer E g.gratt@wt-gratt.at Mag. Maximilian Sappl, LL.M. Steuerberater Geschäftsführer E m.sappl@wt-gratt.at David Huter, MBA Steuerberater Bilanzierung E d.huter@wt-gratt.at Karin Schwarzenbacher Leitung Personalverrechnung Prokuristin E k.schwarzenbacher@wt-gratt.at Victoria Embacher Bilanzierung Buchhaltung E v.embacher@wt-gratt.at Stefanie Auer Personalverrechnung Buchhaltung E st.auer@wt-gratt.at Valentina Wöll Buchhaltung E v.woell@wt-gratt.at Mag. Martina Planegger Buchhaltung E m.planegger@wt-gratt.at Simone Stelzer Buchhaltun"
domain:wt-gratt.at,Gratt Sappl Steuerberatung GmbH,CONFIRMED_20_PLUS,David Huter; Karin Schwarzenbacher Leitung Perso; Karin Schwarzenbacher Leitung Personalverrechnung,David Huter,email,m.planegger@wt-gratt.at,named_context_email,70,1,1,https://www.wt-gratt.at/de/kanzlei/unser_team/index_ger.html,https://www.wt-gratt.at/de/kanzlei/unser_team/index_ger.html,official_site,"hen Steuern & Recht Positionsanzeige Sie sind hier: Startseite » Kanzlei » Unser Team Inhalt Unser Team Mag. Dr. Gerhard Gratt Steuerberater Geschäftsführer E g.gratt@wt-gratt.at Mag. Maximilian Sappl, LL.M. Steuerberater Geschäftsführer E m.sappl@wt-gratt.at David Huter, MBA Steuerberater Bilanzierung E d.huter@wt-gratt.at Karin Schwarzenbacher Leitung Personalverrechnung Prokuristin E k.schwarzenbacher@wt-gratt.at Victoria Embacher Bilanzierung Buchhaltung E v.embacher@wt-gratt.at Stefanie Auer Personalverrechnung Buchhaltung E st.auer@wt-gratt.at Valentina Wöll Buchhaltung E v.woell@wt-gratt.at Mag. Martina Planegger Buchhaltung E m.planegger@wt-gratt.at Simone Stelzer Buchhaltun"
domain:wt-gratt.at,Gratt Sappl Steuerberatung GmbH,CONFIRMED_20_PLUS,David Huter; Karin Schwarzenbacher Leitung Perso; Karin Schwarzenbacher Leitung Personalverrechnung,David Huter,email,m.sappl@wt-gratt.at,named_context_email,70,1,1,https://www.wt-gratt.at/de/kanzlei/unser_team/index_ger.html,https://www.wt-gratt.at/de/kanzlei/unser_team/index_ger.html,official_site,"hen Steuern & Recht Positionsanzeige Sie sind hier: Startseite » Kanzlei » Unser Team Inhalt Unser Team Mag. Dr. Gerhard Gratt Steuerberater Geschäftsführer E g.gratt@wt-gratt.at Mag. Maximilian Sappl, LL.M. Steuerberater Geschäftsführer E m.sappl@wt-gratt.at David Huter, MBA Steuerberater Bilanzierung E d.huter@wt-gratt.at Karin Schwarzenbacher Leitung Personalverrechnung Prokuristin E k.schwarzenbacher@wt-gratt.at Victoria Embacher Bilanzierung Buchhaltung E v.embacher@wt-gratt.at Stefanie Auer Personalverrechnung Buchhaltung E st.auer@wt-gratt.at Valentina Wöll Buchhaltung E v.woell@wt-gratt.at Mag. Martina Planegger Buchhaltung E m.planegger@wt-gratt.at Simone Stelzer Buchhaltun"
domain:wt-gratt.at,Gratt Sappl Steuerberatung GmbH,CONFIRMED_20_PLUS,David Huter; Karin Schwarzenbacher Leitung Perso; Karin Schwarzenbacher Leitung Personalverrechnung,David Huter,email,st.auer@wt-gratt.at,named_context_email,70,1,1,https://www.wt-gratt.at/de/kanzlei/unser_team/index_ger.html,https://www.wt-gratt.at/de/kanzlei/unser_team/index_ger.html,official_site,"hen Steuern & Recht Positionsanzeige Sie sind hier: Startseite » Kanzlei » Unser Team Inhalt Unser Team Mag. Dr. Gerhard Gratt Steuerberater Geschäftsführer E g.gratt@wt-gratt.at Mag. Maximilian Sappl, LL.M. Steuerberater Geschäftsführer E m.sappl@wt-gratt.at David Huter, MBA Steuerberater Bilanzierung E d.huter@wt-gratt.at Karin Schwarzenbacher Leitung Personalverrechnung Prokuristin E k.schwarzenbacher@wt-gratt.at Victoria Embacher Bilanzierung Buchhaltung E v.embacher@wt-gratt.at Stefanie Auer Personalverrechnung Buchhaltung E st.auer@wt-gratt.at Valentina Wöll Buchhaltung E v.woell@wt-gratt.at Mag. Martina Planegger Buchhaltung E m.planegger@wt-gratt.at Simone Stelzer Buchhaltun"
domain:wt-gratt.at,Gratt Sappl Steuerberatung GmbH,CONFIRMED_20_PLUS,David Huter; Karin Schwarzenbacher Leitung Perso; Karin Schwarzenbacher Leitung Personalverrechnung,David Huter,email,v.embacher@wt-gratt.at,named_context_email,70,1,1,https://www.wt-gratt.at/de/kanzlei/unser_team/index_ger.html,https://www.wt-gratt.at/de/kanzlei/unser_team/index_ger.html,official_site,"hen Steuern & Recht Positionsanzeige Sie sind hier: Startseite » Kanzlei » Unser Team Inhalt Unser Team Mag. Dr. Gerhard Gratt Steuerberater Geschäftsführer E g.gratt@wt-gratt.at Mag. Maximilian Sappl, LL.M. Steuerberater Geschäftsführer E m.sappl@wt-gratt.at David Huter, MBA Steuerberater Bilanzierung E d.huter@wt-gratt.at Karin Schwarzenbacher Leitung Personalverrechnung Prokuristin E k.schwarzenbacher@wt-gratt.at Victoria Embacher Bilanzierung Buchhaltung E v.embacher@wt-gratt.at Stefanie Auer Personalverrechnung Buchhaltung E st.auer@wt-gratt.at Valentina Wöll Buchhaltung E v.woell@wt-gratt.at Mag. Martina Planegger Buchhaltung E m.planegger@wt-gratt.at Simone Stelzer Buchhaltun"
domain:wt-gratt.at,Gratt Sappl Steuerberatung GmbH,CONFIRMED_20_PLUS,David Huter; Karin Schwarzenbacher Leitung Perso; Karin Schwarzenbacher Leitung Personalverrechnung,David Huter,email,v.woell@wt-gratt.at,named_context_email,70,1,1,https://www.wt-gratt.at/de/kanzlei/unser_team/index_ger.html,https://www.wt-gratt.at/de/kanzlei/unser_team/index_ger.html,official_site,"hen Steuern & Recht Positionsanzeige Sie sind hier: Startseite » Kanzlei » Unser Team Inhalt Unser Team Mag. Dr. Gerhard Gratt Steuerberater Geschäftsführer E g.gratt@wt-gratt.at Mag. Maximilian Sappl, LL.M. Steuerberater Geschäftsführer E m.sappl@wt-gratt.at David Huter, MBA Steuerberater Bilanzierung E d.huter@wt-gratt.at Karin Schwarzenbacher Leitung Personalverrechnung Prokuristin E k.schwarzenbacher@wt-gratt.at Victoria Embacher Bilanzierung Buchhaltung E v.embacher@wt-gratt.at Stefanie Auer Personalverrechnung Buchhaltung E st.auer@wt-gratt.at Valentina Wöll Buchhaltung E v.woell@wt-gratt.at Mag. Martina Planegger Buchhaltung E m.planegger@wt-gratt.at Simone Stelzer Buchhaltun"
domain:wt-gratt.at,Gratt Sappl Steuerberatung GmbH,CONFIRMED_20_PLUS,David Huter; Karin Schwarzenbacher Leitung Perso; Karin Schwarzenbacher Leitung Personalverrechnung,Karin Schwarzenbacher Leitung Perso,email,d.huter@wt-gratt.at,named_context_email,70,1,1,https://www.wt-gratt.at/de/kanzlei/unser_team/index_ger.html,https://www.wt-gratt.at/de/kanzlei/unser_team/index_ger.html,official_site,"anzlei » Unser Team Inhalt Unser Team Mag. Dr. Gerhard Gratt Steuerberater Geschäftsführer E g.gratt@wt-gratt.at Mag. Maximilian Sappl, LL.M. Steuerberater Geschäftsführer E m.sappl@wt-gratt.at David Huter, MBA Steuerberater Bilanzierung E d.huter@wt-gratt.at Karin Schwarzenbacher Leitung Personalverrechnung Prokuristin E k.schwarzenbacher@wt-gratt.at Victoria Embacher Bilanzierung Buchhaltung E v.embacher@wt-gratt.at Stefanie Auer Personalverrechnung Buchhaltung E st.auer@wt-gratt.at Valentina Wöll Buchhaltung E v.woell@wt-gratt.at Mag. Martina Planegger Buchhaltung E m.planegger@wt-gratt.at Simone Stelzer Buchhaltung E s.stelzer@wt-gratt.at Elena Gratt Buchhaltung E e.gratt@wt-gratt.at teilen teilen druc"
domain:wt-gratt.at,Gratt Sappl Steuerberatung GmbH,CONFIRMED_20_PLUS,David Huter; Karin Schwarzenbacher Leitung Perso; Karin Schwarzenbacher Leitung Personalverrechnung,Karin Schwarzenbacher Leitung Perso,email,e.gratt@wt-gratt.at,named_context_email,70,1,1,https://www.wt-gratt.at/de/kanzlei/unser_team/index_ger.html,https://www.wt-gratt.at/de/kanzlei/unser_team/index_ger.html,official_site,"anzlei » Unser Team Inhalt Unser Team Mag. Dr. Gerhard Gratt Steuerberater Geschäftsführer E g.gratt@wt-gratt.at Mag. Maximilian Sappl, LL.M. Steuerberater Geschäftsführer E m.sappl@wt-gratt.at David Huter, MBA Steuerberater Bilanzierung E d.huter@wt-gratt.at Karin Schwarzenbacher Leitung Personalverrechnung Prokuristin E k.schwarzenbacher@wt-gratt.at Victoria Embacher Bilanzierung Buchhaltung E v.embacher@wt-gratt.at Stefanie Auer Personalverrechnung Buchhaltung E st.auer@wt-gratt.at Valentina Wöll Buchhaltung E v.woell@wt-gratt.at Mag. Martina Planegger Buchhaltung E m.planegger@wt-gratt.at Simone Stelzer Buchhaltung E s.stelzer@wt-gratt.at Elena Gratt Buchhaltung E e.gratt@wt-gratt.at teilen teilen druc"
domain:wt-gratt.at,Gratt Sappl Steuerberatung GmbH,CONFIRMED_20_PLUS,David Huter; Karin Schwarzenbacher Leitung Perso; Karin Schwarzenbacher Leitung Personalverrechnung,Karin Schwarzenbacher Leitung Perso,email,g.gratt@wt-gratt.at,named_context_email,70,1,1,https://www.wt-gratt.at/de/kanzlei/unser_team/index_ger.html,https://www.wt-gratt.at/de/kanzlei/unser_team/index_ger.html,official_site,"anzlei » Unser Team Inhalt Unser Team Mag. Dr. Gerhard Gratt Steuerberater Geschäftsführer E g.gratt@wt-gratt.at Mag. Maximilian Sappl, LL.M. Steuerberater Geschäftsführer E m.sappl@wt-gratt.at David Huter, MBA Steuerberater Bilanzierung E d.huter@wt-gratt.at Karin Schwarzenbacher Leitung Personalverrechnung Prokuristin E k.schwarzenbacher@wt-gratt.at Victoria Embacher Bilanzierung Buchhaltung E v.embacher@wt-gratt.at Stefanie Auer Personalverrechnung Buchhaltung E st.auer@wt-gratt.at Valentina Wöll Buchhaltung E v.woell@wt-gratt.at Mag. Martina Planegger Buchhaltung E m.planegger@wt-gratt.at Simone Stelzer Buchhaltung E s.stelzer@wt-gratt.at Elena Gratt Buchhaltung E e.gratt@wt-gratt.at teilen teilen druc"
domain:wt-gratt.at,Gratt Sappl Steuerberatung GmbH,CONFIRMED_20_PLUS,David Huter; Karin Schwarzenbacher Leitung Perso; Karin Schwarzenbacher Leitung Personalverrechnung,Karin Schwarzenbacher Leitung Perso,email,k.schwarzenbacher@wt-gratt.at,named_context_email,70,1,1,https://www.wt-gratt.at/de/kanzlei/unser_team/index_ger.html,https://www.wt-gratt.at/de/kanzlei/unser_team/index_ger.html,official_site,"anzlei » Unser Team Inhalt Unser Team Mag. Dr. Gerhard Gratt Steuerberater Geschäftsführer E g.gratt@wt-gratt.at Mag. Maximilian Sappl, LL.M. Steuerberater Geschäftsführer E m.sappl@wt-gratt.at David Huter, MBA Steuerberater Bilanzierung E d.huter@wt-gratt.at Karin Schwarzenbacher Leitung Personalverrechnung Prokuristin E k.schwarzenbacher@wt-gratt.at Victoria Embacher Bilanzierung Buchhaltung E v.embacher@wt-gratt.at Stefanie Auer Personalverrechnung Buchhaltung E st.auer@wt-gratt.at Valentina Wöll Buchhaltung E v.woell@wt-gratt.at Mag. Martina Planegger Buchhaltung E m.planegger@wt-gratt.at Simone Stelzer Buchhaltung E s.stelzer@wt-gratt.at Elena Gratt Buchhaltung E e.gratt@wt-gratt.at teilen teilen druc"
domain:wt-gratt.at,Gratt Sappl Steuerberatung GmbH,CONFIRMED_20_PLUS,David Huter; Karin Schwarzenbacher Leitung Perso; Karin Schwarzenbacher Leitung Personalverrechnung,Karin Schwarzenbacher Leitung Perso,email,m.planegger@wt-gratt.at,named_context_email,70,1,1,https://www.wt-gratt.at/de/kanzlei/unser_team/index_ger.html,https://www.wt-gratt.at/de/kanzlei/unser_team/index_ger.html,official_site,"anzlei » Unser Team Inhalt Unser Team Mag. Dr. Gerhard Gratt Steuerberater Geschäftsführer E g.gratt@wt-gratt.at Mag. Maximilian Sappl, LL.M. Steuerberater Geschäftsführer E m.sappl@wt-gratt.at David Huter, MBA Steuerberater Bilanzierung E d.huter@wt-gratt.at Karin Schwarzenbacher Leitung Personalverrechnung Prokuristin E k.schwarzenbacher@wt-gratt.at Victoria Embacher Bilanzierung Buchhaltung E v.embacher@wt-gratt.at Stefanie Auer Personalverrechnung Buchhaltung E st.auer@wt-gratt.at Valentina Wöll Buchhaltung E v.woell@wt-gratt.at Mag. Martina Planegger Buchhaltung E m.planegger@wt-gratt.at Simone Stelzer Buchhaltung E s.stelzer@wt-gratt.at Elena Gratt Buchhaltung E e.gratt@wt-gratt.at teilen teilen druc"
domain:wt-gratt.at,Gratt Sappl Steuerberatung GmbH,CONFIRMED_20_PLUS,David Huter; Karin Schwarzenbacher Leitung Perso; Karin Schwarzenbacher Leitung Personalverrechnung,Karin Schwarzenbacher Leitung Perso,email,m.sappl@wt-gratt.at,named_context_email,70,1,1,https://www.wt-gratt.at/de/kanzlei/unser_team/index_ger.html,https://www.wt-gratt.at/de/kanzlei/unser_team/index_ger.html,official_site,"anzlei » Unser Team Inhalt Unser Team Mag. Dr. Gerhard Gratt Steuerberater Geschäftsführer E g.gratt@wt-gratt.at Mag. Maximilian Sappl, LL.M. Steuerberater Geschäftsführer E m.sappl@wt-gratt.at David Huter, MBA Steuerberater Bilanzierung E d.huter@wt-gratt.at Karin Schwarzenbacher Leitung Personalverrechnung Prokuristin E k.schwarzenbacher@wt-gratt.at Victoria Embacher Bilanzierung Buchhaltung E v.embacher@wt-gratt.at Stefanie Auer Personalverrechnung Buchhaltung E st.auer@wt-gratt.at Valentina Wöll Buchhaltung E v.woell@wt-gratt.at Mag. Martina Planegger Buchhaltung E m.planegger@wt-gratt.at Simone Stelzer Buchhaltung E s.stelzer@wt-gratt.at Elena Gratt Buchhaltung E e.gratt@wt-gratt.at teilen teilen druc"
domain:wt-gratt.at,Gratt Sappl Steuerberatung GmbH,CONFIRMED_20_PLUS,David Huter; Karin Schwarzenbacher Leitung Perso; Karin Schwarzenbacher Leitung Personalverrechnung,Karin Schwarzenbacher Leitung Perso,email,s.stelzer@wt-gratt.at,named_context_email,70,1,1,https://www.wt-gratt.at/de/kanzlei/unser_team/index_ger.html,https://www.wt-gratt.at/de/kanzlei/unser_team/index_ger.html,official_site,"anzlei » Unser Team Inhalt Unser Team Mag. Dr. Gerhard Gratt Steuerberater Geschäftsführer E g.gratt@wt-gratt.at Mag. Maximilian Sappl, LL.M. Steuerberater Geschäftsführer E m.sappl@wt-gratt.at David Huter, MBA Steuerberater Bilanzierung E d.huter@wt-gratt.at Karin Schwarzenbacher Leitung Personalverrechnung Prokuristin E k.schwarzenbacher@wt-gratt.at Victoria Embacher Bilanzierung Buchhaltung E v.embacher@wt-gratt.at Stefanie Auer Personalverrechnung Buchhaltung E st.auer@wt-gratt.at Valentina Wöll Buchhaltung E v.woell@wt-gratt.at Mag. Martina Planegger Buchhaltung E m.planegger@wt-gratt.at Simone Stelzer Buchhaltung E s.stelzer@wt-gratt.at Elena Gratt Buchhaltung E e.gratt@wt-gratt.at teilen teilen druc"
domain:wt-gratt.at,Gratt Sappl Steuerberatung GmbH,CONFIRMED_20_PLUS,David Huter; Karin Schwarzenbacher Leitung Perso; Karin Schwarzenbacher Leitung Personalverrechnung,Karin Schwarzenbacher Leitung Perso,email,st.auer@wt-gratt.at,named_context_email,70,1,1,https://www.wt-gratt.at/de/kanzlei/unser_team/index_ger.html,https://www.wt-gratt.at/de/kanzlei/unser_team/index_ger.html,official_site,"anzlei » Unser Team Inhalt Unser Team Mag. Dr. Gerhard Gratt Steuerberater Geschäftsführer E g.gratt@wt-gratt.at Mag. Maximilian Sappl, LL.M. Steuerberater Geschäftsführer E m.sappl@wt-gratt.at David Huter, MBA Steuerberater Bilanzierung E d.huter@wt-gratt.at Karin Schwarzenbacher Leitung Personalverrechnung Prokuristin E k.schwarzenbacher@wt-gratt.at Victoria Embacher Bilanzierung Buchhaltung E v.embacher@wt-gratt.at Stefanie Auer Personalverrechnung Buchhaltung E st.auer@wt-gratt.at Valentina Wöll Buchhaltung E v.woell@wt-gratt.at Mag. Martina Planegger Buchhaltung E m.planegger@wt-gratt.at Simone Stelzer Buchhaltung E s.stelzer@wt-gratt.at Elena Gratt Buchhaltung E e.gratt@wt-gratt.at teilen teilen druc"
domain:wt-gratt.at,Gratt Sappl Steuerberatung GmbH,CONFIRMED_20_PLUS,David Huter; Karin Schwarzenbacher Leitung Perso; Karin Schwarzenbacher Leitung Personalverrechnung,Karin Schwarzenbacher Leitung Perso,email,v.embacher@wt-gratt.at,named_context_email,70,1,1,https://www.wt-gratt.at/de/kanzlei/unser_team/index_ger.html,https://www.wt-gratt.at/de/kanzlei/unser_team/index_ger.html,official_site,"anzlei » Unser Team Inhalt Unser Team Mag. Dr. Gerhard Gratt Steuerberater Geschäftsführer E g.gratt@wt-gratt.at Mag. Maximilian Sappl, LL.M. Steuerberater Geschäftsführer E m.sappl@wt-gratt.at David Huter, MBA Steuerberater Bilanzierung E d.huter@wt-gratt.at Karin Schwarzenbacher Leitung Personalverrechnung Prokuristin E k.schwarzenbacher@wt-gratt.at Victoria Embacher Bilanzierung Buchhaltung E v.embacher@wt-gratt.at Stefanie Auer Personalverrechnung Buchhaltung E st.auer@wt-gratt.at Valentina Wöll Buchhaltung E v.woell@wt-gratt.at Mag. Martina Planegger Buchhaltung E m.planegger@wt-gratt.at Simone Stelzer Buchhaltung E s.stelzer@wt-gratt.at Elena Gratt Buchhaltung E e.gratt@wt-gratt.at teilen teilen druc"
domain:wt-gratt.at,Gratt Sappl Steuerberatung GmbH,CONFIRMED_20_PLUS,David Huter; Karin Schwarzenbacher Leitung Perso; Karin Schwarzenbacher Leitung Personalverrechnung,Karin Schwarzenbacher Leitung Perso,email,v.woell@wt-gratt.at,named_context_email,70,1,1,https://www.wt-gratt.at/de/kanzlei/unser_team/index_ger.html,https://www.wt-gratt.at/de/kanzlei/unser_team/index_ger.html,official_site,"anzlei » Unser Team Inhalt Unser Team Mag. Dr. Gerhard Gratt Steuerberater Geschäftsführer E g.gratt@wt-gratt.at Mag. Maximilian Sappl, LL.M. Steuerberater Geschäftsführer E m.sappl@wt-gratt.at David Huter, MBA Steuerberater Bilanzierung E d.huter@wt-gratt.at Karin Schwarzenbacher Leitung Personalverrechnung Prokuristin E k.schwarzenbacher@wt-gratt.at Victoria Embacher Bilanzierung Buchhaltung E v.embacher@wt-gratt.at Stefanie Auer Personalverrechnung Buchhaltung E st.auer@wt-gratt.at Valentina Wöll Buchhaltung E v.woell@wt-gratt.at Mag. Martina Planegger Buchhaltung E m.planegger@wt-gratt.at Simone Stelzer Buchhaltung E s.stelzer@wt-gratt.at Elena Gratt Buchhaltung E e.gratt@wt-gratt.at teilen teilen druc"
domain:wt-gratt.at,Gratt Sappl Steuerberatung GmbH,CONFIRMED_20_PLUS,David Huter; Karin Schwarzenbacher Leitung Perso; Karin Schwarzenbacher Leitung Personalverrechnung,Karin Schwarzenbacher Leitung Personalverrechnung,email,d.huter@wt-gratt.at,named_context_email,70,1,1,https://www.wt-gratt.at/de/kanzlei/unser_team/index_ger.html,https://www.wt-gratt.at/de/kanzlei/unser_team/index_ger.html,official_site,"anzlei » Unser Team Inhalt Unser Team Mag. Dr. Gerhard Gratt Steuerberater Geschäftsführer E g.gratt@wt-gratt.at Mag. Maximilian Sappl, LL.M. Steuerberater Geschäftsführer E m.sappl@wt-gratt.at David Huter, MBA Steuerberater Bilanzierung E d.huter@wt-gratt.at Karin Schwarzenbacher Leitung Personalverrechnung Prokuristin E k.schwarzenbacher@wt-gratt.at Victoria Embacher Bilanzierung Buchhaltung E v.embacher@wt-gratt.at Stefanie Auer Personalverrechnung Buchhaltung E st.auer@wt-gratt.at Valentina Wöll Buchhaltung E v.woell@wt-gratt.at Mag. Martina Planegger Buchhaltung E m.planegger@wt-gratt.at Simone Stelzer Buchhaltung E s.stelzer@wt-gratt.at Elena Gratt Buchhaltung E e.gratt@wt-gratt.at teilen teilen drucken Datenschut"
domain:wt-gratt.at,Gratt Sappl Steuerberatung GmbH,CONFIRMED_20_PLUS,David Huter; Karin Schwarzenbacher Leitung Perso; Karin Schwarzenbacher Leitung Personalverrechnung,Karin Schwarzenbacher Leitung Personalverrechnung,email,e.gratt@wt-gratt.at,named_context_email,70,1,1,https://www.wt-gratt.at/de/kanzlei/unser_team/index_ger.html,https://www.wt-gratt.at/de/kanzlei/unser_team/index_ger.html,official_site,"anzlei » Unser Team Inhalt Unser Team Mag. Dr. Gerhard Gratt Steuerberater Geschäftsführer E g.gratt@wt-gratt.at Mag. Maximilian Sappl, LL.M. Steuerberater Geschäftsführer E m.sappl@wt-gratt.at David Huter, MBA Steuerberater Bilanzierung E d.huter@wt-gratt.at Karin Schwarzenbacher Leitung Personalverrechnung Prokuristin E k.schwarzenbacher@wt-gratt.at Victoria Embacher Bilanzierung Buchhaltung E v.embacher@wt-gratt.at Stefanie Auer Personalverrechnung Buchhaltung E st.auer@wt-gratt.at Valentina Wöll Buchhaltung E v.woell@wt-gratt.at Mag. Martina Planegger Buchhaltung E m.planegger@wt-gratt.at Simone Stelzer Buchhaltung E s.stelzer@wt-gratt.at Elena Gratt Buchhaltung E e.gratt@wt-gratt.at teilen teilen drucken Datenschut"
domain:wt-gratt.at,Gratt Sappl Steuerberatung GmbH,CONFIRMED_20_PLUS,David Huter; Karin Schwarzenbacher Leitung Perso; Karin Schwarzenbacher Leitung Personalverrechnung,Karin Schwarzenbacher Leitung Personalverrechnung,email,g.gratt@wt-gratt.at,named_context_email,70,1,1,https://www.wt-gratt.at/de/kanzlei/unser_team/index_ger.html,https://www.wt-gratt.at/de/kanzlei/unser_team/index_ger.html,official_site,"anzlei » Unser Team Inhalt Unser Team Mag. Dr. Gerhard Gratt Steuerberater Geschäftsführer E g.gratt@wt-gratt.at Mag. Maximilian Sappl, LL.M. Steuerberater Geschäftsführer E m.sappl@wt-gratt.at David Huter, MBA Steuerberater Bilanzierung E d.huter@wt-gratt.at Karin Schwarzenbacher Leitung Personalverrechnung Prokuristin E k.schwarzenbacher@wt-gratt.at Victoria Embacher Bilanzierung Buchhaltung E v.embacher@wt-gratt.at Stefanie Auer Personalverrechnung Buchhaltung E st.auer@wt-gratt.at Valentina Wöll Buchhaltung E v.woell@wt-gratt.at Mag. Martina Planegger Buchhaltung E m.planegger@wt-gratt.at Simone Stelzer Buchhaltung E s.stelzer@wt-gratt.at Elena Gratt Buchhaltung E e.gratt@wt-gratt.at teilen teilen drucken Datenschut"
domain:wt-gratt.at,Gratt Sappl Steuerberatung GmbH,CONFIRMED_20_PLUS,David Huter; Karin Schwarzenbacher Leitung Perso; Karin Schwarzenbacher Leitung Personalverrechnung,Karin Schwarzenbacher Leitung Personalverrechnung,email,k.schwarzenbacher@wt-gratt.at,named_context_email,70,1,1,https://www.wt-gratt.at/de/kanzlei/unser_team/index_ger.html,https://www.wt-gratt.at/de/kanzlei/unser_team/index_ger.html,official_site,"anzlei » Unser Team Inhalt Unser Team Mag. Dr. Gerhard Gratt Steuerberater Geschäftsführer E g.gratt@wt-gratt.at Mag. Maximilian Sappl, LL.M. Steuerberater Geschäftsführer E m.sappl@wt-gratt.at David Huter, MBA Steuerberater Bilanzierung E d.huter@wt-gratt.at Karin Schwarzenbacher Leitung Personalverrechnung Prokuristin E k.schwarzenbacher@wt-gratt.at Victoria Embacher Bilanzierung Buchhaltung E v.embacher@wt-gratt.at Stefanie Auer Personalverrechnung Buchhaltung E st.auer@wt-gratt.at Valentina Wöll Buchhaltung E v.woell@wt-gratt.at Mag. Martina Planegger Buchhaltung E m.planegger@wt-gratt.at Simone Stelzer Buchhaltung E s.stelzer@wt-gratt.at Elena Gratt Buchhaltung E e.gratt@wt-gratt.at teilen teilen drucken Datenschut"
domain:wt-gratt.at,Gratt Sappl Steuerberatung GmbH,CONFIRMED_20_PLUS,David Huter; Karin Schwarzenbacher Leitung Perso; Karin Schwarzenbacher Leitung Personalverrechnung,Karin Schwarzenbacher Leitung Personalverrechnung,email,m.planegger@wt-gratt.at,named_context_email,70,1,1,https://www.wt-gratt.at/de/kanzlei/unser_team/index_ger.html,https://www.wt-gratt.at/de/kanzlei/unser_team/index_ger.html,official_site,"anzlei » Unser Team Inhalt Unser Team Mag. Dr. Gerhard Gratt Steuerberater Geschäftsführer E g.gratt@wt-gratt.at Mag. Maximilian Sappl, LL.M. Steuerberater Geschäftsführer E m.sappl@wt-gratt.at David Huter, MBA Steuerberater Bilanzierung E d.huter@wt-gratt.at Karin Schwarzenbacher Leitung Personalverrechnung Prokuristin E k.schwarzenbacher@wt-gratt.at Victoria Embacher Bilanzierung Buchhaltung E v.embacher@wt-gratt.at Stefanie Auer Personalverrechnung Buchhaltung E st.auer@wt-gratt.at Valentina Wöll Buchhaltung E v.woell@wt-gratt.at Mag. Martina Planegger Buchhaltung E m.planegger@wt-gratt.at Simone Stelzer Buchhaltung E s.stelzer@wt-gratt.at Elena Gratt Buchhaltung E e.gratt@wt-gratt.at teilen teilen drucken Datenschut"
domain:wt-gratt.at,Gratt Sappl Steuerberatung GmbH,CONFIRMED_20_PLUS,David Huter; Karin Schwarzenbacher Leitung Perso; Karin Schwarzenbacher Leitung Personalverrechnung,Karin Schwarzenbacher Leitung Personalverrechnung,email,m.sappl@wt-gratt.at,named_context_email,70,1,1,https://www.wt-gratt.at/de/kanzlei/unser_team/index_ger.html,https://www.wt-gratt.at/de/kanzlei/unser_team/index_ger.html,official_site,"anzlei » Unser Team Inhalt Unser Team Mag. Dr. Gerhard Gratt Steuerberater Geschäftsführer E g.gratt@wt-gratt.at Mag. Maximilian Sappl, LL.M. Steuerberater Geschäftsführer E m.sappl@wt-gratt.at David Huter, MBA Steuerberater Bilanzierung E d.huter@wt-gratt.at Karin Schwarzenbacher Leitung Personalverrechnung Prokuristin E k.schwarzenbacher@wt-gratt.at Victoria Embacher Bilanzierung Buchhaltung E v.embacher@wt-gratt.at Stefanie Auer Personalverrechnung Buchhaltung E st.auer@wt-gratt.at Valentina Wöll Buchhaltung E v.woell@wt-gratt.at Mag. Martina Planegger Buchhaltung E m.planegger@wt-gratt.at Simone Stelzer Buchhaltung E s.stelzer@wt-gratt.at Elena Gratt Buchhaltung E e.gratt@wt-gratt.at teilen teilen drucken Datenschut"
domain:wt-gratt.at,Gratt Sappl Steuerberatung GmbH,CONFIRMED_20_PLUS,David Huter; Karin Schwarzenbacher Leitung Perso; Karin Schwarzenbacher Leitung Personalverrechnung,Karin Schwarzenbacher Leitung Personalverrechnung,email,s.stelzer@wt-gratt.at,named_context_email,70,1,1,https://www.wt-gratt.at/de/kanzlei/unser_team/index_ger.html,https://www.wt-gratt.at/de/kanzlei/unser_team/index_ger.html,official_site,"anzlei » Unser Team Inhalt Unser Team Mag. Dr. Gerhard Gratt Steuerberater Geschäftsführer E g.gratt@wt-gratt.at Mag. Maximilian Sappl, LL.M. Steuerberater Geschäftsführer E m.sappl@wt-gratt.at David Huter, MBA Steuerberater Bilanzierung E d.huter@wt-gratt.at Karin Schwarzenbacher Leitung Personalverrechnung Prokuristin E k.schwarzenbacher@wt-gratt.at Victoria Embacher Bilanzierung Buchhaltung E v.embacher@wt-gratt.at Stefanie Auer Personalverrechnung Buchhaltung E st.auer@wt-gratt.at Valentina Wöll Buchhaltung E v.woell@wt-gratt.at Mag. Martina Planegger Buchhaltung E m.planegger@wt-gratt.at Simone Stelzer Buchhaltung E s.stelzer@wt-gratt.at Elena Gratt Buchhaltung E e.gratt@wt-gratt.at teilen teilen drucken Datenschut"
domain:wt-gratt.at,Gratt Sappl Steuerberatung GmbH,CONFIRMED_20_PLUS,David Huter; Karin Schwarzenbacher Leitung Perso; Karin Schwarzenbacher Leitung Personalverrechnung,Karin Schwarzenbacher Leitung Personalverrechnung,email,st.auer@wt-gratt.at,named_context_email,70,1,1,https://www.wt-gratt.at/de/kanzlei/unser_team/index_ger.html,https://www.wt-gratt.at/de/kanzlei/unser_team/index_ger.html,official_site,"anzlei » Unser Team Inhalt Unser Team Mag. Dr. Gerhard Gratt Steuerberater Geschäftsführer E g.gratt@wt-gratt.at Mag. Maximilian Sappl, LL.M. Steuerberater Geschäftsführer E m.sappl@wt-gratt.at David Huter, MBA Steuerberater Bilanzierung E d.huter@wt-gratt.at Karin Schwarzenbacher Leitung Personalverrechnung Prokuristin E k.schwarzenbacher@wt-gratt.at Victoria Embacher Bilanzierung Buchhaltung E v.embacher@wt-gratt.at Stefanie Auer Personalverrechnung Buchhaltung E st.auer@wt-gratt.at Valentina Wöll Buchhaltung E v.woell@wt-gratt.at Mag. Martina Planegger Buchhaltung E m.planegger@wt-gratt.at Simone Stelzer Buchhaltung E s.stelzer@wt-gratt.at Elena Gratt Buchhaltung E e.gratt@wt-gratt.at teilen teilen drucken Datenschut"
domain:wt-gratt.at,Gratt Sappl Steuerberatung GmbH,CONFIRMED_20_PLUS,David Huter; Karin Schwarzenbacher Leitung Perso; Karin Schwarzenbacher Leitung Personalverrechnung,Karin Schwarzenbacher Leitung Personalverrechnung,email,v.embacher@wt-gratt.at,named_context_email,70,1,1,https://www.wt-gratt.at/de/kanzlei/unser_team/index_ger.html,https://www.wt-gratt.at/de/kanzlei/unser_team/index_ger.html,official_site,"anzlei » Unser Team Inhalt Unser Team Mag. Dr. Gerhard Gratt Steuerberater Geschäftsführer E g.gratt@wt-gratt.at Mag. Maximilian Sappl, LL.M. Steuerberater Geschäftsführer E m.sappl@wt-gratt.at David Huter, MBA Steuerberater Bilanzierung E d.huter@wt-gratt.at Karin Schwarzenbacher Leitung Personalverrechnung Prokuristin E k.schwarzenbacher@wt-gratt.at Victoria Embacher Bilanzierung Buchhaltung E v.embacher@wt-gratt.at Stefanie Auer Personalverrechnung Buchhaltung E st.auer@wt-gratt.at Valentina Wöll Buchhaltung E v.woell@wt-gratt.at Mag. Martina Planegger Buchhaltung E m.planegger@wt-gratt.at Simone Stelzer Buchhaltung E s.stelzer@wt-gratt.at Elena Gratt Buchhaltung E e.gratt@wt-gratt.at teilen teilen drucken Datenschut"
domain:wt-gratt.at,Gratt Sappl Steuerberatung GmbH,CONFIRMED_20_PLUS,David Huter; Karin Schwarzenbacher Leitung Perso; Karin Schwarzenbacher Leitung Personalverrechnung,Karin Schwarzenbacher Leitung Personalverrechnung,email,v.woell@wt-gratt.at,named_context_email,70,1,1,https://www.wt-gratt.at/de/kanzlei/unser_team/index_ger.html,https://www.wt-gratt.at/de/kanzlei/unser_team/index_ger.html,official_site,"anzlei » Unser Team Inhalt Unser Team Mag. Dr. Gerhard Gratt Steuerberater Geschäftsführer E g.gratt@wt-gratt.at Mag. Maximilian Sappl, LL.M. Steuerberater Geschäftsführer E m.sappl@wt-gratt.at David Huter, MBA Steuerberater Bilanzierung E d.huter@wt-gratt.at Karin Schwarzenbacher Leitung Personalverrechnung Prokuristin E k.schwarzenbacher@wt-gratt.at Victoria Embacher Bilanzierung Buchhaltung E v.embacher@wt-gratt.at Stefanie Auer Personalverrechnung Buchhaltung E st.auer@wt-gratt.at Valentina Wöll Buchhaltung E v.woell@wt-gratt.at Mag. Martina Planegger Buchhaltung E m.planegger@wt-gratt.at Simone Stelzer Buchhaltung E s.stelzer@wt-gratt.at Elena Gratt Buchhaltung E e.gratt@wt-gratt.at teilen teilen drucken Datenschut"
domain:auditreu.at,AUDITREU Steuerberatungsgesellschaft m.b.H.,CONFIRMED_20_PLUS,Advisory Firm; Ansprechpartner Ansprechpartner Inhalt Kompetenz; Ansprechpartner Netzwerkpartner Zertifizierungen Awards,Ansprechpartner Netzwerkpartner Zertifizierungen Awards,email,steuerberatung@auditreu.at,named_context_email,78,21,1,https://www.auditreu.at/,https://www.auditreu.at/ | https://www.auditreu.at/impressum | https://www.auditreu.at/impressum/ | https://www.auditreu.at/karriere/offene_stellen/ | https://www.auditreu.at/karriere/online_bewerben/ | https://www.auditreu.at/karriere/warum_zu_auditreu/ | https://www.auditreu.at/leistungen/unternehmensberatung/ | https://www.auditreu.at/leistungen/unternehmensgr%C3%BCndung/ | https://www.auditreu.at/lohnverrechnung_personalverrechnung_outsourcing/ | https://www.auditreu.at/net/ | https://www.auditreu.at/steuernews/ | https://www.auditreu.at/steuernews/september_2026/sachbezug_kuenftig_auch_fuer_elektroautos/ | https://www.auditreu.at/wie_wir_arbeiten/ansprechpartner/ | https://www.auditreu.at/wie_wir_arbeiten/kanzlei_videos/ | https://www.auditreu.at/wie_wir_arbeiten/kontakt/ | https://www.auditreu.at/wie_wir_arbeiten/netzwerkpartner/ | https://www.auditreu.at/wissenswertes/anmeldung_zum_newsletter/ | https://www.auditreu.at/wissenswertes/steuernews_tv/august_2026/aktivpension_f%C3%BCr_2027_beschlossen/ | https://www.auditreu.at/wissenswertes/steuernews_tv/juli_2026/bundesregierung_k%C3%BCndigt_anhebung_der_buchf%C3%BChrungsgrenze_und_aktivierungswahlrecht_an/ | https://www.auditreu.at/wissenswertes/steuernews_tv/juni_2026/achtung_geringf%C3%BCgigkeitsgrenze_im_fokus/ | https://www.auditreu.at/wissenswertes/steuernews_tv/september_2026/sind_ausgaben_vor_betriebser%C3%B6ffnung_bereits_steuerlich_abzugsf%C3%A4hig_/,official_site,halt ( Accesskey 1 ) zur Hauptnavigation ( Accesskey 2 ) zur Sprachauswahl ( Accesskey 3 ) zur Suche ( Accesskey 4 ) 01 535 67 29 steuerberatung@auditreu.at select_language_title DE EN Kundenlogin Unsere Social-Media Auftritte Hauptnavigation Wie wir arbeiten Ansprechpartner Netzwerkpartner Zertifizierungen Awards & Preise Kanzlei im Netz Kanzlei-Videos Informationen anfordern Impressum Kontakt Leistungen Steuerberatung und Bilanzierung Buchhaltung Lohnverrechnung/Personalverrechnung Unternehmensgründung Unternehmensberatung Spezialthemen Doing Business in Austria Referenzen Karriere Warum zu Auditreu ? Offene Stellen Online bewerben Wissenswertes Steuernews für Klienten Steuernews-TV Infos und Links Onlinerechner Anmeldung z
domain:docu-wels.com,Pfaffenzeller Holding GmbH,CONFIRMED_20_PLUS,Datenverarbeitung Wir; Gerichtsstand Wels Offenlegung,Gerichtsstand Wels Offenlegung,email,office@documenta-treuhand.com,generic_email,38,3,1,https://www.documenta-treuhand.com/,https://www.documenta-treuhand.com/ | https://www.documenta-treuhand.com/?page_id=24 | https://www.documenta-treuhand.com/?page_id=30,official_site,"̈fungs und SteuerberatungsgmbH Edisonstraße 2 4600 Wels office@documenta-treuhand.com IMPRESSUM Documenta-Treuhand GmbH Edisonstraße 2, A-4600 Wels T: +43 7242 29992 F: +43 7242 29992 95 E-Mail: office@documenta-treuhand.com UID-Nr.: ATU251 927 06 FN: 103374x Gerichtsstand Wels Offenlegung gemäß § 25 Mediengesetz Medieninhaber: Documenta-Treuhand GmbH Firmensitz: Wels, Oberösterreich Mitglied der Kammer der Wirtschaftstreuhänder, WT-Code 214568 Informationspflicht lt. §5 E-Commerce Gesetz, §14 Unternehmensgesetzbuch bzw. §63 Gewerbeordnung und Offenlegungspflicht lt. §25 Mediengesetz Copyright Alle Rechte vorbehalten. Alle Inhalte (Texte, Bilder, Grafiken, Ton-, Video- und Animationsdateien sowie dere"
domain:docu-wels.com,Pfaffenzeller Holding GmbH,CONFIRMED_20_PLUS,Datenverarbeitung Wir; Gerichtsstand Wels Offenlegung,Gerichtsstand Wels Offenlegung,phone,+43724229992,central_context,28,3,1,https://www.documenta-treuhand.com/,https://www.documenta-treuhand.com/ | https://www.documenta-treuhand.com/?page_id=24 | https://www.documenta-treuhand.com/?page_id=30,official_site,"̈fungs und SteuerberatungsgmbH Edisonstraße 2 4600 Wels office@documenta-treuhand.com IMPRESSUM Documenta-Treuhand GmbH Edisonstraße 2, A-4600 Wels T: +43 7242 29992 F: +43 7242 29992 95 E-Mail: office@documenta-treuhand.com UID-Nr.: ATU251 927 06 FN: 103374x Gerichtsstand Wels Offenlegung gemäß § 25 Mediengesetz Medieninhaber: Documenta-Treuhand GmbH Firmensitz: Wels, Oberösterreich Mitglied der Kammer der Wirtschaftstreuhänder, WT-Code 214568 Informationspflicht lt. §5 E-Commerce Gesetz, §14 Unternehmensgesetzbuch bzw. §63 Gewerbeordnung und Offenlegungspflicht lt. §25 Mediengesetz Copyright Alle Rechte vorbehalten. Alle Inhalte (Texte, Bilder, Grafiken, Ton-, Video- und Animationsdateien sowie dere"
domain:docu-wels.com,Pfaffenzeller Holding GmbH,CONFIRMED_20_PLUS,Datenverarbeitung Wir; Gerichtsstand Wels Offenlegung,Gerichtsstand Wels Offenlegung,phone,+4372422999295,central_context,28,3,1,https://www.documenta-treuhand.com/,https://www.documenta-treuhand.com/ | https://www.documenta-treuhand.com/?page_id=24 | https://www.documenta-treuhand.com/?page_id=30,official_site,"̈fungs und SteuerberatungsgmbH Edisonstraße 2 4600 Wels office@documenta-treuhand.com IMPRESSUM Documenta-Treuhand GmbH Edisonstraße 2, A-4600 Wels T: +43 7242 29992 F: +43 7242 29992 95 E-Mail: office@documenta-treuhand.com UID-Nr.: ATU251 927 06 FN: 103374x Gerichtsstand Wels Offenlegung gemäß § 25 Mediengesetz Medieninhaber: Documenta-Treuhand GmbH Firmensitz: Wels, Oberösterreich Mitglied der Kammer der Wirtschaftstreuhänder, WT-Code 214568 Informationspflicht lt. §5 E-Commerce Gesetz, §14 Unternehmensgesetzbuch bzw. §63 Gewerbeordnung und Offenlegungspflicht lt. §25 Mediengesetz Copyright Alle Rechte vorbehalten. Alle Inhalte (Texte, Bilder, Grafiken, Ton-, Video- und Animationsdateien sowie dere"
domain:rabelpartner.at,LUNARIA GmbH Wirtschaftsprüfungs- und Steuerberatungsgesellschaft,CONFIRMED_20_PLUS,Alexander Enzin; Assurance Audit; Assurance Audit Bus,Alexander Enzin,email,aenzinger@deloitte.at,personal_verified_email,90,1,1,https://www.deloitte.com/at/de/what-we-do/regions/steiermark.html,https://www.deloitte.com/at/de/what-we-do/regions/steiermark.html,official_site,"s. Perspective Kontaktieren Sie uns Mag. Karin Eckhart Partner Deloitte Österreich | Steuerberatung keckhart@deloitte.at +43 316 373 037-1404 Mag. (FH) Hannes Eichinger Partner Deloitte Österreich | Steuerberatung heichinger@deloitte.at +43 316 3171-110 MMag. Alexander Enzinger Partner Deloitte Österreich | Steuerberatung aenzinger@deloitte.at +43 316 3171-400 Michael Felbinger, MA Partner Deloitte Österreich | Steuerberatung mfelbinger@deloitte.at +43 316 3171-119 MMag. Josef Klug Partner Deloitte Österreich | Steuerberatung jklug@deloitte.at +43 316 3171-230 Mag. Peter Kofler Partner Deloitte Österreich | Strategy & Transactions pkofler@deloitte.at +43 316 3171-320 Dr. Matthias Kunsch"
domain:rabelpartner.at,LUNARIA GmbH Wirtschaftsprüfungs- und Steuerberatungsgesellschaft,CONFIRMED_20_PLUS,Alexander Enzin; Assurance Audit; Assurance Audit Bus,Alexander Enzin,email,heichinger@deloitte.at,named_context_email,70,1,1,https://www.deloitte.com/at/de/what-we-do/regions/steiermark.html,https://www.deloitte.com/at/de/what-we-do/regions/steiermark.html,official_site,"s. Perspective Kontaktieren Sie uns Mag. Karin Eckhart Partner Deloitte Österreich | Steuerberatung keckhart@deloitte.at +43 316 373 037-1404 Mag. (FH) Hannes Eichinger Partner Deloitte Österreich | Steuerberatung heichinger@deloitte.at +43 316 3171-110 MMag. Alexander Enzinger Partner Deloitte Österreich | Steuerberatung aenzinger@deloitte.at +43 316 3171-400 Michael Felbinger, MA Partner Deloitte Österreich | Steuerberatung mfelbinger@deloitte.at +43 316 3171-119 MMag. Josef Klug Partner Deloitte Österreich | Steuerberatung jklug@deloitte.at +43 316 3171-230 Mag. Peter Kofler Partner Deloitte Österreich | Strategy & Transactions pkofler@deloitte.at +43 316 3171-320 Dr. Matthias Kunsch"
domain:rabelpartner.at,LUNARIA GmbH Wirtschaftsprüfungs- und Steuerberatungsgesellschaft,CONFIRMED_20_PLUS,Alexander Enzin; Assurance Audit; Assurance Audit Bus,Alexander Enzin,email,jklug@deloitte.at,named_context_email,70,1,1,https://www.deloitte.com/at/de/what-we-do/regions/steiermark.html,https://www.deloitte.com/at/de/what-we-do/regions/steiermark.html,official_site,"s. Perspective Kontaktieren Sie uns Mag. Karin Eckhart Partner Deloitte Österreich | Steuerberatung keckhart@deloitte.at +43 316 373 037-1404 Mag. (FH) Hannes Eichinger Partner Deloitte Österreich | Steuerberatung heichinger@deloitte.at +43 316 3171-110 MMag. Alexander Enzinger Partner Deloitte Österreich | Steuerberatung aenzinger@deloitte.at +43 316 3171-400 Michael Felbinger, MA Partner Deloitte Österreich | Steuerberatung mfelbinger@deloitte.at +43 316 3171-119 MMag. Josef Klug Partner Deloitte Österreich | Steuerberatung jklug@deloitte.at +43 316 3171-230 Mag. Peter Kofler Partner Deloitte Österreich | Strategy & Transactions pkofler@deloitte.at +43 316 3171-320 Dr. Matthias Kunsch"
domain:rabelpartner.at,LUNARIA GmbH Wirtschaftsprüfungs- und Steuerberatungsgesellschaft,CONFIRMED_20_PLUS,Alexander Enzin; Assurance Audit; Assurance Audit Bus,Alexander Enzin,email,keckhart@deloitte.at,named_context_email,70,1,1,https://www.deloitte.com/at/de/what-we-do/regions/steiermark.html,https://www.deloitte.com/at/de/what-we-do/regions/steiermark.html,official_site,"s. Perspective Kontaktieren Sie uns Mag. Karin Eckhart Partner Deloitte Österreich | Steuerberatung keckhart@deloitte.at +43 316 373 037-1404 Mag. (FH) Hannes Eichinger Partner Deloitte Österreich | Steuerberatung heichinger@deloitte.at +43 316 3171-110 MMag. Alexander Enzinger Partner Deloitte Österreich | Steuerberatung aenzinger@deloitte.at +43 316 3171-400 Michael Felbinger, MA Partner Deloitte Österreich | Steuerberatung mfelbinger@deloitte.at +43 316 3171-119 MMag. Josef Klug Partner Deloitte Österreich | Steuerberatung jklug@deloitte.at +43 316 3171-230 Mag. Peter Kofler Partner Deloitte Österreich | Strategy & Transactions pkofler@deloitte.at +43 316 3171-320 Dr. Matthias Kunsch"
domain:rabelpartner.at,LUNARIA GmbH Wirtschaftsprüfungs- und Steuerberatungsgesellschaft,CONFIRMED_20_PLUS,Alexander Enzin; Assurance Audit; Assurance Audit Bus,Alexander Enzin,email,mfelbinger@deloitte.at,named_context_email,70,1,1,https://www.deloitte.com/at/de/what-we-do/regions/steiermark.html,https://www.deloitte.com/at/de/what-we-do/regions/steiermark.html,official_site,"s. Perspective Kontaktieren Sie uns Mag. Karin Eckhart Partner Deloitte Österreich | Steuerberatung keckhart@deloitte.at +43 316 373 037-1404 Mag. (FH) Hannes Eichinger Partner Deloitte Österreich | Steuerberatung heichinger@deloitte.at +43 316 3171-110 MMag. Alexander Enzinger Partner Deloitte Österreich | Steuerberatung aenzinger@deloitte.at +43 316 3171-400 Michael Felbinger, MA Partner Deloitte Österreich | Steuerberatung mfelbinger@deloitte.at +43 316 3171-119 MMag. Josef Klug Partner Deloitte Österreich | Steuerberatung jklug@deloitte.at +43 316 3171-230 Mag. Peter Kofler Partner Deloitte Österreich | Strategy & Transactions pkofler@deloitte.at +43 316 3171-320 Dr. Matthias Kunsch"
domain:rabelpartner.at,LUNARIA GmbH Wirtschaftsprüfungs- und Steuerberatungsgesellschaft,CONFIRMED_20_PLUS,Alexander Enzin; Assurance Audit; Assurance Audit Bus,Alexander Enzin,email,pkofler@deloitte.at,named_context_email,70,1,1,https://www.deloitte.com/at/de/what-we-do/regions/steiermark.html,https://www.deloitte.com/at/de/what-we-do/regions/steiermark.html,official_site,"s. Perspective Kontaktieren Sie uns Mag. Karin Eckhart Partner Deloitte Österreich | Steuerberatung keckhart@deloitte.at +43 316 373 037-1404 Mag. (FH) Hannes Eichinger Partner Deloitte Österreich | Steuerberatung heichinger@deloitte.at +43 316 3171-110 MMag. Alexander Enzinger Partner Deloitte Österreich | Steuerberatung aenzinger@deloitte.at +43 316 3171-400 Michael Felbinger, MA Partner Deloitte Österreich | Steuerberatung mfelbinger@deloitte.at +43 316 3171-119 MMag. Josef Klug Partner Deloitte Österreich | Steuerberatung jklug@deloitte.at +43 316 3171-230 Mag. Peter Kofler Partner Deloitte Österreich | Strategy & Transactions pkofler@deloitte.at +43 316 3171-320 Dr. Matthias Kunsch"
domain:rabelpartner.at,LUNARIA GmbH Wirtschaftsprüfungs- und Steuerberatungsgesellschaft,CONFIRMED_20_PLUS,Alexander Enzin; Assurance Audit; Assurance Audit Bus,Assurance Audit,email,gholzinger@deloitte.at,named_context_email,70,1,1,https://www.deloitte.com/at/de/about/story/purpose-values.html?icid=top_purpose-values,https://www.deloitte.com/at/de/about/story/purpose-values.html?icid=top_purpose-values,official_site,"ch | Partner Audit & Assurance | hbreit@deloitte.at +43 1 537 00-3300 Mag. Gabriele Holzinger Partner Deloitte Österreich | Tax | gholzinger@deloitte.at +43 1 537 00-5630 Let's connect Karriere Kontaktieren Sie uns Mehr über Deloitte Unsere Standorte Services Assurance Audit Business Process Solutions Customer Cyber Deloitte Mittelstandsberatung Engineering, AI & Data Enterprise Technology & Performance Global Employer Services Human Capital Legal Risk, Regulatory & Forensic Strategy & Transactions Tax Erfahren Sie mehr Aktuelle Studien Angebotsanfrage Jetzt bewerben Newsletter Presse Tax & Legal News Barrierefreiheit Abonniere uns AABs & AGBs Cookies Datenschutzhinweise für Kunden & Li"
domain:rabelpartner.at,LUNARIA GmbH Wirtschaftsprüfungs- und Steuerberatungsgesellschaft,CONFIRMED_20_PLUS,Alexander Enzin; Assurance Audit; Assurance Audit Bus,Assurance Audit,email,hbreit@deloitte.at,named_context_email,70,1,1,https://www.deloitte.com/at/de/about/story/purpose-values.html?icid=top_purpose-values,https://www.deloitte.com/at/de/about/story/purpose-values.html?icid=top_purpose-values,official_site,"ch | Partner Audit & Assurance | hbreit@deloitte.at +43 1 537 00-3300 Mag. Gabriele Holzinger Partner Deloitte Österreich | Tax | gholzinger@deloitte.at +43 1 537 00-5630 Let's connect Karriere Kontaktieren Sie uns Mehr über Deloitte Unsere Standorte Services Assurance Audit Business Process Solutions Customer Cyber Deloitte Mittelstandsberatung Engineering, AI & Data Enterprise Technology & Performance Global Employer Services Human Capital Legal Risk, Regulatory & Forensic Strategy & Transactions Tax Erfahren Sie mehr Aktuelle Studien Angebotsanfrage Jetzt bewerben Newsletter Presse Tax & Legal News Barrierefreiheit Abonniere uns AABs & AGBs Cookies Datenschutzhinweise für Kunden & Li"
domain:rabelpartner.at,LUNARIA GmbH Wirtschaftsprüfungs- und Steuerberatungsgesellschaft,CONFIRMED_20_PLUS,Alexander Enzin; Assurance Audit; Assurance Audit Bus,Assurance Audit Bus,email,gholzinger@deloitte.at,named_context_email,70,1,1,https://www.deloitte.com/at/de/about/story/purpose-values.html?icid=top_purpose-values,https://www.deloitte.com/at/de/about/story/purpose-values.html?icid=top_purpose-values,official_site,"ch | Partner Audit & Assurance | hbreit@deloitte.at +43 1 537 00-3300 Mag. Gabriele Holzinger Partner Deloitte Österreich | Tax | gholzinger@deloitte.at +43 1 537 00-5630 Let's connect Karriere Kontaktieren Sie uns Mehr über Deloitte Unsere Standorte Services Assurance Audit Business Process Solutions Customer Cyber Deloitte Mittelstandsberatung Engineering, AI & Data Enterprise Technology & Performance Global Employer Services Human Capital Legal Risk, Regulatory & Forensic Strategy & Transactions Tax Erfahren Sie mehr Aktuelle Studien Angebotsanfrage Jetzt bewerben Newsletter Presse Tax & Legal News Barrierefreiheit Abonniere uns AABs & AGBs Cookies Datenschutzhinweise für Kunden & Liefer"
domain:rabelpartner.at,LUNARIA GmbH Wirtschaftsprüfungs- und Steuerberatungsgesellschaft,CONFIRMED_20_PLUS,Alexander Enzin; Assurance Audit; Assurance Audit Bus,Assurance Audit Bus,email,hbreit@deloitte.at,named_context_email,70,1,1,https://www.deloitte.com/at/de/about/story/purpose-values.html?icid=top_purpose-values,https://www.deloitte.com/at/de/about/story/purpose-values.html?icid=top_purpose-values,official_site,"ch | Partner Audit & Assurance | hbreit@deloitte.at +43 1 537 00-3300 Mag. Gabriele Holzinger Partner Deloitte Österreich | Tax | gholzinger@deloitte.at +43 1 537 00-5630 Let's connect Karriere Kontaktieren Sie uns Mehr über Deloitte Unsere Standorte Services Assurance Audit Business Process Solutions Customer Cyber Deloitte Mittelstandsberatung Engineering, AI & Data Enterprise Technology & Performance Global Employer Services Human Capital Legal Risk, Regulatory & Forensic Strategy & Transactions Tax Erfahren Sie mehr Aktuelle Studien Angebotsanfrage Jetzt bewerben Newsletter Presse Tax & Legal News Barrierefreiheit Abonniere uns AABs & AGBs Cookies Datenschutzhinweise für Kunden & Liefer"
domain:rabelpartner.at,LUNARIA GmbH Wirtschaftsprüfungs- und Steuerberatungsgesellschaft,CONFIRMED_20_PLUS,Alexander Enzin; Assurance Audit; Assurance Audit Bus,Assurance Audit,email,nboehmerle@deloitte.at,named_context_email,70,1,1,https://www.deloitte.com/at/de/about/press-room.html?icid=top_press-room,https://www.deloitte.com/at/de/about/press-room.html?icid=top_press-room,official_site,"le, BA Corporate Communications Tel/Direct: +43 1 537 00-8552 Mobile: +43 664 80 537 8552 nboehmerle@deloitte.at Kontaktieren Sie uns Press Archive Social Media Press Kit Let's connect Karriere Kontaktieren Sie uns Mehr über Deloitte Unsere Standorte Services Assurance Audit Business Process Solutions Customer Cyber Deloitte Mittelstandsberatung Engineering, AI & Data Enterprise Technology & Performance Global Employer Services Human Capital Legal Risk, Regulatory & Forensic Strategy & Transactions Tax Erfahren Sie mehr Aktuelle Studien Angebotsanfrage Jetzt bewerben Newsletter Presse Tax & Legal News Barrierefreiheit Abonniere uns AABs & AGBs Cookies Datenschutzhinweise für Kunden & Li"
domain:rabelpartner.at,LUNARIA GmbH Wirtschaftsprüfungs- und Steuerberatungsgesellschaft,CONFIRMED_20_PLUS,Alexander Enzin; Assurance Audit; Assurance Audit Bus,Assurance Audit,phone,+431537008552,mobile_public,100,1,1,https://www.deloitte.com/at/de/about/press-room.html?icid=top_press-room,https://www.deloitte.com/at/de/about/press-room.html?icid=top_press-room,official_site,"le, BA Corporate Communications Tel/Direct: +43 1 537 00-8552 Mobile: +43 664 80 537 8552 nboehmerle@deloitte.at Kontaktieren Sie uns Press Archive Social Media Press Kit Let's connect Karriere Kontaktieren Sie uns Mehr über Deloitte Unsere Standorte Services Assurance Audit Business Process Solutions Customer Cyber Deloitte Mittelstandsberatung Engineering, AI & Data Enterprise Technology & Performance Global Employer Services Human Capital Legal Risk, Regulatory & Forensic Strategy & Transactions Tax Erfahren Sie mehr Aktuelle Studien Angebotsanfrage Jetzt bewerben Newsletter Presse Tax & Legal News Barrierefreiheit Abonniere uns AABs & AGBs Cookies Datenschutzhinweise für Kunden & Li"
domain:rabelpartner.at,LUNARIA GmbH Wirtschaftsprüfungs- und Steuerberatungsgesellschaft,CONFIRMED_20_PLUS,Alexander Enzin; Assurance Audit; Assurance Audit Bus,Assurance Audit,phone,+43664805378552,mobile_public,100,1,1,https://www.deloitte.com/at/de/about/press-room.html?icid=top_press-room,https://www.deloitte.com/at/de/about/press-room.html?icid=top_press-room,official_site,"le, BA Corporate Communications Tel/Direct: +43 1 537 00-8552 Mobile: +43 664 80 537 8552 nboehmerle@deloitte.at Kontaktieren Sie uns Press Archive Social Media Press Kit Let's connect Karriere Kontaktieren Sie uns Mehr über Deloitte Unsere Standorte Services Assurance Audit Business Process Solutions Customer Cyber Deloitte Mittelstandsberatung Engineering, AI & Data Enterprise Technology & Performance Global Employer Services Human Capital Legal Risk, Regulatory & Forensic Strategy & Transactions Tax Erfahren Sie mehr Aktuelle Studien Angebotsanfrage Jetzt bewerben Newsletter Presse Tax & Legal News Barrierefreiheit Abonniere uns AABs & AGBs Cookies Datenschutzhinweise für Kunden & Li"
domain:rabelpartner.at,LUNARIA GmbH Wirtschaftsprüfungs- und Steuerberatungsgesellschaft,CONFIRMED_20_PLUS,Alexander Enzin; Assurance Audit; Assurance Audit Bus,Assurance Audit Bus,email,nboehmerle@deloitte.at,named_context_email,70,1,1,https://www.deloitte.com/at/de/about/press-room.html?icid=top_press-room,https://www.deloitte.com/at/de/about/press-room.html?icid=top_press-room,official_site,"le, BA Corporate Communications Tel/Direct: +43 1 537 00-8552 Mobile: +43 664 80 537 8552 nboehmerle@deloitte.at Kontaktieren Sie uns Press Archive Social Media Press Kit Let's connect Karriere Kontaktieren Sie uns Mehr über Deloitte Unsere Standorte Services Assurance Audit Business Process Solutions Customer Cyber Deloitte Mittelstandsberatung Engineering, AI & Data Enterprise Technology & Performance Global Employer Services Human Capital Legal Risk, Regulatory & Forensic Strategy & Transactions Tax Erfahren Sie mehr Aktuelle Studien Angebotsanfrage Jetzt bewerben Newsletter Presse Tax & Legal News Barrierefreiheit Abonniere uns AABs & AGBs Cookies Datenschutzhinweise für Kunden & Liefer"
domain:rabelpartner.at,LUNARIA GmbH Wirtschaftsprüfungs- und Steuerberatungsgesellschaft,CONFIRMED_20_PLUS,Alexander Enzin; Assurance Audit; Assurance Audit Bus,Assurance Audit Bus,phone,+431537008552,mobile_public,100,1,1,https://www.deloitte.com/at/de/about/press-room.html?icid=top_press-room,https://www.deloitte.com/at/de/about/press-room.html?icid=top_press-room,official_site,"le, BA Corporate Communications Tel/Direct: +43 1 537 00-8552 Mobile: +43 664 80 537 8552 nboehmerle@deloitte.at Kontaktieren Sie uns Press Archive Social Media Press Kit Let's connect Karriere Kontaktieren Sie uns Mehr über Deloitte Unsere Standorte Services Assurance Audit Business Process Solutions Customer Cyber Deloitte Mittelstandsberatung Engineering, AI & Data Enterprise Technology & Performance Global Employer Services Human Capital Legal Risk, Regulatory & Forensic Strategy & Transactions Tax Erfahren Sie mehr Aktuelle Studien Angebotsanfrage Jetzt bewerben Newsletter Presse Tax & Legal News Barrierefreiheit Abonniere uns AABs & AGBs Cookies Datenschutzhinweise für Kunden & Liefer"
domain:rabelpartner.at,LUNARIA GmbH Wirtschaftsprüfungs- und Steuerberatungsgesellschaft,CONFIRMED_20_PLUS,Alexander Enzin; Assurance Audit; Assurance Audit Bus,Assurance Audit Bus,phone,+43664805378552,mobile_public,100,1,1,https://www.deloitte.com/at/de/about/press-room.html?icid=top_press-room,https://www.deloitte.com/at/de/about/press-room.html?icid=top_press-room,official_site,"le, BA Corporate Communications Tel/Direct: +43 1 537 00-8552 Mobile: +43 664 80 537 8552 nboehmerle@deloitte.at Kontaktieren Sie uns Press Archive Social Media Press Kit Let's connect Karriere Kontaktieren Sie uns Mehr über Deloitte Unsere Standorte Services Assurance Audit Business Process Solutions Customer Cyber Deloitte Mittelstandsberatung Engineering, AI & Data Enterprise Technology & Performance Global Employer Services Human Capital Legal Risk, Regulatory & Forensic Strategy & Transactions Tax Erfahren Sie mehr Aktuelle Studien Angebotsanfrage Jetzt bewerben Newsletter Presse Tax & Legal News Barrierefreiheit Abonniere uns AABs & AGBs Cookies Datenschutzhinweise für Kunden & Liefer"
domain:rabelpartner.at,LUNARIA GmbH Wirtschaftsprüfungs- und Steuerberatungsgesellschaft,CONFIRMED_20_PLUS,Alexander Enzin; Assurance Audit; Assurance Audit Bus,Assurance Audit,email,ohegedues@deloitte.at,named_context_email,70,1,1,https://www.deloitte.com/at/de/Industries/consumer/about.html?icid=top_about,https://www.deloitte.com/at/de/Industries/consumer/about.html?icid=top_about,official_site,"chnologien fest. Mehr Informationen Kontaktieren Sie uns Orsolya Hegedüs Partnerin Deloitte Österreich | Strategy & Transactions | ohegedues@deloitte.at +43 1 537 00-2724 Let's connect Karriere Kontaktieren Sie uns Mehr über Deloitte Unsere Standorte Services Assurance Audit Business Process Solutions Customer Cyber Deloitte Mittelstandsberatung Engineering, AI & Data Enterprise Technology & Performance Global Employer Services Human Capital Legal Risk, Regulatory & Forensic Strategy & Transactions Tax Erfahren Sie mehr Aktuelle Studien Angebotsanfrage Jetzt bewerben Newsletter Presse Tax & Legal News Barrierefreiheit Abonniere uns AABs & AGBs Cookies Datenschutzhinweise für Kunden & Li"
domain:rabelpartner.at,LUNARIA GmbH Wirtschaftsprüfungs- und Steuerberatungsgesellschaft,CONFIRMED_20_PLUS,Alexander Enzin; Assurance Audit; Assurance Audit Bus,Assurance Audit Bus,email,ohegedues@deloitte.at,named_context_email,70,1,1,https://www.deloitte.com/at/de/Industries/consumer/about.html?icid=top_about,https://www.deloitte.com/at/de/Industries/consumer/about.html?icid=top_about,official_site,"chnologien fest. Mehr Informationen Kontaktieren Sie uns Orsolya Hegedüs Partnerin Deloitte Österreich | Strategy & Transactions | ohegedues@deloitte.at +43 1 537 00-2724 Let's connect Karriere Kontaktieren Sie uns Mehr über Deloitte Unsere Standorte Services Assurance Audit Business Process Solutions Customer Cyber Deloitte Mittelstandsberatung Engineering, AI & Data Enterprise Technology & Performance Global Employer Services Human Capital Legal Risk, Regulatory & Forensic Strategy & Transactions Tax Erfahren Sie mehr Aktuelle Studien Angebotsanfrage Jetzt bewerben Newsletter Presse Tax & Legal News Barrierefreiheit Abonniere uns AABs & AGBs Cookies Datenschutzhinweise für Kunden & Liefer"
domain:rabelpartner.at,LUNARIA GmbH Wirtschaftsprüfungs- und Steuerberatungsgesellschaft,CONFIRMED_20_PLUS,Alexander Enzin; Assurance Audit; Assurance Audit Bus,Assurance Audit,email,gmarterbauer@deloitte.at,named_context_email,70,1,1,https://www.deloitte.com/at/de/Industries/energy/about.html?icid=top_about,https://www.deloitte.com/at/de/Industries/energy/about.html?icid=top_about,official_site," Investitionsstrategien. Mehr Informationen Kontaktieren Sie uns Mag. Gerhard Marterbauer Partner Deloitte Österreich | Audit | gmarterbauer@deloitte.at +43 1 537 00-4600 Let's connect Karriere Kontaktieren Sie uns Mehr über Deloitte Unsere Standorte Services Assurance Audit Business Process Solutions Customer Cyber Deloitte Mittelstandsberatung Engineering, AI & Data Enterprise Technology & Performance Global Employer Services Human Capital Legal Risk, Regulatory & Forensic Strategy & Transactions Tax Erfahren Sie mehr Aktuelle Studien Angebotsanfrage Jetzt bewerben Newsletter Presse Tax & Legal News Barrierefreiheit Abonniere uns AABs & AGBs Cookies Datenschutzhinweise für Kunden & Li"
domain:rabelpartner.at,LUNARIA GmbH Wirtschaftsprüfungs- und Steuerberatungsgesellschaft,CONFIRMED_20_PLUS,Alexander Enzin; Assurance Audit; Assurance Audit Bus,Assurance Audit Bus,email,gmarterbauer@deloitte.at,named_context_email,70,1,1,https://www.deloitte.com/at/de/Industries/energy/about.html?icid=top_about,https://www.deloitte.com/at/de/Industries/energy/about.html?icid=top_about,official_site," Investitionsstrategien. Mehr Informationen Kontaktieren Sie uns Mag. Gerhard Marterbauer Partner Deloitte Österreich | Audit | gmarterbauer@deloitte.at +43 1 537 00-4600 Let's connect Karriere Kontaktieren Sie uns Mehr über Deloitte Unsere Standorte Services Assurance Audit Business Process Solutions Customer Cyber Deloitte Mittelstandsberatung Engineering, AI & Data Enterprise Technology & Performance Global Employer Services Human Capital Legal Risk, Regulatory & Forensic Strategy & Transactions Tax Erfahren Sie mehr Aktuelle Studien Angebotsanfrage Jetzt bewerben Newsletter Presse Tax & Legal News Barrierefreiheit Abonniere uns AABs & AGBs Cookies Datenschutzhinweise für Kunden & Liefer"
domain:rabelpartner.at,LUNARIA GmbH Wirtschaftsprüfungs- und Steuerberatungsgesellschaft,CONFIRMED_20_PLUS,Alexander Enzin; Assurance Audit; Assurance Audit Bus,Assurance Audit,email,ddamm@deloitte.at,named_context_email,70,1,1,https://www.deloitte.com/at/de/Industries/financial-services/about.html?icid=top_about,https://www.deloitte.com/at/de/Industries/financial-services/about.html?icid=top_about,official_site,"- FATCA & CRS News Kontaktieren Sie uns MMag. Dominik Damm Partner & FS Lead Deloitte Österreich | Banking, Treasury & Capital Markets ddamm@deloitte.at +43 1 537 00-5400 Let's connect Karriere Kontaktieren Sie uns Mehr über Deloitte Unsere Standorte Services Assurance Audit Business Process Solutions Customer Cyber Deloitte Mittelstandsberatung Engineering, AI & Data Enterprise Technology & Performance Global Employer Services Human Capital Legal Risk, Regulatory & Forensic Strategy & Transactions Tax Erfahren Sie mehr Aktuelle Studien Angebotsanfrage Jetzt bewerben Newsletter Presse Tax & Legal News Barrierefreiheit Abonniere uns AABs & AGBs Cookies Datenschutzhinweise für Kunden & Li"
domain:rabelpartner.at,LUNARIA GmbH Wirtschaftsprüfungs- und Steuerberatungsgesellschaft,CONFIRMED_20_PLUS,Alexander Enzin; Assurance Audit; Assurance Audit Bus,Assurance Audit Bus,email,ddamm@deloitte.at,named_context_email,70,1,1,https://www.deloitte.com/at/de/Industries/financial-services/about.html?icid=top_about,https://www.deloitte.com/at/de/Industries/financial-services/about.html?icid=top_about,official_site,"- FATCA & CRS News Kontaktieren Sie uns MMag. Dominik Damm Partner & FS Lead Deloitte Österreich | Banking, Treasury & Capital Markets ddamm@deloitte.at +43 1 537 00-5400 Let's connect Karriere Kontaktieren Sie uns Mehr über Deloitte Unsere Standorte Services Assurance Audit Business Process Solutions Customer Cyber Deloitte Mittelstandsberatung Engineering, AI & Data Enterprise Technology & Performance Global Employer Services Human Capital Legal Risk, Regulatory & Forensic Strategy & Transactions Tax Erfahren Sie mehr Aktuelle Studien Angebotsanfrage Jetzt bewerben Newsletter Presse Tax & Legal News Barrierefreiheit Abonniere uns AABs & AGBs Cookies Datenschutzhinweise für Kunden & Liefer"
domain:rabelpartner.at,LUNARIA GmbH Wirtschaftsprüfungs- und Steuerberatungsgesellschaft,CONFIRMED_20_PLUS,Alexander Enzin; Assurance Audit; Assurance Audit Bus,Assurance Audit,email,sgandjova@deloitte.at,named_context_email,70,1,1,https://www.deloitte.com/at/de/Industries/government-public/about.html?icid=top_about,https://www.deloitte.com/at/de/Industries/government-public/about.html?icid=top_about,official_site,"rends Kontaktieren Sie uns Mag. Svetlana Gandjova, CFE Partner Deloitte Österreich | National Leader Risk, Regulatory & Forensic | sgandjova@deloitte.at +43 1 537 00-4621 Let's connect Karriere Kontaktieren Sie uns Mehr über Deloitte Unsere Standorte Services Assurance Audit Business Process Solutions Customer Cyber Deloitte Mittelstandsberatung Engineering, AI & Data Enterprise Technology & Performance Global Employer Services Human Capital Legal Risk, Regulatory & Forensic Strategy & Transactions Tax Erfahren Sie mehr Aktuelle Studien Angebotsanfrage Jetzt bewerben Newsletter Presse Tax & Legal News Barrierefreiheit Abonniere uns AABs & AGBs Cookies Datenschutzhinweise für Kunden & Li"
domain:rabelpartner.at,LUNARIA GmbH Wirtschaftsprüfungs- und Steuerberatungsgesellschaft,CONFIRMED_20_PLUS,Alexander Enzin; Assurance Audit; Assurance Audit Bus,Assurance Audit Bus,email,sgandjova@deloitte.at,named_context_email,70,1,1,https://www.deloitte.com/at/de/Industries/government-public/about.html?icid=top_about,https://www.deloitte.com/at/de/Industries/government-public/about.html?icid=top_about,official_site,"rends Kontaktieren Sie uns Mag. Svetlana Gandjova, CFE Partner Deloitte Österreich | National Leader Risk, Regulatory & Forensic | sgandjova@deloitte.at +43 1 537 00-4621 Let's connect Karriere Kontaktieren Sie uns Mehr über Deloitte Unsere Standorte Services Assurance Audit Business Process Solutions Customer Cyber Deloitte Mittelstandsberatung Engineering, AI & Data Enterprise Technology & Performance Global Employer Services Human Capital Legal Risk, Regulatory & Forensic Strategy & Transactions Tax Erfahren Sie mehr Aktuelle Studien Angebotsanfrage Jetzt bewerben Newsletter Presse Tax & Legal News Barrierefreiheit Abonniere uns AABs & AGBs Cookies Datenschutzhinweise für Kunden & Liefer"
domain:rabelpartner.at,LUNARIA GmbH Wirtschaftsprüfungs- und Steuerberatungsgesellschaft,CONFIRMED_20_PLUS,Alexander Enzin; Assurance Audit; Assurance Audit Bus,Assurance Audit,email,pschoeggl@deloitte.at,named_context_email,70,1,1,https://www.deloitte.com/at/de/Industries/life-sciences-health-care/about.html?icid=top_about,https://www.deloitte.com/at/de/Industries/life-sciences-health-care/about.html?icid=top_about,official_site,"ktieren Sie uns Dr. Patrick A. Schöggl Director Deloitte Österreich | Enterprise Technology & Performance | Sektor Lead Health Care pschoeggl@deloitte.at +43 1537 00-2312 Let's connect Karriere Kontaktieren Sie uns Mehr über Deloitte Unsere Standorte Services Assurance Audit Business Process Solutions Customer Cyber Deloitte Mittelstandsberatung Engineering, AI & Data Enterprise Technology & Performance Global Employer Services Human Capital Legal Risk, Regulatory & Forensic Strategy & Transactions Tax Erfahren Sie mehr Aktuelle Studien Angebotsanfrage Jetzt bewerben Newsletter Presse Tax & Legal News Barrierefreiheit Abonniere uns AABs & AGBs Cookies Datenschutzhinweise für Kunden & Li"
domain:rabelpartner.at,LUNARIA GmbH Wirtschaftsprüfungs- und Steuerberatungsgesellschaft,CONFIRMED_20_PLUS,Alexander Enzin; Assurance Audit; Assurance Audit Bus,Assurance Audit,phone,+431537002312,direct_extension,95,1,1,https://www.deloitte.com/at/de/Industries/life-sciences-health-care/about.html?icid=top_about,https://www.deloitte.com/at/de/Industries/life-sciences-health-care/about.html?icid=top_about,official_site,"ktieren Sie uns Dr. Patrick A. Schöggl Director Deloitte Österreich | Enterprise Technology & Performance | Sektor Lead Health Care pschoeggl@deloitte.at +43 1537 00-2312 Let's connect Karriere Kontaktieren Sie uns Mehr über Deloitte Unsere Standorte Services Assurance Audit Business Process Solutions Customer Cyber Deloitte Mittelstandsberatung Engineering, AI & Data Enterprise Technology & Performance Global Employer Services Human Capital Legal Risk, Regulatory & Forensic Strategy & Transactions Tax Erfahren Sie mehr Aktuelle Studien Angebotsanfrage Jetzt bewerben Newsletter Presse Tax & Legal News Barrierefreiheit Abonniere uns AABs & AGBs Cookies Datenschutzhinweise für Kunden & Li"
domain:rabelpartner.at,LUNARIA GmbH Wirtschaftsprüfungs- und Steuerberatungsgesellschaft,CONFIRMED_20_PLUS,Alexander Enzin; Assurance Audit; Assurance Audit Bus,Assurance Audit Bus,email,pschoeggl@deloitte.at,named_context_email,70,1,1,https://www.deloitte.com/at/de/Industries/life-sciences-health-care/about.html?icid=top_about,https://www.deloitte.com/at/de/Industries/life-sciences-health-care/about.html?icid=top_about,official_site,"ktieren Sie uns Dr. Patrick A. Schöggl Director Deloitte Österreich | Enterprise Technology & Performance | Sektor Lead Health Care pschoeggl@deloitte.at +43 1537 00-2312 Let's connect Karriere Kontaktieren Sie uns Mehr über Deloitte Unsere Standorte Services Assurance Audit Business Process Solutions Customer Cyber Deloitte Mittelstandsberatung Engineering, AI & Data Enterprise Technology & Performance Global Employer Services Human Capital Legal Risk, Regulatory & Forensic Strategy & Transactions Tax Erfahren Sie mehr Aktuelle Studien Angebotsanfrage Jetzt bewerben Newsletter Presse Tax & Legal News Barrierefreiheit Abonniere uns AABs & AGBs Cookies Datenschutzhinweise für Kunden & Liefer"
domain:rabelpartner.at,LUNARIA GmbH Wirtschaftsprüfungs- und Steuerberatungsgesellschaft,CONFIRMED_20_PLUS,Alexander Enzin; Assurance Audit; Assurance Audit Bus,Assurance Audit Bus,phone,+431537002312,direct_extension,95,1,1,https://www.deloitte.com/at/de/Industries/life-sciences-health-care/about.html?icid=top_about,https://www.deloitte.com/at/de/Industries/life-sciences-health-care/about.html?icid=top_about,official_site,"ktieren Sie uns Dr. Patrick A. Schöggl Director Deloitte Österreich | Enterprise Technology & Performance | Sektor Lead Health Care pschoeggl@deloitte.at +43 1537 00-2312 Let's connect Karriere Kontaktieren Sie uns Mehr über Deloitte Unsere Standorte Services Assurance Audit Business Process Solutions Customer Cyber Deloitte Mittelstandsberatung Engineering, AI & Data Enterprise Technology & Performance Global Employer Services Human Capital Legal Risk, Regulatory & Forensic Strategy & Transactions Tax Erfahren Sie mehr Aktuelle Studien Angebotsanfrage Jetzt bewerben Newsletter Presse Tax & Legal News Barrierefreiheit Abonniere uns AABs & AGBs Cookies Datenschutzhinweise für Kunden & Liefer"
domain:rabelpartner.at,LUNARIA GmbH Wirtschaftsprüfungs- und Steuerberatungsgesellschaft,CONFIRMED_20_PLUS,Alexander Enzin; Assurance Audit; Assurance Audit Bus,Assurance Audit,email,cwaldeck@deloitte.at,named_context_email,70,1,1,https://www.deloitte.com/at/de/Industries/tmt/about.html?icid=top_about,https://www.deloitte.com/at/de/Industries/tmt/about.html?icid=top_about,official_site,"e-, Medien- und Telekommunikationsbranche Kontaktieren Sie uns Mag. Dr. Christoph Waldeck Partner Deloitte Österreich | Assurance | cwaldeck@deloitte.at +43 1 537 00-2210 Let's connect Karriere Kontaktieren Sie uns Mehr über Deloitte Unsere Standorte Services Assurance Audit Business Process Solutions Customer Cyber Deloitte Mittelstandsberatung Engineering, AI & Data Enterprise Technology & Performance Global Employer Services Human Capital Legal Risk, Regulatory & Forensic Strategy & Transactions Tax Erfahren Sie mehr Aktuelle Studien Angebotsanfrage Jetzt bewerben Newsletter Presse Tax & Legal News Barrierefreiheit Abonniere uns AABs & AGBs Cookies Datenschutzhinweise für Kunden & Li"
domain:rabelpartner.at,LUNARIA GmbH Wirtschaftsprüfungs- und Steuerberatungsgesellschaft,CONFIRMED_20_PLUS,Alexander Enzin; Assurance Audit; Assurance Audit Bus,Assurance Audit Bus,email,cwaldeck@deloitte.at,named_context_email,70,1,1,https://www.deloitte.com/at/de/Industries/tmt/about.html?icid=top_about,https://www.deloitte.com/at/de/Industries/tmt/about.html?icid=top_about,official_site,"e-, Medien- und Telekommunikationsbranche Kontaktieren Sie uns Mag. Dr. Christoph Waldeck Partner Deloitte Österreich | Assurance | cwaldeck@deloitte.at +43 1 537 00-2210 Let's connect Karriere Kontaktieren Sie uns Mehr über Deloitte Unsere Standorte Services Assurance Audit Business Process Solutions Customer Cyber Deloitte Mittelstandsberatung Engineering, AI & Data Enterprise Technology & Performance Global Employer Services Human Capital Legal Risk, Regulatory & Forensic Strategy & Transactions Tax Erfahren Sie mehr Aktuelle Studien Angebotsanfrage Jetzt bewerben Newsletter Presse Tax & Legal News Barrierefreiheit Abonniere uns AABs & AGBs Cookies Datenschutzhinweise für Kunden & Liefer"
domain:wt-bks.at,BKS Steuerberatung GmbH & Co KG,CONFIRMED_20_PLUS,Anna Horvath; BSc LLM Steuerberaterin,Anna Horvath,email,bks@wt-bks.at,named_context_email,70,1,1,https://www.wt-bks.at/impressum/,https://www.wt-bks.at/impressum/,official_site,", 3254 Bergland Tel: +43 2782 82440 E-Mail: bks@wt-bks.at Gesellschafter und Geschäftsführung: Komplementär: BKS Steuerberatung GmbH Kommanditisten: Rudolf Lick, Katharina Bichler, MA, Nicole Luger, MSc (WU), Michael Schubert, LL.B., Mag. Anita Sieder-Karner, Anna Horvath, BSc LLM, Magdalena Schütz, MSc (WU) MA Rechtsform: GmbH & Co KG Standesvertretung: » Kammer der Steuerberater und Wirtschaftsprüfer Unternehmensgegenstand: Steuerberatung Gerichtsstand, Firmenbuchgericht: Landesgericht St. Pölten Firmenbuchnummer: FN 356807t DVR-Nr.: 0794252 UID: ATU 66137236 Berufsrechtliche Vorschriften: Die BKS Steuerberatung GmbH & Co KG ist Mitglied der Kammer der Steuerberater und Wirtschafts"
domain:wt-bks.at,BKS Steuerberatung GmbH & Co KG,CONFIRMED_20_PLUS,Anna Horvath; BSc LLM Steuerberaterin,Anna Horvath,phone,+43278282440,named_fixed_candidate,75,1,1,https://www.wt-bks.at/impressum/,https://www.wt-bks.at/impressum/,official_site,", 3254 Bergland Tel: +43 2782 82440 E-Mail: bks@wt-bks.at Gesellschafter und Geschäftsführung: Komplementär: BKS Steuerberatung GmbH Kommanditisten: Rudolf Lick, Katharina Bichler, MA, Nicole Luger, MSc (WU), Michael Schubert, LL.B., Mag. Anita Sieder-Karner, Anna Horvath, BSc LLM, Magdalena Schütz, MSc (WU) MA Rechtsform: GmbH & Co KG Standesvertretung: » Kammer der Steuerberater und Wirtschaftsprüfer Unternehmensgegenstand: Steuerberatung Gerichtsstand, Firmenbuchgericht: Landesgericht St. Pölten Firmenbuchnummer: FN 356807t DVR-Nr.: 0794252 UID: ATU 66137236 Berufsrechtliche Vorschriften: Die BKS Steuerberatung GmbH & Co KG ist Mitglied der Kammer der Steuerberater und Wirtschafts"
domain:wt-bks.at,BKS Steuerberatung GmbH & Co KG,CONFIRMED_20_PLUS,Anna Horvath; BSc LLM Steuerberaterin,Anna Horvath,phone,+43794252,named_fixed_candidate,75,1,1,https://www.wt-bks.at/impressum/,https://www.wt-bks.at/impressum/,official_site,", 3254 Bergland Tel: +43 2782 82440 E-Mail: bks@wt-bks.at Gesellschafter und Geschäftsführung: Komplementär: BKS Steuerberatung GmbH Kommanditisten: Rudolf Lick, Katharina Bichler, MA, Nicole Luger, MSc (WU), Michael Schubert, LL.B., Mag. Anita Sieder-Karner, Anna Horvath, BSc LLM, Magdalena Schütz, MSc (WU) MA Rechtsform: GmbH & Co KG Standesvertretung: » Kammer der Steuerberater und Wirtschaftsprüfer Unternehmensgegenstand: Steuerberatung Gerichtsstand, Firmenbuchgericht: Landesgericht St. Pölten Firmenbuchnummer: FN 356807t DVR-Nr.: 0794252 UID: ATU 66137236 Berufsrechtliche Vorschriften: Die BKS Steuerberatung GmbH & Co KG ist Mitglied der Kammer der Steuerberater und Wirtschafts"
domain:wt-bks.at,BKS Steuerberatung GmbH & Co KG,CONFIRMED_20_PLUS,Anna Horvath; BSc LLM Steuerberaterin,Anna Horvath,phone,66137236,mobile_public,100,1,1,https://www.wt-bks.at/impressum/,https://www.wt-bks.at/impressum/,official_site,", 3254 Bergland Tel: +43 2782 82440 E-Mail: bks@wt-bks.at Gesellschafter und Geschäftsführung: Komplementär: BKS Steuerberatung GmbH Kommanditisten: Rudolf Lick, Katharina Bichler, MA, Nicole Luger, MSc (WU), Michael Schubert, LL.B., Mag. Anita Sieder-Karner, Anna Horvath, BSc LLM, Magdalena Schütz, MSc (WU) MA Rechtsform: GmbH & Co KG Standesvertretung: » Kammer der Steuerberater und Wirtschaftsprüfer Unternehmensgegenstand: Steuerberatung Gerichtsstand, Firmenbuchgericht: Landesgericht St. Pölten Firmenbuchnummer: FN 356807t DVR-Nr.: 0794252 UID: ATU 66137236 Berufsrechtliche Vorschriften: Die BKS Steuerberatung GmbH & Co KG ist Mitglied der Kammer der Steuerberater und Wirtschafts"
domain:wt-bks.at,BKS Steuerberatung GmbH & Co KG,CONFIRMED_20_PLUS,Anna Horvath; BSc LLM Steuerberaterin,Anna Horvath,email,anna.horvath@wt-bks.at,personal_verified_email,90,1,1,https://www.wt-bks.at/bks-team/,https://www.wt-bks.at/bks-team/,official_site,"r, MA Steuerberaterin, Geschäftsführerin katharina.bichler@wt-bks.at +43 2782 82440 Rudolf Lick Steuerberater, Geschäftsführer rudolf.lick@wt-bks.at +43 2782 82440 Nicole Luger, MSc (WU) Steuerberaterin, Geschäftsführerin nicole.luger@wt-bks.at +43 2782 82440 Anna Horvath, BSc LLM Steuerberaterin, Arbeitsgesellschafterin anna.horvath@wt-bks.at +43 2782 82440 Michael Schubert, LL.B. (WU) Steuerberater, Arbeitsgesellschafter michael.schubert@wt-bks.at +43 2782 82440 Magdalena Schütz, MSc (WU) MA Steuerberaterin, Arbeitsgesellschafterin magdalena.schuetz@wt-bks.at +43 2782 82440 Mag. Anita Sieder-Karner Wirtschaftsprüferin, Steuerberaterin, Arbeitsgesellschafterin anita.sieder-karner@wt"
domain:wt-bks.at,BKS Steuerberatung GmbH & Co KG,CONFIRMED_20_PLUS,Anna Horvath; BSc LLM Steuerberaterin,Anna Horvath,email,katharina.bichler@wt-bks.at,named_context_email,70,1,1,https://www.wt-bks.at/bks-team/,https://www.wt-bks.at/bks-team/,official_site,"r, MA Steuerberaterin, Geschäftsführerin katharina.bichler@wt-bks.at +43 2782 82440 Rudolf Lick Steuerberater, Geschäftsführer rudolf.lick@wt-bks.at +43 2782 82440 Nicole Luger, MSc (WU) Steuerberaterin, Geschäftsführerin nicole.luger@wt-bks.at +43 2782 82440 Anna Horvath, BSc LLM Steuerberaterin, Arbeitsgesellschafterin anna.horvath@wt-bks.at +43 2782 82440 Michael Schubert, LL.B. (WU) Steuerberater, Arbeitsgesellschafter michael.schubert@wt-bks.at +43 2782 82440 Magdalena Schütz, MSc (WU) MA Steuerberaterin, Arbeitsgesellschafterin magdalena.schuetz@wt-bks.at +43 2782 82440 Mag. Anita Sieder-Karner Wirtschaftsprüferin, Steuerberaterin, Arbeitsgesellschafterin anita.sieder-karner@wt"
domain:wt-bks.at,BKS Steuerberatung GmbH & Co KG,CONFIRMED_20_PLUS,Anna Horvath; BSc LLM Steuerberaterin,Anna Horvath,email,magdalena.schuetz@wt-bks.at,named_context_email,70,1,1,https://www.wt-bks.at/bks-team/,https://www.wt-bks.at/bks-team/,official_site,"r, MA Steuerberaterin, Geschäftsführerin katharina.bichler@wt-bks.at +43 2782 82440 Rudolf Lick Steuerberater, Geschäftsführer rudolf.lick@wt-bks.at +43 2782 82440 Nicole Luger, MSc (WU) Steuerberaterin, Geschäftsführerin nicole.luger@wt-bks.at +43 2782 82440 Anna Horvath, BSc LLM Steuerberaterin, Arbeitsgesellschafterin anna.horvath@wt-bks.at +43 2782 82440 Michael Schubert, LL.B. (WU) Steuerberater, Arbeitsgesellschafter michael.schubert@wt-bks.at +43 2782 82440 Magdalena Schütz, MSc (WU) MA Steuerberaterin, Arbeitsgesellschafterin magdalena.schuetz@wt-bks.at +43 2782 82440 Mag. Anita Sieder-Karner Wirtschaftsprüferin, Steuerberaterin, Arbeitsgesellschafterin anita.sieder-karner@wt"
domain:wt-bks.at,BKS Steuerberatung GmbH & Co KG,CONFIRMED_20_PLUS,Anna Horvath; BSc LLM Steuerberaterin,Anna Horvath,email,michael.schubert@wt-bks.at,named_context_email,70,1,1,https://www.wt-bks.at/bks-team/,https://www.wt-bks.at/bks-team/,official_site,"r, MA Steuerberaterin, Geschäftsführerin katharina.bichler@wt-bks.at +43 2782 82440 Rudolf Lick Steuerberater, Geschäftsführer rudolf.lick@wt-bks.at +43 2782 82440 Nicole Luger, MSc (WU) Steuerberaterin, Geschäftsführerin nicole.luger@wt-bks.at +43 2782 82440 Anna Horvath, BSc LLM Steuerberaterin, Arbeitsgesellschafterin anna.horvath@wt-bks.at +43 2782 82440 Michael Schubert, LL.B. (WU) Steuerberater, Arbeitsgesellschafter michael.schubert@wt-bks.at +43 2782 82440 Magdalena Schütz, MSc (WU) MA Steuerberaterin, Arbeitsgesellschafterin magdalena.schuetz@wt-bks.at +43 2782 82440 Mag. Anita Sieder-Karner Wirtschaftsprüferin, Steuerberaterin, Arbeitsgesellschafterin anita.sieder-karner@wt"
domain:wt-bks.at,BKS Steuerberatung GmbH & Co KG,CONFIRMED_20_PLUS,Anna Horvath; BSc LLM Steuerberaterin,Anna Horvath,email,nicole.luger@wt-bks.at,named_context_email,70,1,1,https://www.wt-bks.at/bks-team/,https://www.wt-bks.at/bks-team/,official_site,"r, MA Steuerberaterin, Geschäftsführerin katharina.bichler@wt-bks.at +43 2782 82440 Rudolf Lick Steuerberater, Geschäftsführer rudolf.lick@wt-bks.at +43 2782 82440 Nicole Luger, MSc (WU) Steuerberaterin, Geschäftsführerin nicole.luger@wt-bks.at +43 2782 82440 Anna Horvath, BSc LLM Steuerberaterin, Arbeitsgesellschafterin anna.horvath@wt-bks.at +43 2782 82440 Michael Schubert, LL.B. (WU) Steuerberater, Arbeitsgesellschafter michael.schubert@wt-bks.at +43 2782 82440 Magdalena Schütz, MSc (WU) MA Steuerberaterin, Arbeitsgesellschafterin magdalena.schuetz@wt-bks.at +43 2782 82440 Mag. Anita Sieder-Karner Wirtschaftsprüferin, Steuerberaterin, Arbeitsgesellschafterin anita.sieder-karner@wt"
domain:wt-bks.at,BKS Steuerberatung GmbH & Co KG,CONFIRMED_20_PLUS,Anna Horvath; BSc LLM Steuerberaterin,Anna Horvath,email,rudolf.lick@wt-bks.at,named_context_email,70,1,1,https://www.wt-bks.at/bks-team/,https://www.wt-bks.at/bks-team/,official_site,"r, MA Steuerberaterin, Geschäftsführerin katharina.bichler@wt-bks.at +43 2782 82440 Rudolf Lick Steuerberater, Geschäftsführer rudolf.lick@wt-bks.at +43 2782 82440 Nicole Luger, MSc (WU) Steuerberaterin, Geschäftsführerin nicole.luger@wt-bks.at +43 2782 82440 Anna Horvath, BSc LLM Steuerberaterin, Arbeitsgesellschafterin anna.horvath@wt-bks.at +43 2782 82440 Michael Schubert, LL.B. (WU) Steuerberater, Arbeitsgesellschafter michael.schubert@wt-bks.at +43 2782 82440 Magdalena Schütz, MSc (WU) MA Steuerberaterin, Arbeitsgesellschafterin magdalena.schuetz@wt-bks.at +43 2782 82440 Mag. Anita Sieder-Karner Wirtschaftsprüferin, Steuerberaterin, Arbeitsgesellschafterin anita.sieder-karner@wt"
domain:wt-bks.at,BKS Steuerberatung GmbH & Co KG,CONFIRMED_20_PLUS,Anna Horvath; BSc LLM Steuerberaterin,BSc LLM Steuerberaterin,email,anita.sieder-karner@wt-bks.at,named_context_email,70,1,1,https://www.wt-bks.at/bks-team/,https://www.wt-bks.at/bks-team/,official_site,"raterin, Geschäftsführerin katharina.bichler@wt-bks.at +43 2782 82440 Rudolf Lick Steuerberater, Geschäftsführer rudolf.lick@wt-bks.at +43 2782 82440 Nicole Luger, MSc (WU) Steuerberaterin, Geschäftsführerin nicole.luger@wt-bks.at +43 2782 82440 Anna Horvath, BSc LLM Steuerberaterin, Arbeitsgesellschafterin anna.horvath@wt-bks.at +43 2782 82440 Michael Schubert, LL.B. (WU) Steuerberater, Arbeitsgesellschafter michael.schubert@wt-bks.at +43 2782 82440 Magdalena Schütz, MSc (WU) MA Steuerberaterin, Arbeitsgesellschafterin magdalena.schuetz@wt-bks.at +43 2782 82440 Mag. Anita Sieder-Karner Wirtschaftsprüferin, Steuerberaterin, Arbeitsgesellschafterin anita.sieder-karner@wt-bks.at +43 2782 82440 Lu"
domain:wt-bks.at,BKS Steuerberatung GmbH & Co KG,CONFIRMED_20_PLUS,Anna Horvath; BSc LLM Steuerberaterin,BSc LLM Steuerberaterin,email,anna.horvath@wt-bks.at,named_context_email,70,1,1,https://www.wt-bks.at/bks-team/,https://www.wt-bks.at/bks-team/,official_site,"raterin, Geschäftsführerin katharina.bichler@wt-bks.at +43 2782 82440 Rudolf Lick Steuerberater, Geschäftsführer rudolf.lick@wt-bks.at +43 2782 82440 Nicole Luger, MSc (WU) Steuerberaterin, Geschäftsführerin nicole.luger@wt-bks.at +43 2782 82440 Anna Horvath, BSc LLM Steuerberaterin, Arbeitsgesellschafterin anna.horvath@wt-bks.at +43 2782 82440 Michael Schubert, LL.B. (WU) Steuerberater, Arbeitsgesellschafter michael.schubert@wt-bks.at +43 2782 82440 Magdalena Schütz, MSc (WU) MA Steuerberaterin, Arbeitsgesellschafterin magdalena.schuetz@wt-bks.at +43 2782 82440 Mag. Anita Sieder-Karner Wirtschaftsprüferin, Steuerberaterin, Arbeitsgesellschafterin anita.sieder-karner@wt-bks.at +43 2782 82440 Lu"
domain:wt-bks.at,BKS Steuerberatung GmbH & Co KG,CONFIRMED_20_PLUS,Anna Horvath; BSc LLM Steuerberaterin,BSc LLM Steuerberaterin,email,katharina.bichler@wt-bks.at,named_context_email,70,1,1,https://www.wt-bks.at/bks-team/,https://www.wt-bks.at/bks-team/,official_site,"raterin, Geschäftsführerin katharina.bichler@wt-bks.at +43 2782 82440 Rudolf Lick Steuerberater, Geschäftsführer rudolf.lick@wt-bks.at +43 2782 82440 Nicole Luger, MSc (WU) Steuerberaterin, Geschäftsführerin nicole.luger@wt-bks.at +43 2782 82440 Anna Horvath, BSc LLM Steuerberaterin, Arbeitsgesellschafterin anna.horvath@wt-bks.at +43 2782 82440 Michael Schubert, LL.B. (WU) Steuerberater, Arbeitsgesellschafter michael.schubert@wt-bks.at +43 2782 82440 Magdalena Schütz, MSc (WU) MA Steuerberaterin, Arbeitsgesellschafterin magdalena.schuetz@wt-bks.at +43 2782 82440 Mag. Anita Sieder-Karner Wirtschaftsprüferin, Steuerberaterin, Arbeitsgesellschafterin anita.sieder-karner@wt-bks.at +43 2782 82440 Lu"
domain:wt-bks.at,BKS Steuerberatung GmbH & Co KG,CONFIRMED_20_PLUS,Anna Horvath; BSc LLM Steuerberaterin,BSc LLM Steuerberaterin,email,magdalena.schuetz@wt-bks.at,named_context_email,70,1,1,https://www.wt-bks.at/bks-team/,https://www.wt-bks.at/bks-team/,official_site,"raterin, Geschäftsführerin katharina.bichler@wt-bks.at +43 2782 82440 Rudolf Lick Steuerberater, Geschäftsführer rudolf.lick@wt-bks.at +43 2782 82440 Nicole Luger, MSc (WU) Steuerberaterin, Geschäftsführerin nicole.luger@wt-bks.at +43 2782 82440 Anna Horvath, BSc LLM Steuerberaterin, Arbeitsgesellschafterin anna.horvath@wt-bks.at +43 2782 82440 Michael Schubert, LL.B. (WU) Steuerberater, Arbeitsgesellschafter michael.schubert@wt-bks.at +43 2782 82440 Magdalena Schütz, MSc (WU) MA Steuerberaterin, Arbeitsgesellschafterin magdalena.schuetz@wt-bks.at +43 2782 82440 Mag. Anita Sieder-Karner Wirtschaftsprüferin, Steuerberaterin, Arbeitsgesellschafterin anita.sieder-karner@wt-bks.at +43 2782 82440 Lu"
domain:wt-bks.at,BKS Steuerberatung GmbH & Co KG,CONFIRMED_20_PLUS,Anna Horvath; BSc LLM Steuerberaterin,BSc LLM Steuerberaterin,email,michael.schubert@wt-bks.at,named_context_email,70,1,1,https://www.wt-bks.at/bks-team/,https://www.wt-bks.at/bks-team/,official_site,"raterin, Geschäftsführerin katharina.bichler@wt-bks.at +43 2782 82440 Rudolf Lick Steuerberater, Geschäftsführer rudolf.lick@wt-bks.at +43 2782 82440 Nicole Luger, MSc (WU) Steuerberaterin, Geschäftsführerin nicole.luger@wt-bks.at +43 2782 82440 Anna Horvath, BSc LLM Steuerberaterin, Arbeitsgesellschafterin anna.horvath@wt-bks.at +43 2782 82440 Michael Schubert, LL.B. (WU) Steuerberater, Arbeitsgesellschafter michael.schubert@wt-bks.at +43 2782 82440 Magdalena Schütz, MSc (WU) MA Steuerberaterin, Arbeitsgesellschafterin magdalena.schuetz@wt-bks.at +43 2782 82440 Mag. Anita Sieder-Karner Wirtschaftsprüferin, Steuerberaterin, Arbeitsgesellschafterin anita.sieder-karner@wt-bks.at +43 2782 82440 Lu"
domain:wt-bks.at,BKS Steuerberatung GmbH & Co KG,CONFIRMED_20_PLUS,Anna Horvath; BSc LLM Steuerberaterin,BSc LLM Steuerberaterin,email,nicole.luger@wt-bks.at,named_context_email,70,1,1,https://www.wt-bks.at/bks-team/,https://www.wt-bks.at/bks-team/,official_site,"raterin, Geschäftsführerin katharina.bichler@wt-bks.at +43 2782 82440 Rudolf Lick Steuerberater, Geschäftsführer rudolf.lick@wt-bks.at +43 2782 82440 Nicole Luger, MSc (WU) Steuerberaterin, Geschäftsführerin nicole.luger@wt-bks.at +43 2782 82440 Anna Horvath, BSc LLM Steuerberaterin, Arbeitsgesellschafterin anna.horvath@wt-bks.at +43 2782 82440 Michael Schubert, LL.B. (WU) Steuerberater, Arbeitsgesellschafter michael.schubert@wt-bks.at +43 2782 82440 Magdalena Schütz, MSc (WU) MA Steuerberaterin, Arbeitsgesellschafterin magdalena.schuetz@wt-bks.at +43 2782 82440 Mag. Anita Sieder-Karner Wirtschaftsprüferin, Steuerberaterin, Arbeitsgesellschafterin anita.sieder-karner@wt-bks.at +43 2782 82440 Lu"
domain:wt-bks.at,BKS Steuerberatung GmbH & Co KG,CONFIRMED_20_PLUS,Anna Horvath; BSc LLM Steuerberaterin,BSc LLM Steuerberaterin,email,rudolf.lick@wt-bks.at,named_context_email,70,1,1,https://www.wt-bks.at/bks-team/,https://www.wt-bks.at/bks-team/,official_site,"raterin, Geschäftsführerin katharina.bichler@wt-bks.at +43 2782 82440 Rudolf Lick Steuerberater, Geschäftsführer rudolf.lick@wt-bks.at +43 2782 82440 Nicole Luger, MSc (WU) Steuerberaterin, Geschäftsführerin nicole.luger@wt-bks.at +43 2782 82440 Anna Horvath, BSc LLM Steuerberaterin, Arbeitsgesellschafterin anna.horvath@wt-bks.at +43 2782 82440 Michael Schubert, LL.B. (WU) Steuerberater, Arbeitsgesellschafter michael.schubert@wt-bks.at +43 2782 82440 Magdalena Schütz, MSc (WU) MA Steuerberaterin, Arbeitsgesellschafterin magdalena.schuetz@wt-bks.at +43 2782 82440 Mag. Anita Sieder-Karner Wirtschaftsprüferin, Steuerberaterin, Arbeitsgesellschafterin anita.sieder-karner@wt-bks.at +43 2782 82440 Lu"
